,FILL_DC_CD,DC_CD,YEAR,MONTH,delivery_date,avg_cost_per_stop,avg_normalized_cost,route_stop_count_daily,sum_miles_per_stop_daily,route_count
0,8110,XD_8110_ME_BANGOR.PXCR,2026,5,2026-05-01,54.583121529911566,38.22105794802087,46,84.38686940917492,11
1,8110,XD_8110_ME_BANGOR.PXCR,2026,5,2026-05-04,54.599369454211825,38.232435326939644,45,82.55237224810591,11
2,8110,XD_8110_ME_BANGOR.PXCR,2026,5,2026-05-05,52.91618016787938,37.05380586333988,56,102.73184101986513,12
3,8110,XD_8110_ME_BANGOR.PXCR,2026,5,2026-05-06,55.161378600906076,38.625974273797915,44,80.71787508703689,11
4,8110,XD_8110_ME_BANGOR.PXCR,2026,5,2026-05-07,55.06229256272038,38.55659067862812,51,93.55935521452002,11
5,8110,XD_8110_ME_BANGOR.PXCR,2026,5,2026-05-08,55.167756664641935,38.63044042261483,46,84.38686940917492,11
6,8110,XD_8110_ME_BANGOR.PXCR,2026,5,2026-05-11,55.11172659490016,38.591206159670406,45,82.55237224810591,11
7,8110,XD_8110_ME_BANGOR.PXCR,2026,5,2026-05-12,53.54469886961437,37.49391718433246,52,95.39385237558905,12
8,8110,XD_8110_ME_BANGOR.PXCR,2026,5,2026-05-13,55.266062985595,38.699278031833366,45,82.55237224810591,11
9,8110,XD_8110_ME_BANGOR.PXCR,2026,5,2026-05-14,55.22095043105309,38.66768860431437,54,99.06284669772708,11
10,8110,XD_8110_ME_BANGOR.PXCR,2026,5,2026-05-15,55.37060840546139,38.7724844817196,44,80.71787508703689,11
11,8110,XD_8110_ME_BANGOR.PXCR,2026,5,2026-05-18,55.246680984136766,38.68570605976362,45,82.55237224810591,11
12,8110,XD_8110_ME_BANGOR.PXCR,2026,5,2026-05-19,53.62595961840466,37.55081887301127,56,102.73184101986513,12
13,8110,XD_8110_ME_BANGOR.PXCR,2026,5,2026-05-20,55.21623469706394,38.66438647836381,45,82.55237224810591,11
14,8110,XD_8110_ME_BANGOR.PXCR,2026,5,2026-05-21,55.13734362542212,38.60914412255331,54,99.06284669772708,11
15,8110,XD_8110_ME_BANGOR.PXCR,2026,5,2026-05-22,55.29771951287341,38.72144506679999,44,80.71787508703689,11
16,8110,XD_8110_ME_BANGOR.PXCR,2026,5,2026-05-26,53.59881701929286,37.53181265232558,54,99.06284669772708,12
17,8110,XD_8110_ME_BANGOR.PXCR,2026,5,2026-05-27,55.12940538334562,38.60358548094566,48,88.05586373131297,11
18,8110,XD_8110_ME_BANGOR.PXCR,2026,5,2026-05-28,54.98132700749338,38.49989569506201,55,100.8973438587961,11
19,8110,XD_8110_ME_BANGOR.PXCR,2026,5,2026-05-29,55.17878964797071,38.63816611296249,45,82.55237224810591,11
20,8110,XD_8110_ME_BANGOR.PXCR,2026,6,2026-06-01,55.16223593627658,39.172448101988664,46,81.91271322311503,11
21,8110,XD_8110_ME_BANGOR.PXCR,2026,6,2026-06-02,53.499556260157114,37.991726686013784,54,96.15840247930896,12
22,8110,XD_8110_ME_BANGOR.PXCR,2026,6,2026-06-03,54.84249840518332,38.94539237028342,45,80.1320020660908,11
23,8110,XD_8110_ME_BANGOR.PXCR,2026,6,2026-06-04,54.62016456856215,38.78750608216378,55,97.9391136363332,11
24,8110,XD_8110_ME_BANGOR.PXCR,2026,6,2026-06-05,54.66928630755296,38.82238898236963,47,83.69342438013928,11
25,8110,XD_8110_ME_BANGOR.PXCR,2026,6,2026-06-08,54.85614211631543,38.95508120100556,43,76.57057975204232,11
26,8110,XD_8110_ME_BANGOR.PXCR,2026,6,2026-06-09,53.07403261864513,37.68954889208691,56,99.71982479335745,12
27,8110,XD_8110_ME_BANGOR.PXCR,2026,6,2026-06-10,54.35740940264637,38.6009153298916,44,78.35129090906656,11
28,8110,XD_8110_ME_BANGOR.PXCR,2026,6,2026-06-11,54.11964631824376,38.43207224501213,50,89.03555785121199,11
29,8110,XD_8110_ME_BANGOR.PXCR,2026,6,2026-06-12,53.25578262238275,37.81861531711677,43,76.57057975204232,12
30,8110,XD_8110_ME_BANGOR.PXCR,2026,6,2026-06-15,53.01636600191631,37.648598003989555,46,81.91271322311505,12
31,8110,XD_8110_ME_BANGOR.PXCR,2026,6,2026-06-16,44.54798797297682,31.634934974995137,54,112.18480289252712,13
32,8110,XD_8110_ME_BANGOR.PXCR,2026,6,2026-06-17,52.9564904924423,37.60607851130328,46,81.91271322311505,12
33,8110,XD_8110_ME_BANGOR.PXCR,2026,6,2026-06-18,52.88761580464013,37.55716841751035,54,96.15840247930896,12
34,8110,XD_8110_ME_BANGOR.PXCR,2026,6,2026-06-19,38.55518700240494,27.37925749889609,43,76.57057975204232,11
35,8110,XD_8110_ME_BANGOR.PXCR,2026,6,2026-06-22,53.004754338945666,37.64035219492516,45,80.13200206609079,12
36,8110,XD_8110_ME_BANGOR.PXCR,2026,6,2026-06-23,44.56735493237283,31.648688065292454,52,94.37769132228472,13
37,8110,XD_8110_ME_BANGOR.PXCR,2026,6,2026-06-24,45.361083095792736,32.212339533745826,46,83.69342438013928,12
38,8110,XD_8110_ME_BANGOR.PXCR,2026,6,2026-06-25,45.24263599830616,32.12822650423622,54,97.9391136363332,12
39,8110,XD_8110_ME_BANGOR.PXCR,2026,6,2026-06-26,45.453499774327355,32.27796753961269,44,80.13200206609079,12
40,8110,XD_8110_ME_BANGOR.PXCR,2026,6,2026-06-29,45.29706920669192,32.166881246820964,45,81.91271322311505,12
41,8110,XD_8110_ME_BANGOR.PXCR,2026,6,2026-06-30,44.48030395647545,31.586870414544823,53,96.15840247930896,13
42,8110,XD_8110_ME_WESTBROOK.PXCR,2026,5,2026-05-01,44.25447910229365,35.947007738559144,48,47.77564155576621,16
43,8110,XD_8110_ME_WESTBROOK.PXCR,2026,5,2026-05-04,44.167239518960315,35.8761448103131,48,47.77564155576621,16
44,8110,XD_8110_ME_WESTBROOK.PXCR,2026,5,2026-05-05,44.30114576419194,35.9849141130193,48,47.77564155576621,16
45,8110,XD_8110_ME_WESTBROOK.PXCR,2026,5,2026-05-06,44.317510932683945,35.99820720448389,58,57.7289002132175,16
46,8110,XD_8110_ME_WESTBROOK.PXCR,2026,5,2026-05-07,44.42685017897969,36.08702123670052,54,53.74759675023698,16
47,8110,XD_8110_ME_WESTBROOK.PXCR,2026,5,2026-05-08,44.66277129848798,36.278655134120285,48,47.77564155576621,16
48,8110,XD_8110_ME_WESTBROOK.PXCR,2026,5,2026-05-11,44.620417177677155,36.24425174853241,47,46.78031569002108,16
49,8110,XD_8110_ME_WESTBROOK.PXCR,2026,5,2026-05-12,44.8225109020869,36.408408345167054,48,47.77564155576621,16
50,8110,XD_8110_ME_WESTBROOK.PXCR,2026,5,2026-05-13,44.42609314521154,36.08640631366281,59,58.72422607896263,16
51,8110,XD_8110_ME_WESTBROOK.PXCR,2026,5,2026-05-14,44.68401283054125,36.29590919591441,54,53.74759675023698,16
52,8110,XD_8110_ME_WESTBROOK.PXCR,2026,5,2026-05-15,44.83766611218452,36.420718612188836,49,48.77096742151134,16
53,8110,XD_8110_ME_WESTBROOK.PXCR,2026,5,2026-05-18,44.772926517327626,36.36813196413604,49,48.77096742151134,16
54,8110,XD_8110_ME_WESTBROOK.PXCR,2026,5,2026-05-19,44.66902027328809,36.283731048469626,50,49.76629328725647,16
55,8110,XD_8110_ME_WESTBROOK.PXCR,2026,5,2026-05-20,44.66650981108348,36.28169185139563,58,57.7289002132175,16
56,8110,XD_8110_ME_WESTBROOK.PXCR,2026,5,2026-05-21,44.68401283054125,36.29590919591441,54,53.74759675023698,16
57,8110,XD_8110_ME_WESTBROOK.PXCR,2026,5,2026-05-22,45.01334318319957,36.563417501868855,48,47.77564155576621,16
58,8110,XD_8110_ME_WESTBROOK.PXCR,2026,5,2026-05-26,44.83766611218452,36.420718612188836,48,47.77564155576621,16
59,8110,XD_8110_ME_WESTBROOK.PXCR,2026,5,2026-05-27,44.770416055123015,36.36609276706204,57,56.73357434747237,16
60,8110,XD_8110_ME_WESTBROOK.PXCR,2026,5,2026-05-28,44.45113839535486,36.10675005782112,55,54.74292261598211,16
61,8110,XD_8110_ME_WESTBROOK.PXCR,2026,5,2026-05-29,44.58422917922338,36.2148569779499,48,47.77564155576621,16
62,8110,XD_8110_ME_WESTBROOK.PXCR,2026,6,2026-06-01,44.50922919114431,35.84459053494091,50,50.60950211284471,16
63,8110,XD_8110_ME_WESTBROOK.PXCR,2026,6,2026-06-02,44.56079165935516,35.886115306175476,51,51.6216921551016,16
64,8110,XD_8110_ME_WESTBROOK.PXCR,2026,6,2026-06-03,43.995697579781215,35.43102843398858,59,59.71921249315675,16
65,8110,XD_8110_ME_WESTBROOK.PXCR,2026,6,2026-06-04,44.39162608527002,35.74988129705234,53,53.646072239615386,16
66,8110,XD_8110_ME_WESTBROOK.PXCR,2026,6,2026-06-05,44.497853777805965,35.835429580220094,49,49.59731207058781,16
67,8110,XD_8110_ME_WESTBROOK.PXCR,2026,6,2026-06-08,44.423791311184566,35.775784898919255,51,51.6216921551016,16
68,8110,XD_8110_ME_WESTBROOK.PXCR,2026,6,2026-06-09,44.161916327476504,35.5648892772034,50,50.60950211284471,16
69,8110,XD_8110_ME_WESTBROOK.PXCR,2026,6,2026-06-10,43.8201046705246,35.289618302932105,59,59.71921249315675,16
70,8110,XD_8110_ME_WESTBROOK.PXCR,2026,6,2026-06-11,43.65378625903811,35.15567719753679,58,58.707022450899856,16
71,8110,XD_8110_ME_WESTBROOK.PXCR,2026,6,2026-06-12,43.81020886898041,35.281648923079594,50,50.60950211284471,16
72,8110,XD_8110_ME_WESTBROOK.PXCR,2026,6,2026-06-15,57.59213609695434,46.38064001428834,48,48.585122028330915,16
73,8110,XD_8110_ME_WESTBROOK.PXCR,2026,6,2026-06-16,53.693072247505185,43.24060929048281,48,55.67045232412917,16
74,8110,XD_8110_ME_WESTBROOK.PXCR,2026,6,2026-06-17,44.00354145963987,35.43734534099524,57,57.69483240864297,16
75,8110,XD_8110_ME_WESTBROOK.PXCR,2026,6,2026-06-18,43.787691789014,35.2635152567343,57,57.69483240864297,16
76,8110,XD_8110_ME_WESTBROOK.PXCR,2026,6,2026-06-19,44.50510401725769,35.84126841115808,45,45.54855190156023,16
77,8110,XD_8110_ME_WESTBROOK.PXCR,2026,6,2026-06-22,43.851510238647464,35.31491013005063,48,48.585122028330915,16
78,8110,XD_8110_ME_WESTBROOK.PXCR,2026,6,2026-06-23,43.290760324398676,34.863321741888875,52,52.633882197358496,16
79,8110,XD_8110_ME_WESTBROOK.PXCR,2026,6,2026-06-24,43.34656242132187,34.90826081074161,59,59.71921249315675,16
80,8110,XD_8110_ME_WESTBROOK.PXCR,2026,6,2026-06-25,43.14703411686988,34.747574802397175,56,56.68264236638607,16
81,8110,XD_8110_ME_WESTBROOK.PXCR,2026,6,2026-06-26,43.570604062080385,35.08868812933833,49,49.59731207058781,16
82,8110,XD_8110_ME_WESTBROOK.PXCR,2026,6,2026-06-29,43.67159363230069,35.17001799864029,49,49.59731207058781,16
83,8110,XD_8110_ME_WESTBROOK.PXCR,2026,6,2026-06-30,43.37742752432823,34.933117385415834,49,49.59731207058781,16
84,8110,XD_8110_NH_BEDFORD.PXCR,2026,5,2026-05-01,47.467372123890556,29.876729145660907,103,98.72471313902903,18
85,8110,XD_8110_NH_BEDFORD.PXCR,2026,5,2026-05-04,47.41062710832972,29.841012918188856,102,97.77543705115376,18
86,8110,XD_8110_NH_BEDFORD.PXCR,2026,5,2026-05-05,47.73096162136561,30.042636624194763,99,94.92760878752792,18
87,8110,XD_8110_NH_BEDFORD.PXCR,2026,5,2026-05-06,51.389597293434946,32.345440890076034,105,100.6232653147796,18
88,8110,XD_8110_NH_BEDFORD.PXCR,2026,5,2026-05-07,48.30313604809134,30.402772431307508,104,99.67398922690431,18
89,8110,XD_8110_NH_BEDFORD.PXCR,2026,5,2026-05-08,48.16703197225166,30.317106332100042,100,95.87688487540319,18
90,8110,XD_8110_NH_BEDFORD.PXCR,2026,5,2026-05-11,47.94124978852156,30.174995386256796,103,98.72471313902903,18
91,8110,XD_8110_NH_BEDFORD.PXCR,2026,5,2026-05-12,47.884402672592074,30.139214895166944,101,96.82616096327848,18
92,8110,XD_8110_NH_BEDFORD.PXCR,2026,5,2026-05-13,48.69475795282315,30.649265570734784,104,99.67398922690431,18
93,8110,XD_8110_NH_BEDFORD.PXCR,2026,5,2026-05-14,50.69988171782044,31.911322789196227,104,99.67398922690431,18
94,8110,XD_8110_NH_BEDFORD.PXCR,2026,5,2026-05-15,48.92160488739216,30.792046687918862,98,93.97833269965264,18
95,8110,XD_8110_NH_BEDFORD.PXCR,2026,5,2026-05-18,48.4203442930124,30.476545189951178,103,98.72471313902903,18
96,8110,XD_8110_NH_BEDFORD.PXCR,2026,5,2026-05-19,48.79414500526456,30.71182138357033,99,94.92760878752792,18
97,8110,XD_8110_NH_BEDFORD.PXCR,2026,5,2026-05-20,48.57221903630827,30.57213760146438,106,101.57254140265488,18
98,8110,XD_8110_NH_BEDFORD.PXCR,2026,5,2026-05-21,46.67796925791531,29.379866257359563,106,102.52181749053015,18
99,8110,XD_8110_NH_BEDFORD.PXCR,2026,5,2026-05-22,48.39674946482607,30.461694224763523,104,99.67398922690431,18
100,8110,XD_8110_NH_BEDFORD.PXCR,2026,5,2026-05-26,48.28492630272962,30.391310924052302,102,97.77543705115376,18
101,8110,XD_8110_NH_BEDFORD.PXCR,2026,5,2026-05-27,48.54929498744657,30.557708835596,106,101.57254140265488,18
102,8110,XD_8110_NH_BEDFORD.PXCR,2026,5,2026-05-28,52.06265190902841,32.76907231415906,101,96.82616096327848,18
103,8110,XD_8110_NH_BEDFORD.PXCR,2026,5,2026-05-29,51.61091608840079,32.4847425070853,103,98.72471313902903,18
104,8110,XD_8110_NH_BEDFORD.PXCR,2026,6,2026-06-01,48.589161280076866,30.315264615868166,102,99.80562869126217,18
105,8110,XD_8110_NH_BEDFORD.PXCR,2026,6,2026-06-02,48.20262103626094,30.074098284380845,104,101.74360206390804,18
106,8110,XD_8110_NH_BEDFORD.PXCR,2026,6,2026-06-03,47.78490558567857,29.813481428997225,109,106.5885354955227,18
107,8110,XD_8110_NH_BEDFORD.PXCR,2026,6,2026-06-04,51.56779303182026,32.17366281349981,103,100.7746153775851,18
108,8110,XD_8110_NH_BEDFORD.PXCR,2026,6,2026-06-05,48.14405145293223,30.037556134438873,100,97.8676553186163,18
109,8110,XD_8110_NH_BEDFORD.PXCR,2026,6,2026-06-08,47.87769563413834,29.871374070044528,105,102.71258875023098,18
110,8110,XD_8110_NH_BEDFORD.PXCR,2026,6,2026-06-09,48.11575457674243,30.01990142983199,100,97.8676553186163,18
111,8110,XD_8110_NH_BEDFORD.PXCR,2026,6,2026-06-10,50.651886721122295,31.602219688311777,107,104.65056212287683,18
112,8110,XD_8110_NH_BEDFORD.PXCR,2026,6,2026-06-11,50.94362784574611,31.78423989938976,105,102.71258875023098,18
113,8110,XD_8110_NH_BEDFORD.PXCR,2026,6,2026-06-12,51.10385042213064,31.88420437032466,101,98.83664200493924,18
114,8110,XD_8110_NH_BEDFORD.PXCR,2026,6,2026-06-15,58.62319324576001,36.57559770641875,102,99.80562869126217,18
115,8110,XD_8110_NH_BEDFORD.PXCR,2026,6,2026-06-16,42.42558483535684,26.469747509187126,103,124.03029584933552,18
116,8110,XD_8110_NH_BEDFORD.PXCR,2026,6,2026-06-17,47.34919459950146,29.541636978629736,108,105.61954880919977,18
117,8110,XD_8110_NH_BEDFORD.PXCR,2026,6,2026-06-18,47.82056217962617,29.835727935262096,104,101.74360206390804,18
118,8110,XD_8110_NH_BEDFORD.PXCR,2026,6,2026-06-19,49.973886769227306,31.179208724348705,97,94.96069525964751,18
119,8110,XD_8110_NH_BEDFORD.PXCR,2026,6,2026-06-22,50.68480787162072,31.622759523997885,106,103.68157543655391,18
120,8110,XD_8110_NH_BEDFORD.PXCR,2026,6,2026-06-23,47.158262455807886,29.422512500922007,100,97.8676553186163,18
121,8110,XD_8110_NH_BEDFORD.PXCR,2026,6,2026-06-24,46.91727250828861,29.272156457797493,108,105.61954880919977,18
122,8110,XD_8110_NH_BEDFORD.PXCR,2026,6,2026-06-25,45.0681998314094,28.11850148584906,105,105.61954880919978,18
123,8110,XD_8110_NH_BEDFORD.PXCR,2026,6,2026-06-26,47.47477236103937,29.619986202419504,100,97.8676553186163,18
124,8110,XD_8110_NH_BEDFORD.PXCR,2026,6,2026-06-29,50.325557075538526,31.39861935240866,102,99.80562869126217,18
125,8110,XD_8110_NH_BEDFORD.PXCR,2026,6,2026-06-30,47.10486031558682,29.389194370515845,101,98.83664200493924,18
126,8110,XD_8110_VT_ESSEXJUNCTION.PXCR,2026,5,2026-05-01,42.29953428692288,39.897233770419746,52,50.753041196855584,5
127,8110,XD_8110_VT_ESSEXJUNCTION.PXCR,2026,5,2026-05-04,41.776334298451744,39.40374766943525,53,51.72906121987204,5
128,8110,XD_8110_VT_ESSEXJUNCTION.PXCR,2026,5,2026-05-05,41.7349496832348,39.364713394102345,54,52.70508124288849,5
129,8110,XD_8110_VT_ESSEXJUNCTION.PXCR,2026,5,2026-05-06,40.87869308118961,38.55708583046216,58,56.6091613349543,5
130,8110,XD_8110_VT_ESSEXJUNCTION.PXCR,2026,5,2026-05-07,42.32577659198216,39.921985706753674,54,52.70508124288849,5
131,8110,XD_8110_VT_ESSEXJUNCTION.PXCR,2026,5,2026-05-08,42.367787580490116,39.961610782010034,53,51.72906121987204,5
132,8110,XD_8110_VT_ESSEXJUNCTION.PXCR,2026,5,2026-05-11,42.367787580490116,39.961610782010034,53,51.72906121987204,5
133,8110,XD_8110_VT_ESSEXJUNCTION.PXCR,2026,5,2026-05-12,42.32577659198216,39.921985706753674,54,52.70508124288849,5
134,8110,XD_8110_VT_ESSEXJUNCTION.PXCR,2026,5,2026-05-13,41.02875814337301,38.698628307646224,59,57.585181357970754,5
135,8110,XD_8110_VT_ESSEXJUNCTION.PXCR,2026,5,2026-05-14,42.567202372428696,40.14970028950404,53,51.72906121987204,5
136,8110,XD_8110_VT_ESSEXJUNCTION.PXCR,2026,5,2026-05-15,42.567202372428696,40.14970028950405,53,51.72906121987204,5
137,8110,XD_8110_VT_ESSEXJUNCTION.PXCR,2026,5,2026-05-18,42.567202372428696,40.14970028950405,53,51.72906121987204,5
138,8110,XD_8110_VT_ESSEXJUNCTION.PXCR,2026,5,2026-05-19,42.52500456855411,40.10989900861138,54,52.70508124288849,5
139,8110,XD_8110_VT_ESSEXJUNCTION.PXCR,2026,5,2026-05-20,40.769901009486695,38.45447234333349,60,58.56120138098721,5
140,8110,XD_8110_VT_ESSEXJUNCTION.PXCR,2026,5,2026-05-21,42.567202372428696,40.14970028950405,53,51.72906121987204,5
141,8110,XD_8110_VT_ESSEXJUNCTION.PXCR,2026,5,2026-05-22,42.61643314361572,40.19613511721216,52,50.753041196855584,5
142,8110,XD_8110_VT_ESSEXJUNCTION.PXCR,2026,5,2026-05-26,42.567202372428696,40.14970028950405,53,51.72906121987204,5
143,8110,XD_8110_VT_ESSEXJUNCTION.PXCR,2026,5,2026-05-27,41.02875814337301,38.698628307646224,59,57.585181357970754,5
144,8110,XD_8110_VT_ESSEXJUNCTION.PXCR,2026,5,2026-05-28,42.52500456855411,40.10989900861138,54,52.70508124288849,5
145,8110,XD_8110_VT_ESSEXJUNCTION.PXCR,2026,5,2026-05-29,42.567202372428696,40.14970028950405,53,51.72906121987204,5
146,8110,XD_8110_VT_ESSEXJUNCTION.PXCR,2026,6,2026-06-01,42.567202372428696,39.65709058482218,53,53.19925347106464,5
147,8110,XD_8110_VT_ESSEXJUNCTION.PXCR,2026,6,2026-06-02,42.088677310530755,39.211279944960026,55,55.206772469972734,5
148,8110,XD_8110_VT_ESSEXJUNCTION.PXCR,2026,6,2026-06-03,40.68683409687152,37.90527390717985,58,58.218050968334886,5
149,8110,XD_8110_VT_ESSEXJUNCTION.PXCR,2026,6,2026-06-04,41.694956205706575,38.84447562969025,55,55.206772469972734,5
150,8110,XD_8110_VT_ESSEXJUNCTION.PXCR,2026,6,2026-06-05,42.169031102596186,39.28614034059732,53,53.19925347106464,5
151,8110,XD_8110_VT_ESSEXJUNCTION.PXCR,2026,6,2026-06-08,42.169031102596186,39.28614034059732,53,53.19925347106464,5
152,8110,XD_8110_VT_ESSEXJUNCTION.PXCR,2026,6,2026-06-09,42.09100034713745,39.21344416689638,55,55.206772469972734,5
153,8110,XD_8110_VT_ESSEXJUNCTION.PXCR,2026,6,2026-06-10,40.05442905701256,37.31610331211558,59,59.221810467788934,5
154,8110,XD_8110_VT_ESSEXJUNCTION.PXCR,2026,6,2026-06-11,41.776334298451744,38.92029029957105,53,53.19925347106464,5
155,8110,XD_8110_VT_ESSEXJUNCTION.PXCR,2026,6,2026-06-12,41.776334298451744,38.92029029957105,53,53.19925347106464,5
156,8110,XD_8110_VT_ESSEXJUNCTION.PXCR,2026,6,2026-06-15,41.776334298451744,38.92029029957105,53,53.19925347106464,5
157,8110,XD_8110_VT_ESSEXJUNCTION.PXCR,2026,6,2026-06-16,37.29505783341889,34.745376826174756,53,57.21429146888084,5
158,8110,XD_8110_VT_ESSEXJUNCTION.PXCR,2026,6,2026-06-17,40.30838509509984,37.55269761584443,58,58.218050968334886,5
159,8110,XD_8110_VT_ESSEXJUNCTION.PXCR,2026,6,2026-06-18,41.776334298451744,38.92029029957105,53,53.19925347106464,5
160,8110,XD_8110_VT_ESSEXJUNCTION.PXCR,2026,6,2026-06-19,41.997343616485594,39.12619028963089,51,51.19173447215654,5
161,8110,XD_8110_VT_ESSEXJUNCTION.PXCR,2026,6,2026-06-22,41.776334298451744,38.92029029957105,53,53.19925347106464,5
162,8110,XD_8110_VT_ESSEXJUNCTION.PXCR,2026,6,2026-06-23,41.37798348060021,38.549172782148574,53,53.19925347106464,5
163,8110,XD_8110_VT_ESSEXJUNCTION.PXCR,2026,6,2026-06-24,39.882985818985496,37.15638081118378,59,59.221810467788934,5
164,8110,XD_8110_VT_ESSEXJUNCTION.PXCR,2026,6,2026-06-25,41.37798348060021,38.549172782148574,53,53.19925347106464,5
165,8110,XD_8110_VT_ESSEXJUNCTION.PXCR,2026,6,2026-06-26,41.37798348060021,38.549172782148574,53,53.19925347106464,5
166,8110,XD_8110_VT_ESSEXJUNCTION.PXCR,2026,6,2026-06-29,41.37798348060021,38.549172782148574,53,53.19925347106464,5
167,8110,XD_8110_VT_ESSEXJUNCTION.PXCR,2026,6,2026-06-30,41.30145014444987,38.47787165650921,55,55.206772469972734,5
168,8112,XD_8112_WA_ARLINGTON.YZER,2026,5,2026-05-01,44.29234045394743,35.37498886895818,121,95.25583177883381,14
169,8112,XD_8112_WA_ARLINGTON.YZER,2026,5,2026-05-04,61.486905928509046,49.10778230536781,120,94.4685934996699,14
170,8112,XD_8112_WA_ARLINGTON.YZER,2026,5,2026-05-05,58.06240658115176,46.372735454084925,124,98.40478489548947,14
171,8112,XD_8112_WA_ARLINGTON.YZER,2026,5,2026-05-06,64.02453014979808,51.134508092753876,119,94.4685934996699,14
172,8112,XD_8112_WA_ARLINGTON.YZER,2026,5,2026-05-07,60.00894184130855,47.927375883002334,127,100.76649973298122,14
173,8112,XD_8112_WA_ARLINGTON.YZER,2026,5,2026-05-08,61.07509205312313,48.77887868211028,122,96.04307005799772,14
174,8112,XD_8112_WA_ARLINGTON.YZER,2026,5,2026-05-11,60.71466443276622,48.49101574853042,119,93.68135522050598,14
175,8112,XD_8112_WA_ARLINGTON.YZER,2026,5,2026-05-12,57.89767387382905,46.24116828856218,121,96.04307005799772,14
176,8112,XD_8112_WA_ARLINGTON.YZER,2026,5,2026-05-13,56.724574677774335,45.30424848307646,124,99.19202317465339,14
177,8112,XD_8112_WA_ARLINGTON.YZER,2026,5,2026-05-14,58.458408911371464,46.689010861526285,128,102.34097629130905,14
178,8112,XD_8112_WA_ARLINGTON.YZER,2026,5,2026-05-15,58.881419476005185,47.02685695098565,120,94.4685934996699,14
179,8112,XD_8112_WA_ARLINGTON.YZER,2026,5,2026-05-18,58.65691261749977,46.84754992996943,121,96.04307005799772,14
180,8112,XD_8112_WA_ARLINGTON.YZER,2026,5,2026-05-19,58.51778840716334,46.736435517373174,122,96.83030833716164,14
181,8112,XD_8112_WA_ARLINGTON.YZER,2026,5,2026-05-20,57.94653193629695,46.28018978524191,122,97.61754661632555,14
182,8112,XD_8112_WA_ARLINGTON.YZER,2026,5,2026-05-21,57.06169805541662,45.57349900380614,131,103.91545284963688,14
183,8112,XD_8112_WA_ARLINGTON.YZER,2026,5,2026-05-22,61.018820222541784,48.7339360270135,120,94.4685934996699,14
184,8112,XD_8112_WA_ARLINGTON.YZER,2026,5,2026-05-26,61.4874448381152,49.108212716611014,122,96.83030833716164,14
185,8112,XD_8112_WA_ARLINGTON.YZER,2026,5,2026-05-27,60.52315814266986,48.33806531034941,123,98.40478489548947,14
186,8112,XD_8112_WA_ARLINGTON.YZER,2026,5,2026-05-28,59.732687207258714,47.706739436511725,132,104.7026911288008,14
187,8112,XD_8112_WA_ARLINGTON.YZER,2026,5,2026-05-29,62.43516947993384,49.86513249803529,121,95.25583177883381,14
188,8112,XD_8112_WA_ARLINGTON.YZER,2026,6,2026-06-01,58.911344122398624,42.54886585703737,120,89.55422272979335,14
189,8112,XD_8112_WA_ARLINGTON.YZER,2026,6,2026-06-02,58.4153741597574,42.19065030918472,124,92.53936348745313,14
190,8112,XD_8112_WA_ARLINGTON.YZER,2026,6,2026-06-03,56.16174680710746,40.56296230871361,128,97.0170746239428,14
191,8112,XD_8112_WA_ARLINGTON.YZER,2026,6,2026-06-04,56.200854209649684,40.59120772815828,133,100.00221538160258,14
192,8112,XD_8112_WA_ARLINGTON.YZER,2026,6,2026-06-05,58.27195222279069,42.08706345595873,125,93.28564867686808,14
193,8112,XD_8112_WA_ARLINGTON.YZER,2026,6,2026-06-08,57.106933116896656,41.24562548851769,122,91.79307829803818,14
194,8112,XD_8112_WA_ARLINGTON.YZER,2026,6,2026-06-09,58.513155093029276,42.26127283316782,122,92.53936348745313,14
195,8112,XD_8112_WA_ARLINGTON.YZER,2026,6,2026-06-10,54.4804686212466,39.34865492761012,127,97.76335981335774,14
196,8112,XD_8112_WA_ARLINGTON.YZER,2026,6,2026-06-11,54.857388230964865,39.62088605985976,133,100.74850057101752,14
197,8112,XD_8112_WA_ARLINGTON.YZER,2026,6,2026-06-12,56.681705021276834,40.93850343131966,124,93.28564867686808,14
198,8112,XD_8112_WA_ARLINGTON.YZER,2026,6,2026-06-15,43.14141219338581,31.158993019845408,125,94.03193386628303,14
199,8112,XD_8112_WA_ARLINGTON.YZER,2026,6,2026-06-22,60.03236824548737,43.35852833794605,121,91.04679310862323,14
200,8112,XD_8112_WA_ARLINGTON.YZER,2026,6,2026-06-23,56.22888510349508,40.61145311145157,125,94.77821905569796,14
201,8112,XD_8112_WA_ARLINGTON.YZER,2026,6,2026-06-24,56.00358024998174,40.44872611664457,128,97.0170746239428,14
202,8112,XD_8112_WA_ARLINGTON.YZER,2026,6,2026-06-25,55.23797176798445,39.89576347278041,132,100.00221538160258,14
203,8112,XD_8112_WA_ARLINGTON.YZER,2026,6,2026-06-26,58.512830713779536,42.26103854944217,127,95.52450424511291,14
204,8112,XD_8112_WA_ARLINGTON.YZER,2026,6,2026-06-29,57.65710506037476,41.642988552798116,124,94.03193386628303,14
205,8112,XD_8112_WA_ARLINGTON.YZER,2026,6,2026-06-30,56.16965763386166,40.56867592315234,126,96.27078943452786,14
206,8112,XD_8112_WA_AUBURN.YZER,2026,5,2026-05-01,43.08865547425295,35.811700745973226,297,148.39943614436507,27
207,8112,XD_8112_WA_AUBURN.YZER,2026,5,2026-05-04,58.64410980409005,48.74009847146381,290,144.07712247025734,27
208,8112,XD_8112_WA_AUBURN.YZER,2026,5,2026-05-05,58.320971629339255,48.47153294101486,291,145.03763662005906,27
209,8112,XD_8112_WA_AUBURN.YZER,2026,5,2026-05-06,56.169196515316294,46.68315672904258,308,153.6822639682745,27
210,8112,XD_8112_WA_AUBURN.YZER,2026,5,2026-05-07,55.50176760409498,46.12844542104759,322,160.4058630168865,27
211,8112,XD_8112_WA_AUBURN.YZER,2026,5,2026-05-08,57.99625974576806,48.2016594748989,293,146.47840784476165,27
212,8112,XD_8112_WA_AUBURN.YZER,2026,5,2026-05-11,56.54415022975266,46.99478701936365,289,145.03763662005906,27
213,8112,XD_8112_WA_AUBURN.YZER,2026,5,2026-05-12,55.871806681281,46.435991074321,295,147.43892199456334,27
214,8112,XD_8112_WA_AUBURN.YZER,2026,5,2026-05-13,54.17557228551106,45.02622235659813,317,158.4848347172831,27
215,8112,XD_8112_WA_AUBURN.YZER,2026,5,2026-05-14,54.06072194114344,44.93076831845756,319,159.4453488670848,27
216,8112,XD_8112_WA_AUBURN.YZER,2026,5,2026-05-15,55.864797304461476,46.430165464254635,297,148.39943614436507,27
217,8112,XD_8112_WA_AUBURN.YZER,2026,5,2026-05-18,59.43359716537943,49.3962545945556,287,143.5968653953565,27
218,8112,XD_8112_WA_AUBURN.YZER,2026,5,2026-05-19,57.82232872080952,48.057102497019244,295,147.9191790694642,27
219,8112,XD_8112_WA_AUBURN.YZER,2026,5,2026-05-20,55.70034632480538,46.29348751025478,317,158.96509179218393,27
220,8112,XD_8112_WA_AUBURN.YZER,2026,5,2026-05-21,56.53018077183123,46.98317676972464,311,155.12303519297708,27
221,8112,XD_8112_WA_AUBURN.YZER,2026,5,2026-05-22,58.01163944895917,48.21444180291957,297,148.39943614436507,27
222,8112,XD_8112_WA_AUBURN.YZER,2026,5,2026-05-26,61.00009669652449,50.6981985009185,293,146.47840784476165,27
223,8112,XD_8112_WA_AUBURN.YZER,2026,5,2026-05-27,57.82872038122554,48.0624147126725,319,159.92560594198565,27
224,8112,XD_8112_WA_AUBURN.YZER,2026,5,2026-05-28,58.889895600481665,48.94437514919043,309,154.64277811807622,27
225,8112,XD_8112_WA_AUBURN.YZER,2026,5,2026-05-29,60.05749944559217,49.91479019302792,298,148.87969321926593,27
226,8112,XD_8112_WA_AUBURN.YZER,2026,6,2026-06-01,58.97280171661875,50.13712736121801,289,135.5013643089626,27
227,8112,XD_8112_WA_AUBURN.YZER,2026,6,2026-06-02,58.235447489001665,49.51024816022606,293,137.74476438030302,27
228,8112,XD_8112_WA_AUBURN.YZER,2026,6,2026-06-03,54.99560179179342,46.755816428591906,326,152.55120485114992,27
229,8112,XD_8112_WA_AUBURN.YZER,2026,6,2026-06-04,55.868221821685474,47.49769506252357,317,148.06440470846906,27
230,8112,XD_8112_WA_AUBURN.YZER,2026,6,2026-06-05,58.30696461430824,49.57105014208261,291,136.84740435176684,27
231,8112,XD_8112_WA_AUBURN.YZER,2026,6,2026-06-08,57.81307449320196,49.15115773094464,292,136.39872433749875,27
232,8112,XD_8112_WA_AUBURN.YZER,2026,6,2026-06-09,56.40310024112732,47.95243464853115,298,139.53948443737536,27
233,8112,XD_8112_WA_AUBURN.YZER,2026,6,2026-06-10,55.13571524030953,46.87493720306398,315,147.16704467993287,27
234,8112,XD_8112_WA_AUBURN.YZER,2026,6,2026-06-11,55.44743767545766,47.1399554314241,313,145.8210046371286,27
235,8112,XD_8112_WA_AUBURN.YZER,2026,6,2026-06-12,56.97915614317355,48.44218224890563,295,137.74476438030302,27
236,8112,XD_8112_WA_AUBURN.YZER,2026,6,2026-06-15,45.485292837766536,38.67040150182902,290,135.95004432323066,27
237,8112,XD_8112_WA_AUBURN.YZER,2026,6,2026-06-22,58.880092253054165,50.05830820989698,284,131.91192419481789,27
238,8112,XD_8112_WA_AUBURN.YZER,2026,6,2026-06-23,56.79677580783867,48.28712727721195,293,137.29608436603493,27
239,8112,XD_8112_WA_AUBURN.YZER,2026,6,2026-06-24,55.232525073443426,46.9572423809149,300,140.43684446591155,26
240,8112,XD_8112_WA_AUBURN.YZER,2026,6,2026-06-25,55.153095564734514,46.889713498473206,310,144.92364460859244,27
241,8112,XD_8112_WA_AUBURN.YZER,2026,6,2026-06-26,56.203717542199236,47.78292471380199,298,139.53948443737536,27
242,8112,XD_8112_WA_AUBURN.YZER,2026,6,2026-06-29,58.05765030275365,49.35908966153004,288,134.6040042804264,27
243,8112,XD_8112_WA_AUBURN.YZER,2026,6,2026-06-30,56.41128147421744,47.95939011806068,300,140.43684446591155,27
244,8113,XD_8113_NY_SYRACUSE.YZER,2026,6,2026-06-26,222.75,257.8108407619293,1,1.9303385338648102,1
245,8115,XD_8115_AR_TEXARKANA.YZER,2026,5,2026-05-01,23.41690873342847,25.894771216167726,27,32.54339344251314,4
246,8115,XD_8115_AR_TEXARKANA.YZER,2026,5,2026-05-04,30.5994862779961,33.837373904517165,26,32.54339344251314,4
247,8115,XD_8115_AR_TEXARKANA.YZER,2026,5,2026-05-05,28.792809400798895,31.839523337256896,29,36.159326047236824,5
248,8115,XD_8115_AR_TEXARKANA.YZER,2026,5,2026-05-06,32.42038157487116,35.85094741492098,28,34.9540151789956,5
249,8115,XD_8115_AR_TEXARKANA.YZER,2026,5,2026-05-07,30.91116696454786,34.182035113331395,26,32.54339344251314,4
250,8115,XD_8115_AR_TEXARKANA.YZER,2026,5,2026-05-08,30.391028075658973,33.60685767715759,27,33.74870431075437,4
251,8115,XD_8115_AR_TEXARKANA.YZER,2026,5,2026-05-11,29.60575707929729,32.73849315368614,27,33.74870431075437,4
252,8115,XD_8115_AR_TEXARKANA.YZER,2026,5,2026-05-12,31.63108354775891,34.97812974004712,28,34.9540151789956,5
253,8115,XD_8115_AR_TEXARKANA.YZER,2026,5,2026-05-13,30.155278234203912,33.346161943223585,26,32.54339344251314,4
254,8115,XD_8115_AR_TEXARKANA.YZER,2026,5,2026-05-14,30.155278234203912,33.346161943223585,26,32.54339344251314,4
255,8115,XD_8115_AR_TEXARKANA.YZER,2026,5,2026-05-15,29.60575707929729,32.73849315368614,27,33.74870431075437,4
256,8115,XD_8115_AR_TEXARKANA.YZER,2026,5,2026-05-18,31.269225260701614,34.577981383033354,26,32.54339344251314,4
257,8115,XD_8115_AR_TEXARKANA.YZER,2026,5,2026-05-19,29.438941997880693,32.554026518151005,29,36.159326047236824,5
258,8115,XD_8115_AR_TEXARKANA.YZER,2026,5,2026-05-20,30.722886811584985,33.97383207760966,27,33.74870431075437,4
259,8115,XD_8115_AR_TEXARKANA.YZER,2026,5,2026-05-21,30.722886811584985,33.97383207760966,27,33.74870431075437,4
260,8115,XD_8115_AR_TEXARKANA.YZER,2026,5,2026-05-22,31.48389642681617,34.81536799953876,27,32.54339344251314,4
261,8115,XD_8115_AR_TEXARKANA.YZER,2026,5,2026-05-26,33.51628115369128,37.06280971461604,27,33.74870431075437,4
262,8115,XD_8115_AR_TEXARKANA.YZER,2026,5,2026-05-27,33.51628115369128,37.06280971461604,27,33.74870431075437,4
263,8115,XD_8115_AR_TEXARKANA.YZER,2026,5,2026-05-28,32.24666143917728,35.658845066116385,29,36.159326047236824,5
264,8115,XD_8115_AR_TEXARKANA.YZER,2026,5,2026-05-29,33.51628115369128,37.06280971461604,27,33.74870431075437,4
265,8115,XD_8115_AR_TEXARKANA.YZER,2026,6,2026-06-01,31.732083642783287,35.91728288020681,27,33.58009987700037,4
266,8115,XD_8115_AR_TEXARKANA.YZER,2026,6,2026-06-02,31.732083642783287,35.91728288020681,27,33.58009987700037,4
267,8115,XD_8115_AR_TEXARKANA.YZER,2026,6,2026-06-03,32.16360242524846,36.40571541909712,26,32.38081059567892,4
268,8115,XD_8115_AR_TEXARKANA.YZER,2026,6,2026-06-04,30.349914201367802,34.35281672744638,29,35.978678439643254,5
269,8115,XD_8115_AR_TEXARKANA.YZER,2026,6,2026-06-05,31.62283362861441,35.793623693254474,27,33.58009987700037,4
270,8115,XD_8115_LA_BATONROUGE.HDSD,2026,5,2026-05-01,20.814732464110328,18.866003217300882,87,88.70755050779445,14
271,8115,XD_8115_LA_BATONROUGE.HDSD,2026,5,2026-05-04,21.90935992063677,19.85814881187826,87,85.78312576577925,14
272,8115,XD_8115_LA_BATONROUGE.HDSD,2026,5,2026-05-05,22.04138619796803,19.97781444664895,89,88.70755050779445,13
273,8115,XD_8115_LA_BATONROUGE.HDSD,2026,5,2026-05-06,21.78523002103834,19.74564027547381,89,88.70755050779445,14
274,8115,XD_8115_LA_BATONROUGE.HDSD,2026,5,2026-05-07,22.219347851578245,20.139114868614758,92,90.65716700247125,14
275,8115,XD_8115_LA_BATONROUGE.HDSD,2026,5,2026-05-08,21.632392717813417,19.607111997037528,86,85.78312576577925,14
276,8115,XD_8115_LA_BATONROUGE.HDSD,2026,5,2026-05-11,22.24299986632773,20.160552520389956,88,86.75793401311765,14
277,8115,XD_8115_LA_BATONROUGE.HDSD,2026,5,2026-05-12,22.155190339434444,20.080963949182767,86,84.80831751844084,14
278,8115,XD_8115_LA_BATONROUGE.HDSD,2026,5,2026-05-13,22.197364288308485,20.119189463563785,84,83.83350927110244,13
279,8115,XD_8115_LA_BATONROUGE.HDSD,2026,5,2026-05-14,22.1081970640474,20.03837030613825,93,92.60678349714804,14
280,8115,XD_8115_LA_BATONROUGE.HDSD,2026,5,2026-05-15,21.034551801786698,19.065242498371536,88,89.68235875513285,14
281,8115,XD_8115_LA_BATONROUGE.HDSD,2026,5,2026-05-18,22.222724357921297,20.1421752576753,89,87.73274226045605,14
282,8115,XD_8115_LA_BATONROUGE.HDSD,2026,5,2026-05-19,22.41358320048558,20.315165400309926,89,88.70755050779445,14
283,8115,XD_8115_LA_BATONROUGE.HDSD,2026,5,2026-05-20,23.020887622708415,20.865612407173575,90,87.73274226045605,14
284,8115,XD_8115_LA_BATONROUGE.HDSD,2026,5,2026-05-21,21.425300225470465,19.419408041026678,89,89.68235875513285,14
285,8115,XD_8115_LA_BATONROUGE.HDSD,2026,5,2026-05-22,22.145658586192834,20.072324583405052,88,87.73274226045605,14
286,8115,XD_8115_LA_BATONROUGE.HDSD,2026,5,2026-05-26,21.78523002103834,19.745640275473814,88,87.73274226045605,14
287,8115,XD_8115_LA_BATONROUGE.HDSD,2026,5,2026-05-27,21.42364271638615,19.417905712242423,89,89.68235875513285,14
288,8115,XD_8115_LA_BATONROUGE.HDSD,2026,5,2026-05-28,22.134109753340134,20.06185698224175,90,88.70755050779445,14
289,8115,XD_8115_LA_BATONROUGE.HDSD,2026,5,2026-05-29,22.70310786879543,20.577584018144186,86,85.78312576577925,13
290,8115,XD_8115_LA_BATONROUGE.HDSD,2026,6,2026-06-01,21.78523002103834,20.093460620959178,88,80.94250377540241,14
291,8115,XD_8115_LA_BATONROUGE.HDSD,2026,6,2026-06-02,21.750284740335548,20.061229075962324,89,82.74122608152247,14
292,8115,XD_8115_LA_BATONROUGE.HDSD,2026,6,2026-06-03,21.918996923649537,20.21683962533095,88,80.94250377540241,14
293,8115,XD_8115_LA_BATONROUGE.HDSD,2026,6,2026-06-04,21.549853730292647,19.876362879753845,90,83.6405872345825,14
294,8115,XD_8115_LA_BATONROUGE.HDSD,2026,6,2026-06-05,22.48306798459672,20.737106780629258,88,80.04314262234239,14
295,8115,XD_8115_LA_BATONROUGE.HDSD,2026,6,2026-06-08,21.664867881317036,19.98244540962522,89,81.84186492846244,14
296,8115,XD_8115_LA_BATONROUGE.HDSD,2026,6,2026-06-09,22.152851739661756,20.432534044532645,87,80.04314262234239,13
297,8115,XD_8115_LA_BATONROUGE.HDSD,2026,6,2026-06-10,21.908539311459716,20.207194116951076,89,80.94250377540241,14
298,8115,XD_8115_LA_BATONROUGE.HDSD,2026,6,2026-06-11,21.78105623332878,20.089610955892464,93,86.33867069376258,14
299,8115,XD_8115_LA_BATONROUGE.HDSD,2026,6,2026-06-12,21.972651265170068,20.26632734694074,87,80.94250377540241,13
300,8115,XD_8115_LA_BATONROUGE.HDSD,2026,6,2026-06-15,21.837877285473127,20.142019471781502,86,78.24442031622233,14
301,8115,XD_8115_LA_BATONROUGE.HDSD,2026,6,2026-06-16,24.612261502702275,22.7009541244094,85,78.24442031622233,13
302,8115,XD_8115_LA_BATONROUGE.HDSD,2026,6,2026-06-17,21.666917909794105,19.984336239625,86,79.14378146928236,13
303,8115,XD_8115_LA_BATONROUGE.HDSD,2026,6,2026-06-18,21.685998602804016,20.001935188694855,90,82.74122608152247,14
304,8115,XD_8115_LA_BATONROUGE.HDSD,2026,6,2026-06-19,23.140298528141443,21.343298959130667,86,77.3450591631623,14
305,8115,XD_8115_LA_BATONROUGE.HDSD,2026,6,2026-06-22,21.867518631516663,20.169358968261584,88,81.84186492846244,13
306,8115,XD_8115_LA_BATONROUGE.HDSD,2026,6,2026-06-23,21.613315394784316,19.93489631984938,88,80.04314262234239,14
307,8115,XD_8115_LA_BATONROUGE.HDSD,2026,6,2026-06-24,21.2491725175854,19.5990315823032,90,83.6405872345825,14
308,8115,XD_8115_LA_BATONROUGE.HDSD,2026,6,2026-06-25,21.516951137014903,19.846015393786733,89,81.84186492846244,14
309,8115,XD_8115_LA_BATONROUGE.HDSD,2026,6,2026-06-26,21.78240334816415,20.090853458214927,86,79.14378146928236,13
310,8115,XD_8115_LA_BATONROUGE.HDSD,2026,6,2026-06-29,21.692371537734054,20.007813222432983,87,79.14378146928236,14
311,8115,XD_8115_LA_BATONROUGE.HDSD,2026,6,2026-06-30,21.509565842822518,19.83920361728102,89,81.84186492846244,14
312,8115,XD_8115_LA_LAFAYETTE.HDSD,2026,5,2026-05-01,33.1072170711699,21.33511463292699,113,148.99870776983207,20
313,8115,XD_8115_LA_LAFAYETTE.HDSD,2026,5,2026-05-04,34.23478608918568,22.0617481703877,108,141.15667051878827,20
314,8115,XD_8115_LA_LAFAYETTE.HDSD,2026,5,2026-05-05,34.60067111357982,22.297533586031044,111,145.07768914431017,20
315,8115,XD_8115_LA_LAFAYETTE.HDSD,2026,5,2026-05-06,34.7970096321849,22.424059013773693,111,145.07768914431017,20
316,8115,XD_8115_LA_LAFAYETTE.HDSD,2026,5,2026-05-07,33.076912718259585,21.315585753715297,110,146.38469535281746,20
317,8115,XD_8115_LA_LAFAYETTE.HDSD,2026,5,2026-05-08,34.7970096321849,22.424059013773693,111,145.07768914431017,20
318,8115,XD_8115_LA_LAFAYETTE.HDSD,2026,5,2026-05-11,34.69407934868663,22.357728177421162,109,142.46367672729556,20
319,8115,XD_8115_LA_LAFAYETTE.HDSD,2026,5,2026-05-12,33.89252783366612,21.841188432615773,112,147.69170156132478,20
320,8115,XD_8115_LA_LAFAYETTE.HDSD,2026,5,2026-05-13,34.76721742279086,22.404860172589796,113,147.69170156132478,20
321,8115,XD_8115_LA_LAFAYETTE.HDSD,2026,5,2026-05-14,33.82621289798192,21.79845343765512,114,150.30571397833936,20
322,8115,XD_8115_LA_LAFAYETTE.HDSD,2026,5,2026-05-15,34.973887879734946,22.538043758533096,108,141.15667051878827,20
323,8115,XD_8115_LA_LAFAYETTE.HDSD,2026,5,2026-05-18,33.73144603848973,21.737383314898445,109,143.77068293580288,20
324,8115,XD_8115_LA_LAFAYETTE.HDSD,2026,5,2026-05-19,34.764702809610405,22.403239693274152,114,150.30571397833936,20
325,8115,XD_8115_LA_LAFAYETTE.HDSD,2026,5,2026-05-20,33.743364202140214,21.745063676166815,111,147.69170156132478,20
326,8115,XD_8115_LA_LAFAYETTE.HDSD,2026,5,2026-05-21,36.129524773643126,23.28276493375507,108,141.15667051878827,20
327,8115,XD_8115_LA_LAFAYETTE.HDSD,2026,5,2026-05-22,33.66021118795717,21.691477804365665,112,147.69170156132478,20
328,8115,XD_8115_LA_LAFAYETTE.HDSD,2026,5,2026-05-26,34.691746014929436,22.35622451907744,109,142.46367672729556,20
329,8115,XD_8115_LA_LAFAYETTE.HDSD,2026,5,2026-05-27,34.87665735269522,22.475385987094523,113,147.69170156132478,20
330,8115,XD_8115_LA_LAFAYETTE.HDSD,2026,5,2026-05-28,34.63592783700852,22.320253896056368,109,142.46367672729556,20
331,8115,XD_8115_LA_LAFAYETTE.HDSD,2026,5,2026-05-29,34.52773465536374,22.250531517158425,109,142.46367672729556,20
332,8115,XD_8115_LA_LAFAYETTE.HDSD,2026,6,2026-06-01,33.701267464336375,22.172330655848928,109,144.17608661452988,20
333,8115,XD_8115_LA_LAFAYETTE.HDSD,2026,6,2026-06-02,34.7376497450329,22.854174762685062,111,145.4867783110256,20
334,8115,XD_8115_LA_LAFAYETTE.HDSD,2026,6,2026-06-03,34.61636556784312,22.77438094238379,113,148.10816170401708,20
335,8115,XD_8115_LA_LAFAYETTE.HDSD,2026,6,2026-06-04,33.79550349489435,22.23432928635851,111,146.79747000752133,20
336,8115,XD_8115_LA_LAFAYETTE.HDSD,2026,6,2026-06-05,34.53949238232204,22.723805465074353,109,144.17608661452988,20
337,8115,XD_8115_LA_LAFAYETTE.HDSD,2026,6,2026-06-08,34.35425431961621,22.601935877210668,108,141.55470322153843,20
338,8115,XD_8115_LA_LAFAYETTE.HDSD,2026,6,2026-06-09,34.632528496696835,22.785014661228068,110,144.17608661452988,20
339,8115,XD_8115_LA_LAFAYETTE.HDSD,2026,6,2026-06-10,34.22030873071579,22.51381201391279,114,149.4188534005128,20
340,8115,XD_8115_LA_LAFAYETTE.HDSD,2026,6,2026-06-11,32.74965043582613,21.546254279457635,107,142.86539491803416,20
341,8115,XD_8115_LA_LAFAYETTE.HDSD,2026,6,2026-06-12,34.21259323347182,22.508735927197396,110,144.17608661452988,20
342,8115,XD_8115_LA_LAFAYETTE.HDSD,2026,6,2026-06-15,33.12710992722284,21.794587866949346,109,144.17608661452988,20
343,8115,XD_8115_LA_LAFAYETTE.HDSD,2026,6,2026-06-16,32.04322888465155,21.081493948658924,109,152.04023679350425,20
344,8115,XD_8115_LA_LAFAYETTE.HDSD,2026,6,2026-06-17,34.161237215194184,22.474948396220267,112,146.79747000752133,20
345,8115,XD_8115_LA_LAFAYETTE.HDSD,2026,6,2026-06-18,33.334878817457835,21.9312806646064,109,144.17608661452988,20
346,8115,XD_8115_LA_LAFAYETTE.HDSD,2026,6,2026-06-19,32.42463226116581,21.332422249390657,98,131.06916964957261,20
347,8115,XD_8115_LA_LAFAYETTE.HDSD,2026,6,2026-06-22,31.93193424236207,21.008272322449226,112,152.04023679350425,20
348,8115,XD_8115_LA_LAFAYETTE.HDSD,2026,6,2026-06-23,32.2309321134431,21.204985388805532,115,157.28300357948714,20
349,8115,XD_8115_LA_LAFAYETTE.HDSD,2026,6,2026-06-24,27.49924860409328,18.091973350336854,112,158.59369527598287,20
350,8115,XD_8115_LA_LAFAYETTE.HDSD,2026,6,2026-06-25,30.864487290836518,20.305990522755835,111,154.6616201864957,20
351,8115,XD_8115_LA_LAFAYETTE.HDSD,2026,6,2026-06-26,30.8136252192467,20.272527963214884,110,153.35092848999997,20
352,8115,XD_8115_LA_LAFAYETTE.HDSD,2026,6,2026-06-29,31.53975336435037,20.75025341816385,111,150.72954509700853,20
353,8115,XD_8115_LA_LAFAYETTE.HDSD,2026,6,2026-06-30,32.74250460878251,21.54155298327676,113,158.59369527598287,20
354,8115,XD_8115_LA_NEWORLEANS.HDSD,2026,5,2026-05-01,58.42863785334996,53.14018746465971,53,48.55605125056205,20
355,8115,XD_8115_LA_NEWORLEANS.HDSD,2026,5,2026-05-04,61.644569838993135,56.06504135257001,52,48.55605125056205,18
356,8115,XD_8115_LA_NEWORLEANS.HDSD,2026,5,2026-05-05,61.44699583659096,55.88535002462658,53,49.423123594322085,18
357,8115,XD_8115_LA_NEWORLEANS.HDSD,2026,5,2026-05-06,60.71883344841481,55.22309454111669,54,49.423123594322085,19
358,8115,XD_8115_LA_NEWORLEANS.HDSD,2026,5,2026-05-07,60.00409114542462,54.5730444737995,55,51.15726828184216,20
359,8115,XD_8115_LA_NEWORLEANS.HDSD,2026,5,2026-05-08,61.05877654729066,55.53226895738359,53,47.688978906802014,18
360,8115,XD_8115_LA_NEWORLEANS.HDSD,2026,5,2026-05-11,61.938305644888096,56.3321907567632,52,47.688978906802014,18
361,8115,XD_8115_LA_NEWORLEANS.HDSD,2026,5,2026-05-12,61.65780961336913,56.077082778113706,56,51.15726828184216,18
362,8115,XD_8115_LA_NEWORLEANS.HDSD,2026,5,2026-05-13,58.013457245032,52.762585381703694,56,50.29019593808212,20
363,8115,XD_8115_LA_NEWORLEANS.HDSD,2026,5,2026-05-14,60.304284557782324,54.846066998274274,54,48.55605125056205,19
364,8115,XD_8115_LA_NEWORLEANS.HDSD,2026,5,2026-05-15,59.04816673619407,53.70364199968991,51,46.82190656304198,20
365,8115,XD_8115_LA_NEWORLEANS.HDSD,2026,5,2026-05-18,62.539064179778734,56.878573871926854,52,48.55605125056205,18
366,8115,XD_8115_LA_NEWORLEANS.HDSD,2026,5,2026-05-19,60.3161091160356,54.85682130070801,55,50.29019593808212,19
367,8115,XD_8115_LA_NEWORLEANS.HDSD,2026,5,2026-05-20,59.69058779020954,54.28791670633823,54,49.423123594322085,19
368,8115,XD_8115_LA_NEWORLEANS.HDSD,2026,5,2026-05-21,61.753429265375495,56.16404777369818,53,49.423123594322085,18
369,8115,XD_8115_LA_NEWORLEANS.HDSD,2026,5,2026-05-22,59.17318804473208,53.8173474704466,57,52.02434062560219,19
370,8115,XD_8115_LA_NEWORLEANS.HDSD,2026,5,2026-05-26,62.9100087238998,57.21594375316662,53,49.423123594322085,18
371,8115,XD_8115_LA_NEWORLEANS.HDSD,2026,5,2026-05-27,60.25241669995444,54.798893766283456,52,47.688978906802014,20
372,8115,XD_8115_LA_NEWORLEANS.HDSD,2026,5,2026-05-28,59.971000029473075,54.542948476875985,54,49.423123594322085,20
373,8115,XD_8115_LA_NEWORLEANS.HDSD,2026,5,2026-05-29,57.85217403403215,52.61590011943649,56,52.02434062560219,21
374,8115,XD_8115_LA_NEWORLEANS.HDSD,2026,6,2026-06-01,62.48295311776418,58.8159015873331,49,42.7847833144396,18
375,8115,XD_8115_LA_NEWORLEANS.HDSD,2026,6,2026-06-02,63.95030950881817,60.19714054585534,56,47.628343689659175,18
376,8115,XD_8115_LA_NEWORLEANS.HDSD,2026,6,2026-06-03,59.42202084106311,55.934611850392706,57,49.24286381473237,19
377,8115,XD_8115_LA_NEWORLEANS.HDSD,2026,6,2026-06-04,61.26882837159293,57.67303240426224,56,47.628343689659175,19
378,8115,XD_8115_LA_NEWORLEANS.HDSD,2026,6,2026-06-05,58.054994193712865,54.64781440011414,57,48.435603752195775,20
379,8115,XD_8115_LA_NEWORLEANS.HDSD,2026,6,2026-06-08,58.99796140750249,55.53543996963231,57,50.050123877268966,20
380,8115,XD_8115_LA_NEWORLEANS.HDSD,2026,6,2026-06-09,61.559966869329024,57.94708432365306,51,43.59204337697619,18
381,8115,XD_8115_LA_NEWORLEANS.HDSD,2026,6,2026-06-10,58.09044617062524,54.68118574191394,57,50.050123877268966,20
382,8115,XD_8115_LA_NEWORLEANS.HDSD,2026,6,2026-06-11,60.42148722502821,56.87542071978697,53,46.013823564585984,19
383,8115,XD_8115_LA_NEWORLEANS.HDSD,2026,6,2026-06-12,59.60689323014185,56.10863429491092,51,44.39930343951279,19
384,8115,XD_8115_LA_NEWORLEANS.HDSD,2026,6,2026-06-15,64.16798179989769,60.402037904440384,51,43.59204337697619,20
385,8115,XD_8115_LA_NEWORLEANS.HDSD,2026,6,2026-06-16,48.741369053315594,45.88079503970593,54,56.50820437756173,19
386,8115,XD_8115_LA_NEWORLEANS.HDSD,2026,6,2026-06-17,60.234361327892884,56.699277022967635,56,47.628343689659175,18
387,8115,XD_8115_LA_NEWORLEANS.HDSD,2026,6,2026-06-18,63.19216681167859,59.48349235800362,51,43.59204337697619,17
388,8115,XD_8115_LA_NEWORLEANS.HDSD,2026,6,2026-06-19,56.73141244156916,53.40191211489162,49,41.977523251903,19
389,8115,XD_8115_LA_NEWORLEANS.HDSD,2026,6,2026-06-22,53.80611401638656,50.6482960371617,52,54.89368425248854,21
390,8115,XD_8115_LA_NEWORLEANS.HDSD,2026,6,2026-06-23,52.92880686885034,49.82247702130785,55,54.89368425248854,19
391,8115,XD_8115_LA_NEWORLEANS.HDSD,2026,6,2026-06-24,50.44298604448935,47.48254611737315,55,61.35176475278131,19
392,8115,XD_8115_LA_NEWORLEANS.HDSD,2026,6,2026-06-25,55.037512443418194,51.8074251289411,53,53.27916412741535,19
393,8115,XD_8115_LA_NEWORLEANS.HDSD,2026,6,2026-06-26,46.39655272381049,43.67359324153524,53,50.050123877268966,19
394,8115,XD_8115_LA_NEWORLEANS.HDSD,2026,6,2026-06-29,57.89178301796081,54.49418189761552,51,48.435603752195775,18
395,8115,XD_8115_LA_NEWORLEANS.HDSD,2026,6,2026-06-30,45.069932148153825,42.42483047780199,57,54.89368425248854,20
396,8115,XD_8115_LA_SHREVEPORT.YZER,2026,5,2026-05-01,32.03915570071637,27.26505074711826,54,78.40676896072685,7
397,8115,XD_8115_LA_SHREVEPORT.YZER,2026,5,2026-05-04,45.57164407822794,38.78108399700165,58,82.3271074087632,7
398,8115,XD_8115_LA_SHREVEPORT.YZER,2026,5,2026-05-05,48.18101769158492,41.001638890861685,54,78.40676896072685,7
399,8115,XD_8115_LA_SHREVEPORT.YZER,2026,5,2026-05-06,47.468981162227415,40.39570182160552,52,78.40676896072685,7
400,8115,XD_8115_LA_SHREVEPORT.YZER,2026,5,2026-05-07,48.806655039488994,41.53405098683698,54,77.09998947804807,7
401,8115,XD_8115_LA_SHREVEPORT.YZER,2026,5,2026-05-08,47.122613501840014,40.10094586967473,56,79.71354844340563,7
402,8115,XD_8115_LA_SHREVEPORT.YZER,2026,5,2026-05-11,43.26965786594383,36.822113183807296,57,83.63388689144197,7
403,8115,XD_8115_LA_SHREVEPORT.YZER,2026,5,2026-05-12,44.04004052869317,37.47770231951262,56,82.3271074087632,7
404,8115,XD_8115_LA_SHREVEPORT.YZER,2026,5,2026-05-13,45.30423627407913,38.55352221546165,55,79.71354844340563,7
405,8115,XD_8115_LA_SHREVEPORT.YZER,2026,5,2026-05-14,43.18973007443441,36.75409530868082,55,82.3271074087632,7
406,8115,XD_8115_LA_SHREVEPORT.YZER,2026,5,2026-05-15,44.47253557927485,37.845751952659576,56,81.0203279260844,7
407,8115,XD_8115_LA_SHREVEPORT.YZER,2026,5,2026-05-18,45.03354845734886,38.323169170933305,57,82.3271074087632,7
408,8115,XD_8115_LA_SHREVEPORT.YZER,2026,5,2026-05-19,46.09138096074158,39.22337569186572,55,81.0203279260844,7
409,8115,XD_8115_LA_SHREVEPORT.YZER,2026,5,2026-05-20,46.533046234911566,39.59922910779125,55,79.71354844340563,7
410,8115,XD_8115_LA_SHREVEPORT.YZER,2026,5,2026-05-21,45.901543574393955,39.061825680348015,55,81.0203279260844,7
411,8115,XD_8115_LA_SHREVEPORT.YZER,2026,5,2026-05-22,44.905521136121195,38.21421900249264,56,81.0203279260844,7
412,8115,XD_8115_LA_SHREVEPORT.YZER,2026,5,2026-05-26,49.83923689168715,42.4127694169892,53,75.7932099953693,7
413,8115,XD_8115_LA_SHREVEPORT.YZER,2026,5,2026-05-27,47.679743151857735,40.575058493688665,57,83.63388689144197,7
414,8115,XD_8115_LA_SHREVEPORT.YZER,2026,5,2026-05-28,49.02370190258247,41.71875603312552,55,78.40676896072685,7
415,8115,XD_8115_LA_SHREVEPORT.YZER,2026,5,2026-05-29,48.72363530835406,41.46340189721832,55,79.71354844340563,7
416,8115,XD_8115_LA_SHREVEPORT.YZER,2026,6,2026-06-01,45.64934287717916,39.458697403011904,55,75.32893905456501,7
417,8115,XD_8115_LA_SHREVEPORT.YZER,2026,6,2026-06-02,46.21180036622743,39.944878330569324,56,77.79874033504257,7
418,8115,XD_8115_LA_SHREVEPORT.YZER,2026,6,2026-06-03,45.782634715948355,39.57391313232559,55,75.32893905456501,7
419,8115,XD_8115_LA_SHREVEPORT.YZER,2026,6,2026-06-04,47.064229809728886,40.681707238688325,54,74.09403841432625,7
420,8115,XD_8115_LA_SHREVEPORT.YZER,2026,6,2026-06-05,47.25689474609593,40.84824430023446,53,71.62423713384871,7
421,8115,XD_8115_LA_SHREVEPORT.YZER,2026,6,2026-06-08,42.80000747732343,36.995768995803594,65,87.67794545695273,8
422,8115,XD_8115_LA_SHREVEPORT.YZER,2026,6,2026-06-09,42.54567332255855,36.77592586511232,66,90.14774673743027,8
423,8115,XD_8115_LA_SHREVEPORT.YZER,2026,6,2026-06-10,83.01727034345049,71.75904718978659,69,91.38264737766903,9
424,8115,XD_8115_LA_SHREVEPORT.YZER,2026,6,2026-06-11,85.82108948799069,74.18263193874671,70,93.85244865814659,9
425,8115,XD_8115_LA_SHREVEPORT.YZER,2026,6,2026-06-12,47.53969361246933,41.092691956888935,81,107.43635570077305,10
426,8115,XD_8115_LA_SHREVEPORT.YZER,2026,6,2026-06-15,36.863945640222035,31.864714460671472,80,106.20145506053429,10
427,8115,XD_8115_LA_SHREVEPORT.YZER,2026,6,2026-06-22,46.90290821997573,40.54226295770997,80,106.20145506053429,10
428,8115,XD_8115_LA_SHREVEPORT.YZER,2026,6,2026-06-23,46.64911036145008,40.32288339450267,80,107.43635570077305,10
429,8115,XD_8115_LA_SHREVEPORT.YZER,2026,6,2026-06-24,45.61348302471039,39.427700613610384,82,108.67125634101183,10
430,8115,XD_8115_LA_SHREVEPORT.YZER,2026,6,2026-06-25,44.799622618478764,38.72421027894797,83,111.14105762148937,10
431,8115,XD_8115_LA_SHREVEPORT.YZER,2026,6,2026-06-26,46.17828489259066,39.91590799169479,80,107.43635570077305,10
432,8115,XD_8115_LA_SHREVEPORT.YZER,2026,6,2026-06-29,46.22451605068805,39.955869602596046,80,106.20145506053429,10
433,8115,XD_8115_LA_SHREVEPORT.YZER,2026,6,2026-06-30,45.55933093067228,39.3808922488517,83,109.9061569812506,10
434,8115,XD_8115_TX_AUSTIN.YZER,2026,5,2026-05-01,23.196285510078383,18.55152245483697,231,154.57879008063952,17
435,8115,XD_8115_TX_AUSTIN.YZER,2026,5,2026-05-04,32.94584575755051,26.348856462352117,227,151.91363852752505,17
436,8115,XD_8115_TX_AUSTIN.YZER,2026,5,2026-05-05,31.322134824482504,25.05027312572748,240,160.57538107514708,17
437,8115,XD_8115_TX_AUSTIN.YZER,2026,5,2026-05-06,33.50469517540681,26.79580334614216,232,155.91136585719676,17
438,8115,XD_8115_TX_AUSTIN.YZER,2026,5,2026-05-07,31.983713349031163,25.57937891072352,237,159.24280529858984,17
439,8115,XD_8115_TX_AUSTIN.YZER,2026,5,2026-05-08,33.564473911732286,26.84361214590806,231,154.57879008063952,17
440,8115,XD_8115_TX_AUSTIN.YZER,2026,5,2026-05-11,31.950069261533,25.55247162660583,230,153.9125021923609,17
441,8115,XD_8115_TX_AUSTIN.YZER,2026,5,2026-05-12,29.871673747033512,23.890248550393174,241,161.24166896342572,17
442,8115,XD_8115_TX_AUSTIN.YZER,2026,5,2026-05-13,31.465337266125715,25.164801087998736,229,153.9125021923609,17
443,8115,XD_8115_TX_AUSTIN.YZER,2026,5,2026-05-14,29.618753799670433,23.68797262648528,241,161.90795685170434,17
444,8115,XD_8115_TX_AUSTIN.YZER,2026,5,2026-05-15,31.462498766957893,25.16253096242078,234,156.57765374547537,17
445,8115,XD_8115_TX_AUSTIN.YZER,2026,5,2026-05-18,32.811753798116236,26.241614723351397,226,151.24735063924643,17
446,8115,XD_8115_TX_AUSTIN.YZER,2026,5,2026-05-19,30.90159170415312,24.71393845108192,238,159.90909318686846,17
447,8115,XD_8115_TX_AUSTIN.YZER,2026,5,2026-05-20,32.69476691263404,26.14805298339086,229,153.9125021923609,17
448,8115,XD_8115_TX_AUSTIN.YZER,2026,5,2026-05-21,30.30755837646843,24.238852790807734,241,162.57424473998293,17
449,8115,XD_8115_TX_AUSTIN.YZER,2026,5,2026-05-22,31.993771173571652,25.58742278299474,232,155.24507796891814,17
450,8115,XD_8115_TX_AUSTIN.YZER,2026,5,2026-05-26,33.94491492903207,27.14787465690843,232,155.91136585719676,17
451,8115,XD_8115_TX_AUSTIN.YZER,2026,5,2026-05-27,33.623374291540564,26.89071846895004,232,155.91136585719676,17
452,8115,XD_8115_TX_AUSTIN.YZER,2026,5,2026-05-28,33.080115222021,26.456240163248587,236,157.9102295220326,17
453,8115,XD_8115_TX_AUSTIN.YZER,2026,5,2026-05-29,33.50855357749142,26.798889151965742,234,156.57765374547537,17
454,8115,XD_8115_TX_AUSTIN.YZER,2026,6,2026-06-01,32.3700188179102,26.794695005468242,229,137.63351844669677,17
455,8115,XD_8115_TX_AUSTIN.YZER,2026,6,2026-06-02,30.353928539932788,25.12585062184974,243,146.60961747582917,17
456,8115,XD_8115_TX_AUSTIN.YZER,2026,6,2026-06-03,32.55851766484479,26.950727324785277,230,138.8303316505811,17
457,8115,XD_8115_TX_AUSTIN.YZER,2026,6,2026-06-04,30.24041439110885,25.03188784062146,240,144.81439767000268,17
458,8115,XD_8115_TX_AUSTIN.YZER,2026,6,2026-06-05,32.16898117016439,26.62828353421555,232,139.42873825252326,17
459,8115,XD_8115_TX_AUSTIN.YZER,2026,6,2026-06-08,31.878512223100923,26.38784416688287,227,136.43670524281245,17
460,8115,XD_8115_TX_AUSTIN.YZER,2026,6,2026-06-09,30.009257893709314,24.8405451082865,240,144.8143976700027,17
461,8115,XD_8115_TX_AUSTIN.YZER,2026,6,2026-06-10,31.591686244703084,26.15042031322224,232,140.0271448544654,17
462,8115,XD_8115_TX_AUSTIN.YZER,2026,6,2026-06-11,30.14779208778441,24.955218550367317,238,143.6175844661184,17
463,8115,XD_8115_TX_AUSTIN.YZER,2026,6,2026-06-12,31.686998211657297,26.2293160067736,229,137.63351844669677,17
464,8115,XD_8115_TX_AUSTIN.YZER,2026,6,2026-06-15,23.341225702149544,19.320996606799937,234,140.62555145640758,17
465,8115,XD_8115_TX_AUSTIN.YZER,2026,6,2026-06-22,31.32214102477842,25.927300827296367,233,140.0271448544654,17
466,8115,XD_8115_TX_AUSTIN.YZER,2026,6,2026-06-23,30.600231296003816,25.329730862545734,225,135.23989203892813,16
467,8115,XD_8115_TX_AUSTIN.YZER,2026,6,2026-06-24,31.099447099203932,25.742963096481162,232,140.0271448544654,17
468,8115,XD_8115_TX_AUSTIN.YZER,2026,6,2026-06-25,41.6821735601108,34.50294959637793,229,138.23192504863894,17
469,8115,XD_8115_TX_AUSTIN.YZER,2026,6,2026-06-26,31.15929994525174,25.792507051462522,232,140.0271448544654,17
470,8115,XD_8115_TX_AUSTIN.YZER,2026,6,2026-06-29,31.88050805796319,26.38949624458837,229,137.63351844669677,17
471,8115,XD_8115_TX_AUSTIN.YZER,2026,6,2026-06-30,30.983577910580713,25.647050901089656,239,143.61758446611836,17
472,8115,XD_8115_TX_CARROLLTON.DSOA,2026,5,2026-05-01,49.662940575226244,39.509066689462045,120,95.24785442991622,13
473,8115,XD_8115_TX_CARROLLTON.DSOA,2026,5,2026-05-04,49.695361892868235,39.53485928220909,116,92.072925948919,13
474,8115,XD_8115_TX_CARROLLTON.DSOA,2026,5,2026-05-05,49.67989217321578,39.522552435728855,121,96.04158655016552,13
475,8115,XD_8115_TX_CARROLLTON.DSOA,2026,5,2026-05-06,50.38797855534396,40.08586648377695,116,92.07292594891902,13
476,8115,XD_8115_TX_CARROLLTON.DSOA,2026,5,2026-05-07,50.47036267638485,40.151406697357864,113,89.69172958817111,13
477,8115,XD_8115_TX_CARROLLTON.DSOA,2026,5,2026-05-08,50.41432360640106,40.106825137596005,117,92.86665806916831,13
478,8115,XD_8115_TX_CARROLLTON.DSOA,2026,5,2026-05-11,50.39140681247706,40.088593814018196,116,92.07292594891902,13
479,8115,XD_8115_TX_CARROLLTON.DSOA,2026,5,2026-05-12,50.35090555994233,40.0563732755469,121,96.04158655016552,13
480,8115,XD_8115_TX_CARROLLTON.DSOA,2026,5,2026-05-13,50.41650322732471,40.108559122483584,115,91.27919382866972,13
481,8115,XD_8115_TX_CARROLLTON.DSOA,2026,5,2026-05-14,50.41978972357876,40.11117367567298,115,91.2791938286697,13
482,8115,XD_8115_TX_CARROLLTON.DSOA,2026,5,2026-05-15,50.42247556738532,40.11331038326302,117,92.86665806916831,13
483,8115,XD_8115_TX_CARROLLTON.DSOA,2026,5,2026-05-18,50.41426774539824,40.10678069769654,114,90.4854617084204,13
484,8115,XD_8115_TX_CARROLLTON.DSOA,2026,5,2026-05-19,50.42183566370895,40.11280131157431,117,92.86665806916831,13
485,8115,XD_8115_TX_CARROLLTON.DSOA,2026,5,2026-05-20,50.37600412329138,40.07634029324022,117,92.86665806916832,13
486,8115,XD_8115_TX_CARROLLTON.DSOA,2026,5,2026-05-21,50.4000538805432,40.095472939276114,115,91.2791938286697,13
487,8115,XD_8115_TX_CARROLLTON.DSOA,2026,5,2026-05-22,50.38362847808786,40.08240580483959,119,94.45412230966691,13
488,8115,XD_8115_TX_CARROLLTON.DSOA,2026,5,2026-05-26,50.40381870252309,40.09846802174514,119,94.45412230966691,13
489,8115,XD_8115_TX_CARROLLTON.DSOA,2026,5,2026-05-27,50.3757541954299,40.076141464567726,119,94.45412230966691,13
490,8115,XD_8115_TX_CARROLLTON.DSOA,2026,5,2026-05-28,50.411445454456285,40.10453544037285,121,96.04158655016552,13
491,8115,XD_8115_TX_CARROLLTON.DSOA,2026,5,2026-05-29,50.3983043748179,40.094081130060346,118,93.66039018941761,13
492,8115,XD_8115_TX_CARROLLTON.DSOA,2026,6,2026-06-01,50.373299246171584,40.495212524309395,120,94.43031020693677,13
493,8115,XD_8115_TX_CARROLLTON.DSOA,2026,6,2026-06-02,50.42645607511236,40.53794542283477,116,91.28263320003887,13
494,8115,XD_8115_TX_CARROLLTON.DSOA,2026,6,2026-06-03,50.109002102862355,40.282743435565145,119,93.6433909552123,13
495,8115,XD_8115_TX_CARROLLTON.DSOA,2026,6,2026-06-04,50.148497560681044,40.31449392604418,118,92.85647170348783,13
496,8115,XD_8115_TX_CARROLLTON.DSOA,2026,6,2026-06-05,50.17605789610396,40.336649743846344,116,91.28263320003887,13
497,8115,XD_8115_TX_CARROLLTON.DSOA,2026,6,2026-06-08,50.17497128818309,40.335776217209315,115,90.4957139483144,13
498,8115,XD_8115_TX_CARROLLTON.DSOA,2026,6,2026-06-09,50.148497560681044,40.31449392604418,119,93.6433909552123,13
499,8115,XD_8115_TX_CARROLLTON.DSOA,2026,6,2026-06-10,49.6983717745477,39.952636758756746,115,90.4957139483144,13
500,8115,XD_8115_TX_CARROLLTON.DSOA,2026,6,2026-06-11,49.64310998327689,39.90821167611427,119,93.6433909552123,13
501,8115,XD_8115_TX_CARROLLTON.DSOA,2026,6,2026-06-12,49.74323985985669,39.98870631698177,112,88.13495619314098,13
502,8115,XD_8115_TX_CARROLLTON.DSOA,2026,6,2026-06-15,49.69607232464102,39.95078822562404,114,89.70879469658993,13
503,8115,XD_8115_TX_CARROLLTON.DSOA,2026,6,2026-06-16,48.56753319855443,39.043552995119505,116,94.43031020693677,13
504,8115,XD_8115_TX_CARROLLTON.DSOA,2026,6,2026-06-17,49.41691268302582,39.72637113989431,119,93.6433909552123,13
505,8115,XD_8115_TX_CARROLLTON.DSOA,2026,6,2026-06-18,49.510030579402056,39.801228833553495,114,89.70879469658993,13
506,8115,XD_8115_TX_CARROLLTON.DSOA,2026,6,2026-06-19,49.2819271739418,39.61785597491879,115,90.4957139483144,13
507,8115,XD_8115_TX_CARROLLTON.DSOA,2026,6,2026-06-22,48.62990805752301,39.093696289442214,115,92.85647170348783,13
508,8115,XD_8115_TX_CARROLLTON.DSOA,2026,6,2026-06-23,47.780262888065685,38.41066455988874,117,95.21722945866125,13
509,8115,XD_8115_TX_CARROLLTON.DSOA,2026,6,2026-06-24,46.730467561769906,37.56673165333794,115,94.43031020693677,13
510,8115,XD_8115_TX_CARROLLTON.DSOA,2026,6,2026-06-25,48.114506333096344,38.6793636434097,118,94.43031020693677,13
511,8115,XD_8115_TX_CARROLLTON.DSOA,2026,6,2026-06-26,46.347769474421156,37.259079770063444,113,95.21722945866124,13
512,8115,XD_8115_TX_CARROLLTON.DSOA,2026,6,2026-06-29,48.36409791756026,38.8800108991662,117,94.43031020693677,13
513,8115,XD_8115_TX_CARROLLTON.DSOA,2026,6,2026-06-30,48.215238769949906,38.76034268388394,118,94.43031020693677,13
514,8115,XD_8115_TX_CORPUSCHRISTI.HDSD,2026,5,2026-05-01,24.17988132295154,25.50362834330216,55,45.41641326995312,7
515,8115,XD_8115_TX_CORPUSCHRISTI.HDSD,2026,5,2026-05-04,24.17988132295154,25.50362834330216,55,45.41641326995312,7
516,8115,XD_8115_TX_CORPUSCHRISTI.HDSD,2026,5,2026-05-05,24.17988132295154,25.50362834330216,56,46.24216623849772,7
517,8115,XD_8115_TX_CORPUSCHRISTI.HDSD,2026,5,2026-05-06,24.526646928181723,25.86937791005608,56,46.24216623849772,7
518,8115,XD_8115_TX_CORPUSCHRISTI.HDSD,2026,5,2026-05-07,24.526646928181723,25.869377910056084,55,45.41641326995312,7
519,8115,XD_8115_TX_CORPUSCHRISTI.HDSD,2026,5,2026-05-08,24.526646928181723,25.86937791005608,56,46.24216623849772,7
520,8115,XD_8115_TX_CORPUSCHRISTI.HDSD,2026,5,2026-05-11,24.526646928181723,25.86937791005608,53,43.76490733286391,7
521,8115,XD_8115_TX_CORPUSCHRISTI.HDSD,2026,5,2026-05-12,24.479742167487977,25.819905310571926,58,47.89367217558692,7
522,8115,XD_8115_TX_CORPUSCHRISTI.HDSD,2026,5,2026-05-13,24.5164683584183,25.8586421063172,55,45.41641326995312,7
523,8115,XD_8115_TX_CORPUSCHRISTI.HDSD,2026,5,2026-05-14,24.526646928181723,25.869377910056084,54,44.59066030140851,7
524,8115,XD_8115_TX_CORPUSCHRISTI.HDSD,2026,5,2026-05-15,24.489920737251403,25.830641114310815,55,45.41641326995312,7
525,8115,XD_8115_TX_CORPUSCHRISTI.HDSD,2026,5,2026-05-18,24.526646928181723,25.86937791005608,54,44.59066030140851,7
526,8115,XD_8115_TX_CORPUSCHRISTI.HDSD,2026,5,2026-05-19,24.573866316520707,25.919182361728577,54,44.59066030140851,7
527,8115,XD_8115_TX_CORPUSCHRISTI.HDSD,2026,5,2026-05-20,24.526646928181723,25.86937791005608,55,45.41641326995312,7
528,8115,XD_8115_TX_CORPUSCHRISTI.HDSD,2026,5,2026-05-21,24.479742167487977,25.819905310571926,57,47.06791920704232,7
529,8115,XD_8115_TX_CORPUSCHRISTI.HDSD,2026,5,2026-05-22,24.526646928181723,25.869377910056084,54,44.59066030140851,7
530,8115,XD_8115_TX_CORPUSCHRISTI.HDSD,2026,5,2026-05-26,24.526646928181723,25.869377910056084,54,44.59066030140851,7
531,8115,XD_8115_TX_CORPUSCHRISTI.HDSD,2026,5,2026-05-27,24.479742167487977,25.819905310571926,57,47.06791920704232,7
532,8115,XD_8115_TX_CORPUSCHRISTI.HDSD,2026,5,2026-05-28,24.5164683584183,25.8586421063172,55,45.41641326995312,7
533,8115,XD_8115_TX_CORPUSCHRISTI.HDSD,2026,5,2026-05-29,24.5164683584183,25.8586421063172,55,45.41641326995312,7
534,8115,XD_8115_TX_CORPUSCHRISTI.HDSD,2026,6,2026-06-01,24.526646928181723,26.449544049032486,54,43.47506299927656,7
535,8115,XD_8115_TX_CORPUSCHRISTI.HDSD,2026,6,2026-06-02,24.526646928181723,26.449544049032486,55,44.28015675852242,7
536,8115,XD_8115_TX_CORPUSCHRISTI.HDSD,2026,6,2026-06-03,23.2265272891981,25.047494606195787,54,43.47506299927656,7
537,8115,XD_8115_TX_CORPUSCHRISTI.HDSD,2026,6,2026-06-04,24.37140829222543,26.282134653371482,56,45.08525051776829,7
538,8115,XD_8115_TX_CORPUSCHRISTI.HDSD,2026,6,2026-06-05,24.407955911424427,26.321547617839137,54,43.47506299927656,7
539,8115,XD_8115_TX_CORPUSCHRISTI.HDSD,2026,6,2026-06-08,24.407955911424427,26.321547617839137,53,42.669969240030696,7
540,8115,XD_8115_TX_CORPUSCHRISTI.HDSD,2026,6,2026-06-09,24.407955911424427,26.321547617839137,55,44.28015675852242,7
541,8115,XD_8115_TX_CORPUSCHRISTI.HDSD,2026,6,2026-06-10,24.1698416414715,26.064765111438454,57,45.89034427701415,7
542,8115,XD_8115_TX_CORPUSCHRISTI.HDSD,2026,6,2026-06-11,24.133651165735156,26.02573729059744,56,45.08525051776829,7
543,8115,XD_8115_TX_CORPUSCHRISTI.HDSD,2026,6,2026-06-12,24.1698416414715,26.06476511143845,56,45.08525051776829,7
544,8115,XD_8115_TX_CORPUSCHRISTI.HDSD,2026,6,2026-06-15,24.1698416414715,26.064765111438454,56,45.08525051776829,7
545,8115,XD_8115_TX_CORPUSCHRISTI.HDSD,2026,6,2026-06-16,27.005714200034976,29.122971003780858,55,44.28015675852242,7
546,8115,XD_8115_TX_CORPUSCHRISTI.HDSD,2026,6,2026-06-17,24.107516875342718,25.99755406331207,54,43.47506299927656,7
547,8115,XD_8115_TX_CORPUSCHRISTI.HDSD,2026,6,2026-06-18,24.097536715250165,25.98679145541229,54,43.47506299927656,7
548,8115,XD_8115_TX_CORPUSCHRISTI.HDSD,2026,6,2026-06-19,24.050571291787286,25.93614392742771,53,42.669969240030696,7
549,8115,XD_8115_TX_CORPUSCHRISTI.HDSD,2026,6,2026-06-22,24.06119034025404,25.94759551275867,54,43.47506299927656,7
550,8115,XD_8115_TX_CORPUSCHRISTI.HDSD,2026,6,2026-06-23,23.932737422367886,25.809071844203185,56,45.08525051776829,7
551,8115,XD_8115_TX_CORPUSCHRISTI.HDSD,2026,6,2026-06-24,23.932737422367886,25.809071844203185,55,44.28015675852242,7
552,8115,XD_8115_TX_CORPUSCHRISTI.HDSD,2026,6,2026-06-25,22.773834290688267,24.55931032891423,54,43.47506299927656,7
553,8115,XD_8115_TX_CORPUSCHRISTI.HDSD,2026,6,2026-06-26,23.932737422367886,25.809071844203185,56,45.08525051776829,7
554,8115,XD_8115_TX_CORPUSCHRISTI.HDSD,2026,6,2026-06-29,23.932737422367886,25.809071844203192,56,45.08525051776829,7
555,8115,XD_8115_TX_CORPUSCHRISTI.HDSD,2026,6,2026-06-30,23.788313956487745,25.653325531480704,56,45.08525051776829,7
556,8115,XD_8115_TX_HARLINGEN.HDSD,2026,5,2026-05-01,22.577778597757348,20.40188398383982,127,73.37453009891483,12
557,8115,XD_8115_TX_HARLINGEN.HDSD,2026,5,2026-05-04,20.828161806122868,18.82088350389666,127,73.37453009891483,12
558,8115,XD_8115_TX_HARLINGEN.HDSD,2026,5,2026-05-05,20.793270015078644,18.789354349255053,132,76.26329112643117,12
559,8115,XD_8115_TX_HARLINGEN.HDSD,2026,5,2026-05-06,22.94274191225912,20.731674586072153,128,73.9522823044181,12
560,8115,XD_8115_TX_HARLINGEN.HDSD,2026,5,2026-05-07,21.07464262972573,19.04361016168603,131,75.6855389209279,12
561,8115,XD_8115_TX_HARLINGEN.HDSD,2026,5,2026-05-08,22.865649612052238,20.662011923819616,132,76.26329112643117,12
562,8115,XD_8115_TX_HARLINGEN.HDSD,2026,5,2026-05-11,21.160255644889357,19.12097236963365,127,73.37453009891483,12
563,8115,XD_8115_TX_HARLINGEN.HDSD,2026,5,2026-05-12,22.864877664586803,20.661314371464623,129,74.53003450992136,12
564,8115,XD_8115_TX_HARLINGEN.HDSD,2026,5,2026-05-13,22.900100125702608,20.693142328417895,130,75.10778671542464,12
565,8115,XD_8115_TX_HARLINGEN.HDSD,2026,5,2026-05-14,21.101923258454033,19.068261666700625,133,76.84104333193443,12
566,8115,XD_8115_TX_HARLINGEN.HDSD,2026,5,2026-05-15,21.150539644676552,19.11219273224504,130,75.10778671542464,12
567,8115,XD_8115_TX_HARLINGEN.HDSD,2026,5,2026-05-18,23.093228503122543,20.86765829034251,124,71.64127348240504,12
568,8115,XD_8115_TX_HARLINGEN.HDSD,2026,5,2026-05-19,22.948554292822894,20.73692680844729,128,73.9522823044181,12
569,8115,XD_8115_TX_HARLINGEN.HDSD,2026,5,2026-05-20,21.11025274563228,19.075788413865748,130,75.10778671542464,12
570,8115,XD_8115_TX_HARLINGEN.HDSD,2026,5,2026-05-21,21.15305109926142,19.11446214971006,129,74.53003450992136,12
571,8115,XD_8115_TX_HARLINGEN.HDSD,2026,5,2026-05-22,22.907299198981956,20.699647603381084,128,73.9522823044181,12
572,8115,XD_8115_TX_HARLINGEN.HDSD,2026,5,2026-05-26,22.9014519780313,20.69436389830148,132,76.26329112643117,12
573,8115,XD_8115_TX_HARLINGEN.HDSD,2026,5,2026-05-27,22.90519355825911,20.697744890164493,127,73.37453009891483,12
574,8115,XD_8115_TX_HARLINGEN.HDSD,2026,5,2026-05-28,21.19781908527059,19.154915697998465,130,75.10778671542464,12
575,8115,XD_8115_TX_HARLINGEN.HDSD,2026,5,2026-05-29,22.863358905898323,20.659941980534857,132,76.26329112643117,12
576,8115,XD_8115_TX_HARLINGEN.HDSD,2026,6,2026-06-01,23.02937654004666,21.368770647243284,126,71.44213184212029,12
577,8115,XD_8115_TX_HARLINGEN.HDSD,2026,6,2026-06-02,22.890715384359837,21.240108091902247,132,74.8441381203165,12
578,8115,XD_8115_TX_HARLINGEN.HDSD,2026,6,2026-06-03,22.28882424112228,20.681618209551992,129,73.1431349812184,13
579,8115,XD_8115_TX_HARLINGEN.HDSD,2026,6,2026-06-04,20.636528647542725,19.14846660558848,130,73.71013602758444,13
580,8115,XD_8115_TX_HARLINGEN.HDSD,2026,6,2026-06-05,22.276839201615058,20.670497389151897,132,74.8441381203165,13
581,8115,XD_8115_TX_HARLINGEN.HDSD,2026,6,2026-06-08,20.744822980571843,19.248952033879224,123,69.7411287030222,13
582,8115,XD_8115_TX_HARLINGEN.HDSD,2026,6,2026-06-09,22.317316573857703,20.708056012693095,128,72.57613393485236,13
583,8115,XD_8115_TX_HARLINGEN.HDSD,2026,6,2026-06-10,22.11770421046106,20.522837328880293,127,72.00913288848633,13
584,8115,XD_8115_TX_HARLINGEN.HDSD,2026,6,2026-06-11,20.440162252392287,18.966259829234858,128,72.57613393485236,13
585,8115,XD_8115_TX_HARLINGEN.HDSD,2026,6,2026-06-12,22.104992884072246,20.51104259280689,128,72.57613393485236,13
586,8115,XD_8115_TX_HARLINGEN.HDSD,2026,6,2026-06-15,22.109426644348453,20.51515664280223,127,72.00913288848633,13
587,8115,XD_8115_TX_HARLINGEN.HDSD,2026,6,2026-06-16,21.413950331786165,19.869829845183933,125,72.57613393485236,13
588,8115,XD_8115_TX_HARLINGEN.HDSD,2026,6,2026-06-17,20.42127203491917,18.94873175052384,127,72.00913288848633,13
589,8115,XD_8115_TX_HARLINGEN.HDSD,2026,6,2026-06-18,22.242099978630304,20.6382631475026,113,64.07111823936185,13
590,8115,XD_8115_TX_HARLINGEN.HDSD,2026,6,2026-06-19,20.320782016104076,18.855487881734653,118,66.90612347119202,13
591,8115,XD_8115_TX_HARLINGEN.HDSD,2026,6,2026-06-22,22.105915770481474,20.511898931578283,124,70.30812974938823,13
592,8115,XD_8115_TX_HARLINGEN.HDSD,2026,6,2026-06-23,22.059276706670566,20.468622924690106,125,70.87513079575426,13
593,8115,XD_8115_TX_HARLINGEN.HDSD,2026,6,2026-06-24,20.375666201012766,18.90641446923628,129,73.1431349812184,13
594,8115,XD_8115_TX_HARLINGEN.HDSD,2026,6,2026-06-25,21.997710303430818,20.411495961304094,127,72.00913288848633,13
595,8115,XD_8115_TX_HARLINGEN.HDSD,2026,6,2026-06-26,20.398924243025274,18.927995416710264,131,74.27713707395047,13
596,8115,XD_8115_TX_HARLINGEN.HDSD,2026,6,2026-06-29,21.87191232123297,20.294769039722123,124,70.30812974938823,13
597,8115,XD_8115_TX_HARLINGEN.HDSD,2026,6,2026-06-30,21.75083277858341,20.182420319709994,128,72.57613393485236,13
598,8115,XD_8115_TX_HOUSTON.YZER,2026,5,2026-05-01,25.253038059080477,16.352757254915495,544,523.1965477408315,39
599,8115,XD_8115_TX_HOUSTON.YZER,2026,5,2026-05-04,28.818315453510866,18.661474156270398,557,535.6764653933651,39
600,8115,XD_8115_TX_HOUSTON.YZER,2026,5,2026-05-05,28.952826003443224,18.748577274957462,578,556.7963260361142,39
601,8115,XD_8115_TX_HOUSTON.YZER,2026,5,2026-05-06,28.463318968531595,18.43159403920754,576,554.8763387049553,39
602,8115,XD_8115_TX_HOUSTON.YZER,2026,5,2026-05-07,28.611241391835968,18.52738209746794,575,553.9163450393758,39
603,8115,XD_8115_TX_HOUSTON.YZER,2026,5,2026-05-08,29.61333880682025,19.176296328487513,565,543.3564147180011,39
604,8115,XD_8115_TX_HOUSTON.YZER,2026,5,2026-05-11,29.439619500308318,19.063803342762952,566,544.3164083835807,39
605,8115,XD_8115_TX_HOUSTON.YZER,2026,5,2026-05-12,27.98577433907055,18.12235713132758,585,563.5162816951708,39
606,8115,XD_8115_TX_HOUSTON.YZER,2026,5,2026-05-13,30.69015320506269,19.873593993103544,569,548.1563830458987,39
607,8115,XD_8115_TX_HOUSTON.YZER,2026,5,2026-05-14,28.194200635687455,18.25732483803056,580,557.7563197016938,39
608,8115,XD_8115_TX_HOUSTON.YZER,2026,5,2026-05-15,28.500713244048193,18.455808928078167,565,544.3164083835807,39
609,8115,XD_8115_TX_HOUSTON.YZER,2026,5,2026-05-18,29.07738813601258,18.829238235919696,568,547.1963893803193,39
610,8115,XD_8115_TX_HOUSTON.YZER,2026,5,2026-05-19,28.56242702138673,18.495772057177323,585,563.5162816951708,39
611,8115,XD_8115_TX_HOUSTON.YZER,2026,5,2026-05-20,28.69257466753052,18.58004995117601,579,556.7963260361142,39
612,8115,XD_8115_TX_HOUSTON.YZER,2026,5,2026-05-21,28.77484552431507,18.63332494117936,573,552.9563513737962,39
613,8115,XD_8115_TX_HOUSTON.YZER,2026,5,2026-05-22,29.58169887693755,19.155807700872735,572,551.9963577082167,39
614,8115,XD_8115_TX_HOUSTON.YZER,2026,5,2026-05-26,31.219483353420117,20.216364926388728,553,531.8364907310471,39
615,8115,XD_8115_TX_HOUSTON.YZER,2026,5,2026-05-27,31.28599692365425,20.259436190355146,573,551.9963577082167,39
616,8115,XD_8115_TX_HOUSTON.YZER,2026,5,2026-05-28,30.654465386704906,19.85048413086847,571,550.0763703770577,39
617,8115,XD_8115_TX_HOUSTON.YZER,2026,5,2026-05-29,30.866458500603176,19.98776155163589,560,538.5564463901036,39
618,8115,XD_8115_TX_HOUSTON.YZER,2026,6,2026-06-01,29.253721904829074,20.20404339447131,561,441.475946738345,39
619,8115,XD_8115_TX_HOUSTON.YZER,2026,6,2026-06-02,28.600740949619528,19.753062982551853,579,454.80648154216715,39
620,8115,XD_8115_TX_HOUSTON.YZER,2026,6,2026-06-03,28.773670474167037,19.872496524359274,573,451.6698851177384,39
621,8115,XD_8115_TX_HOUSTON.YZER,2026,6,2026-06-04,29.2479129669547,20.20003145939954,581,456.3747797543815,39
622,8115,XD_8115_TX_HOUSTON.YZER,2026,6,2026-06-05,29.621057768327308,20.457743410852427,568,446.9649904810953,39
623,8115,XD_8115_TX_HOUSTON.YZER,2026,6,2026-06-08,29.306916408700474,20.240782106490983,564,443.04424495055935,39
624,8115,XD_8115_TX_HOUSTON.YZER,2026,6,2026-06-09,28.142139868501136,19.436330767286695,580,456.3747797543815,39
625,8115,XD_8115_TX_HOUSTON.YZER,2026,6,2026-06-10,27.955448226050038,19.307392437396963,583,458.72722707270304,39
626,8115,XD_8115_TX_HOUSTON.YZER,2026,6,2026-06-11,28.312260644475284,19.553824450697807,575,451.6698851177384,39
627,8115,XD_8115_TX_HOUSTON.YZER,2026,6,2026-06-12,29.248031416348834,20.2001132663131,563,443.04424495055935,39
628,8115,XD_8115_TX_HOUSTON.YZER,2026,6,2026-06-15,20.75730490458715,14.336004505988049,559,439.90764852613063,39
629,8115,XD_8115_TX_HOUSTON.YZER,2026,6,2026-06-22,39.26147135642608,27.115881992611683,548,430.4978592528444,39
630,8115,XD_8115_TX_HOUSTON.YZER,2026,6,2026-06-23,27.74444469010045,19.16166313120538,563,443.04424495055935,38
631,8115,XD_8115_TX_HOUSTON.YZER,2026,6,2026-06-24,27.96188989557262,19.311841367724213,574,450.8857360116312,39
632,8115,XD_8115_TX_HOUSTON.YZER,2026,6,2026-06-25,28.88887039379578,19.952059192753772,571,449.31743779941684,39
633,8115,XD_8115_TX_HOUSTON.YZER,2026,6,2026-06-26,28.373338274541485,19.596007633142204,564,443.04424495055935,39
634,8115,XD_8115_TX_HOUSTON.YZER,2026,6,2026-06-29,29.281730951123745,20.22338780434217,564,443.8283940566665,39
635,8115,XD_8115_TX_HOUSTON.YZER,2026,6,2026-06-30,28.04046472220716,19.366108965269643,575,451.6698851177384,39
636,8115,XD_8115_TX_SANANTONIOYZER.YZER,2026,5,2026-05-01,33.71712042035701,18.585322536507935,288,390.9565769649344,27
637,8115,XD_8115_TX_SANANTONIOYZER.YZER,2026,5,2026-05-04,42.01398721811446,23.158665205049292,307,416.57097338677494,27
638,8115,XD_8115_TX_SANANTONIOYZER.YZER,2026,5,2026-05-05,39.61212070986296,21.834724631567266,324,439.4891175536849,27
639,8115,XD_8115_TX_SANANTONIOYZER.YZER,2026,5,2026-05-06,43.469802241840085,23.961129692885542,298,404.43783823958734,27
640,8115,XD_8115_TX_SANANTONIOYZER.YZER,2026,5,2026-05-07,40.80035933193318,22.48969746928853,308,419.2672256417055,27
641,8115,XD_8115_TX_SANANTONIOYZER.YZER,2026,5,2026-05-08,41.33960765449487,22.786938273874824,312,424.6597301515667,27
642,8115,XD_8115_TX_SANANTONIOYZER.YZER,2026,5,2026-05-11,41.23193008168767,22.727584972180587,300,407.1340904945179,27
643,8115,XD_8115_TX_SANANTONIOYZER.YZER,2026,5,2026-05-12,38.90482971683991,21.444856485396517,322,438.1409914262196,27
644,8115,XD_8115_TX_SANANTONIOYZER.YZER,2026,5,2026-05-13,43.62373041164187,24.04597693510416,297,403.0897121121221,27
645,8115,XD_8115_TX_SANANTONIOYZER.YZER,2026,5,2026-05-14,40.31626428179436,22.222857877621475,295,401.74158598465675,26
646,8115,XD_8115_TX_SANANTONIOYZER.YZER,2026,5,2026-05-15,40.282668667880664,22.204339531077828,310,420.61535176917084,27
647,8115,XD_8115_TX_SANANTONIOYZER.YZER,2026,5,2026-05-18,42.80466432707053,23.594496880737417,300,407.1340904945179,27
648,8115,XD_8115_TX_SANANTONIOYZER.YZER,2026,5,2026-05-19,39.9622787880055,22.02773639354186,318,432.74848691635844,27
649,8115,XD_8115_TX_SANANTONIOYZER.YZER,2026,5,2026-05-20,41.6753736358694,22.972016921838637,308,417.91909951424026,27
650,8115,XD_8115_TX_SANANTONIOYZER.YZER,2026,5,2026-05-21,40.04515493683079,22.07341882244738,312,424.6597301515667,27
651,8115,XD_8115_TX_SANANTONIOYZER.YZER,2026,5,2026-05-22,41.57479777891791,22.91657817981307,312,423.3116040241014,27
652,8115,XD_8115_TX_SANANTONIOYZER.YZER,2026,5,2026-05-26,42.95902844112098,23.679584421189347,313,424.6597301515667,27
653,8115,XD_8115_TX_SANANTONIOYZER.YZER,2026,5,2026-05-27,43.876792409564075,24.18546805399217,303,411.1784688769138,27
654,8115,XD_8115_TX_SANANTONIOYZER.YZER,2026,5,2026-05-28,42.56474752094482,23.46225156535505,311,421.9634778966361,27
655,8115,XD_8115_TX_SANANTONIOYZER.YZER,2026,5,2026-05-29,42.851079803908185,23.62008170521112,317,430.05223466142786,27
656,8115,XD_8115_TX_SANANTONIOYZER.YZER,2026,6,2026-06-01,42.330124715096915,25.542104918615433,304,321.0331406605663,27
657,8115,XD_8115_TX_SANANTONIOYZER.YZER,2026,6,2026-06-02,39.67055941489719,23.937316451942596,321,341.03192647220817,27
658,8115,XD_8115_TX_SANANTONIOYZER.YZER,2026,6,2026-06-03,39.60969902275268,23.900593136525842,315,333.6639527521296,27
659,8115,XD_8115_TX_SANANTONIOYZER.YZER,2026,6,2026-06-04,40.800083686993126,24.618874270639683,311,328.4011143806449,27
660,8115,XD_8115_TX_SANANTONIOYZER.YZER,2026,6,2026-06-05,40.044074071042935,24.162696145485352,317,335.7690881007235,27
661,8115,XD_8115_TX_SANANTONIOYZER.YZER,2026,6,2026-06-08,41.67547873998523,25.14708987215873,299,316.82286996337854,27
662,8115,XD_8115_TX_SANANTONIOYZER.YZER,2026,6,2026-06-09,40.04625937674014,24.16401476450131,316,334.71652042642654,27
663,8115,XD_8115_TX_SANANTONIOYZER.YZER,2026,6,2026-06-10,39.529152934092174,23.851991421761294,309,328.4011143806449,27
664,8115,XD_8115_TX_SANANTONIOYZER.YZER,2026,6,2026-06-11,38.952485726768906,23.50402896212501,316,334.71652042642654,27
665,8115,XD_8115_TX_SANANTONIOYZER.YZER,2026,6,2026-06-12,40.3732225945825,24.361305201769483,311,329.45368205494185,27
666,8115,XD_8115_TX_SANANTONIOYZER.YZER,2026,6,2026-06-15,28.19855881577425,17.01508211170894,306,324.1908436834571,27
667,8115,XD_8115_TX_SANANTONIOYZER.YZER,2026,6,2026-06-22,41.20929487306359,24.865793341132175,299,316.82286996337854,27
668,8115,XD_8115_TX_SANANTONIOYZER.YZER,2026,6,2026-06-23,38.840333444557636,23.436355989782438,307,326.29597903205104,26
669,8115,XD_8115_TX_SANANTONIOYZER.YZER,2026,6,2026-06-24,42.857609777409124,25.86039074685859,303,321.0331406605663,27
670,8115,XD_8115_TX_SANANTONIOYZER.YZER,2026,6,2026-06-25,39.379999006550456,23.761991562513646,308,327.3485467063479,27
671,8115,XD_8115_TX_SANANTONIOYZER.YZER,2026,6,2026-06-26,42.76795947552505,25.806295526678632,305,323.1382760091602,27
672,8115,XD_8115_TX_SANANTONIOYZER.YZER,2026,6,2026-06-29,45.147956650320324,27.24239187540846,287,304.1920578718153,27
673,8115,XD_8115_TX_SANANTONIOYZER.YZER,2026,6,2026-06-30,38.46176531955491,23.20792702027802,324,342.0844941465051,27
674,8115,XD_8115_TX_TYLER.YZER,2026,5,2026-05-01,29.84037606325099,21.370182646592497,102,141.5744526626931,12
675,8115,XD_8115_TX_TYLER.YZER,2026,5,2026-05-04,47.68454815988965,34.14928489631303,97,134.70190641693128,12
676,8115,XD_8115_TX_TYLER.YZER,2026,5,2026-05-05,44.421115995507996,31.81217824391106,101,142.94896191184546,12
677,8115,XD_8115_TX_TYLER.YZER,2026,5,2026-05-06,44.88263120136323,32.142692317272626,102,142.94896191184546,12
678,8115,XD_8115_TX_TYLER.YZER,2026,5,2026-05-07,45.703033624614314,32.73022343924712,102,141.5744526626931,12
679,8115,XD_8115_TX_TYLER.YZER,2026,5,2026-05-08,44.97338289761507,32.20768413641991,101,142.94896191184546,12
680,8115,XD_8115_TX_TYLER.YZER,2026,5,2026-05-11,43.93729535574636,31.465690136054047,104,144.3234711609978,12
681,8115,XD_8115_TX_TYLER.YZER,2026,5,2026-05-12,43.775396970466325,31.34974662192778,102,144.3234711609978,12
682,8115,XD_8115_TX_TYLER.YZER,2026,5,2026-05-13,44.51976555250423,31.882826115323486,102,142.94896191184546,12
683,8115,XD_8115_TX_TYLER.YZER,2026,5,2026-05-14,43.033416230369504,30.818377181324433,102,144.3234711609978,12
684,8115,XD_8115_TX_TYLER.YZER,2026,5,2026-05-15,44.47292974546817,31.849284656307024,102,141.5744526626931,12
685,8115,XD_8115_TX_TYLER.YZER,2026,5,2026-05-18,44.62093470543633,31.955278395139842,103,144.3234711609978,12
686,8115,XD_8115_TX_TYLER.YZER,2026,5,2026-05-19,43.79741756656855,31.36551666985525,103,145.69798041015017,12
687,8115,XD_8115_TX_TYLER.YZER,2026,5,2026-05-20,45.54785698945974,32.61909370587151,101,140.19994341354072,12
688,8115,XD_8115_TX_TYLER.YZER,2026,5,2026-05-21,44.45769861368128,31.838376882641228,103,144.3234711609978,12
689,8115,XD_8115_TX_TYLER.YZER,2026,5,2026-05-22,44.662030971835655,31.984709482643066,101,142.94896191184546,12
690,8115,XD_8115_TX_TYLER.YZER,2026,5,2026-05-26,48.287984430696035,34.58143572763557,103,142.94896191184546,12
691,8115,XD_8115_TX_TYLER.YZER,2026,5,2026-05-27,46.713208578649464,33.45366014215549,105,148.4469989084549,12
692,8115,XD_8115_TX_TYLER.YZER,2026,5,2026-05-28,48.43700551600093,34.68815716453733,100,140.19994341354072,12
693,8115,XD_8115_TX_TYLER.YZER,2026,5,2026-05-29,47.84013664626676,34.26070957690479,101,141.5744526626931,12
694,8115,XD_8115_TX_TYLER.YZER,2026,6,2026-06-01,45.65191115381496,34.314361363308905,102,117.36584090687622,12
695,8115,XD_8115_TX_TYLER.YZER,2026,6,2026-06-02,45.521034838661315,34.21598788761916,100,116.23732320584855,12
696,8115,XD_8115_TX_TYLER.YZER,2026,6,2026-06-03,45.116043334530026,33.91157511561038,105,119.62287630893152,12
697,8115,XD_8115_TX_TYLER.YZER,2026,6,2026-06-04,45.51834446643492,34.21396566330379,100,116.23732320584855,12
698,8115,XD_8115_TX_TYLER.YZER,2026,6,2026-06-05,46.94769927105904,35.288343406592524,97,111.72325240173794,12
699,8115,XD_8115_TX_TYLER.YZER,2026,6,2026-06-08,43.79284301656188,32.916988630198595,110,124.13694711304215,12
700,8115,XD_8115_TX_TYLER.YZER,2026,6,2026-06-09,45.43036440646304,34.1478352539882,102,116.23732320584855,12
701,8115,XD_8115_TX_TYLER.YZER,2026,6,2026-06-10,44.60153000536648,33.52484001828507,106,119.62287630893152,12
702,8115,XD_8115_TX_TYLER.YZER,2026,6,2026-06-11,45.74472344383361,34.38412392917226,103,116.23732320584855,12
703,8115,XD_8115_TX_TYLER.YZER,2026,6,2026-06-12,45.06188775743757,33.87086895468038,104,117.36584090687622,12
704,8115,XD_8115_TX_TYLER.YZER,2026,6,2026-06-15,30.713589504144693,23.085938405921056,105,118.49435860790388,12
705,8115,XD_8115_TX_TYLER.YZER,2026,6,2026-06-22,45.55386911104384,34.24066784206485,104,117.36584090687622,12
706,8115,XD_8115_TX_TYLER.YZER,2026,6,2026-06-23,45.32714571990223,34.070250696834385,103,116.23732320584855,12
707,8115,XD_8115_TX_TYLER.YZER,2026,6,2026-06-24,45.59511729913603,34.271672135116425,103,116.23732320584855,12
708,8115,XD_8115_TX_TYLER.YZER,2026,6,2026-06-25,45.83579783830251,34.452580201949566,103,116.23732320584855,12
709,8115,XD_8115_TX_TYLER.YZER,2026,6,2026-06-26,45.910374873146814,34.50863619738049,101,113.98028780379325,12
710,8115,XD_8115_TX_TYLER.YZER,2026,6,2026-06-29,47.11331370991332,35.41282787083937,102,115.10880550482091,12
711,8115,XD_8115_TX_TYLER.YZER,2026,6,2026-06-30,47.08718565952799,35.393188663192184,101,113.98028780379325,12
712,8120,XD_8120_MD_HANOVER.YZER,2026,5,2026-05-01,36.45077824395438,26.423777251034135,407,306.50975105313836,42
713,8120,XD_8120_MD_HANOVER.YZER,2026,5,2026-05-04,36.90998847353762,26.756666407383385,401,299.7285618705468,42
714,8120,XD_8120_MD_HANOVER.YZER,2026,5,2026-05-05,36.202790026816004,26.24400645528624,405,305.15351321662007,42
715,8120,XD_8120_MD_HANOVER.YZER,2026,5,2026-05-06,35.628293518808015,25.827544352405962,414,309.222226726175,42
716,8120,XD_8120_MD_HANOVER.YZER,2026,5,2026-05-07,36.54176203513654,26.48973291912884,407,305.15351321662007,42
717,8120,XD_8120_MD_HANOVER.YZER,2026,5,2026-05-08,36.4000656834823,26.387014869919103,409,309.222226726175,42
718,8120,XD_8120_MD_HANOVER.YZER,2026,5,2026-05-11,36.062069303265496,26.14199565516513,414,311.2565834809525,42
719,8120,XD_8120_MD_HANOVER.YZER,2026,5,2026-05-12,36.088383281412064,26.161071096915098,412,310.57846456269334,42
720,8120,XD_8120_MD_HANOVER.YZER,2026,5,2026-05-13,36.483445479285116,26.447458274907188,411,307.8659888896567,42
721,8120,XD_8120_MD_HANOVER.YZER,2026,5,2026-05-14,37.102722721841765,26.896382679330994,398,301.08479970706514,42
722,8120,XD_8120_MD_HANOVER.YZER,2026,5,2026-05-15,37.43507727918408,27.13731204256169,405,303.7972753801017,42
723,8120,XD_8120_MD_HANOVER.YZER,2026,5,2026-05-18,37.213781195126515,26.976890819384295,402,305.8316321348792,42
724,8120,XD_8120_MD_HANOVER.YZER,2026,5,2026-05-19,37.208476470754434,26.973045336189184,405,305.8316321348792,42
725,8120,XD_8120_MD_HANOVER.YZER,2026,5,2026-05-20,36.61089015072546,26.53984504337157,406,311.2565834809525,42
726,8120,XD_8120_MD_HANOVER.YZER,2026,5,2026-05-21,36.994921508022195,26.818235781004297,400,303.7972753801018,42
727,8120,XD_8120_MD_HANOVER.YZER,2026,5,2026-05-22,37.09703698627003,26.892260994760903,404,308.54410780791585,42
728,8120,XD_8120_MD_HANOVER.YZER,2026,5,2026-05-26,36.90331198871364,26.751826512151847,409,307.18786997139756,42
729,8120,XD_8120_MD_HANOVER.YZER,2026,5,2026-05-27,36.09096659813707,26.16294378630608,410,310.5784645626933,42
730,8120,XD_8120_MD_HANOVER.YZER,2026,5,2026-05-28,36.64355997388645,26.563527943205948,405,308.54410780791585,42
731,8120,XD_8120_MD_HANOVER.YZER,2026,5,2026-05-29,37.185852305152224,26.95664470110912,404,305.8316321348792,42
732,8120,XD_8120_MD_HANOVER.YZER,2026,6,2026-06-01,35.526684073519455,26.05452446391041,412,300.6058295042532,42
733,8120,XD_8120_MD_HANOVER.YZER,2026,6,2026-06-02,36.124477677834996,26.492933746796954,408,301.26074416548255,42
734,8120,XD_8120_MD_HANOVER.YZER,2026,6,2026-06-03,36.228414848393385,26.569159086246568,407,296.6763415368774,42
735,8120,XD_8120_MD_HANOVER.YZER,2026,6,2026-06-04,36.721579880471054,26.930835970202928,404,297.3312561981067,42
736,8120,XD_8120_MD_HANOVER.YZER,2026,6,2026-06-05,35.85457936345859,26.294995987670994,410,300.6058295042532,42
737,8120,XD_8120_MD_HANOVER.YZER,2026,6,2026-06-08,51.5727496879803,37.82237221002474,399,292.7468535695015,42
738,8120,XD_8120_MD_HANOVER.YZER,2026,6,2026-06-09,52.03084945272258,38.1583329628687,399,290.7821095858136,42
739,8120,XD_8120_MD_HANOVER.YZER,2026,6,2026-06-10,51.86261095334663,38.03495037842341,411,301.9156588267118,42
740,8120,XD_8120_MD_HANOVER.YZER,2026,6,2026-06-11,50.70978671073943,37.18949327442122,408,298.6410855205653,42
741,8120,XD_8120_MD_HANOVER.YZER,2026,6,2026-06-12,51.663809838107326,37.88915381295346,405,300.6058295042532,42
742,8120,XD_8120_MD_HANOVER.YZER,2026,6,2026-06-15,36.18804785985594,26.539554784077332,406,295.3665122144187,42
743,8120,XD_8120_MD_HANOVER.YZER,2026,6,2026-06-22,52.66145704836416,38.620807338292266,388,283.5780483122912,42
744,8120,XD_8120_MD_HANOVER.YZER,2026,6,2026-06-23,50.606487884444405,37.11373608325677,404,297.98617085933597,42
745,8120,XD_8120_MD_HANOVER.YZER,2026,6,2026-06-24,50.820799654606,37.27090783750841,405,297.3312561981067,42
746,8120,XD_8120_MD_HANOVER.YZER,2026,6,2026-06-25,50.82348564644746,37.27287768755122,406,296.6763415368774,42
747,8120,XD_8120_MD_HANOVER.YZER,2026,6,2026-06-26,50.55942325476847,37.07921987164695,409,299.2960001817946,42
748,8120,XD_8120_MD_HANOVER.YZER,2026,6,2026-06-29,50.721931971784464,37.198400353966385,399,294.0566828919601,42
749,8120,XD_8120_MD_HANOVER.YZER,2026,6,2026-06-30,50.049027369909545,36.70490624190271,412,301.9156588267118,42
750,8120,XD_8120_MD_SAVAGE.PXCR,2026,5,2026-05-01,44.14948834939437,24.381301698584323,84,171.21583886898722,22
751,8120,XD_8120_MD_SAVAGE.PXCR,2026,5,2026-05-04,44.70783436322453,24.68964508203787,86,175.29240646110597,22
752,8120,XD_8120_MD_SAVAGE.PXCR,2026,5,2026-05-05,46.86706426071398,25.882067407539537,81,165.1009874808091,22
753,8120,XD_8120_MD_SAVAGE.PXCR,2026,5,2026-05-06,47.17815106709798,26.053863311964815,85,173.2541226650466,22
754,8120,XD_8120_MD_SAVAGE.PXCR,2026,5,2026-05-07,46.35756527871796,25.600699517228826,85,173.2541226650466,22
755,8120,XD_8120_MD_SAVAGE.PXCR,2026,5,2026-05-08,47.83077226118608,26.41426962295144,82,167.13927127686847,22
756,8120,XD_8120_MD_SAVAGE.PXCR,2026,5,2026-05-11,46.02022189323348,25.414403567603586,86,175.29240646110597,22
757,8120,XD_8120_MD_SAVAGE.PXCR,2026,5,2026-05-12,47.64733791929302,26.31296905982414,84,171.21583886898722,22
758,8120,XD_8120_MD_SAVAGE.PXCR,2026,5,2026-05-13,46.201817884348856,25.51468891205873,88,179.3689740532247,22
759,8120,XD_8120_MD_SAVAGE.PXCR,2026,5,2026-05-14,47.67045429595793,26.325734946241326,86,175.29240646110597,22
760,8120,XD_8120_MD_SAVAGE.PXCR,2026,5,2026-05-15,46.450976963235874,25.65228558419251,85,173.2541226650466,22
761,8120,XD_8120_MD_SAVAGE.PXCR,2026,5,2026-05-18,46.28318656815423,25.55962430095781,87,177.33069025716534,22
762,8120,XD_8120_MD_SAVAGE.PXCR,2026,5,2026-05-19,47.76835328834226,26.379799103234948,80,163.06270368474972,22
763,8120,XD_8120_MD_SAVAGE.PXCR,2026,5,2026-05-20,47.391142416241195,26.171486562806418,86,175.29240646110597,22
764,8120,XD_8120_MD_SAVAGE.PXCR,2026,5,2026-05-21,47.57340884208679,26.272142150995702,85,173.2541226650466,22
765,8120,XD_8120_MD_SAVAGE.PXCR,2026,5,2026-05-22,47.8720401629053,26.437059584962352,84,171.21583886898722,22
766,8120,XD_8120_MD_SAVAGE.PXCR,2026,5,2026-05-26,45.89162089511602,25.343384404051168,88,179.3689740532247,22
767,8120,XD_8120_MD_SAVAGE.PXCR,2026,5,2026-05-27,46.57613101824366,25.721401193184338,85,173.2541226650466,22
768,8120,XD_8120_MD_SAVAGE.PXCR,2026,5,2026-05-28,46.369029917861475,25.607030798434426,86,175.29240646110597,22
769,8120,XD_8120_MD_SAVAGE.PXCR,2026,5,2026-05-29,47.35012076984753,26.148832593886514,84,171.21583886898722,22
770,8120,XD_8120_MD_SAVAGE.PXCR,2026,6,2026-06-01,45.6762824877344,25.286569314091537,87,167.9394524462385,22
771,8120,XD_8120_MD_SAVAGE.PXCR,2026,6,2026-06-02,47.83077226118608,26.47930331138032,83,160.21809831077925,22
772,8120,XD_8120_MD_SAVAGE.PXCR,2026,6,2026-06-03,46.15653162339721,25.552437121092495,86,166.0091139123737,22
773,8120,XD_8120_MD_SAVAGE.PXCR,2026,6,2026-06-04,46.128029073368424,25.536657997493172,85,164.07877537850888,22
774,8120,XD_8120_MD_SAVAGE.PXCR,2026,6,2026-06-05,46.950459658497515,25.99195879835148,85,164.07877537850888,22
775,8120,XD_8120_MD_SAVAGE.PXCR,2026,6,2026-06-08,45.87745962624598,25.397941767809712,87,167.9394524462385,22
776,8120,XD_8120_MD_SAVAGE.PXCR,2026,6,2026-06-09,47.86338763574157,26.497359310784915,82,158.28775977691444,22
777,8120,XD_8120_MD_SAVAGE.PXCR,2026,6,2026-06-10,47.91470862012921,26.52577080923236,82,158.28775977691444,22
778,8120,XD_8120_MD_SAVAGE.PXCR,2026,6,2026-06-11,47.19186014984593,26.125599058120358,84,162.14843684464407,22
779,8120,XD_8120_MD_SAVAGE.PXCR,2026,6,2026-06-12,46.837328577764104,25.92932898789544,85,164.07877537850888,22
780,8120,XD_8120_MD_SAVAGE.PXCR,2026,6,2026-06-15,45.612678313977796,25.2513577937846,85,164.07877537850888,22
781,8120,XD_8120_MD_SAVAGE.PXCR,2026,6,2026-06-16,46.603366605750416,25.799806721634504,83,187.2428377848866,22
782,8120,XD_8120_MD_SAVAGE.PXCR,2026,6,2026-06-17,46.96922586662601,26.00234784484911,85,164.07877537850888,22
783,8120,XD_8120_MD_SAVAGE.PXCR,2026,6,2026-06-18,46.7883799100163,25.902230813253713,86,166.0091139123737,22
784,8120,XD_8120_MD_SAVAGE.PXCR,2026,6,2026-06-19,43.73586080580047,24.212344252716093,84,162.14843684464407,22
785,8120,XD_8120_MD_SAVAGE.PXCR,2026,6,2026-06-22,43.76771694770967,24.22997993794689,86,171.8001295139681,22
786,8120,XD_8120_MD_SAVAGE.PXCR,2026,6,2026-06-23,43.71636606563221,24.20155188802098,85,169.86979098010332,22
787,8120,XD_8120_MD_SAVAGE.PXCR,2026,6,2026-06-24,44.23508611200176,24.488717342229176,86,169.8697909801033,22
788,8120,XD_8120_MD_SAVAGE.PXCR,2026,6,2026-06-25,42.15465650847464,23.33698334577701,86,175.66080658169773,22
789,8120,XD_8120_MD_SAVAGE.PXCR,2026,6,2026-06-26,43.70619220582266,24.19591959928699,85,171.8001295139681,22
790,8120,XD_8120_MD_SAVAGE.PXCR,2026,6,2026-06-29,44.285300403171114,24.516516170966018,87,169.86979098010332,22
791,8120,XD_8120_MD_SAVAGE.PXCR,2026,6,2026-06-30,43.80134102310797,24.248594358098305,88,173.73046804783291,22
792,8120,XD_8120_NC_DURHAM.YZER,2026,5,2026-05-01,31.38040028889974,20.029925472520933,65,103.58433745794784,20
793,8120,XD_8120_NC_DURHAM.YZER,2026,5,2026-05-04,130.24994827940387,83.1377781295867,66,105.15379711640159,21
794,8120,XD_8120_NC_DURHAM.YZER,2026,5,2026-05-05,130.451414359922,83.26637274727383,67,108.2927164333091,20
795,8120,XD_8120_NC_DURHAM.YZER,2026,5,2026-05-06,132.6668009428376,84.68044101090648,67,106.72325677485534,21
796,8120,XD_8120_NC_DURHAM.YZER,2026,5,2026-05-07,129.89277246334598,82.9097949008719,67,108.2927164333091,21
797,8120,XD_8120_NC_DURHAM.YZER,2026,5,2026-05-08,131.81664904609053,84.13779404096996,66,105.15379711640159,21
798,8120,XD_8120_NC_DURHAM.YZER,2026,5,2026-05-11,129.72502171193656,82.80272058002973,65,103.58433745794784,21
799,8120,XD_8120_NC_DURHAM.YZER,2026,5,2026-05-12,128.7568331717763,82.18473151283422,67,108.2927164333091,21
800,8120,XD_8120_NC_DURHAM.YZER,2026,5,2026-05-13,128.57173181716695,82.06658240372295,70,111.4316357502166,20
801,8120,XD_8120_NC_DURHAM.YZER,2026,5,2026-05-14,128.40278551760926,81.95874497150906,67,108.2927164333091,21
802,8120,XD_8120_NC_DURHAM.YZER,2026,5,2026-05-15,129.92972221511977,82.93337971073552,64,102.01487779949407,20
803,8120,XD_8120_NC_DURHAM.YZER,2026,5,2026-05-18,134.39875545421052,85.78593741838434,64,102.01487779949407,20
804,8120,XD_8120_NC_DURHAM.YZER,2026,5,2026-05-19,133.7331382572072,85.36107786508154,68,109.86217609176285,21
805,8120,XD_8120_NC_DURHAM.YZER,2026,5,2026-05-20,133.8955337004762,85.46473392414418,69,109.86217609176285,21
806,8120,XD_8120_NC_DURHAM.YZER,2026,5,2026-05-21,133.56147159720112,85.25150404274714,67,108.2927164333091,21
807,8120,XD_8120_NC_DURHAM.YZER,2026,5,2026-05-22,134.0720458985392,85.57740062500339,67,106.72325677485534,20
808,8120,XD_8120_NC_DURHAM.YZER,2026,5,2026-05-26,152.58483741727656,97.39400688224717,68,109.86217609176285,20
809,8120,XD_8120_NC_DURHAM.YZER,2026,5,2026-05-27,153.4496484753311,97.9460107088769,68,108.2927164333091,21
810,8120,XD_8120_NC_DURHAM.YZER,2026,5,2026-05-28,154.6798145294904,98.7312184868781,64,103.58433745794784,20
811,8120,XD_8120_NC_DURHAM.YZER,2026,5,2026-05-29,152.17103521781544,97.12987936509428,67,108.2927164333091,21
812,8120,XD_8120_NC_DURHAM.YZER,2026,6,2026-06-01,134.4156767820979,89.10277172999946,65,87.58549326229456,20
813,8120,XD_8120_NC_DURHAM.YZER,2026,6,2026-06-02,134.43291925303333,89.11420158690755,67,91.56665204694433,21
814,8120,XD_8120_NC_DURHAM.YZER,2026,6,2026-06-03,133.72217819062945,88.64305863573843,66,88.91254619051115,20
815,8120,XD_8120_NC_DURHAM.YZER,2026,6,2026-06-04,131.6085389639842,87.24194889883884,69,94.22075790337749,21
816,8120,XD_8120_NC_DURHAM.YZER,2026,6,2026-06-05,133.44201231728354,88.45733955551728,67,90.23959911872774,21
817,8120,XD_8120_NC_DURHAM.YZER,2026,6,2026-06-08,31.338540462766378,20.773996635317484,66,88.91254619051115,20
818,8120,XD_8120_NC_DURHAM.YZER,2026,6,2026-06-09,30.011554040714188,19.8943509638933,70,95.54781083159408,21
819,8120,XD_8120_NC_DURHAM.YZER,2026,6,2026-06-10,30.91618675458999,20.494022699613787,69,92.8937049751609,20
820,8120,XD_8120_NC_DURHAM.YZER,2026,6,2026-06-11,29.137678661620356,19.31506794953113,70,95.54781083159408,21
821,8120,XD_8120_NC_DURHAM.YZER,2026,6,2026-06-12,28.892359317511385,19.15244827567769,70,94.22075790337749,21
822,8120,XD_8120_NC_DURHAM.YZER,2026,6,2026-06-15,30.033173710051038,19.908682420669148,67,90.23959911872774,20
823,8120,XD_8120_NC_DURHAM.YZER,2026,6,2026-06-22,34.53957732064383,22.895931094712004,65,86.25844033407799,20
824,8120,XD_8120_NC_DURHAM.YZER,2026,6,2026-06-23,30.162761903187587,19.99458510306733,70,95.54781083159408,21
825,8120,XD_8120_NC_DURHAM.YZER,2026,6,2026-06-24,30.491209551039198,20.212309675768918,67,90.23959911872774,20
826,8120,XD_8120_NC_DURHAM.YZER,2026,6,2026-06-25,35.348685881340046,23.43228085029427,64,87.58549326229456,21
827,8120,XD_8120_NC_DURHAM.YZER,2026,6,2026-06-26,31.794495276496527,21.076244398819448,65,87.58549326229456,20
828,8120,XD_8120_NC_DURHAM.YZER,2026,6,2026-06-29,32.50087025551569,21.5444931181512,66,88.91254619051115,20
829,8120,XD_8120_NC_DURHAM.YZER,2026,6,2026-06-30,30.26283479028819,20.060922392207654,68,92.8937049751609,21
830,8120,XD_8120_NC_GREENSBORO.YZER,2026,5,2026-05-01,40.76112800190423,24.280082724054264,110,130.9411021733549,29
831,8120,XD_8120_NC_GREENSBORO.YZER,2026,5,2026-05-04,48.51716390986467,28.900101911139004,116,134.8208385340469,29
832,8120,XD_8120_NC_GREENSBORO.YZER,2026,5,2026-05-05,47.139674438291166,28.079576082713547,117,138.7005748947389,29
833,8120,XD_8120_NC_GREENSBORO.YZER,2026,5,2026-05-06,45.77115492766469,27.264393369272923,143,161.00905896871788,29
834,8120,XD_8120_NC_GREENSBORO.YZER,2026,5,2026-05-07,50.01858585454276,29.79445029665943,113,130.9411021733549,29
835,8120,XD_8120_NC_GREENSBORO.YZER,2026,5,2026-05-08,50.083757421055296,29.83327088636702,112,130.9411021733549,29
836,8120,XD_8120_NC_GREENSBORO.YZER,2026,5,2026-05-11,49.022075978787136,29.200861664432338,116,133.8509044438739,29
837,8120,XD_8120_NC_GREENSBORO.YZER,2026,5,2026-05-12,48.324242405099675,28.785184824086745,116,136.7607067143929,29
838,8120,XD_8120_NC_GREENSBORO.YZER,2026,5,2026-05-13,45.78611140920612,27.27330246052942,140,160.03912487854487,29
839,8120,XD_8120_NC_GREENSBORO.YZER,2026,5,2026-05-14,49.189991417999586,29.300883448778787,113,130.9411021733549,29
840,8120,XD_8120_NC_GREENSBORO.YZER,2026,5,2026-05-15,49.4516881254077,29.456767694773767,111,130.9411021733549,29
841,8120,XD_8120_NC_GREENSBORO.YZER,2026,5,2026-05-18,50.230935409236366,29.920940043315504,114,132.8809703537009,29
842,8120,XD_8120_NC_GREENSBORO.YZER,2026,5,2026-05-19,51.26464855992552,30.53668946051767,115,133.8509044438739,29
843,8120,XD_8120_NC_GREENSBORO.YZER,2026,5,2026-05-20,46.99587911048136,27.993921866903044,142,161.00905896871788,29
844,8120,XD_8120_NC_GREENSBORO.YZER,2026,5,2026-05-21,51.073542525041766,30.42285379002723,115,130.9411021733549,29
845,8120,XD_8120_NC_GREENSBORO.YZER,2026,5,2026-05-22,50.01083788951556,29.789835085034404,117,137.7306408045659,29
846,8120,XD_8120_NC_GREENSBORO.YZER,2026,5,2026-05-26,54.39630368122432,32.402114907153766,113,130.9411021733549,29
847,8120,XD_8120_NC_GREENSBORO.YZER,2026,5,2026-05-27,49.72693377203548,29.620722604688083,146,165.8587294195829,29
848,8120,XD_8120_NC_GREENSBORO.YZER,2026,5,2026-05-28,53.1947617789769,31.686395342630867,113,134.82083853404689,29
849,8120,XD_8120_NC_GREENSBORO.YZER,2026,5,2026-05-29,54.65246148857879,32.554699809924074,113,133.8509044438739,29
850,8120,XD_8120_NC_GREENSBORO.YZER,2026,6,2026-06-01,50.74559169433476,30.257460981212187,115,132.428859091702,29
851,8120,XD_8120_NC_GREENSBORO.YZER,2026,6,2026-06-02,51.11757279920309,30.479257661288297,114,131.48293866961842,29
852,8120,XD_8120_NC_GREENSBORO.YZER,2026,6,2026-06-03,46.762124842617865,27.882287319590812,145,158.9146309100424,29
853,8120,XD_8120_NC_GREENSBORO.YZER,2026,6,2026-06-04,50.62286740387246,30.184285650979024,113,128.64517740336765,29
854,8120,XD_8120_NC_GREENSBORO.YZER,2026,6,2026-06-05,51.261891776199576,30.56530899440946,110,126.75333655920049,29
855,8120,XD_8120_NC_GREENSBORO.YZER,2026,6,2026-06-08,51.54485047466069,30.73402535955804,109,123.91557529294973,29
856,8120,XD_8120_NC_GREENSBORO.YZER,2026,6,2026-06-09,51.25439320375156,30.560837911194447,112,129.59109782545124,29
857,8120,XD_8120_NC_GREENSBORO.YZER,2026,6,2026-06-10,52.227919231870146,31.141310516330726,135,148.50950626712296,29
858,8120,XD_8120_NC_GREENSBORO.YZER,2026,6,2026-06-11,52.11760415206579,31.07553427624026,103,117.29413233836463,28
859,8120,XD_8120_NC_GREENSBORO.YZER,2026,6,2026-06-12,52.66609191124695,31.40257444698181,101,120.13189360461539,28
860,8120,XD_8120_NC_GREENSBORO.YZER,2026,6,2026-06-15,41.16699467429769,24.54614664016996,104,119.1859731825318,28
861,8120,XD_8120_NC_GREENSBORO.YZER,2026,6,2026-06-22,52.18618712961201,31.11642741981772,104,117.29413233836463,28
862,8120,XD_8120_NC_GREENSBORO.YZER,2026,6,2026-06-23,50.29820478271448,29.99070299160405,110,125.8074161371169,28
863,8120,XD_8120_NC_GREENSBORO.YZER,2026,6,2026-06-24,46.91746368196482,27.97490933292191,133,149.45542668920655,29
864,8120,XD_8120_NC_GREENSBORO.YZER,2026,6,2026-06-25,50.47505349542073,30.096150437295858,106,122.96965487086614,28
865,8120,XD_8120_NC_GREENSBORO.YZER,2026,6,2026-06-26,52.04720061955169,31.033555612343374,102,118.24005276044821,28
866,8120,XD_8120_NC_GREENSBORO.YZER,2026,6,2026-06-29,50.73317645493075,30.2500582963819,105,119.1859731825318,28
867,8120,XD_8120_NC_GREENSBORO.YZER,2026,6,2026-06-30,49.65559603106908,29.607542433614796,110,124.86149571503331,29
868,8120,XD_8120_NC_KINSTON.YZER,2026,5,2026-05-01,31.76904941558838,27.561875261135604,30,49.1869042050173,10
869,8120,XD_8120_NC_KINSTON.YZER,2026,5,2026-05-04,42.61945183798771,36.975359252650726,30,49.1869042050173,10
870,8120,XD_8120_NC_KINSTON.YZER,2026,5,2026-05-05,42.61945183798771,36.975359252650726,30,49.1869042050173,10
871,8120,XD_8120_NC_KINSTON.YZER,2026,5,2026-05-06,43.34622618992513,37.60588690140257,29,47.54734073151673,10
872,8120,XD_8120_NC_KINSTON.YZER,2026,5,2026-05-07,43.075994043798254,37.3714415893737,30,49.1869042050173,10
873,8120,XD_8120_NC_KINSTON.YZER,2026,5,2026-05-08,43.075994043798254,37.3714415893737,30,49.1869042050173,10
874,8120,XD_8120_NC_KINSTON.YZER,2026,5,2026-05-11,41.68985838572185,36.16887183026193,30,49.1869042050173,10
875,8120,XD_8120_NC_KINSTON.YZER,2026,5,2026-05-12,41.68985838572185,36.16887183026193,30,49.1869042050173,10
876,8120,XD_8120_NC_KINSTON.YZER,2026,5,2026-05-13,41.68985838572185,36.16887183026193,30,49.1869042050173,10
877,8120,XD_8120_NC_KINSTON.YZER,2026,5,2026-05-14,41.68985838572185,36.16887183026193,30,49.1869042050173,10
878,8120,XD_8120_NC_KINSTON.YZER,2026,5,2026-05-15,41.68985838572185,36.16887183026193,30,49.1869042050173,10
879,8120,XD_8120_NC_KINSTON.YZER,2026,5,2026-05-18,43.618429558212696,37.84204238670712,30,49.1869042050173,10
880,8120,XD_8120_NC_KINSTON.YZER,2026,5,2026-05-19,32.4612731395183,28.162427820394548,29,47.54734073151673,9
881,8120,XD_8120_NC_KINSTON.YZER,2026,5,2026-05-20,43.888661704339576,38.07648769873599,29,47.54734073151673,10
882,8120,XD_8120_NC_KINSTON.YZER,2026,5,2026-05-21,43.618429558212696,37.84204238670712,30,49.1869042050173,10
883,8120,XD_8120_NC_KINSTON.YZER,2026,5,2026-05-22,43.618429558212696,37.84204238670712,30,49.1869042050173,10
884,8120,XD_8120_NC_KINSTON.YZER,2026,5,2026-05-26,47.923007799784344,41.576565475326234,30,49.1869042050173,10
885,8120,XD_8120_NC_KINSTON.YZER,2026,5,2026-05-27,47.923007799784344,41.576565475326234,30,49.1869042050173,10
886,8120,XD_8120_NC_KINSTON.YZER,2026,5,2026-05-28,47.923007799784344,41.576565475326234,30,49.1869042050173,10
887,8120,XD_8120_NC_KINSTON.YZER,2026,5,2026-05-29,47.923007799784344,41.576565475326234,30,49.1869042050173,10
888,8120,XD_8120_NC_KINSTON.YZER,2026,6,2026-06-01,44.53702039212597,39.17626989082713,30,49.02827554594492,10
889,8120,XD_8120_NC_KINSTON.YZER,2026,6,2026-06-02,44.53702039212597,39.17626989082713,30,49.02827554594492,10
890,8120,XD_8120_NC_KINSTON.YZER,2026,6,2026-06-03,44.23416223019969,38.909865605452865,30,49.02827554594492,10
891,8120,XD_8120_NC_KINSTON.YZER,2026,6,2026-06-04,44.858745538101715,39.45927021366956,28,45.75972384288193,10
892,8120,XD_8120_NC_KINSTON.YZER,2026,6,2026-06-05,44.50184079072913,39.145324723260025,29,47.393999694413424,10
893,8120,XD_8120_NC_KINSTON.YZER,2026,6,2026-06-08,43.48770931729939,38.25326036964893,29,47.393999694413424,10
894,8120,XD_8120_NC_KINSTON.YZER,2026,6,2026-06-09,43.22003075676996,38.017801251841775,30,49.02827554594492,10
895,8120,XD_8120_NC_KINSTON.YZER,2026,6,2026-06-10,42.9137889202221,37.7484205717956,30,49.02827554594492,10
896,8120,XD_8120_NC_KINSTON.YZER,2026,6,2026-06-11,43.178913922401925,37.981633493287745,29,47.393999694413424,10
897,8120,XD_8120_NC_KINSTON.YZER,2026,6,2026-06-12,42.9137889202221,37.7484205717956,30,49.02827554594492,10
898,8120,XD_8120_NC_KINSTON.YZER,2026,6,2026-06-15,31.616491622924805,27.81093566465352,30,49.02827554594492,10
899,8120,XD_8120_NC_KINSTON.YZER,2026,6,2026-06-22,42.88783426528009,37.72558997922387,30,49.02827554594492,10
900,8120,XD_8120_NC_KINSTON.YZER,2026,6,2026-06-23,42.58397652551365,37.458306431364186,30,49.02827554594492,10
901,8120,XD_8120_NC_KINSTON.YZER,2026,6,2026-06-24,42.58397652551365,37.458306431364186,30,49.02827554594492,10
902,8120,XD_8120_NC_KINSTON.YZER,2026,6,2026-06-25,42.58397652551365,37.458306431364186,30,49.02827554594492,10
903,8120,XD_8120_NC_KINSTON.YZER,2026,6,2026-06-26,42.84654794209603,37.689273132573206,29,47.393999694413424,10
904,8120,XD_8120_NC_KINSTON.YZER,2026,6,2026-06-29,42.570471951940036,37.446427351568936,30,49.02827554594492,10
905,8120,XD_8120_NC_KINSTON.YZER,2026,6,2026-06-30,42.72415406304437,37.581611335791635,30,49.02827554594492,10
906,8120,XD_8120_NC_ROCKYMOUNT.YZER,2026,5,2026-05-01,23.563889185587566,27.2709424202535,7,14.267986572415602,3
907,8120,XD_8120_NC_ROCKYMOUNT.YZER,2026,5,2026-05-04,94.94888674418132,109.886173834643,7,14.267986572415602,3
908,8120,XD_8120_NC_ROCKYMOUNT.YZER,2026,5,2026-05-05,94.94888674418132,109.886173834643,7,14.267986572415602,3
909,8120,XD_8120_NC_ROCKYMOUNT.YZER,2026,5,2026-05-06,95.28721945020887,110.27773278623617,7,14.267986572415602,3
910,8120,XD_8120_NC_ROCKYMOUNT.YZER,2026,5,2026-05-07,95.28721945020887,110.27773278623617,7,14.267986572415602,3
911,8120,XD_8120_NC_ROCKYMOUNT.YZER,2026,5,2026-05-08,95.28721945020887,110.27773278623617,7,14.267986572415602,3
912,8120,XD_8120_NC_ROCKYMOUNT.YZER,2026,5,2026-05-11,86.90122091505263,100.57245530052921,7,14.267986572415602,3
913,8120,XD_8120_NC_ROCKYMOUNT.YZER,2026,5,2026-05-12,86.90122091505263,100.57245530052921,7,14.267986572415602,3
914,8120,XD_8120_NC_ROCKYMOUNT.YZER,2026,5,2026-05-13,86.90122091505263,100.57245530052921,7,14.267986572415602,3
915,8120,XD_8120_NC_ROCKYMOUNT.YZER,2026,5,2026-05-14,86.90122091505263,100.57245530052921,7,14.267986572415602,3
916,8120,XD_8120_NC_ROCKYMOUNT.YZER,2026,5,2026-05-15,86.90122091505263,100.57245530052921,7,14.267986572415602,3
917,8120,XD_8120_NC_ROCKYMOUNT.YZER,2026,5,2026-05-18,101.01657986437154,116.90843184991509,7,14.267986572415602,3
918,8120,XD_8120_NC_ROCKYMOUNT.YZER,2026,5,2026-05-19,101.01657986437154,116.90843184991509,7,14.267986572415602,3
919,8120,XD_8120_NC_ROCKYMOUNT.YZER,2026,5,2026-05-20,101.01657986437154,116.90843184991509,7,14.267986572415602,3
920,8120,XD_8120_NC_ROCKYMOUNT.YZER,2026,5,2026-05-21,101.01657986437154,116.90843184991509,7,14.267986572415602,3
921,8120,XD_8120_NC_ROCKYMOUNT.YZER,2026,5,2026-05-22,101.01657986437154,116.90843184991509,7,14.267986572415602,3
922,8120,XD_8120_NC_ROCKYMOUNT.YZER,2026,5,2026-05-26,131.08815786573624,151.71084777126333,7,14.267986572415602,3
923,8120,XD_8120_NC_ROCKYMOUNT.YZER,2026,5,2026-05-27,131.08815786573624,151.71084777126333,7,14.267986572415602,3
924,8120,XD_8120_NC_ROCKYMOUNT.YZER,2026,5,2026-05-28,131.08815786573624,151.71084777126333,7,14.267986572415602,3
925,8120,XD_8120_NC_ROCKYMOUNT.YZER,2026,5,2026-05-29,131.08815786573624,151.71084777126333,7,14.267986572415602,3
926,8120,XD_8120_NC_ROCKYMOUNT.YZER,2026,6,2026-06-01,106.52504340603821,125.53995012290602,7,13.512369737053671,3
927,8120,XD_8120_NC_ROCKYMOUNT.YZER,2026,6,2026-06-02,106.52504340603821,125.53995012290602,7,13.512369737053671,3
928,8120,XD_8120_NC_ROCKYMOUNT.YZER,2026,6,2026-06-03,106.29893294766418,125.27347855191265,7,13.512369737053671,3
929,8120,XD_8120_NC_ROCKYMOUNT.YZER,2026,6,2026-06-04,106.29893294766418,125.27347855191265,7,13.512369737053671,3
930,8120,XD_8120_NC_ROCKYMOUNT.YZER,2026,6,2026-06-05,106.29893294766418,125.27347855191265,7,13.512369737053671,3
931,8120,XD_8120_NC_ROCKYMOUNT.YZER,2026,6,2026-06-08,103.81124656837623,122.34173579930149,7,13.512369737053671,3
932,8120,XD_8120_NC_ROCKYMOUNT.YZER,2026,6,2026-06-09,103.81124656837623,122.34173579930149,7,13.512369737053671,3
933,8120,XD_8120_NC_ROCKYMOUNT.YZER,2026,6,2026-06-10,103.58680143728628,122.07722681942751,7,13.512369737053671,3
934,8120,XD_8120_NC_ROCKYMOUNT.YZER,2026,6,2026-06-11,103.58680143728628,122.07722681942751,7,13.512369737053671,3
935,8120,XD_8120_NC_ROCKYMOUNT.YZER,2026,6,2026-06-12,103.58680143728628,122.07722681942751,7,13.512369737053671,3
936,8120,XD_8120_NC_ROCKYMOUNT.YZER,2026,6,2026-06-15,23.45166630215115,27.637829788522836,7,13.512369737053671,3
937,8120,XD_8120_NC_ROCKYMOUNT.YZER,2026,6,2026-06-22,106.30638906690808,125.28226560149331,7,13.512369737053671,3
938,8120,XD_8120_NC_ROCKYMOUNT.YZER,2026,6,2026-06-23,106.08027860853406,125.01579403049995,7,13.512369737053671,3
939,8120,XD_8120_NC_ROCKYMOUNT.YZER,2026,6,2026-06-24,106.08027860853406,125.01579403049995,7,13.512369737053671,3
940,8120,XD_8120_NC_ROCKYMOUNT.YZER,2026,6,2026-06-25,102.76305622524686,121.10644164509779,5,9.651692669324051,2
941,8120,XD_8120_NC_ROCKYMOUNT.YZER,2026,6,2026-06-26,106.08027860853406,125.01579403049995,7,13.512369737053671,3
942,8120,XD_8120_NC_ROCKYMOUNT.YZER,2026,6,2026-06-29,101.15950295520804,119.21665130938521,7,13.512369737053671,3
943,8120,XD_8120_NC_ROCKYMOUNT.YZER,2026,6,2026-06-30,101.27172414322347,119.34890417590121,7,13.512369737053671,3
944,8120,XD_8120_PA_ASTON.PXCR,2026,5,2026-05-01,38.70749447305596,27.60822386779813,43,84.12306044618865,6
945,8120,XD_8120_PA_ASTON.PXCR,2026,5,2026-05-04,38.70749447305596,27.60822386779813,43,84.12306044618865,6
946,8120,XD_8120_PA_ASTON.PXCR,2026,5,2026-05-05,38.10503417194435,27.17851744812458,44,86.03494818360203,6
947,8120,XD_8120_PA_ASTON.PXCR,2026,5,2026-05-06,39.633703424473005,28.268844877429228,42,82.21117270877527,6
948,8120,XD_8120_PA_ASTON.PXCR,2026,5,2026-05-07,38.55615581532635,27.500281165762487,45,87.9468359210154,6
949,8120,XD_8120_PA_ASTON.PXCR,2026,5,2026-05-08,38.6425447019033,27.561898269963496,44,86.03494818360203,6
950,8120,XD_8120_PA_ASTON.PXCR,2026,5,2026-05-11,38.45248915143401,27.42634064072128,43,84.12306044618865,6
951,8120,XD_8120_PA_ASTON.PXCR,2026,5,2026-05-12,39.16714788366247,27.93607289120767,44,86.03494818360203,6
952,8120,XD_8120_PA_ASTON.PXCR,2026,5,2026-05-13,39.34606534463388,28.06368624835211,44,86.03494818360203,6
953,8120,XD_8120_PA_ASTON.PXCR,2026,5,2026-05-14,39.5370375668561,28.199897696171657,41,80.29928497136189,6
954,8120,XD_8120_PA_ASTON.PXCR,2026,5,2026-05-15,39.432870900189435,28.125600542815544,42,82.21117270877527,6
955,8120,XD_8120_PA_ASTON.PXCR,2026,5,2026-05-18,37.73198466830784,26.91243889278598,42,82.21117270877527,7
956,8120,XD_8120_PA_ASTON.PXCR,2026,5,2026-05-19,37.24091323973641,26.562180884107143,45,87.94683592101539,7
957,8120,XD_8120_PA_ASTON.PXCR,2026,5,2026-05-20,37.64269895402212,26.848755618480734,43,84.12306044618865,7
958,8120,XD_8120_PA_ASTON.PXCR,2026,5,2026-05-21,36.71475676884727,26.1868983752403,46,89.85872365842877,7
959,8120,XD_8120_PA_ASTON.PXCR,2026,5,2026-05-22,39.432870900189435,28.125600542815544,43,84.12306044618865,6
960,8120,XD_8120_PA_ASTON.PXCR,2026,5,2026-05-26,37.40460371592688,26.678933553666752,43,84.12306044618865,7
961,8120,XD_8120_PA_ASTON.PXCR,2026,5,2026-05-27,39.114160573041,27.89827955031322,44,86.03494818360203,6
962,8120,XD_8120_PA_ASTON.PXCR,2026,5,2026-05-28,37.39769817533947,26.67400815838967,44,86.03494818360201,7
963,8120,XD_8120_PA_ASTON.PXCR,2026,5,2026-05-29,38.6425447019033,27.561898269963496,44,86.03494818360203,6
964,8120,XD_8120_PA_ASTON.PXCR,2026,6,2026-06-01,39.35720343413177,28.067591755173577,42,79.54501713442534,6
965,8120,XD_8120_PA_ASTON.PXCR,2026,6,2026-06-02,37.071841043139266,26.437785442579305,45,85.09466949264105,7
966,8120,XD_8120_PA_ASTON.PXCR,2026,6,2026-06-03,38.46501609046279,27.431328302839038,44,83.24478537323581,6
967,8120,XD_8120_PA_ASTON.PXCR,2026,6,2026-06-04,36.454299418917884,25.997385599905506,45,85.09466949264105,7
968,8120,XD_8120_PA_ASTON.PXCR,2026,6,2026-06-05,38.46501609046279,27.431328302839038,43,81.39490125383057,6
969,8120,XD_8120_PA_ASTON.PXCR,2026,6,2026-06-08,39.17633282696759,27.93860387190361,41,77.69513301502009,6
970,8120,XD_8120_PA_ASTON.PXCR,2026,6,2026-06-09,36.77863275515766,26.228683936165766,44,83.2447853732358,7
971,8120,XD_8120_PA_ASTON.PXCR,2026,6,2026-06-10,38.657637169981534,27.568696036103443,43,81.39490125383057,6
972,8120,XD_8120_PA_ASTON.PXCR,2026,6,2026-06-11,36.27943511039688,25.872681108837373,45,85.09466949264105,7
973,8120,XD_8120_PA_ASTON.PXCR,2026,6,2026-06-12,38.80073157063237,27.670743815657715,44,83.2447853732358,6
974,8120,XD_8120_PA_ASTON.PXCR,2026,6,2026-06-15,38.80073157063237,27.670743815657715,43,81.39490125383057,6
975,8120,XD_8120_PA_ASTON.PXCR,2026,6,2026-06-16,40.4941976357332,28.87843923146741,42,88.79443773145152,7
976,8120,XD_8120_PA_ASTON.PXCR,2026,6,2026-06-17,38.01984478128019,27.11385435964679,45,85.09466949264105,6
977,8120,XD_8120_PA_ASTON.PXCR,2026,6,2026-06-18,36.556261477394706,26.070099847416362,45,85.09466949264105,7
978,8120,XD_8120_PA_ASTON.PXCR,2026,6,2026-06-19,38.70749447305596,27.60425177448432,43,81.39490125383057,6
979,8120,XD_8120_PA_ASTON.PXCR,2026,6,2026-06-22,38.80972174185294,27.677155156749325,41,77.69513301502009,6
980,8120,XD_8120_PA_ASTON.PXCR,2026,6,2026-06-23,35.863870440805314,25.576321142268853,46,86.94455361204629,7
981,8120,XD_8120_PA_ASTON.PXCR,2026,6,2026-06-24,38.0210431437013,27.114708971872137,43,81.39490125383057,6
982,8120,XD_8120_PA_ASTON.PXCR,2026,6,2026-06-25,35.936543602629854,25.628148011549918,45,85.09466949264105,7
983,8120,XD_8120_PA_ASTON.PXCR,2026,6,2026-06-26,38.89205466376411,27.735870884458,42,79.54501713442532,6
984,8120,XD_8120_PA_ASTON.PXCR,2026,6,2026-06-29,37.66958330841578,26.864065371351998,44,88.79443773145152,6
985,8120,XD_8120_PA_ASTON.PXCR,2026,6,2026-06-30,33.65863648758454,24.003658429400122,46,88.79443773145152,7
986,8120,XD_8120_VA_MADISONHEIGHTS.YZER,2026,5,2026-05-01,36.293500645955405,51.65372318762985,21,19.644812621855642,6
987,8120,XD_8120_VA_MADISONHEIGHTS.YZER,2026,5,2026-05-04,35.51235771179199,50.54198306410593,22,20.580279889563055,6
988,8120,XD_8120_VA_MADISONHEIGHTS.YZER,2026,5,2026-05-05,37.67550061543783,53.62061650457179,20,18.709345354148233,6
989,8120,XD_8120_VA_MADISONHEIGHTS.YZER,2026,5,2026-05-06,38.21441644032796,54.3876135796641,20,18.709345354148233,6
990,8120,XD_8120_VA_MADISONHEIGHTS.YZER,2026,5,2026-05-07,38.21441644032796,54.3876135796641,20,18.709345354148233,6
991,8120,XD_8120_VA_MADISONHEIGHTS.YZER,2026,5,2026-05-08,38.21441644032796,54.3876135796641,20,18.709345354148233,6
992,8120,XD_8120_VA_MADISONHEIGHTS.YZER,2026,5,2026-05-11,36.8125830968221,52.39249296049311,21,19.644812621855642,6
993,8120,XD_8120_VA_MADISONHEIGHTS.YZER,2026,5,2026-05-12,36.8125830968221,52.39249296049311,21,19.644812621855642,6
994,8120,XD_8120_VA_MADISONHEIGHTS.YZER,2026,5,2026-05-13,36.8125830968221,52.39249296049311,21,19.644812621855642,6
995,8120,XD_8120_VA_MADISONHEIGHTS.YZER,2026,5,2026-05-14,38.21441644032796,54.3876135796641,20,18.709345354148233,6
996,8120,XD_8120_VA_MADISONHEIGHTS.YZER,2026,5,2026-05-15,38.21441644032796,54.3876135796641,20,18.709345354148233,6
997,8120,XD_8120_VA_MADISONHEIGHTS.YZER,2026,5,2026-05-18,36.93447199927436,52.565967977089905,21,19.644812621855642,6
998,8120,XD_8120_VA_MADISONHEIGHTS.YZER,2026,5,2026-05-19,38.21441644032796,54.3876135796641,20,18.709345354148233,6
999,8120,XD_8120_VA_MADISONHEIGHTS.YZER,2026,5,2026-05-20,40.31716645558675,57.380294508420576,19,17.77387808644082,6
1000,8120,XD_8120_VA_MADISONHEIGHTS.YZER,2026,5,2026-05-21,38.21441644032796,54.3876135796641,20,18.709345354148233,6
1001,8120,XD_8120_VA_MADISONHEIGHTS.YZER,2026,5,2026-05-22,35.5326386557685,50.570847357918915,22,20.580279889563055,6
1002,8120,XD_8120_VA_MADISONHEIGHTS.YZER,2026,5,2026-05-26,36.8125830968221,52.39249296049311,21,19.644812621855642,6
1003,8120,XD_8120_VA_MADISONHEIGHTS.YZER,2026,5,2026-05-27,38.21441644032796,54.3876135796641,20,18.709345354148233,6
1004,8120,XD_8120_VA_MADISONHEIGHTS.YZER,2026,5,2026-05-28,38.21441644032796,54.3876135796641,20,18.709345354148233,6
1005,8120,XD_8120_VA_MADISONHEIGHTS.YZER,2026,5,2026-05-29,36.8125830968221,52.39249296049311,21,19.644812621855642,6
1006,8120,XD_8120_VA_MADISONHEIGHTS.YZER,2026,6,2026-06-01,37.86022266811795,53.82756883367728,21,19.646849853986506,6
1007,8120,XD_8120_VA_MADISONHEIGHTS.YZER,2026,6,2026-06-02,38.80233287811279,55.16700897965699,20,18.711285575225244,6
1008,8120,XD_8120_VA_MADISONHEIGHTS.YZER,2026,6,2026-06-03,37.37899947696262,53.1433923386434,21,19.646849853986506,6
1009,8120,XD_8120_VA_MADISONHEIGHTS.YZER,2026,6,2026-06-04,38.80233287811279,55.16700897965699,20,18.711285575225244,6
1010,8120,XD_8120_VA_MADISONHEIGHTS.YZER,2026,6,2026-06-05,38.80233287811279,55.16700897965699,20,18.711285575225244,6
1011,8120,XD_8120_VA_MADISONHEIGHTS.YZER,2026,6,2026-06-08,38.80233287811279,55.16700897965699,20,18.711285575225244,6
1012,8120,XD_8120_VA_MADISONHEIGHTS.YZER,2026,6,2026-06-09,38.80233287811279,55.16700897965699,20,18.711285575225244,6
1013,8120,XD_8120_VA_MADISONHEIGHTS.YZER,2026,6,2026-06-10,38.432082366943355,54.640607298124884,20,18.711285575225244,6
1014,8120,XD_8120_VA_MADISONHEIGHTS.YZER,2026,6,2026-06-11,37.02230461968316,52.6362633354377,21,19.646849853986506,6
1015,8120,XD_8120_VA_MADISONHEIGHTS.YZER,2026,6,2026-06-12,40.54674898783366,57.64712324215568,19,17.77572129646398,6
1016,8120,XD_8120_VA_MADISONHEIGHTS.YZER,2026,6,2026-06-15,39.01438785129123,55.46849700220097,20,18.711285575225244,6
1017,8120,XD_8120_VA_MADISONHEIGHTS.YZER,2026,6,2026-06-22,38.432082366943355,54.640607298124884,20,18.711285575225244,6
1018,8120,XD_8120_VA_MADISONHEIGHTS.YZER,2026,6,2026-06-23,38.638527954949275,54.93412020733857,20,18.711285575225244,6
1019,8120,XD_8120_VA_MADISONHEIGHTS.YZER,2026,6,2026-06-24,40.1561669031779,57.09181525489671,19,17.77572129646398,6
1020,8120,XD_8120_VA_MADISONHEIGHTS.YZER,2026,6,2026-06-25,38.06183350880941,54.11420796678714,20,18.711285575225244,6
1021,8120,XD_8120_VA_MADISONHEIGHTS.YZER,2026,6,2026-06-26,38.06183350880941,54.11420796678714,20,18.711285575225244,6
1022,8120,XD_8120_VA_MADISONHEIGHTS.YZER,2026,6,2026-06-29,36.66561124589708,52.12913644138076,21,19.646849853986506,6
1023,8120,XD_8120_VA_MADISONHEIGHTS.YZER,2026,6,2026-06-30,38.24691619873047,54.37734829004882,20,18.711285575225244,6
1024,8120,XD_8120_VA_NORFOLK.YZER,2026,5,2026-05-01,69.52843417040074,62.46204264938979,56,39.66111117753105,14
1025,8120,XD_8120_VA_NORFOLK.YZER,2026,5,2026-05-04,75.61021906695736,67.92571678682425,57,41.99411771738582,14
1026,8120,XD_8120_VA_NORFOLK.YZER,2026,5,2026-05-05,76.56794012858586,68.78610167124505,57,40.82761444745844,14
1027,8120,XD_8120_VA_NORFOLK.YZER,2026,5,2026-05-06,77.03604584932498,69.20663234825658,56,40.82761444745844,14
1028,8120,XD_8120_VA_NORFOLK.YZER,2026,5,2026-05-07,77.71104405752182,69.81302838423406,56,40.82761444745844,14
1029,8120,XD_8120_VA_NORFOLK.YZER,2026,5,2026-05-08,77.81399299387242,69.905514299238,56,40.24436281249474,14
1030,8120,XD_8120_VA_NORFOLK.YZER,2026,5,2026-05-11,76.70661293330927,68.91068072650918,58,40.82761444745843,14
1031,8120,XD_8120_VA_NORFOLK.YZER,2026,5,2026-05-12,75.67472059729812,67.98366282555169,57,41.99411771738582,14
1032,8120,XD_8120_VA_NORFOLK.YZER,2026,5,2026-05-13,76.42440737438373,68.6571565983187,57,40.24436281249474,14
1033,8120,XD_8120_VA_NORFOLK.YZER,2026,5,2026-05-14,74.6916797794961,67.10053151071214,60,42.57736935234951,14
1034,8120,XD_8120_VA_NORFOLK.YZER,2026,5,2026-05-15,75.35117412164102,67.69299938687818,58,41.410866082422125,14
1035,8120,XD_8120_VA_NORFOLK.YZER,2026,5,2026-05-18,70.64796416446285,63.46779131999839,63,44.327124257240584,14
1036,8120,XD_8120_VA_NORFOLK.YZER,2026,5,2026-05-19,77.4513649033181,69.57974123202699,57,40.24436281249474,14
1037,8120,XD_8120_VA_NORFOLK.YZER,2026,5,2026-05-20,74.79423462286016,67.19266338562836,59,43.1606209873132,14
1038,8120,XD_8120_VA_NORFOLK.YZER,2026,5,2026-05-21,79.07681937600479,71.03999569926796,56,39.66111117753105,14
1039,8120,XD_8120_VA_NORFOLK.YZER,2026,5,2026-05-22,73.06457102942088,65.6387908954509,59,41.99411771738582,14
1040,8120,XD_8120_VA_NORFOLK.YZER,2026,5,2026-05-26,92.13198885474931,82.76832760413777,50,37.32810463767628,14
1041,8120,XD_8120_VA_NORFOLK.YZER,2026,5,2026-05-27,84.64835282895191,76.04527683802597,53,39.07785954256736,14
1042,8120,XD_8120_VA_NORFOLK.YZER,2026,5,2026-05-28,81.3978706019353,73.12515125318389,56,41.410866082422125,14
1043,8120,XD_8120_VA_NORFOLK.YZER,2026,5,2026-05-29,79.8229848522353,71.71032605196348,59,41.410866082422125,14
1044,8120,XD_8120_VA_NORFOLK.YZER,2026,6,2026-06-01,70.41244592195196,62.580240016833145,65,44.899866773101785,14
1045,8120,XD_8120_VA_NORFOLK.YZER,2026,6,2026-06-02,78.63962958241157,69.89228721804558,58,39.71911291466696,14
1046,8120,XD_8120_VA_NORFOLK.YZER,2026,6,2026-06-03,77.35532174661856,68.75083712968316,57,40.8703915498747,14
1047,8120,XD_8120_VA_NORFOLK.YZER,2026,6,2026-06-04,77.4562676106494,68.84055445617341,58,41.44603086747857,14
1048,8120,XD_8120_VA_NORFOLK.YZER,2026,6,2026-06-05,78.52087333115212,69.78674061176018,56,40.29475223227083,14
1049,8120,XD_8120_VA_NORFOLK.YZER,2026,6,2026-06-08,76.62197546990036,68.09906335003993,59,39.71911291466696,14
1050,8120,XD_8120_VA_NORFOLK.YZER,2026,6,2026-06-09,76.23286722553858,67.75323688419495,55,40.29475223227083,14
1051,8120,XD_8120_VA_NORFOLK.YZER,2026,6,2026-06-10,75.60428821899663,67.194576769724,60,42.59730950268631,14
1052,8120,XD_8120_VA_NORFOLK.YZER,2026,6,2026-06-11,77.66654288636921,69.02744012747557,57,41.44603086747857,14
1053,8120,XD_8120_VA_NORFOLK.YZER,2026,6,2026-06-12,78.22925042706675,69.52755587398956,58,40.29475223227083,14
1054,8120,XD_8120_VA_NORFOLK.YZER,2026,6,2026-06-15,64.55718373754938,57.37627773341014,61,42.59730950268631,14
1055,8120,XD_8120_VA_NORFOLK.YZER,2026,6,2026-06-22,80.09682491847447,71.18739396640804,54,37.992194961855354,14
1056,8120,XD_8120_VA_NORFOLK.YZER,2026,6,2026-06-23,76.23845308605617,67.75820141123721,58,41.44603086747857,14
1057,8120,XD_8120_VA_NORFOLK.YZER,2026,6,2026-06-24,78.11625266815909,69.42712722417896,56,40.29475223227083,14
1058,8120,XD_8120_VA_NORFOLK.YZER,2026,6,2026-06-25,76.82532091481015,68.27979001820437,57,40.29475223227083,14
1059,8120,XD_8120_VA_NORFOLK.YZER,2026,6,2026-06-26,75.45212824604911,67.05934204661034,59,42.59730950268631,14
1060,8120,XD_8120_VA_NORFOLK.YZER,2026,6,2026-06-29,69.86608225222105,62.09465015923699,59,42.021670185082435,14
1061,8120,XD_8120_VA_NORFOLK.YZER,2026,6,2026-06-30,76.63842421587034,68.1136824483726,56,40.8703915498747,14
1062,8120,XD_8120_VA_RICHMOND.YZER,2026,5,2026-05-01,70.19181824151691,38.08848679813201,114,234.40263654682772,23
1063,8120,XD_8120_VA_RICHMOND.YZER,2026,5,2026-05-04,76.23544830361824,41.367967649320256,118,240.51748793500585,23
1064,8120,XD_8120_VA_RICHMOND.YZER,2026,5,2026-05-05,76.3070416088159,41.40681663098465,116,238.47920413894647,23
1065,8120,XD_8120_VA_RICHMOND.YZER,2026,5,2026-05-06,77.69581782955962,42.160414216494544,116,238.47920413894647,23
1066,8120,XD_8120_VA_RICHMOND.YZER,2026,5,2026-05-07,77.2690320226528,41.928825607177316,116,238.47920413894647,23
1067,8120,XD_8120_VA_RICHMOND.YZER,2026,5,2026-05-08,78.3003503989036,42.48845431238254,114,232.36435275076838,23
1068,8120,XD_8120_VA_RICHMOND.YZER,2026,5,2026-05-11,78.35137998827112,42.516144716900214,114,236.4409203428871,23
1069,8120,XD_8120_VA_RICHMOND.YZER,2026,5,2026-05-12,78.90749605780748,42.81791236024409,114,234.40263654682772,23
1070,8120,XD_8120_VA_RICHMOND.YZER,2026,5,2026-05-13,78.27618352305086,42.475340537088925,117,240.51748793500585,23
1071,8120,XD_8120_VA_RICHMOND.YZER,2026,5,2026-05-14,77.97750167636265,42.313265528071746,116,238.47920413894647,23
1072,8120,XD_8120_VA_RICHMOND.YZER,2026,5,2026-05-15,76.68988109373102,41.61455845948124,115,236.4409203428871,23
1073,8120,XD_8120_VA_RICHMOND.YZER,2026,5,2026-05-18,80.06852460161655,43.44792624891367,113,230.326068954709,23
1074,8120,XD_8120_VA_RICHMOND.YZER,2026,5,2026-05-19,81.18381356105775,44.05312027112313,114,234.40263654682772,23
1075,8120,XD_8120_VA_RICHMOND.YZER,2026,5,2026-05-20,81.2787079749762,44.104613233156286,113,232.36435275076838,23
1076,8120,XD_8120_VA_RICHMOND.YZER,2026,5,2026-05-21,80.15455705686657,43.49461040837975,112,230.326068954709,23
1077,8120,XD_8120_VA_RICHMOND.YZER,2026,5,2026-05-22,81.29738669726564,44.11474894818905,114,234.40263654682772,23
1078,8120,XD_8120_VA_RICHMOND.YZER,2026,5,2026-05-26,83.03429036781723,45.057252421995656,113,232.36435275076838,23
1079,8120,XD_8120_VA_RICHMOND.YZER,2026,5,2026-05-27,84.64923652593694,45.93357756877543,118,242.55577173106522,23
1080,8120,XD_8120_VA_RICHMOND.YZER,2026,5,2026-05-28,81.76784163541086,44.3700339251219,115,236.4409203428871,23
1081,8120,XD_8120_VA_RICHMOND.YZER,2026,5,2026-05-29,81.61771694219782,44.2885711202143,117,240.51748793500585,23
1082,8120,XD_8120_VA_RICHMOND.YZER,2026,6,2026-06-01,100.42867392759005,55.76809862664277,105,204.6158845896699,23
1083,8120,XD_8120_VA_RICHMOND.YZER,2026,6,2026-06-02,81.6493824178119,45.3399475807484,113,220.05859286058836,23
1084,8120,XD_8120_VA_RICHMOND.YZER,2026,6,2026-06-03,80.62730162955344,44.77238554916077,115,223.919269928318,23
1085,8120,XD_8120_VA_RICHMOND.YZER,2026,6,2026-06-04,79.98614913658193,44.41635321233498,117,227.7799469960476,23
1086,8120,XD_8120_VA_RICHMOND.YZER,2026,6,2026-06-05,83.88469159110103,46.581216010986836,111,216.19791579285874,23
1087,8120,XD_8120_VA_RICHMOND.YZER,2026,6,2026-06-08,69.18977754536964,38.4211220481485,107,208.47656165739951,20
1088,8120,XD_8120_VA_RICHMOND.YZER,2026,6,2026-06-09,70.25064360456695,39.010221562313454,106,206.5462231235347,20
1089,8120,XD_8120_VA_RICHMOND.YZER,2026,6,2026-06-10,68.73767044889436,38.17006672540057,106,206.5462231235347,20
1090,8120,XD_8120_VA_RICHMOND.YZER,2026,6,2026-06-11,69.42846873571713,38.55366739923227,105,204.6158845896699,20
1091,8120,XD_8120_VA_RICHMOND.YZER,2026,6,2026-06-12,68.61891626968158,38.104122463471555,107,208.47656165739951,20
1092,8120,XD_8120_VA_RICHMOND.YZER,2026,6,2026-06-15,62.4336877967879,34.66946164385985,91,175.66080658169773,19
1093,8120,XD_8120_VA_RICHMOND.YZER,2026,6,2026-06-22,73.11126930623298,40.59872860940883,93,179.52148364942735,19
1094,8120,XD_8120_VA_RICHMOND.YZER,2026,6,2026-06-23,70.46011687057332,39.126542183719955,94,181.45182218329217,19
1095,8120,XD_8120_VA_RICHMOND.YZER,2026,6,2026-06-24,72.59672285772648,40.31300067966449,92,179.52148364942735,19
1096,8120,XD_8120_VA_RICHMOND.YZER,2026,6,2026-06-25,72.45345603691976,40.23344453419119,91,175.66080658169773,19
1097,8120,XD_8120_VA_RICHMOND.YZER,2026,6,2026-06-26,72.40039839102484,40.2039815938431,91,175.66080658169773,19
1098,8120,XD_8120_VA_RICHMOND.YZER,2026,6,2026-06-29,73.21039579644997,40.65377360469493,89,171.8001295139681,19
1099,8120,XD_8120_VA_RICHMOND.YZER,2026,6,2026-06-30,70.12279631220468,38.93922788958261,96,185.3124992510218,19
1100,8120,XD_8120_VA_ROANOKE.YZER,2026,5,2026-05-01,73.2612316357281,49.231536550227,58,103.53282914695734,11
1101,8120,XD_8120_VA_ROANOKE.YZER,2026,5,2026-05-04,84.84474495716483,57.015655745764,57,101.74778036856152,11
1102,8120,XD_8120_VA_ROANOKE.YZER,2026,5,2026-05-05,81.6659121390113,54.879480573987806,61,108.88797548214478,11
1103,8120,XD_8120_VA_ROANOKE.YZER,2026,5,2026-05-06,85.91181771899772,57.7327284799099,57,101.74778036856152,11
1104,8120,XD_8120_VA_ROANOKE.YZER,2026,5,2026-05-07,83.0506827262704,55.810046198645935,61,108.88797548214478,11
1105,8120,XD_8120_VA_ROANOKE.YZER,2026,5,2026-05-08,87.19417816250929,58.594474503498674,57,101.74778036856152,11
1106,8120,XD_8120_VA_ROANOKE.YZER,2026,5,2026-05-11,83.81670120479595,56.32481050005975,58,103.53282914695734,11
1107,8120,XD_8120_VA_ROANOKE.YZER,2026,5,2026-05-12,82.94344612438984,55.737983218443055,59,105.31787792535316,11
1108,8120,XD_8120_VA_ROANOKE.YZER,2026,5,2026-05-13,84.66168855387265,56.89264187050946,57,101.74778036856152,11
1109,8120,XD_8120_VA_ROANOKE.YZER,2026,5,2026-05-14,82.74075236573218,55.60177304336062,61,108.88797548214478,11
1110,8120,XD_8120_VA_ROANOKE.YZER,2026,5,2026-05-15,82.42397641046593,55.388899649456086,60,107.10292670374896,11
1111,8120,XD_8120_VA_ROANOKE.YZER,2026,5,2026-05-18,87.12870179172627,58.55047439226101,56,99.9627315901657,11
1112,8120,XD_8120_VA_ROANOKE.YZER,2026,5,2026-05-19,84.36836524581234,56.69552865197106,60,107.10292670374896,11
1113,8120,XD_8120_VA_ROANOKE.YZER,2026,5,2026-05-20,88.60890018442792,59.54516748770634,58,103.53282914695734,11
1114,8120,XD_8120_VA_ROANOKE.YZER,2026,5,2026-05-21,86.2401274349606,57.95335255925364,59,105.31787792535316,11
1115,8120,XD_8120_VA_ROANOKE.YZER,2026,5,2026-05-22,86.48733816615169,58.1194781331282,57,101.74778036856152,11
1116,8120,XD_8120_VA_ROANOKE.YZER,2026,5,2026-05-26,90.66249133116504,60.925180426916945,58,103.53282914695734,11
1117,8120,XD_8120_VA_ROANOKE.YZER,2026,5,2026-05-27,89.97043070260158,60.460115789463046,58,103.53282914695734,11
1118,8120,XD_8120_VA_ROANOKE.YZER,2026,5,2026-05-28,89.03753815631126,59.83321213981532,60,107.10292670374896,11
1119,8120,XD_8120_VA_ROANOKE.YZER,2026,5,2026-05-29,90.08916992566895,60.53990852935929,58,103.53282914695734,11
1120,8120,XD_8120_VA_ROANOKE.YZER,2026,6,2026-06-01,89.96617687130625,60.87848777395049,56,98.84185174443847,11
1121,8120,XD_8120_VA_ROANOKE.YZER,2026,6,2026-06-02,84.57181132819247,57.228217992736624,62,109.43205014562831,11
1122,8120,XD_8120_VA_ROANOKE.YZER,2026,6,2026-06-03,89.93918162830529,60.86022058034351,57,100.60688481130344,11
1123,8120,XD_8120_VA_ROANOKE.YZER,2026,6,2026-06-04,86.40906133175946,58.471451903185425,60,105.90198401189836,11
1124,8120,XD_8120_VA_ROANOKE.YZER,2026,6,2026-06-05,90.57807879172942,61.29255075713836,55,97.0768186775735,11
1125,8120,XD_8120_VA_ROANOKE.YZER,2026,6,2026-06-08,86.88482451087134,58.793392257773235,58,102.37191787816842,11
1126,8120,XD_8120_VA_ROANOKE.YZER,2026,6,2026-06-09,84.50076660784426,57.18014331301215,61,107.66701707876334,11
1127,8120,XD_8120_VA_ROANOKE.YZER,2026,6,2026-06-10,89.6398792126393,60.657688038820694,56,98.84185174443847,11
1128,8120,XD_8120_VA_ROANOKE.YZER,2026,6,2026-06-11,85.64273337243621,57.952891607250734,59,104.13695094503339,11
1129,8120,XD_8120_VA_ROANOKE.YZER,2026,6,2026-06-12,86.68113234630576,58.65555744716555,57,100.60688481130344,11
1130,8120,XD_8120_VA_ROANOKE.YZER,2026,6,2026-06-15,75.9000155031939,51.36017030559803,56,98.84185174443847,11
1131,8120,XD_8120_VA_ROANOKE.YZER,2026,6,2026-06-22,83.78251563800379,56.694115847950364,55,97.0768186775735,10
1132,8120,XD_8120_VA_ROANOKE.YZER,2026,6,2026-06-23,88.9378728996505,60.18265303979369,55,97.0768186775735,11
1133,8120,XD_8120_VA_ROANOKE.YZER,2026,6,2026-06-24,84.54204762617248,57.20807743288908,60,105.90198401189836,11
1134,8120,XD_8120_VA_ROANOKE.YZER,2026,6,2026-06-25,85.66717039276858,57.96942769776022,59,104.13695094503339,11
1135,8120,XD_8120_VA_ROANOKE.YZER,2026,6,2026-06-26,85.91340545120539,58.13605051664478,57,100.60688481130344,11
1136,8120,XD_8120_VA_ROANOKE.YZER,2026,6,2026-06-29,85.54581294314342,57.88730730240484,58,102.37191787816842,11
1137,8120,XD_8120_VA_ROANOKE.YZER,2026,6,2026-06-30,82.99766632234208,56.163022484538324,62,109.43205014562831,11
1138,8126,XD_8126_AL_MADISON.YZER,2026,5,2026-05-01,26.930491000918703,18.0760289731011,124,170.03540139477423,13
1139,8126,XD_8126_AL_MADISON.YZER,2026,5,2026-05-04,39.92337870335841,26.796991934583566,122,167.29289492066496,13
1140,8126,XD_8126_AL_MADISON.YZER,2026,5,2026-05-05,39.72176177196013,26.66166452843644,122,167.29289492066496,13
1141,8126,XD_8126_AL_MADISON.YZER,2026,5,2026-05-06,40.06485034596683,26.891949189933086,122,167.29289492066496,13
1142,8126,XD_8126_AL_MADISON.YZER,2026,5,2026-05-07,39.98244107890333,26.83663522261474,123,168.6641481577196,13
1143,8126,XD_8126_AL_MADISON.YZER,2026,5,2026-05-08,40.191432535546454,26.976912487714838,122,167.29289492066496,13
1144,8126,XD_8126_AL_MADISON.YZER,2026,5,2026-05-11,40.07872225031611,26.901260158118596,120,164.5503884465557,13
1145,8126,XD_8126_AL_MADISON.YZER,2026,5,2026-05-12,39.95360086875781,26.81727737005412,120,164.5503884465557,13
1146,8126,XD_8126_AL_MADISON.YZER,2026,5,2026-05-13,39.60848296455712,26.585630600774838,121,165.92164168361035,13
1147,8126,XD_8126_AL_MADISON.YZER,2026,5,2026-05-14,40.01900492245761,26.861177259201913,120,164.5503884465557,13
1148,8126,XD_8126_AL_MADISON.YZER,2026,5,2026-05-15,39.92972417274062,26.801251080411873,121,165.92164168361035,13
1149,8126,XD_8126_AL_MADISON.YZER,2026,5,2026-05-18,40.25414332202357,27.019004627559134,122,167.29289492066496,13
1150,8126,XD_8126_AL_MADISON.YZER,2026,5,2026-05-19,40.302598832018546,27.051528475807782,122,167.29289492066496,13
1151,8126,XD_8126_AL_MADISON.YZER,2026,5,2026-05-20,42.502972691913115,28.528442567041836,118,161.80788197244644,13
1152,8126,XD_8126_AL_MADISON.YZER,2026,5,2026-05-21,40.74813514715401,27.350577139297904,121,165.92164168361035,13
1153,8126,XD_8126_AL_MADISON.YZER,2026,5,2026-05-22,40.35199588221363,27.084684295747405,122,167.29289492066496,13
1154,8126,XD_8126_AL_MADISON.YZER,2026,5,2026-05-26,44.463693837525014,29.84449923437269,120,164.5503884465557,13
1155,8126,XD_8126_AL_MADISON.YZER,2026,5,2026-05-27,45.237934876383214,30.364177967674923,118,161.80788197244644,13
1156,8126,XD_8126_AL_MADISON.YZER,2026,5,2026-05-28,44.44502128345893,29.8319660195758,120,164.5503884465557,13
1157,8126,XD_8126_AL_MADISON.YZER,2026,5,2026-05-29,43.68726098879144,29.32334933521576,123,168.6641481577196,13
1158,8126,XD_8126_AL_MADISON.YZER,2026,6,2026-06-01,40.90106733989505,28.147858390007546,122,148.47887411055075,13
1159,8126,XD_8126_AL_MADISON.YZER,2026,6,2026-06-02,41.85666510745342,28.805494788967817,120,146.04479420709907,13
1160,8126,XD_8126_AL_MADISON.YZER,2026,6,2026-06-03,41.3642133114738,28.466592547078918,121,147.2618341588249,13
1161,8126,XD_8126_AL_MADISON.YZER,2026,6,2026-06-04,40.94274230794255,28.176538842017774,121,147.2618341588249,13
1162,8126,XD_8126_AL_MADISON.YZER,2026,6,2026-06-05,40.295950537701074,27.731420796435103,124,150.9129540140024,13
1163,8126,XD_8126_AL_MADISON.YZER,2026,6,2026-06-08,40.01231875775849,27.53622718179458,122,148.47887411055075,13
1164,8126,XD_8126_AL_MADISON.YZER,2026,6,2026-06-09,40.308031537342735,27.73973486472817,122,148.47887411055072,13
1165,8126,XD_8126_AL_MADISON.YZER,2026,6,2026-06-10,40.23888370079073,27.692147756668938,120,146.04479420709907,13
1166,8126,XD_8126_AL_MADISON.YZER,2026,6,2026-06-11,39.234168503861326,27.00070905042588,123,149.69591406227656,13
1167,8126,XD_8126_AL_MADISON.YZER,2026,6,2026-06-12,40.137159355071475,27.62214169901947,120,146.04479420709907,13
1168,8126,XD_8126_AL_MADISON.YZER,2026,6,2026-06-15,27.969872639787646,19.248691182280265,120,146.04479420709907,13
1169,8126,XD_8126_AL_MADISON.YZER,2026,6,2026-06-22,40.04892373446304,27.561418497514694,120,146.04479420709907,13
1170,8126,XD_8126_AL_MADISON.YZER,2026,6,2026-06-23,39.244794379168674,27.008021711265158,122,148.47887411055075,13
1171,8126,XD_8126_AL_MADISON.YZER,2026,6,2026-06-24,39.87564175766772,27.44216692630649,121,147.2618341588249,13
1172,8126,XD_8126_AL_MADISON.YZER,2026,6,2026-06-25,39.27087771406701,27.025972098988692,123,149.69591406227656,13
1173,8126,XD_8126_AL_MADISON.YZER,2026,6,2026-06-26,39.599670507500996,27.2522452402817,122,148.47887411055075,13
1174,8126,XD_8126_AL_MADISON.YZER,2026,6,2026-06-29,39.916386574234295,27.470207253892855,122,148.47887411055075,13
1175,8126,XD_8126_AL_MADISON.YZER,2026,6,2026-06-30,40.38841138669872,27.79505177365576,119,144.82775425537326,13
1176,8126,XD_8126_AL_MOBILE.YZER,2026,5,2026-05-01,35.76090512152371,25.197987056197224,95,120.9381027639009,11
1177,8126,XD_8126_AL_MOBILE.YZER,2026,5,2026-05-04,51.587501453859254,36.34978447772897,94,118.49490876867057,11
1178,8126,XD_8126_AL_MOBILE.YZER,2026,5,2026-05-05,49.62109052376777,34.96420441494171,97,123.38129675913122,11
1179,8126,XD_8126_AL_MOBILE.YZER,2026,5,2026-05-06,50.859815570336856,35.83703964054814,97,123.38129675913122,11
1180,8126,XD_8126_AL_MOBILE.YZER,2026,5,2026-05-07,51.36084314131331,36.19007562230979,94,120.9381027639009,11
1181,8126,XD_8126_AL_MOBILE.YZER,2026,5,2026-05-08,51.06146320631985,35.97912537646968,97,122.15969976151607,11
1182,8126,XD_8126_AL_MOBILE.YZER,2026,5,2026-05-11,51.42827834456177,36.23759207562137,94,119.71650576628574,11
1183,8126,XD_8126_AL_MOBILE.YZER,2026,5,2026-05-12,50.745425906324094,35.75643795377982,96,122.15969976151607,11
1184,8126,XD_8126_AL_MOBILE.YZER,2026,5,2026-05-13,50.432746061010874,35.53611627377307,96,122.15969976151607,11
1185,8126,XD_8126_AL_MOBILE.YZER,2026,5,2026-05-14,50.9311715638413,35.88731877622989,95,120.9381027639009,11
1186,8126,XD_8126_AL_MOBILE.YZER,2026,5,2026-05-15,51.36278976661194,36.191447260944535,94,120.9381027639009,11
1187,8126,XD_8126_AL_MOBILE.YZER,2026,5,2026-05-18,63.94924511264559,45.06016402901852,81,102.61414779967349,11
1188,8126,XD_8126_AL_MOBILE.YZER,2026,5,2026-05-19,52.60801188367047,37.068860477447444,95,122.15969976151607,11
1189,8126,XD_8126_AL_MOBILE.YZER,2026,5,2026-05-20,52.77741617663301,37.18822678450339,94,120.9381027639009,11
1190,8126,XD_8126_AL_MOBILE.YZER,2026,5,2026-05-21,52.116122650238935,36.722263586374055,95,120.9381027639009,11
1191,8126,XD_8126_AL_MOBILE.YZER,2026,5,2026-05-22,52.795856458102435,37.201220246838865,96,123.38129675913122,11
1192,8126,XD_8126_AL_MOBILE.YZER,2026,5,2026-05-26,56.52627541946017,39.82976246027152,95,120.9381027639009,11
1193,8126,XD_8126_AL_MOBILE.YZER,2026,5,2026-05-27,55.977265410534,39.44291690779925,95,120.9381027639009,11
1194,8126,XD_8126_AL_MOBILE.YZER,2026,5,2026-05-28,54.26131309309533,38.23381595979649,98,125.82449075436153,11
1195,8126,XD_8126_AL_MOBILE.YZER,2026,5,2026-05-29,55.40986646287965,39.043114070312086,96,123.38129675913122,11
1196,8126,XD_8126_AL_MOBILE.YZER,2026,6,2026-06-01,52.58225102520327,37.409296432515625,95,116.99981384118965,11
1197,8126,XD_8126_AL_MOBILE.YZER,2026,6,2026-06-02,52.17648804314444,37.12061902937621,96,118.1816301426158,11
1198,8126,XD_8126_AL_MOBILE.YZER,2026,6,2026-06-03,52.939640532324326,37.66355884527072,94,116.99981384118965,11
1199,8126,XD_8126_AL_MOBILE.YZER,2026,6,2026-06-04,52.929285584015105,37.656191885445104,96,118.1816301426158,11
1200,8126,XD_8126_AL_MOBILE.YZER,2026,6,2026-06-05,51.577381516053386,36.69438863357476,95,118.1816301426158,11
1201,8126,XD_8126_AL_MOBILE.YZER,2026,6,2026-06-08,53.54332344559486,38.09304508090102,93,113.45436493691116,11
1202,8126,XD_8126_AL_MOBILE.YZER,2026,6,2026-06-09,53.67006937188287,38.183217636006155,95,115.81799753976348,11
1203,8126,XD_8126_AL_MOBILE.YZER,2026,6,2026-06-10,50.47933841888698,35.91319309864251,97,118.1816301426158,11
1204,8126,XD_8126_AL_MOBILE.YZER,2026,6,2026-06-11,50.38000571454875,35.84252349987902,98,120.54526274546811,11
1205,8126,XD_8126_AL_MOBILE.YZER,2026,6,2026-06-12,51.292044049234825,36.49138717069706,96,116.99981384118965,11
1206,8126,XD_8126_AL_MOBILE.YZER,2026,6,2026-06-15,35.97537470896007,25.594443572095255,96,116.99981384118965,11
1207,8126,XD_8126_AL_MOBILE.YZER,2026,6,2026-06-22,52.649009645309725,37.456791413432114,95,115.8179975397635,11
1208,8126,XD_8126_AL_MOBILE.YZER,2026,6,2026-06-23,52.03736639403962,37.02164184772136,97,118.1816301426158,11
1209,8126,XD_8126_AL_MOBILE.YZER,2026,6,2026-06-24,52.26222486023339,37.181615923634766,95,118.1816301426158,11
1210,8126,XD_8126_AL_MOBILE.YZER,2026,6,2026-06-25,50.81488907448945,36.15191840421265,98,120.54526274546811,11
1211,8126,XD_8126_AL_MOBILE.YZER,2026,6,2026-06-26,50.74689561504786,36.10354490497802,98,121.72707904689427,11
1212,8126,XD_8126_AL_MOBILE.YZER,2026,6,2026-06-29,53.981996966882086,38.40513647058047,95,116.99981384118965,11
1213,8126,XD_8126_AL_MOBILE.YZER,2026,6,2026-06-30,51.47905700673312,36.624436308521574,97,120.54526274546811,11
1214,8126,XD_8126_AL_MONTGOMERY.YZER,2026,5,2026-05-01,39.304964148586734,24.766379860244072,104,148.8466326681129,13
1215,8126,XD_8126_AL_MONTGOMERY.YZER,2026,5,2026-05-04,56.383877587066145,35.52794311262569,109,155.93456755707066,13
1216,8126,XD_8126_AL_MONTGOMERY.YZER,2026,5,2026-05-05,56.76432578897534,35.76766664093144,109,155.93456755707066,13
1217,8126,XD_8126_AL_MONTGOMERY.YZER,2026,5,2026-05-06,57.88736405937814,36.475302254011815,106,151.68180662369602,13
1218,8126,XD_8126_AL_MONTGOMERY.YZER,2026,5,2026-05-07,57.67255635663709,36.339950161006975,107,153.09939360148755,13
1219,8126,XD_8126_AL_MONTGOMERY.YZER,2026,5,2026-05-08,57.9896970816483,36.53978312956251,105,150.26421964590446,13
1220,8126,XD_8126_AL_MONTGOMERY.YZER,2026,5,2026-05-11,56.09638480927573,35.34679155846278,107,153.09939360148755,13
1221,8126,XD_8126_AL_MONTGOMERY.YZER,2026,5,2026-05-12,55.44993955121213,34.939461106270215,109,155.93456755707066,13
1222,8126,XD_8126_AL_MONTGOMERY.YZER,2026,5,2026-05-13,55.68547585405114,35.08787445998645,110,157.35215453486222,13
1223,8126,XD_8126_AL_MONTGOMERY.YZER,2026,5,2026-05-14,57.1889532051675,36.035227854032485,105,150.26421964590446,13
1224,8126,XD_8126_AL_MONTGOMERY.YZER,2026,5,2026-05-15,55.44993955121213,34.939461106270215,109,155.93456755707066,13
1225,8126,XD_8126_AL_MONTGOMERY.YZER,2026,5,2026-05-18,57.28233333531292,36.094067438921506,107,153.09939360148755,13
1226,8126,XD_8126_AL_MONTGOMERY.YZER,2026,5,2026-05-19,57.66759167430759,36.33682187400504,106,151.68180662369602,13
1227,8126,XD_8126_AL_MONTGOMERY.YZER,2026,5,2026-05-20,56.68654485704383,35.71865623861133,109,155.93456755707066,13
1228,8126,XD_8126_AL_MONTGOMERY.YZER,2026,5,2026-05-21,57.05260436829606,35.94931333507516,107,153.09939360148755,13
1229,8126,XD_8126_AL_MONTGOMERY.YZER,2026,5,2026-05-22,57.60527105687277,36.29755314248602,107,153.09939360148755,13
1230,8126,XD_8126_AL_MONTGOMERY.YZER,2026,5,2026-05-26,60.56145399170508,38.16026822406332,106,151.68180662369602,13
1231,8126,XD_8126_AL_MONTGOMERY.YZER,2026,5,2026-05-27,59.69568981074014,37.61474312209114,109,155.93456755707066,13
1232,8126,XD_8126_AL_MONTGOMERY.YZER,2026,5,2026-05-28,59.85795026903478,37.71698476595146,109,155.93456755707066,13
1233,8126,XD_8126_AL_MONTGOMERY.YZER,2026,5,2026-05-29,61.05281835927494,38.46988093687536,105,150.26421964590446,13
1234,8126,XD_8126_AL_MONTGOMERY.YZER,2026,6,2026-06-01,57.45697637874347,36.13027072131508,108,147.27230557598452,13
1235,8126,XD_8126_AL_MONTGOMERY.YZER,2026,6,2026-06-02,57.67192189942875,36.26543341768639,106,144.57006143697564,13
1236,8126,XD_8126_AL_MONTGOMERY.YZER,2026,6,2026-06-03,57.09928939014997,35.9053489007482,107,145.92118350648008,13
1237,8126,XD_8126_AL_MONTGOMERY.YZER,2026,6,2026-06-04,57.99838453850567,36.47072064777821,106,144.57006143697564,13
1238,8126,XD_8126_AL_MONTGOMERY.YZER,2026,6,2026-06-05,58.93074745104817,37.057011931514076,102,139.16557315895787,13
1239,8126,XD_8126_AL_MONTGOMERY.YZER,2026,6,2026-06-08,58.5269185266115,36.8030749984458,106,144.57006143697564,13
1240,8126,XD_8126_AL_MONTGOMERY.YZER,2026,6,2026-06-09,56.409432515991554,35.47155100198643,107,145.92118350648008,13
1241,8126,XD_8126_AL_MONTGOMERY.YZER,2026,6,2026-06-10,56.28509124209318,35.39336234377775,107,145.92118350648008,13
1242,8126,XD_8126_AL_MONTGOMERY.YZER,2026,6,2026-06-11,56.27477929375709,35.386877953047005,107,145.92118350648008,13
1243,8126,XD_8126_AL_MONTGOMERY.YZER,2026,6,2026-06-12,57.01736378853236,35.85383219464903,107,145.92118350648008,13
1244,8126,XD_8126_AL_MONTGOMERY.YZER,2026,6,2026-06-15,39.0875473363747,24.57915045487676,105,143.2189393674712,13
1245,8126,XD_8126_AL_MONTGOMERY.YZER,2026,6,2026-06-22,56.41213154203963,35.4732482117588,107,145.92118350648008,13
1246,8126,XD_8126_AL_MONTGOMERY.YZER,2026,6,2026-06-23,55.55769267094283,34.93595736087853,107,145.92118350648008,13
1247,8126,XD_8126_AL_MONTGOMERY.YZER,2026,6,2026-06-24,55.741151464499126,35.051320477686176,107,145.92118350648008,13
1248,8126,XD_8126_AL_MONTGOMERY.YZER,2026,6,2026-06-25,56.23729244562308,35.363305359135296,106,144.57006143697564,13
1249,8126,XD_8126_AL_MONTGOMERY.YZER,2026,6,2026-06-26,55.652431309732734,34.99553120000096,108,147.27230557598452,13
1250,8126,XD_8126_AL_MONTGOMERY.YZER,2026,6,2026-06-29,59.62245330806312,37.49197251330193,102,139.16557315895787,13
1251,8126,XD_8126_AL_MONTGOMERY.YZER,2026,6,2026-06-30,57.382814844118556,36.083636239447394,107,145.92118350648008,13
1252,8126,XD_8126_LA_NEWORLEANS.HDSD,2026,5,2026-05-01,24.399431375525463,17.697196587847923,133,106.70838630134358,29
1253,8126,XD_8126_LA_NEWORLEANS.HDSD,2026,5,2026-05-04,24.16818635177214,17.529471833023134,136,109.11534238332877,29
1254,8126,XD_8126_LA_NEWORLEANS.HDSD,2026,5,2026-05-05,24.186130889804883,17.542487219011278,137,109.91766107732384,29
1255,8126,XD_8126_LA_NEWORLEANS.HDSD,2026,5,2026-05-06,24.372747473183598,17.677842437408636,137,109.91766107732383,29
1256,8126,XD_8126_LA_NEWORLEANS.HDSD,2026,5,2026-05-07,24.59460378405692,17.83875744757228,136,109.11534238332877,29
1257,8126,XD_8126_LA_NEWORLEANS.HDSD,2026,5,2026-05-08,24.284944789711087,17.614158111063546,129,103.49911152536332,29
1258,8126,XD_8126_LA_NEWORLEANS.HDSD,2026,5,2026-05-11,24.372747473183598,17.677842437408636,140,112.32461715930903,29
1259,8126,XD_8126_LA_NEWORLEANS.HDSD,2026,5,2026-05-12,24.39365961798306,17.693010263735967,140,112.32461715930903,29
1260,8126,XD_8126_LA_NEWORLEANS.HDSD,2026,5,2026-05-13,24.48670176034686,17.760494831676287,133,106.70838630134358,29
1261,8126,XD_8126_LA_NEWORLEANS.HDSD,2026,5,2026-05-14,23.224207031159175,16.844792450350802,137,109.91766107732383,28
1262,8126,XD_8126_LA_NEWORLEANS.HDSD,2026,5,2026-05-15,24.22963253587266,17.574039478181085,138,110.7199797713189,29
1263,8126,XD_8126_LA_NEWORLEANS.HDSD,2026,5,2026-05-18,24.16270769312589,17.525498097012317,141,113.12693585330409,29
1264,8126,XD_8126_LA_NEWORLEANS.HDSD,2026,5,2026-05-19,24.370236421304064,17.67602114173701,138,110.7199797713189,29
1265,8126,XD_8126_LA_NEWORLEANS.HDSD,2026,5,2026-05-20,24.191902647347284,17.54667354312323,137,110.71997977131889,29
1266,8126,XD_8126_LA_NEWORLEANS.HDSD,2026,5,2026-05-21,24.194413699226818,17.548494838794856,138,110.71997977131889,29
1267,8126,XD_8126_LA_NEWORLEANS.HDSD,2026,5,2026-05-22,24.258827490094063,17.595214924291998,135,108.3130236893337,29
1268,8126,XD_8126_LA_NEWORLEANS.HDSD,2026,5,2026-05-26,24.188641941684416,17.544308514682903,142,113.92925454729915,29
1269,8126,XD_8126_LA_NEWORLEANS.HDSD,2026,5,2026-05-27,24.284944789711087,17.614158111063546,134,107.51070499533864,29
1270,8126,XD_8126_LA_NEWORLEANS.HDSD,2026,5,2026-05-28,24.399431375525463,17.697196587847923,134,107.51070499533864,29
1271,8126,XD_8126_LA_NEWORLEANS.HDSD,2026,5,2026-05-29,24.370236421304064,17.67602114173701,140,112.32461715930903,29
1272,8126,XD_8126_LA_NEWORLEANS.HDSD,2026,6,2026-06-01,24.372747473183598,18.02977273449828,140,112.0680074436536,29
1273,8126,XD_8126_LA_NEWORLEANS.HDSD,2026,6,2026-06-02,24.22053099884384,17.917170392812675,131,104.86363553656159,29
1274,8126,XD_8126_LA_NEWORLEANS.HDSD,2026,6,2026-06-03,24.186130889804883,17.89172286586904,139,111.26752167619892,29
1275,8126,XD_8126_LA_NEWORLEANS.HDSD,2026,6,2026-06-04,24.492473517889263,18.11834023714929,130,104.06314976910691,29
1276,8126,XD_8126_LA_NEWORLEANS.HDSD,2026,6,2026-06-05,24.492473517889263,18.11834023714929,132,105.66412130401625,29
1277,8126,XD_8126_LA_NEWORLEANS.HDSD,2026,6,2026-06-08,24.39617066986259,18.04710007575525,135,108.06557860638026,29
1278,8126,XD_8126_LA_NEWORLEANS.HDSD,2026,6,2026-06-09,24.22304205072337,17.91902794681894,134,107.2650928389256,29
1279,8126,XD_8126_LA_NEWORLEANS.HDSD,2026,6,2026-06-10,24.21475924130144,17.912900727405333,132,105.66412130401625,29
1280,8126,XD_8126_LA_NEWORLEANS.HDSD,2026,6,2026-06-11,24.399431375525463,18.049512187156328,137,109.66655014128959,29
1281,8126,XD_8126_LA_NEWORLEANS.HDSD,2026,6,2026-06-12,24.59405807845894,18.19348755250306,125,100.06072093183357,29
1282,8126,XD_8126_LA_NEWORLEANS.HDSD,2026,6,2026-06-15,21.865304472745756,16.174888401398615,140,112.0680074436536,28
1283,8126,XD_8126_LA_NEWORLEANS.HDSD,2026,6,2026-06-16,24.365159385507486,18.02415943643083,131,108.06557860638026,28
1284,8126,XD_8126_LA_NEWORLEANS.HDSD,2026,6,2026-06-17,22.206847648393538,16.427545425097883,130,104.06314976910691,28
1285,8126,XD_8126_LA_NEWORLEANS.HDSD,2026,6,2026-06-18,24.39365961798306,18.045242521748985,136,108.86606437383493,29
1286,8126,XD_8126_LA_NEWORLEANS.HDSD,2026,6,2026-06-19,21.76416909467606,16.10007336940354,125,100.06072093183357,28
1287,8126,XD_8126_LA_NEWORLEANS.HDSD,2026,6,2026-06-22,23.88155651629886,17.666413563292142,139,111.26752167619894,29
1288,8126,XD_8126_LA_NEWORLEANS.HDSD,2026,6,2026-06-23,24.625977638946182,18.21710009031823,132,105.66412130401625,29
1289,8126,XD_8126_LA_NEWORLEANS.HDSD,2026,6,2026-06-24,23.254170679772038,17.202304046633525,135,109.66655014128959,29
1290,8126,XD_8126_LA_NEWORLEANS.HDSD,2026,6,2026-06-25,24.57701199141147,18.18087768667581,133,106.46460707147092,29
1291,8126,XD_8126_LA_NEWORLEANS.HDSD,2026,6,2026-06-26,24.637291676464805,18.22546966479459,128,102.46217823419758,29
1292,8126,XD_8126_LA_NEWORLEANS.HDSD,2026,6,2026-06-29,23.660465715123323,17.502861345665917,133,108.06557860638026,29
1293,8126,XD_8126_LA_NEWORLEANS.HDSD,2026,6,2026-06-30,21.895542103903633,16.19725672972951,133,106.46460707147092,28
1294,8126,XD_8126_MS_JACKSON.HDSD,2026,5,2026-05-01,28.391600101150892,15.676452310781064,163,254.2373380828555,35
1295,8126,XD_8126_MS_JACKSON.HDSD,2026,5,2026-05-04,27.46363275908559,15.164074152029125,164,257.3377934253294,35
1296,8126,XD_8126_MS_JACKSON.HDSD,2026,5,2026-05-05,27.7344123557041,15.313585395425042,167,261.98847643904014,35
1297,8126,XD_8126_MS_JACKSON.HDSD,2026,5,2026-05-06,28.56178900249421,15.770422294375775,167,261.98847643904014,35
1298,8126,XD_8126_MS_JACKSON.HDSD,2026,5,2026-05-07,28.617514372628833,15.801191116995977,165,257.3377934253294,35
1299,8126,XD_8126_MS_JACKSON.HDSD,2026,5,2026-05-08,27.425430518213044,15.142980743941179,166,258.88802109656626,35
1300,8126,XD_8126_MS_JACKSON.HDSD,2026,5,2026-05-11,29.074532058914773,16.053533920456168,163,254.2373380828555,35
1301,8126,XD_8126_MS_JACKSON.HDSD,2026,5,2026-05-12,28.12913413374332,15.531531446630792,170,265.08893178151396,35
1302,8126,XD_8126_MS_JACKSON.HDSD,2026,5,2026-05-13,28.492367446925364,15.732091108344061,167,260.4382487678032,35
1303,8126,XD_8126_MS_JACKSON.HDSD,2026,5,2026-05-14,30.06184176624497,16.598678029551508,166,258.88802109656626,35
1304,8126,XD_8126_MS_JACKSON.HDSD,2026,5,2026-05-15,28.436190556420218,15.701072978269167,162,252.6871104116186,35
1305,8126,XD_8126_MS_JACKSON.HDSD,2026,5,2026-05-18,28.339553191104983,15.647714553826495,164,255.78756575409244,35
1306,8126,XD_8126_MS_JACKSON.HDSD,2026,5,2026-05-19,28.06006746936547,15.49339621414912,168,263.5387041102771,35
1307,8126,XD_8126_MS_JACKSON.HDSD,2026,5,2026-05-20,27.73291508607583,15.312758676401096,168,261.98847643904014,35
1308,8126,XD_8126_MS_JACKSON.HDSD,2026,5,2026-05-21,28.881866759345645,15.947153569582062,165,257.3377934253294,35
1309,8126,XD_8126_MS_JACKSON.HDSD,2026,5,2026-05-22,30.303519083053345,16.7321204180765,162,252.6871104116186,35
1310,8126,XD_8126_MS_JACKSON.HDSD,2026,5,2026-05-26,28.509843185623758,15.741740356125975,164,255.78756575409244,35
1311,8126,XD_8126_MS_JACKSON.HDSD,2026,5,2026-05-27,27.781755900264056,15.339726184104558,162,255.78756575409244,35
1312,8126,XD_8126_MS_JACKSON.HDSD,2026,5,2026-05-28,28.841865848143353,15.925067023751025,167,260.4382487678032,35
1313,8126,XD_8126_MS_JACKSON.HDSD,2026,5,2026-05-29,27.731724158349763,15.31210110438554,167,260.4382487678032,35
1314,8126,XD_8126_MS_JACKSON.HDSD,2026,6,2026-06-01,30.13994152488622,16.60882793076343,163,245.89265174815336,35
1315,8126,XD_8126_MS_JACKSON.HDSD,2026,6,2026-06-02,28.968377188252212,15.963229117610236,165,248.89134262313084,35
1316,8126,XD_8126_MS_JACKSON.HDSD,2026,6,2026-06-03,27.779843285489246,15.30827910503076,170,259.386760685552,35
1317,8126,XD_8126_MS_JACKSON.HDSD,2026,6,2026-06-04,28.536071403183364,15.72500395742691,168,254.8887243730858,35
1318,8126,XD_8126_MS_JACKSON.HDSD,2026,6,2026-06-05,28.504746466050612,15.707742129285991,165,248.89134262313084,35
1319,8126,XD_8126_MS_JACKSON.HDSD,2026,6,2026-06-08,28.396636940097594,15.648167610445352,165,248.89134262313084,35
1320,8126,XD_8126_MS_JACKSON.HDSD,2026,6,2026-06-09,27.55178568487535,15.182606351360306,169,254.8887243730858,35
1321,8126,XD_8126_MS_JACKSON.HDSD,2026,6,2026-06-10,27.448200776495902,15.12552515503225,170,257.8874152480633,35
1322,8126,XD_8126_MS_JACKSON.HDSD,2026,6,2026-06-11,29.781700561938642,16.41141671460581,164,247.3919971856421,35
1323,8126,XD_8126_MS_JACKSON.HDSD,2026,6,2026-06-12,28.145774925430885,15.5099283231354,165,250.3906880606196,35
1324,8126,XD_8126_MS_JACKSON.HDSD,2026,6,2026-06-15,29.847852488969732,16.447870201831076,162,244.39330631066463,35
1325,8126,XD_8126_MS_JACKSON.HDSD,2026,6,2026-06-16,30.176807977109807,16.629143449985445,163,253.38937893559708,35
1326,8126,XD_8126_MS_JACKSON.HDSD,2026,6,2026-06-17,27.910529473276636,15.380294653040236,167,253.38937893559705,35
1327,8126,XD_8126_MS_JACKSON.HDSD,2026,6,2026-06-18,27.145399751209077,14.958664508600833,167,251.89003349810832,35
1328,8126,XD_8126_MS_JACKSON.HDSD,2026,6,2026-06-19,28.777108382030605,15.857829089264653,161,241.39461543568714,35
1329,8126,XD_8126_MS_JACKSON.HDSD,2026,6,2026-06-22,25.52797710565753,14.06737232115233,162,247.3919971856421,35
1330,8126,XD_8126_MS_JACKSON.HDSD,2026,6,2026-06-23,26.37587990233147,14.53461515373522,165,251.89003349810832,35
1331,8126,XD_8126_MS_JACKSON.HDSD,2026,6,2026-06-24,27.422040309949256,15.111109244931594,165,248.89134262313084,35
1332,8126,XD_8126_MS_JACKSON.HDSD,2026,6,2026-06-25,25.948506529101916,14.299108033978579,165,250.3906880606196,34
1333,8126,XD_8126_MS_JACKSON.HDSD,2026,6,2026-06-26,25.743034578288764,14.185881262359391,162,247.3919971856421,35
1334,8126,XD_8126_MS_JACKSON.HDSD,2026,6,2026-06-29,27.68506531612991,15.256051034733522,165,250.3906880606196,34
1335,8126,XD_8126_MS_JACKSON.HDSD,2026,6,2026-06-30,25.32081390740602,13.953213575671521,162,247.3919971856421,34
1336,8126,XD_8126_MS_TUPELO.YZER,2026,5,2026-05-01,30.06351116604275,32.076116999721606,40,35.884290469786265,5
1337,8126,XD_8126_MS_TUPELO.YZER,2026,5,2026-05-04,39.64907587379902,42.303388637296734,39,34.987183208041614,5
1338,8126,XD_8126_MS_TUPELO.YZER,2026,5,2026-05-05,37.85599516902858,40.390269901481076,40,36.78139773153092,5
1339,8126,XD_8126_MS_TUPELO.YZER,2026,5,2026-05-06,38.227040875421125,40.78615531302724,41,37.67850499327558,5
1340,8126,XD_8126_MS_TUPELO.YZER,2026,5,2026-05-07,39.07080567893482,41.68640606578437,41,36.78139773153092,5
1341,8126,XD_8126_MS_TUPELO.YZER,2026,5,2026-05-08,39.465987508213935,42.10804339623826,40,35.884290469786265,5
1342,8126,XD_8126_MS_TUPELO.YZER,2026,5,2026-05-11,39.27018480282577,41.89913265217365,40,35.884290469786265,5
1343,8126,XD_8126_MS_TUPELO.YZER,2026,5,2026-05-12,38.209811847965895,40.76777288599158,41,36.78139773153092,5
1344,8126,XD_8126_MS_TUPELO.YZER,2026,5,2026-05-13,37.80331673565038,40.33406490323357,41,37.67850499327558,5
1345,8126,XD_8126_MS_TUPELO.YZER,2026,5,2026-05-14,36.412250044569646,38.84987306379467,42,38.57561225502024,5
1346,8126,XD_8126_MS_TUPELO.YZER,2026,5,2026-05-15,38.637451445078376,41.22404087394993,41,36.78139773153092,5
1347,8126,XD_8126_MS_TUPELO.YZER,2026,5,2026-05-18,40.23051509003141,42.92375238074273,40,35.884290469786265,5
1348,8126,XD_8126_MS_TUPELO.YZER,2026,5,2026-05-19,39.36976078469955,42.005374761663276,40,36.78139773153092,5
1349,8126,XD_8126_MS_TUPELO.YZER,2026,5,2026-05-20,39.40769366363981,42.04584706233048,41,36.78139773153092,5
1350,8126,XD_8126_MS_TUPELO.YZER,2026,5,2026-05-21,39.40769366363981,42.04584706233048,41,36.78139773153092,5
1351,8126,XD_8126_MS_TUPELO.YZER,2026,5,2026-05-22,42.3171151266525,45.15004013990109,39,34.987183208041614,5
1352,8126,XD_8126_MS_TUPELO.YZER,2026,5,2026-05-26,41.050493604663934,43.79862446828249,41,36.78139773153092,5
1353,8126,XD_8126_MS_TUPELO.YZER,2026,5,2026-05-27,42.01044748676823,44.82284259325966,39,35.884290469786265,5
1354,8126,XD_8126_MS_TUPELO.YZER,2026,5,2026-05-28,41.32235371256995,44.08868428799509,41,37.67850499327558,5
1355,8126,XD_8126_MS_TUPELO.YZER,2026,5,2026-05-29,41.41364510871815,44.1860871990438,42,37.67850499327558,5
1356,8126,XD_8126_MS_TUPELO.YZER,2026,6,2026-06-01,40.086450805664064,43.05123976950473,41,35.922345374011904,5
1357,8126,XD_8126_MS_TUPELO.YZER,2026,6,2026-06-02,40.51643444824219,43.51302494932365,39,35.0461906087921,5
1358,8126,XD_8126_MS_TUPELO.YZER,2026,6,2026-06-03,42.44533386626801,45.58458553070978,40,35.0461906087921,5
1359,8126,XD_8126_MS_TUPELO.YZER,2026,6,2026-06-04,39.8893162764292,42.839525194770175,40,35.922345374011904,5
1360,8126,XD_8126_MS_TUPELO.YZER,2026,6,2026-06-05,40.76204293387277,43.77679860829805,40,35.0461906087921,5
1361,8126,XD_8126_MS_TUPELO.YZER,2026,6,2026-06-08,41.39510184548118,44.45667847903044,39,34.1700358435723,5
1362,8126,XD_8126_MS_TUPELO.YZER,2026,6,2026-06-09,38.3906721411811,41.23004152387828,41,36.798500139231706,5
1363,8126,XD_8126_MS_TUPELO.YZER,2026,6,2026-06-10,39.77347150530134,42.71511255863917,40,35.0461906087921,5
1364,8126,XD_8126_MS_TUPELO.YZER,2026,6,2026-06-11,39.43851116604275,42.35537859394857,40,35.0461906087921,5
1365,8126,XD_8126_MS_TUPELO.YZER,2026,6,2026-06-12,39.77347150530134,42.71511255863917,40,35.0461906087921,5
1366,8126,XD_8126_MS_TUPELO.YZER,2026,6,2026-06-15,29.989892711997204,32.20794148289841,40,35.92234537401191,5
1367,8126,XD_8126_MS_TUPELO.YZER,2026,6,2026-06-22,37.085553472032714,39.828396438720844,42,37.674654904451515,5
1368,8126,XD_8126_MS_TUPELO.YZER,2026,6,2026-06-23,38.95195979535416,41.83284194381601,39,35.0461906087921,5
1369,8126,XD_8126_MS_TUPELO.YZER,2026,6,2026-06-24,37.568261384373194,40.3468053687993,41,36.79850013923171,5
1370,8126,XD_8126_MS_TUPELO.YZER,2026,6,2026-06-25,39.54051686629873,42.46492862323068,40,35.0461906087921,5
1371,8126,XD_8126_MS_TUPELO.YZER,2026,6,2026-06-26,38.4144684056177,41.25559775710144,41,35.92234537401191,5
1372,8126,XD_8126_MS_TUPELO.YZER,2026,6,2026-06-29,38.75915706275149,41.62577954485898,41,35.92234537401191,5
1373,8126,XD_8126_MS_TUPELO.YZER,2026,6,2026-06-30,39.356221043593216,42.26700230417896,39,35.0461906087921,5
1374,8131,XD_8131_CO_BAYFIELD.ARHG,2026,5,2026-05-01,32.15999984741211,47.46341588614579,6,5.89720966284438,1
1375,8131,XD_8131_CO_BAYFIELD.ARHG,2026,5,2026-05-04,32.15999984741211,47.46341588614579,7,6.880077939985111,1
1376,8131,XD_8131_CO_BAYFIELD.ARHG,2026,5,2026-05-05,32.15999984741211,47.46341588614579,7,6.880077939985111,1
1377,8131,XD_8131_CO_BAYFIELD.ARHG,2026,5,2026-05-06,32.61000061035156,48.12755063309284,7,6.880077939985111,1
1378,8131,XD_8131_CO_BAYFIELD.ARHG,2026,5,2026-05-07,32.61000061035156,48.12755063309284,7,6.880077939985111,1
1379,8131,XD_8131_CO_BAYFIELD.ARHG,2026,5,2026-05-08,32.61000061035156,48.12755063309284,7,6.880077939985111,1
1380,8131,XD_8131_CO_BAYFIELD.ARHG,2026,5,2026-05-11,32.61000061035156,48.12755063309284,7,6.880077939985111,1
1381,8131,XD_8131_CO_BAYFIELD.ARHG,2026,5,2026-05-12,32.61000061035156,48.12755063309284,7,6.880077939985111,1
1382,8131,XD_8131_CO_BAYFIELD.ARHG,2026,5,2026-05-13,32.61000061035156,48.12755063309284,7,6.880077939985111,1
1383,8131,XD_8131_CO_BAYFIELD.ARHG,2026,5,2026-05-14,32.61000061035156,48.12755063309284,7,6.880077939985111,1
1384,8131,XD_8131_CO_BAYFIELD.ARHG,2026,5,2026-05-15,32.61000061035156,48.127550633092845,6,5.89720966284438,1
1385,8131,XD_8131_CO_BAYFIELD.ARHG,2026,5,2026-05-18,32.61000061035156,48.12755063309284,7,6.880077939985111,1
1386,8131,XD_8131_CO_BAYFIELD.ARHG,2026,5,2026-05-19,32.61000061035156,48.12755063309284,7,6.880077939985111,1
1387,8131,XD_8131_CO_BAYFIELD.ARHG,2026,5,2026-05-20,32.91999816894531,48.585061302154884,7,6.880077939985111,1
1388,8131,XD_8131_CO_BAYFIELD.ARHG,2026,5,2026-05-21,32.91999816894531,48.585061302154884,6,5.89720966284438,1
1389,8131,XD_8131_CO_BAYFIELD.ARHG,2026,5,2026-05-22,32.91999816894531,48.585061302154884,6,5.89720966284438,1
1390,8131,XD_8131_CO_BAYFIELD.ARHG,2026,5,2026-05-26,32.91999816894531,48.585061302154884,8,7.862946217125841,1
1391,8131,XD_8131_CO_BAYFIELD.ARHG,2026,5,2026-05-27,32.91999816894531,48.585061302154884,7,6.880077939985111,1
1392,8131,XD_8131_CO_BAYFIELD.ARHG,2026,5,2026-05-28,32.91999816894531,48.585061302154884,7,6.880077939985111,1
1393,8131,XD_8131_CO_BAYFIELD.ARHG,2026,5,2026-05-29,32.91999816894531,48.585061302154884,7,6.880077939985111,1
1394,8131,XD_8131_CO_BAYFIELD.ARHG,2026,6,2026-06-01,32.91999816894531,48.54964594159132,8,7.880166049732522,1
1395,8131,XD_8131_CO_BAYFIELD.ARHG,2026,6,2026-06-02,32.91999816894531,48.54964594159132,7,6.895145293515957,1
1396,8131,XD_8131_CO_BAYFIELD.ARHG,2026,6,2026-06-03,32.61000061035156,48.092468768152656,8,7.880166049732522,1
1397,8131,XD_8131_CO_BAYFIELD.ARHG,2026,6,2026-06-04,32.61000061035156,48.09246876815265,7,6.895145293515957,1
1398,8131,XD_8131_CO_BAYFIELD.ARHG,2026,6,2026-06-05,32.61000061035156,48.09246876815265,7,6.895145293515957,1
1399,8131,XD_8131_CO_BAYFIELD.ARHG,2026,6,2026-06-08,32.61000061035156,48.092468768152656,6,5.910124537299391,1
1400,8131,XD_8131_CO_BAYFIELD.ARHG,2026,6,2026-06-09,32.61000061035156,48.09246876815265,7,6.895145293515957,1
1401,8131,XD_8131_CO_BAYFIELD.ARHG,2026,6,2026-06-10,32.310001373291016,47.65003688625247,7,6.895145293515957,1
1402,8131,XD_8131_CO_BAYFIELD.ARHG,2026,6,2026-06-11,32.310001373291016,47.65003688625247,7,6.895145293515957,1
1403,8131,XD_8131_CO_BAYFIELD.ARHG,2026,6,2026-06-12,32.310001373291016,47.65003688625247,7,6.895145293515957,1
1404,8131,XD_8131_CO_BAYFIELD.ARHG,2026,6,2026-06-15,32.310001373291016,47.65003688625247,7,6.895145293515957,1
1405,8131,XD_8131_CO_BAYFIELD.ARHG,2026,6,2026-06-16,32.310001373291016,47.65003688625247,7,6.895145293515957,1
1406,8131,XD_8131_CO_BAYFIELD.ARHG,2026,6,2026-06-17,32.310001373291016,47.65003688625247,7,6.895145293515957,1
1407,8131,XD_8131_CO_BAYFIELD.ARHG,2026,6,2026-06-18,32.310001373291016,47.65003688625247,7,6.895145293515957,1
1408,8131,XD_8131_CO_BAYFIELD.ARHG,2026,6,2026-06-19,32.310001373291016,47.65003688625247,7,6.895145293515957,1
1409,8131,XD_8131_CO_BAYFIELD.ARHG,2026,6,2026-06-22,32.310001373291016,47.65003688625247,7,6.895145293515957,1
1410,8131,XD_8131_CO_BAYFIELD.ARHG,2026,6,2026-06-23,31.850000381469727,46.971638146037115,7,6.895145293515957,1
1411,8131,XD_8131_CO_BAYFIELD.ARHG,2026,6,2026-06-24,31.850000381469727,46.971638146037115,7,6.895145293515957,1
1412,8131,XD_8131_CO_BAYFIELD.ARHG,2026,6,2026-06-25,31.850000381469727,46.971638146037115,7,6.895145293515957,1
1413,8131,XD_8131_CO_BAYFIELD.ARHG,2026,6,2026-06-26,31.850000381469727,46.971638146037115,7,6.895145293515957,1
1414,8131,XD_8131_CO_BAYFIELD.ARHG,2026,6,2026-06-29,31.850000381469727,46.971638146037115,7,6.895145293515957,1
1415,8131,XD_8131_CO_BAYFIELD.ARHG,2026,6,2026-06-30,31.700000762939453,46.75042220508703,7,6.895145293515957,1
1416,8131,XD_8131_CO_COLORADOSPRINGS.ARHG,2026,5,2026-05-01,38.78571483067104,44.8874541696003,7,14.267986572415602,1
1417,8131,XD_8131_CO_COLORADOSPRINGS.ARHG,2026,5,2026-05-04,38.78571483067104,44.8874541696003,7,14.267986572415602,1
1418,8131,XD_8131_CO_COLORADOSPRINGS.ARHG,2026,5,2026-05-05,34.70000076293945,40.158978653136046,6,12.22970277635623,1
1419,8131,XD_8131_CO_COLORADOSPRINGS.ARHG,2026,5,2026-05-06,35.189998626708984,40.72606261044302,6,12.22970277635623,1
1420,8131,XD_8131_CO_COLORADOSPRINGS.ARHG,2026,5,2026-05-07,35.189998626708984,40.72606261044302,6,12.22970277635623,1
1421,8131,XD_8131_CO_COLORADOSPRINGS.ARHG,2026,5,2026-05-08,35.189998626708984,40.72606261044302,6,12.22970277635623,1
1422,8131,XD_8131_CO_COLORADOSPRINGS.ARHG,2026,5,2026-05-11,35.189998626708984,40.72606261044302,6,12.22970277635623,1
1423,8131,XD_8131_CO_COLORADOSPRINGS.ARHG,2026,5,2026-05-12,35.189998626708984,40.72606261044302,6,12.22970277635623,1
1424,8131,XD_8131_CO_COLORADOSPRINGS.ARHG,2026,5,2026-05-13,39.334284101213726,45.52232394311971,7,14.267986572415602,1
1425,8131,XD_8131_CO_COLORADOSPRINGS.ARHG,2026,5,2026-05-14,39.334284101213726,45.52232394311971,7,14.267986572415602,1
1426,8131,XD_8131_CO_COLORADOSPRINGS.ARHG,2026,5,2026-05-15,39.334284101213726,45.52232394311971,7,14.267986572415602,1
1427,8131,XD_8131_CO_COLORADOSPRINGS.ARHG,2026,5,2026-05-18,39.334284101213726,45.52232394311971,7,14.267986572415602,1
1428,8131,XD_8131_CO_COLORADOSPRINGS.ARHG,2026,5,2026-05-19,39.334284101213726,45.52232394311971,7,14.267986572415602,1
1429,8131,XD_8131_CO_COLORADOSPRINGS.ARHG,2026,5,2026-05-20,35.52000045776367,41.10798008010992,6,12.22970277635623,1
1430,8131,XD_8131_CO_COLORADOSPRINGS.ARHG,2026,5,2026-05-21,39.702857971191406,45.94888157571624,7,14.267986572415602,1
1431,8131,XD_8131_CO_COLORADOSPRINGS.ARHG,2026,5,2026-05-22,39.702857971191406,45.94888157571624,7,14.267986572415602,1
1432,8131,XD_8131_CO_COLORADOSPRINGS.ARHG,2026,5,2026-05-26,39.702857971191406,45.94888157571624,7,14.267986572415602,1
1433,8131,XD_8131_CO_COLORADOSPRINGS.ARHG,2026,5,2026-05-27,39.702857971191406,45.94888157571624,7,14.267986572415602,1
1434,8131,XD_8131_CO_COLORADOSPRINGS.ARHG,2026,5,2026-05-28,35.52000045776367,41.10798008010992,6,12.22970277635623,1
1435,8131,XD_8131_CO_COLORADOSPRINGS.ARHG,2026,5,2026-05-29,35.52000045776367,41.10798008010992,6,12.22970277635623,1
1436,8131,XD_8131_CO_COLORADOSPRINGS.ARHG,2026,6,2026-06-01,35.52000045776367,41.86038271616877,6,11.582031203188862,1
1437,8131,XD_8131_CO_COLORADOSPRINGS.ARHG,2026,6,2026-06-02,35.52000045776367,41.86038271616877,6,11.582031203188862,1
1438,8131,XD_8131_CO_COLORADOSPRINGS.ARHG,2026,6,2026-06-03,35.189998626708984,41.47147498061253,6,11.582031203188862,1
1439,8131,XD_8131_CO_COLORADOSPRINGS.ARHG,2026,6,2026-06-04,39.334284101213726,46.355522666763655,7,13.512369737053671,1
1440,8131,XD_8131_CO_COLORADOSPRINGS.ARHG,2026,6,2026-06-05,39.334284101213726,46.355522666763655,7,13.512369737053671,1
1441,8131,XD_8131_CO_COLORADOSPRINGS.ARHG,2026,6,2026-06-08,39.334284101213726,46.355522666763655,7,13.512369737053671,1
1442,8131,XD_8131_CO_COLORADOSPRINGS.ARHG,2026,6,2026-06-09,39.334284101213726,46.355522666763655,7,13.512369737053671,1
1443,8131,XD_8131_CO_COLORADOSPRINGS.ARHG,2026,6,2026-06-10,34.86000061035156,41.08257174068368,6,11.582031203188862,1
1444,8131,XD_8131_CO_COLORADOSPRINGS.ARHG,2026,6,2026-06-11,34.86000061035156,41.08257174068368,6,11.582031203188862,1
1445,8131,XD_8131_CO_COLORADOSPRINGS.ARHG,2026,6,2026-06-12,38.965714590890066,45.92116285367735,7,13.512369737053671,1
1446,8131,XD_8131_CO_COLORADOSPRINGS.ARHG,2026,6,2026-06-15,38.965714590890066,45.92116285367736,7,13.512369737053671,1
1447,8131,XD_8131_CO_COLORADOSPRINGS.ARHG,2026,6,2026-06-16,33.98571450369699,40.05222403357969,7,13.512369737053671,1
1448,8131,XD_8131_CO_COLORADOSPRINGS.ARHG,2026,6,2026-06-17,38.965714590890066,45.92116285367735,7,13.512369737053671,1
1449,8131,XD_8131_CO_COLORADOSPRINGS.ARHG,2026,6,2026-06-18,38.965714590890066,45.92116285367735,7,13.512369737053671,1
1450,8131,XD_8131_CO_COLORADOSPRINGS.ARHG,2026,6,2026-06-19,38.965714590890066,45.92116285367735,7,13.512369737053671,1
1451,8131,XD_8131_CO_COLORADOSPRINGS.ARHG,2026,6,2026-06-22,38.965714590890066,45.92116285367735,7,13.512369737053671,1
1452,8131,XD_8131_CO_COLORADOSPRINGS.ARHG,2026,6,2026-06-23,38.41714205060686,45.27466915469385,7,13.512369737053671,1
1453,8131,XD_8131_CO_COLORADOSPRINGS.ARHG,2026,6,2026-06-24,38.41714205060686,45.27466915469385,7,13.512369737053671,1
1454,8131,XD_8131_CO_COLORADOSPRINGS.ARHG,2026,6,2026-06-25,38.41714205060686,45.27466915469385,7,13.512369737053671,1
1455,8131,XD_8131_CO_COLORADOSPRINGS.ARHG,2026,6,2026-06-26,38.41714205060686,45.27466915469385,7,13.512369737053671,1
1456,8131,XD_8131_CO_COLORADOSPRINGS.ARHG,2026,6,2026-06-29,34.369998931884766,40.50510390487734,6,11.582031203188862,1
1457,8131,XD_8131_CO_COLORADOSPRINGS.ARHG,2026,6,2026-06-30,38.23714229038784,45.06253912219154,7,13.512369737053671,1
1458,8131,XD_8131_CO_DENVER.ARHG,2026,5,2026-05-01,34.724767633846824,35.042950539158625,24,48.918811105424915,8
1459,8131,XD_8131_CO_DENVER.ARHG,2026,5,2026-05-04,34.724767633846824,35.04295053915862,25,50.95709490148429,8
1460,8131,XD_8131_CO_DENVER.ARHG,2026,5,2026-05-05,34.939583071072896,35.25973432936672,23,46.88052730936555,8
1461,8131,XD_8131_CO_DENVER.ARHG,2026,5,2026-05-06,35.233244549660455,35.55608662689425,25,50.95709490148429,8
1462,8131,XD_8131_CO_DENVER.ARHG,2026,5,2026-05-07,35.43395882447561,35.75864004579732,23,46.88052730936555,8
1463,8131,XD_8131_CO_DENVER.ARHG,2026,5,2026-05-08,35.299667175610864,35.62311788309745,23,46.88052730936555,8
1464,8131,XD_8131_CO_DENVER.ARHG,2026,5,2026-05-11,35.21603622777121,35.53872062522117,24,48.918811105424915,8
1465,8131,XD_8131_CO_DENVER.ARHG,2026,5,2026-05-12,35.43395882447561,35.75864004579732,23,46.88052730936555,8
1466,8131,XD_8131_CO_DENVER.ARHG,2026,5,2026-05-13,35.21603622777121,35.53872062522117,24,48.918811105424915,8
1467,8131,XD_8131_CO_DENVER.ARHG,2026,5,2026-05-14,35.41675050258637,35.74127404412424,22,44.84224351330617,8
1468,8131,XD_8131_CO_DENVER.ARHG,2026,5,2026-05-15,35.299667175610864,35.62311788309745,23,46.88052730936555,8
1469,8131,XD_8131_CO_DENVER.ARHG,2026,5,2026-05-18,35.299667175610864,35.62311788309745,23,46.88052730936555,8
1470,8131,XD_8131_CO_DENVER.ARHG,2026,5,2026-05-19,35.46692907129015,35.79191239885001,26,52.99537869754366,8
1471,8131,XD_8131_CO_DENVER.ARHG,2026,5,2026-05-20,35.64729185899099,35.97392785004469,24,48.91881110542492,8
1472,8131,XD_8131_CO_DENVER.ARHG,2026,5,2026-05-21,35.545553762572155,35.87125752786007,24,48.918811105424915,8
1473,8131,XD_8131_CO_DENVER.ARHG,2026,5,2026-05-22,35.64729185899099,35.97392785004469,24,48.91881110542492,8
1474,8131,XD_8131_CO_DENVER.ARHG,2026,5,2026-05-26,35.629958526293436,35.95643569208977,23,46.88052730936555,8
1475,8131,XD_8131_CO_DENVER.ARHG,2026,5,2026-05-27,35.76545852820078,36.093177279966284,24,48.91881110542492,8
1476,8131,XD_8131_CO_DENVER.ARHG,2026,5,2026-05-28,35.64729185899099,35.97392785004469,25,50.95709490148429,8
1477,8131,XD_8131_CO_DENVER.ARHG,2026,5,2026-05-29,35.629958526293436,35.95643569208977,23,46.88052730936555,8
1478,8131,XD_8131_CO_DENVER.ARHG,2026,6,2026-06-01,35.629958526293436,36.311722768338825,23,44.397786278890635,8
1479,8131,XD_8131_CO_DENVER.ARHG,2026,6,2026-06-02,35.70381269454956,36.386990104982615,26,50.188801880485066,8
1480,8131,XD_8131_CO_DENVER.ARHG,2026,6,2026-06-03,35.76800048351288,36.45240610023921,22,42.46744774502582,8
1481,8131,XD_8131_CO_DENVER.ARHG,2026,6,2026-06-04,35.233244549660455,35.90741783693703,26,50.188801880485066,8
1482,8131,XD_8131_CO_DENVER.ARHG,2026,6,2026-06-05,35.650917156537375,36.33308243314058,24,46.32812481275545,8
1483,8131,XD_8131_CO_DENVER.ARHG,2026,6,2026-06-08,35.41675050258637,36.09443509894333,23,44.397786278890635,8
1484,8131,XD_8131_CO_DENVER.ARHG,2026,6,2026-06-09,35.27291707197825,35.94784947625149,24,46.32812481275545,8
1485,8131,XD_8131_CO_DENVER.ARHG,2026,6,2026-06-10,34.99114537239075,35.66068619393011,24,46.32812481275545,8
1486,8131,XD_8131_CO_DENVER.ARHG,2026,6,2026-06-11,35.13974061693464,35.81212474586077,24,46.32812481275545,8
1487,8131,XD_8131_CO_DENVER.ARHG,2026,6,2026-06-12,35.10706203778585,35.77882087587062,24,46.32812481275545,8
1488,8131,XD_8131_CO_DENVER.ARHG,2026,6,2026-06-15,35.38333288828532,36.060378052674714,22,42.46744774502583,8
1489,8131,XD_8131_CO_DENVER.ARHG,2026,6,2026-06-16,41.90477015177409,42.70660027008668,21,44.397786278890635,8
1490,8131,XD_8131_CO_DENVER.ARHG,2026,6,2026-06-17,35.321895376841226,35.99776496033871,23,44.397786278890635,8
1491,8131,XD_8131_CO_DENVER.ARHG,2026,6,2026-06-18,35.321895376841226,35.99776496033871,23,44.397786278890635,8
1492,8131,XD_8131_CO_DENVER.ARHG,2026,6,2026-06-19,35.38333288828532,36.060378052674714,22,42.46744774502583,8
1493,8131,XD_8131_CO_DENVER.ARHG,2026,6,2026-06-22,34.89134776251657,35.5589789988454,24,48.25846334662025,8
1494,8131,XD_8131_CO_DENVER.ARHG,2026,6,2026-06-23,33.94729471206665,34.59686189109618,23,48.25846334662025,8
1495,8131,XD_8131_CO_DENVER.ARHG,2026,6,2026-06-24,33.06102092379615,33.69362962736019,23,48.25846334662025,8
1496,8131,XD_8131_CO_DENVER.ARHG,2026,6,2026-06-25,34.493645906448364,35.15366728535167,24,48.25846334662026,8
1497,8131,XD_8131_CO_DENVER.ARHG,2026,6,2026-06-26,33.159479220708214,33.79397188229363,23,48.25846334662026,8
1498,8131,XD_8131_CO_DENVER.ARHG,2026,6,2026-06-29,33.27381253242493,33.91049291375034,22,46.32812481275545,8
1499,8131,XD_8131_CO_DENVER.ARHG,2026,6,2026-06-30,34.33020909627279,34.98710318068516,24,48.25846334662026,8
1500,8131,XD_8131_CO_DENVERYZER.YZER,2026,5,2026-05-01,98.81151790129832,94.8332841214855,81,76.31449957973281,6
1501,8131,XD_8131_CO_DENVERYZER.YZER,2026,5,2026-05-04,148.2722579819759,142.30269372629652,76,73.52250569266941,6
1502,8131,XD_8131_CO_DENVERYZER.YZER,2026,5,2026-05-05,148.95992868273325,142.9626782334881,78,74.45317032169055,6
1503,8131,XD_8131_CO_DENVERYZER.YZER,2026,5,2026-05-06,150.0344067265061,143.99389689879786,77,74.45317032169055,6
1504,8131,XD_8131_CO_DENVERYZER.YZER,2026,5,2026-05-07,150.00222315882544,143.96300906828245,77,73.52250569266941,6
1505,8131,XD_8131_CO_DENVERYZER.YZER,2026,5,2026-05-08,150.35551603355867,144.30207807844727,78,74.45317032169055,6
1506,8131,XD_8131_CO_DENVERYZER.YZER,2026,5,2026-05-11,149.696188165633,143.66929529809704,77,73.52250569266941,6
1507,8131,XD_8131_CO_DENVERYZER.YZER,2026,5,2026-05-12,149.84626753555642,143.81333234793712,76,72.59184106364829,6
1508,8131,XD_8131_CO_DENVERYZER.YZER,2026,5,2026-05-13,149.0108063642751,143.01150753731403,76,73.52250569266941,6
1509,8131,XD_8131_CO_DENVERYZER.YZER,2026,5,2026-05-14,147.98503693853223,142.0270364406168,83,80.03715809581733,6
1510,8131,XD_8131_CO_DENVERYZER.YZER,2026,5,2026-05-15,149.63950360422697,143.61489290421324,77,73.52250569266941,6
1511,8131,XD_8131_CO_DENVERYZER.YZER,2026,5,2026-05-18,154.28203400120591,148.07051117149982,74,69.79984717658489,6
1512,8131,XD_8131_CO_DENVERYZER.YZER,2026,5,2026-05-19,153.308545592672,147.1362162148361,75,71.66117643462715,6
1513,8131,XD_8131_CO_DENVERYZER.YZER,2026,5,2026-05-20,153.67191898216947,147.48495988986824,80,76.31449957973281,6
1514,8131,XD_8131_CO_DENVERYZER.YZER,2026,5,2026-05-21,153.4221692368102,147.2452652766898,78,74.45317032169054,6
1515,8131,XD_8131_CO_DENVERYZER.YZER,2026,5,2026-05-22,153.47738170045795,147.29825484069372,77,74.45317032169055,6
1516,8131,XD_8131_CO_DENVERYZER.YZER,2026,5,2026-05-26,162.6850384609139,156.1352036924425,78,75.38383495071167,6
1517,8131,XD_8131_CO_DENVERYZER.YZER,2026,5,2026-05-27,163.10032585119822,156.53377126747202,79,75.38383495071167,6
1518,8131,XD_8131_CO_DENVERYZER.YZER,2026,5,2026-05-28,161.52521978311643,155.02208027791468,82,79.1064934667962,6
1519,8131,XD_8131_CO_DENVERYZER.YZER,2026,5,2026-05-29,162.80559275889382,156.25090437425794,76,73.52250569266941,6
1520,8131,XD_8131_CO_DENVERYZER.YZER,2026,6,2026-06-01,154.4278027121931,151.49227036584873,79,71.94374007175254,6
1521,8131,XD_8131_CO_DENVERYZER.YZER,2026,6,2026-06-02,154.1939974688067,151.26290954790028,76,70.16735142800557,6
1522,8131,XD_8131_CO_DENVERYZER.YZER,2026,6,2026-06-03,153.75465261921542,150.8319162450805,76,69.27915710613209,6
1523,8131,XD_8131_CO_DENVERYZER.YZER,2026,6,2026-06-04,153.35237697949393,150.43728750010084,77,70.16735142800557,6
1524,8131,XD_8131_CO_DENVERYZER.YZER,2026,6,2026-06-05,153.29692022583302,150.3828849289857,80,72.83193439362603,6
1525,8131,XD_8131_CO_DENVERYZER.YZER,2026,6,2026-06-08,152.62044484354547,149.71926872963886,75,69.27915710613209,6
1526,8131,XD_8131_CO_DENVERYZER.YZER,2026,6,2026-06-09,152.95915537964558,150.05154068591517,79,71.94374007175254,6
1527,8131,XD_8131_CO_DENVERYZER.YZER,2026,6,2026-06-10,151.53809202659065,148.6574904572189,79,72.83193439362603,6
1528,8131,XD_8131_CO_DENVERYZER.YZER,2026,6,2026-06-11,151.2707466899027,148.3952271126963,81,73.72012871549953,6
1529,8131,XD_8131_CO_DENVERYZER.YZER,2026,6,2026-06-12,151.30167478808394,148.42556729580636,77,71.94374007175254,6
1530,8131,XD_8131_CO_DENVERYZER.YZER,2026,6,2026-06-15,99.90791324922061,98.00875451065171,77,70.16735142800557,6
1531,8131,XD_8131_CO_DENVERYZER.YZER,2026,6,2026-06-22,152.06208777111246,149.17152551829918,76,69.27915710613209,6
1532,8131,XD_8131_CO_DENVERYZER.YZER,2026,6,2026-06-23,150.3654980624657,147.50718643991937,78,71.05554574987906,6
1533,8131,XD_8131_CO_DENVERYZER.YZER,2026,6,2026-06-24,150.9495164966644,148.08010321383188,76,69.27915710613209,6
1534,8131,XD_8131_CO_DENVERYZER.YZER,2026,6,2026-06-25,150.50356499434108,147.64262884475127,79,71.05554574987906,6
1535,8131,XD_8131_CO_DENVERYZER.YZER,2026,6,2026-06-26,150.4851983271765,147.624611311257,77,70.16735142800557,6
1536,8131,XD_8131_CO_DENVERYZER.YZER,2026,6,2026-06-29,152.24683318444121,149.35275908902486,74,67.5027684623851,6
1537,8131,XD_8131_CO_DENVERYZER.YZER,2026,6,2026-06-30,150.8958461419579,148.0274530838486,77,71.05554574987906,6
1538,8131,XD_8131_CO_GRANDJUNCTION.ARHG,2026,5,2026-05-01,26.94637532234192,27.816067835436883,33,60.883193077631454,10
1539,8131,XD_8131_CO_GRANDJUNCTION.ARHG,2026,5,2026-05-04,26.694886684417725,27.55646241806036,34,62.728138322408164,11
1540,8131,XD_8131_CO_GRANDJUNCTION.ARHG,2026,5,2026-05-05,26.694886684417725,27.55646241806036,36,66.41802881196159,11
1541,8131,XD_8131_CO_GRANDJUNCTION.ARHG,2026,5,2026-05-06,27.024000271883878,27.8961981251828,36,66.41802881196159,11
1542,8131,XD_8131_CO_GRANDJUNCTION.ARHG,2026,5,2026-05-07,27.29761136372884,28.178639997243312,35,64.57308356718488,10
1543,8131,XD_8131_CO_GRANDJUNCTION.ARHG,2026,5,2026-05-08,27.326625251770018,28.208590306636278,33,60.883193077631454,10
1544,8131,XD_8131_CO_GRANDJUNCTION.ARHG,2026,5,2026-05-11,27.326625251770018,28.208590306636278,33,60.883193077631454,10
1545,8131,XD_8131_CO_GRANDJUNCTION.ARHG,2026,5,2026-05-12,27.07147754322399,27.94520772237129,35,64.57308356718488,11
1546,8131,XD_8131_CO_GRANDJUNCTION.ARHG,2026,5,2026-05-13,27.006735809578387,27.87837645347789,37,68.2629740567383,11
1547,8131,XD_8131_CO_GRANDJUNCTION.ARHG,2026,5,2026-05-14,27.326625251770018,28.208590306636278,34,62.728138322408164,10
1548,8131,XD_8131_CO_GRANDJUNCTION.ARHG,2026,5,2026-05-15,27.07147754322399,27.94520772237129,34,62.728138322408164,11
1549,8131,XD_8131_CO_GRANDJUNCTION.ARHG,2026,5,2026-05-18,27.326625251770018,28.208590306636278,33,60.883193077631454,10
1550,8131,XD_8131_CO_GRANDJUNCTION.ARHG,2026,5,2026-05-19,27.07147754322399,27.94520772237129,36,66.41802881196159,11
1551,8131,XD_8131_CO_GRANDJUNCTION.ARHG,2026,5,2026-05-20,27.25929747337152,28.139089528563577,37,68.2629740567383,11
1552,8131,XD_8131_CO_GRANDJUNCTION.ARHG,2026,5,2026-05-21,27.582124948501587,28.472336239482626,34,62.728138322408164,10
1553,8131,XD_8131_CO_GRANDJUNCTION.ARHG,2026,5,2026-05-22,27.324659044092353,28.20656063973354,34,62.728138322408164,11
1554,8131,XD_8131_CO_GRANDJUNCTION.ARHG,2026,5,2026-05-26,27.582124948501587,28.472336239482626,34,62.728138322408164,10
1555,8131,XD_8131_CO_GRANDJUNCTION.ARHG,2026,5,2026-05-27,27.066166623433432,27.93972539298949,37,68.2629740567383,12
1556,8131,XD_8131_CO_GRANDJUNCTION.ARHG,2026,5,2026-05-28,27.55283328162299,28.442099185958305,34,62.72813832240817,10
1557,8131,XD_8131_CO_GRANDJUNCTION.ARHG,2026,5,2026-05-29,27.582124948501587,28.472336239482626,33,60.883193077631454,10
1558,8131,XD_8131_CO_GRANDJUNCTION.ARHG,2026,6,2026-06-01,27.582124948501587,23.447723821085173,33,58.62177752809001,10
1559,8131,XD_8131_CO_GRANDJUNCTION.ARHG,2026,6,2026-06-02,27.324659044092353,23.228850567802287,36,63.95103003064365,11
1560,8131,XD_8131_CO_GRANDJUNCTION.ARHG,2026,6,2026-06-03,27.024000271883878,22.97325880798344,36,63.95103003064365,11
1561,8131,XD_8131_CO_GRANDJUNCTION.ARHG,2026,6,2026-06-04,27.326625251770018,23.23052205231216,34,60.398195028941224,10
1562,8131,XD_8131_CO_GRANDJUNCTION.ARHG,2026,6,2026-06-05,27.326625251770018,23.23052205231216,33,58.62177752809001,10
1563,8131,XD_8131_CO_GRANDJUNCTION.ARHG,2026,6,2026-06-08,27.326625251770018,23.23052205231216,33,58.62177752809001,10
1564,8131,XD_8131_CO_GRANDJUNCTION.ARHG,2026,6,2026-06-09,27.07147754322399,23.013619510729878,35,62.174612529792434,11
1565,8131,XD_8131_CO_GRANDJUNCTION.ARHG,2026,6,2026-06-10,26.77899932861328,22.7649820902019,36,63.95103003064365,11
1566,8131,XD_8131_CO_GRANDJUNCTION.ARHG,2026,6,2026-06-11,27.07862434387207,23.019695047263543,33,58.62177752809001,10
1567,8131,XD_8131_CO_GRANDJUNCTION.ARHG,2026,6,2026-06-12,27.07862434387207,23.019695047263543,33,58.62177752809001,10
1568,8131,XD_8131_CO_GRANDJUNCTION.ARHG,2026,6,2026-06-15,26.82602206143466,22.8049563871267,34,60.398195028941224,11
1569,8131,XD_8131_CO_GRANDJUNCTION.ARHG,2026,6,2026-06-16,35.21241571638319,29.93427809976788,36,67.50386503234607,12
1570,8131,XD_8131_CO_GRANDJUNCTION.ARHG,2026,6,2026-06-17,26.77899932861328,22.7649820902019,36,63.95103003064365,11
1571,8131,XD_8131_CO_GRANDJUNCTION.ARHG,2026,6,2026-06-18,27.07862434387207,23.019695047263543,34,60.398195028941224,10
1572,8131,XD_8131_CO_GRANDJUNCTION.ARHG,2026,6,2026-06-19,27.115570776803157,23.05110342341874,32,56.8453600272388,10
1573,8131,XD_8131_CO_GRANDJUNCTION.ARHG,2026,6,2026-06-22,27.07862434387207,23.019695047263543,33,58.62177752809001,10
1574,8131,XD_8131_CO_GRANDJUNCTION.ARHG,2026,6,2026-06-23,26.44136415828358,22.477956480646537,34,60.398195028941224,11
1575,8131,XD_8131_CO_GRANDJUNCTION.ARHG,2026,6,2026-06-24,26.378141024881156,22.42421012956258,37,65.72744753149486,11
1576,8131,XD_8131_CO_GRANDJUNCTION.ARHG,2026,6,2026-06-25,26.690500497817993,22.689748722691192,34,60.398195028941224,10
1577,8131,XD_8131_CO_GRANDJUNCTION.ARHG,2026,6,2026-06-26,26.690500497817993,22.689748722691192,33,58.62177752809001,10
1578,8131,XD_8131_CO_GRANDJUNCTION.ARHG,2026,6,2026-06-29,26.690500497817993,22.689748722691192,33,58.62177752809001,10
1579,8131,XD_8131_CO_GRANDJUNCTION.ARHG,2026,6,2026-06-30,26.112291773160297,22.19821014428112,36,63.95103003064365,12
1580,8131,XD_8131_CO_PUEBLO.YZER,2026,5,2026-05-01,56.76603035521663,58.95310965329203,45,63.92183605628639,4
1581,8131,XD_8131_CO_PUEBLO.YZER,2026,5,2026-05-04,65.04068587116423,67.54657075885703,43,61.14262579296959,4
1582,8131,XD_8131_CO_PUEBLO.YZER,2026,5,2026-05-05,56.788784034692384,58.97673998560091,41,58.36341552965279,4
1583,8131,XD_8131_CO_PUEBLO.YZER,2026,5,2026-05-06,62.304794091432925,64.70527065242432,46,65.31144118794478,4
1584,8131,XD_8131_CO_PUEBLO.YZER,2026,5,2026-05-07,65.13194156455123,67.64134234787016,45,63.92183605628639,4
1585,8131,XD_8131_CO_PUEBLO.YZER,2026,5,2026-05-08,65.48873154565656,68.01187871878913,44,62.53223092462799,4
1586,8131,XD_8131_CO_PUEBLO.YZER,2026,5,2026-05-11,63.13090452521738,65.56320943524689,44,63.92183605628639,4
1587,8131,XD_8131_CO_PUEBLO.YZER,2026,5,2026-05-12,57.261293582100286,59.46745436154469,44,62.53223092462799,4
1588,8131,XD_8131_CO_PUEBLO.YZER,2026,5,2026-05-13,63.477350593675695,65.92300336367504,43,62.53223092462799,4
1589,8131,XD_8131_CO_PUEBLO.YZER,2026,5,2026-05-14,57.054596764700754,59.25279393760999,45,63.92183605628639,4
1590,8131,XD_8131_CO_PUEBLO.YZER,2026,5,2026-05-15,67.0439700965373,69.62703743701142,44,62.53223092462799,4
1591,8131,XD_8131_CO_PUEBLO.YZER,2026,5,2026-05-18,65.85114016232392,68.38825019983149,45,63.92183605628639,4
1592,8131,XD_8131_CO_PUEBLO.YZER,2026,5,2026-05-19,67.2474793862859,69.83838752436012,41,58.36341552965279,4
1593,8131,XD_8131_CO_PUEBLO.YZER,2026,5,2026-05-20,65.08469314652967,67.59227354472964,43,62.53223092462799,4
1594,8131,XD_8131_CO_PUEBLO.YZER,2026,5,2026-05-21,58.50207208792752,60.75603753094644,45,63.92183605628639,4
1595,8131,XD_8131_CO_PUEBLO.YZER,2026,5,2026-05-22,57.97428973118393,60.20792079712732,44,65.31144118794478,4
1596,8131,XD_8131_CO_PUEBLO.YZER,2026,5,2026-05-26,69.52054886832525,72.19903373452622,43,61.14262579296959,4
1597,8131,XD_8131_CO_PUEBLO.YZER,2026,5,2026-05-27,67.91689614446528,70.53359554404636,42,61.14262579296959,4
1598,8131,XD_8131_CO_PUEBLO.YZER,2026,5,2026-05-28,63.65518799818638,66.1076924804403,43,61.14262579296959,4
1599,8131,XD_8131_CO_PUEBLO.YZER,2026,5,2026-05-29,66.95452886335913,69.53415021565593,45,65.31144118794478,4
1600,8131,XD_8131_CO_PUEBLO.YZER,2026,6,2026-06-01,67.751220703125,74.73767090684817,44,62.448590466661855,4
1601,8131,XD_8131_CO_PUEBLO.YZER,2026,6,2026-06-02,65.99203135172526,72.79707539516197,40,56.89760464740303,4
1602,8131,XD_8131_CO_PUEBLO.YZER,2026,6,2026-06-03,70.7081655379437,77.999533463137,35,51.3466188281442,4
1603,8131,XD_8131_CO_PUEBLO.YZER,2026,6,2026-06-04,59.073364191585114,65.16496096294597,45,63.83633692147657,4
1604,8131,XD_8131_CO_PUEBLO.YZER,2026,6,2026-06-05,67.19697765275544,74.12627476857878,44,62.448590466661855,4
1605,8131,XD_8131_CO_PUEBLO.YZER,2026,6,2026-06-08,67.39395272945,74.34356175331602,42,59.67309755703245,4
1606,8131,XD_8131_CO_PUEBLO.YZER,2026,6,2026-06-09,69.61674071148086,76.79556180545761,41,58.28535110221774,4
1607,8131,XD_8131_CO_PUEBLO.YZER,2026,6,2026-06-10,66.34993122839688,73.19188161300849,35,49.95887237332949,4
1608,8131,XD_8131_CO_PUEBLO.YZER,2026,6,2026-06-11,68.76763762578935,75.85889990732781,42,59.67309755703244,4
1609,8131,XD_8131_CO_PUEBLO.YZER,2026,6,2026-06-12,58.27484526362845,64.28409941932861,45,63.83633692147657,4
1610,8131,XD_8131_CO_PUEBLO.YZER,2026,6,2026-06-15,57.7243398560418,63.676826346494465,43,61.06084401184715,4
1611,8131,XD_8131_CO_PUEBLO.YZER,2026,6,2026-06-22,64.61231444962759,71.27508321991493,43,61.06084401184715,4
1612,8131,XD_8131_CO_PUEBLO.YZER,2026,6,2026-06-23,59.61556465750823,65.7630726953569,43,61.06084401184715,4
1613,8131,XD_8131_CO_PUEBLO.YZER,2026,6,2026-06-24,62.08255552944559,68.48445763873622,45,63.83633692147657,4
1614,8131,XD_8131_CO_PUEBLO.YZER,2026,6,2026-06-25,66.49958269034657,73.35696501073697,45,63.83633692147657,4
1615,8131,XD_8131_CO_PUEBLO.YZER,2026,6,2026-06-26,59.131263590193846,65.22883089995987,43,62.448590466661855,4
1616,8131,XD_8131_CO_PUEBLO.YZER,2026,6,2026-06-29,67.92840040532293,74.93312123433772,42,59.67309755703244,4
1617,8131,XD_8131_CO_PUEBLO.YZER,2026,6,2026-06-30,67.63883658117419,74.61369782659447,42,59.67309755703244,4
1618,8131,XD_8131_MT_BILLINGS.ARHG,2026,5,2026-05-01,53.17394891396547,43.0402360899057,48,64.33308478487905,13
1619,8131,XD_8131_MT_BILLINGS.ARHG,2026,5,2026-05-04,53.593846355340425,43.38011088535424,47,62.99281218519407,13
1620,8131,XD_8131_MT_BILLINGS.ARHG,2026,5,2026-05-05,52.416756071363174,42.42734651941472,49,65.67335738456403,14
1621,8131,XD_8131_MT_BILLINGS.ARHG,2026,5,2026-05-06,54.336307124602484,43.98107597162678,49,65.67335738456403,13
1622,8131,XD_8131_MT_BILLINGS.ARHG,2026,5,2026-05-07,53.30050149854723,43.142670707409835,47,62.992812185194076,13
1623,8131,XD_8131_MT_BILLINGS.ARHG,2026,5,2026-05-08,53.05592258159931,42.944702820069296,46,61.65253958550909,13
1624,8131,XD_8131_MT_BILLINGS.ARHG,2026,5,2026-05-11,53.72182014660957,43.483695860742415,47,62.99281218519407,13
1625,8131,XD_8131_MT_BILLINGS.ARHG,2026,5,2026-05-12,53.13595478351299,43.009482753392156,48,64.33308478487905,13
1626,8131,XD_8131_MT_BILLINGS.ARHG,2026,5,2026-05-13,55.0029225960756,44.5206501025571,50,67.01362998424901,13
1627,8131,XD_8131_MT_BILLINGS.ARHG,2026,5,2026-05-14,53.34579453101525,43.17933194567532,46,61.65253958550909,13
1628,8131,XD_8131_MT_BILLINGS.ARHG,2026,5,2026-05-15,53.05592258159931,42.944702820069296,46,61.65253958550909,13
1629,8131,XD_8131_MT_BILLINGS.ARHG,2026,5,2026-05-18,53.30348684848884,43.14508711937325,46,61.65253958550909,13
1630,8131,XD_8131_MT_BILLINGS.ARHG,2026,5,2026-05-19,52.299288187271515,42.33226527065384,47,62.99281218519407,13
1631,8131,XD_8131_MT_BILLINGS.ARHG,2026,5,2026-05-20,54.82348725734612,44.3754109488075,51,68.35390258393399,13
1632,8131,XD_8131_MT_BILLINGS.ARHG,2026,5,2026-05-21,53.797901111644705,43.545277570657504,47,62.992812185194076,13
1633,8131,XD_8131_MT_BILLINGS.ARHG,2026,5,2026-05-22,54.27856407165527,43.934337396024254,45,60.31226698582411,13
1634,8131,XD_8131_MT_BILLINGS.ARHG,2026,5,2026-05-26,53.6472417810461,43.42333038993179,47,62.992812185194076,13
1635,8131,XD_8131_MT_BILLINGS.ARHG,2026,5,2026-05-27,54.99925647637782,44.51768265965416,49,65.67335738456403,13
1636,8131,XD_8131_MT_BILLINGS.ARHG,2026,5,2026-05-28,55.08169242663261,44.58440824302211,46,61.65253958550909,13
1637,8131,XD_8131_MT_BILLINGS.ARHG,2026,5,2026-05-29,54.149256437252724,43.82967277685298,47,62.99281218519407,13
1638,8131,XD_8131_MT_BILLINGS.ARHG,2026,6,2026-06-01,54.07541035383175,44.409735934357464,47,64.3633791241704,13
1639,8131,XD_8131_MT_BILLINGS.ARHG,2026,6,2026-06-02,53.63178847386287,44.04540896179802,48,65.732812722557,13
1640,8131,XD_8131_MT_BILLINGS.ARHG,2026,6,2026-06-03,54.240614793239494,44.54541101257277,49,67.1022463209436,13
1641,8131,XD_8131_MT_BILLINGS.ARHG,2026,6,2026-06-04,53.764127829135994,44.154093404189595,47,64.3633791241704,13
1642,8131,XD_8131_MT_BILLINGS.ARHG,2026,6,2026-06-05,53.75342272489499,44.14530177691609,48,65.732812722557,13
1643,8131,XD_8131_MT_BILLINGS.ARHG,2026,6,2026-06-08,53.04154530200329,43.560668425797914,48,65.732812722557,13
1644,8131,XD_8131_MT_BILLINGS.ARHG,2026,6,2026-06-09,53.256948471069336,43.73756949404786,45,61.62451192739719,13
1645,8131,XD_8131_MT_BILLINGS.ARHG,2026,6,2026-06-10,53.14611561114972,43.646547382339904,49,67.1022463209436,13
1646,8131,XD_8131_MT_BILLINGS.ARHG,2026,6,2026-06-11,53.8533592859904,44.227375241720054,49,67.1022463209436,13
1647,8131,XD_8131_MT_BILLINGS.ARHG,2026,6,2026-06-12,53.273192792061046,43.75091023433914,45,61.62451192739719,13
1648,8131,XD_8131_MT_BILLINGS.ARHG,2026,6,2026-06-15,52.73001698504437,43.30482403734678,47,64.3633791241704,13
1649,8131,XD_8131_MT_BILLINGS.ARHG,2026,6,2026-06-16,40.636157647768655,33.37267380341665,46,76.68828150964984,12
1650,8131,XD_8131_MT_BILLINGS.ARHG,2026,6,2026-06-17,54.042055181705905,44.38234281100507,51,69.84111351771682,13
1651,8131,XD_8131_MT_BILLINGS.ARHG,2026,6,2026-06-18,52.31598769945976,42.96480014993488,46,62.99394552578379,13
1652,8131,XD_8131_MT_BILLINGS.ARHG,2026,6,2026-06-19,43.853545009728634,36.01497133215019,36,49.29960954191775,11
1653,8131,XD_8131_MT_BILLINGS.ARHG,2026,6,2026-06-22,49.477692512365486,40.633834209263426,47,73.94941431287663,13
1654,8131,XD_8131_MT_BILLINGS.ARHG,2026,6,2026-06-23,45.92437722482088,37.71565397579268,47,72.57998071449002,13
1655,8131,XD_8131_MT_BILLINGS.ARHG,2026,6,2026-06-24,43.16490842588655,35.44942465126406,50,83.53544950158286,13
1656,8131,XD_8131_MT_BILLINGS.ARHG,2026,6,2026-06-25,42.87625873316696,35.212369462087814,48,80.79658230480965,13
1657,8131,XD_8131_MT_BILLINGS.ARHG,2026,6,2026-06-26,38.88899414891579,31.937805919650224,46,82.16601590319625,13
1658,8131,XD_8131_MT_BILLINGS.ARHG,2026,6,2026-06-29,45.769100792853386,37.58813232971761,50,84.90488309996947,13
1659,8131,XD_8131_MT_BILLINGS.ARHG,2026,6,2026-06-30,40.17957353032989,32.99770152018107,47,79.42714870642304,13
1660,8131,XD_8131_NE_NEBRASKA.CAPL,2026,5,2026-05-01,57.130001068115234,74.15149647434801,14,20.229499967378917,3
1661,8131,XD_8131_NE_NEBRASKA.CAPL,2026,5,2026-05-04,57.130001068115234,74.15149647434801,15,21.674464250763126,3
1662,8131,XD_8131_NE_NEBRASKA.CAPL,2026,5,2026-05-05,57.130001068115234,74.15149647434801,15,21.674464250763126,3
1663,8131,XD_8131_NE_NEBRASKA.CAPL,2026,5,2026-05-06,59.209999084472656,76.85121575831383,15,21.674464250763126,3
1664,8131,XD_8131_NE_NEBRASKA.CAPL,2026,5,2026-05-07,59.209999084472656,76.85121575831383,13,18.78453568399471,3
1665,8131,XD_8131_NE_NEBRASKA.CAPL,2026,5,2026-05-08,59.209999084472656,76.85121575831383,14,20.229499967378917,3
1666,8131,XD_8131_NE_NEBRASKA.CAPL,2026,5,2026-05-11,59.209999084472656,76.85121575831383,14,20.229499967378917,3
1667,8131,XD_8131_NE_NEBRASKA.CAPL,2026,5,2026-05-12,59.209999084472656,76.85121575831383,15,21.674464250763126,3
1668,8131,XD_8131_NE_NEBRASKA.CAPL,2026,5,2026-05-13,59.209999084472656,76.85121575831383,15,21.674464250763126,3
1669,8131,XD_8131_NE_NEBRASKA.CAPL,2026,5,2026-05-14,59.209999084472656,76.85121575831383,15,21.674464250763126,3
1670,8131,XD_8131_NE_NEBRASKA.CAPL,2026,5,2026-05-15,59.209999084472656,76.85121575831383,13,18.78453568399471,3
1671,8131,XD_8131_NE_NEBRASKA.CAPL,2026,5,2026-05-18,59.209999084472656,76.85121575831383,14,20.229499967378917,3
1672,8131,XD_8131_NE_NEBRASKA.CAPL,2026,5,2026-05-19,59.209999084472656,76.85121575831383,14,20.229499967378917,3
1673,8131,XD_8131_NE_NEBRASKA.CAPL,2026,5,2026-05-20,59.209999084472656,76.85121575831383,14,20.229499967378917,3
1674,8131,XD_8131_NE_NEBRASKA.CAPL,2026,5,2026-05-21,59.209999084472656,76.85121575831383,14,20.229499967378917,3
1675,8131,XD_8131_NE_NEBRASKA.CAPL,2026,5,2026-05-22,59.209999084472656,76.85121575831383,14,20.229499967378917,3
1676,8131,XD_8131_NE_NEBRASKA.CAPL,2026,5,2026-05-26,59.209999084472656,76.85121575831383,15,21.674464250763126,3
1677,8131,XD_8131_NE_NEBRASKA.CAPL,2026,5,2026-05-27,59.209999084472656,76.85121575831383,14,20.229499967378917,3
1678,8131,XD_8131_NE_NEBRASKA.CAPL,2026,5,2026-05-28,58.95000076293945,76.51375270454074,14,20.229499967378917,3
1679,8131,XD_8131_NE_NEBRASKA.CAPL,2026,5,2026-05-29,58.95000076293945,76.51375270454074,15,21.674464250763126,3
1680,8131,XD_8131_NE_NEBRASKA.CAPL,2026,6,2026-06-01,58.95000076293945,77.3733099926871,14,19.562760065405413,3
1681,8131,XD_8131_NE_NEBRASKA.CAPL,2026,6,2026-06-02,58.95000076293945,77.3733099926871,14,19.562760065405413,3
1682,8131,XD_8131_NE_NEBRASKA.CAPL,2026,6,2026-06-03,58.16999816894531,76.34953761407586,14,19.562760065405413,3
1683,8131,XD_8131_NE_NEBRASKA.CAPL,2026,6,2026-06-04,58.16999816894531,76.34953761407586,14,19.562760065405413,3
1684,8131,XD_8131_NE_NEBRASKA.CAPL,2026,6,2026-06-05,58.16999816894531,76.34953761407586,14,19.562760065405413,3
1685,8131,XD_8131_NE_NEBRASKA.CAPL,2026,6,2026-06-08,58.16999816894531,76.34953761407586,13,18.1654200607336,3
1686,8131,XD_8131_NE_NEBRASKA.CAPL,2026,6,2026-06-09,58.16999816894531,76.34953761407586,15,20.960100070077228,3
1687,8131,XD_8131_NE_NEBRASKA.CAPL,2026,6,2026-06-10,57.38999938964844,75.32577024234757,14,19.562760065405413,3
1688,8131,XD_8131_NE_NEBRASKA.CAPL,2026,6,2026-06-11,57.38999938964844,75.32577024234757,14,19.562760065405413,3
1689,8131,XD_8131_NE_NEBRASKA.CAPL,2026,6,2026-06-12,57.38999938964844,75.32577024234757,15,20.960100070077228,3
1690,8131,XD_8131_NE_NEBRASKA.CAPL,2026,6,2026-06-15,57.38999938964844,75.32577024234757,13,18.1654200607336,3
1691,8131,XD_8131_NE_NEBRASKA.CAPL,2026,6,2026-06-16,54.28676254030258,71.25269638963073,14,20.960100070077228,3
1692,8131,XD_8131_NE_NEBRASKA.CAPL,2026,6,2026-06-17,57.130001068115234,74.98451612073247,14,19.562760065405413,3
1693,8131,XD_8131_NE_NEBRASKA.CAPL,2026,6,2026-06-18,57.130001068115234,74.98451612073247,13,18.1654200607336,3
1694,8131,XD_8131_NE_NEBRASKA.CAPL,2026,6,2026-06-19,57.130001068115234,74.98451612073247,15,20.960100070077228,3
1695,8131,XD_8131_NE_NEBRASKA.CAPL,2026,6,2026-06-22,57.130001068115234,74.98451612073247,14,19.562760065405413,3
1696,8131,XD_8131_NE_NEBRASKA.CAPL,2026,6,2026-06-23,56.61000061035156,74.30200287061929,13,18.1654200607336,3
1697,8131,XD_8131_NE_NEBRASKA.CAPL,2026,6,2026-06-24,56.61000061035156,74.30200287061929,14,19.562760065405413,3
1698,8131,XD_8131_NE_NEBRASKA.CAPL,2026,6,2026-06-25,56.61000061035156,74.30200287061929,14,19.562760065405413,3
1699,8131,XD_8131_NE_NEBRASKA.CAPL,2026,6,2026-06-26,56.61000061035156,74.30200287061929,15,20.960100070077228,3
1700,8131,XD_8131_NE_NEBRASKA.CAPL,2026,6,2026-06-29,56.61000061035156,74.30200287061929,13,18.1654200607336,3
1701,8131,XD_8131_NE_NEBRASKA.CAPL,2026,6,2026-06-30,56.349998474121094,73.96074374212124,14,19.562760065405413,3
1702,8131,XD_8131_SD_RAPIDCITY.CAPL,2026,5,2026-05-01,57.130001068115234,67.42758198418626,20,19.246594057640362,4
1703,8131,XD_8131_SD_RAPIDCITY.CAPL,2026,5,2026-05-04,57.130001068115234,67.42758198418626,20,19.246594057640362,4
1704,8131,XD_8131_SD_RAPIDCITY.CAPL,2026,5,2026-05-05,57.130001068115234,67.42758198418626,20,19.246594057640362,4
1705,8131,XD_8131_SD_RAPIDCITY.CAPL,2026,5,2026-05-06,59.209999084472656,69.88249593749896,19,18.284264354758346,4
1706,8131,XD_8131_SD_RAPIDCITY.CAPL,2026,5,2026-05-07,59.209999084472656,69.88249593749896,19,18.284264354758346,4
1707,8131,XD_8131_SD_RAPIDCITY.CAPL,2026,5,2026-05-08,59.209999084472656,69.88249593749896,19,18.284264354758346,4
1708,8131,XD_8131_SD_RAPIDCITY.CAPL,2026,5,2026-05-11,59.209999084472656,69.88249593749896,18,17.321934651876326,4
1709,8131,XD_8131_SD_RAPIDCITY.CAPL,2026,5,2026-05-12,59.209999084472656,69.88249593749896,21,20.20892376052238,4
1710,8131,XD_8131_SD_RAPIDCITY.CAPL,2026,5,2026-05-13,59.209999084472656,69.88249593749896,19,18.284264354758346,4
1711,8131,XD_8131_SD_RAPIDCITY.CAPL,2026,5,2026-05-14,59.209999084472656,69.88249593749896,19,18.284264354758346,4
1712,8131,XD_8131_SD_RAPIDCITY.CAPL,2026,5,2026-05-15,59.209999084472656,69.88249593749896,19,18.284264354758346,4
1713,8131,XD_8131_SD_RAPIDCITY.CAPL,2026,5,2026-05-18,59.209999084472656,69.88249593749896,18,17.321934651876326,4
1714,8131,XD_8131_SD_RAPIDCITY.CAPL,2026,5,2026-05-19,59.209999084472656,69.88249593749896,21,20.20892376052238,4
1715,8131,XD_8131_SD_RAPIDCITY.CAPL,2026,5,2026-05-20,59.209999084472656,69.88249593749896,20,19.246594057640362,4
1716,8131,XD_8131_SD_RAPIDCITY.CAPL,2026,5,2026-05-21,59.209999084472656,69.88249593749896,19,18.284264354758346,4
1717,8131,XD_8131_SD_RAPIDCITY.CAPL,2026,5,2026-05-22,59.209999084472656,69.88249593749896,20,19.246594057640362,4
1718,8131,XD_8131_SD_RAPIDCITY.CAPL,2026,5,2026-05-26,59.209999084472656,69.88249593749896,20,19.246594057640362,4
1719,8131,XD_8131_SD_RAPIDCITY.CAPL,2026,5,2026-05-27,59.209999084472656,69.88249593749896,19,18.284264354758346,4
1720,8131,XD_8131_SD_RAPIDCITY.CAPL,2026,5,2026-05-28,58.95000076293945,69.57563338169349,19,18.284264354758346,4
1721,8131,XD_8131_SD_RAPIDCITY.CAPL,2026,5,2026-05-29,58.95000076293945,69.57563338169349,20,19.246594057640362,4
1722,8131,XD_8131_SD_RAPIDCITY.CAPL,2026,6,2026-06-01,58.95000076293945,70.44639155539141,19,17.230594983064112,4
1723,8131,XD_8131_SD_RAPIDCITY.CAPL,2026,6,2026-06-02,58.95000076293945,70.44639155539141,19,17.230594983064112,4
1724,8131,XD_8131_SD_RAPIDCITY.CAPL,2026,6,2026-06-03,58.16999816894531,69.51427336303209,20,18.13746840322538,4
1725,8131,XD_8131_SD_RAPIDCITY.CAPL,2026,6,2026-06-04,58.16999816894531,69.51427336303209,20,18.13746840322538,4
1726,8131,XD_8131_SD_RAPIDCITY.CAPL,2026,6,2026-06-05,58.16999816894531,69.51427336303209,20,18.13746840322538,4
1727,8131,XD_8131_SD_RAPIDCITY.CAPL,2026,6,2026-06-08,58.16999816894531,69.51427336303209,20,18.13746840322538,4
1728,8131,XD_8131_SD_RAPIDCITY.CAPL,2026,6,2026-06-09,58.16999816894531,69.51427336303209,20,18.13746840322538,4
1729,8131,XD_8131_SD_RAPIDCITY.CAPL,2026,6,2026-06-10,57.38999938964844,68.5821597293098,20,18.13746840322538,4
1730,8131,XD_8131_SD_RAPIDCITY.CAPL,2026,6,2026-06-11,57.38999938964844,68.5821597293098,20,18.13746840322538,4
1731,8131,XD_8131_SD_RAPIDCITY.CAPL,2026,6,2026-06-12,57.38999938964844,68.5821597293098,19,17.230594983064112,4
1732,8131,XD_8131_SD_RAPIDCITY.CAPL,2026,6,2026-06-15,57.38999938964844,68.5821597293098,20,18.13746840322538,4
1733,8131,XD_8131_SD_RAPIDCITY.CAPL,2026,6,2026-06-16,52.287929194314145,62.485087124188254,20,18.13746840322538,4
1734,8131,XD_8131_SD_RAPIDCITY.CAPL,2026,6,2026-06-17,57.130001068115234,68.27145670428139,20,18.13746840322538,4
1735,8131,XD_8131_SD_RAPIDCITY.CAPL,2026,6,2026-06-18,57.130001068115234,68.27145670428139,20,18.13746840322538,4
1736,8131,XD_8131_SD_RAPIDCITY.CAPL,2026,6,2026-06-19,57.130001068115234,68.27145670428139,14,12.696227882257766,4
1737,8131,XD_8131_SD_RAPIDCITY.CAPL,2026,6,2026-06-22,57.130001068115234,68.27145670428139,19,17.230594983064112,4
1738,8131,XD_8131_SD_RAPIDCITY.CAPL,2026,6,2026-06-23,56.61000061035156,67.65004609558751,20,18.13746840322538,4
1739,8131,XD_8131_SD_RAPIDCITY.CAPL,2026,6,2026-06-24,56.61000061035156,67.65004609558751,20,18.13746840322538,4
1740,8131,XD_8131_SD_RAPIDCITY.CAPL,2026,6,2026-06-25,56.61000061035156,67.65004609558751,19,17.230594983064112,4
1741,8131,XD_8131_SD_RAPIDCITY.CAPL,2026,6,2026-06-26,56.61000061035156,67.65004609558751,19,17.230594983064112,4
1742,8131,XD_8131_SD_RAPIDCITY.CAPL,2026,6,2026-06-29,56.61000061035156,67.65004609558751,20,18.13746840322538,4
1743,8131,XD_8131_SD_RAPIDCITY.CAPL,2026,6,2026-06-30,56.349998474121094,67.33933851192205,20,18.13746840322538,4
1744,8131,XD_8131_SD_SCOTTSBLUFF.CAPL,2026,5,2026-05-01,59.927501106262206,80.61845272120149,17,16.308313834897444,2
1745,8131,XD_8131_SD_SCOTTSBLUFF.CAPL,2026,5,2026-05-04,60.23833444383409,81.03660636129368,16,15.349001256374063,2
1746,8131,XD_8131_SD_SCOTTSBLUFF.CAPL,2026,5,2026-05-05,59.927501106262206,80.61845272120149,18,17.26762641342082,2
1747,8131,XD_8131_SD_SCOTTSBLUFF.CAPL,2026,5,2026-05-06,62.108999252319336,83.55314884406249,17,16.308313834897444,2
1748,8131,XD_8131_SD_SCOTTSBLUFF.CAPL,2026,5,2026-05-07,61.845453782515094,83.19860998285374,18,17.26762641342082,2
1749,8131,XD_8131_SD_SCOTTSBLUFF.CAPL,2026,5,2026-05-08,62.43111038208008,83.98647411887319,17,16.308313834897444,2
1750,8131,XD_8131_SD_SCOTTSBLUFF.CAPL,2026,5,2026-05-11,62.43111038208008,83.98647411887319,17,16.308313834897444,2
1751,8131,XD_8131_SD_SCOTTSBLUFF.CAPL,2026,5,2026-05-12,62.108999252319336,83.55314884406249,17,16.308313834897444,2
1752,8131,XD_8131_SD_SCOTTSBLUFF.CAPL,2026,5,2026-05-13,62.108999252319336,83.55314884406249,17,16.308313834897444,2
1753,8131,XD_8131_SD_SCOTTSBLUFF.CAPL,2026,5,2026-05-14,62.108999252319336,83.55314884406249,17,16.308313834897444,2
1754,8131,XD_8131_SD_SCOTTSBLUFF.CAPL,2026,5,2026-05-15,62.108999252319336,83.55314884406249,17,16.308313834897444,2
1755,8131,XD_8131_SD_SCOTTSBLUFF.CAPL,2026,5,2026-05-18,59.209999084472656,79.65322137076625,16,15.349001256374065,2
1756,8131,XD_8131_SD_SCOTTSBLUFF.CAPL,2026,5,2026-05-19,62.108999252319336,83.55314884406249,18,17.26762641342082,2
1757,8131,XD_8131_SD_SCOTTSBLUFF.CAPL,2026,5,2026-05-20,62.108999252319336,83.55314884406249,17,16.308313834897444,2
1758,8131,XD_8131_SD_SCOTTSBLUFF.CAPL,2026,5,2026-05-21,61.845453782515094,83.19860998285374,19,18.226938991944202,2
1759,8131,XD_8131_SD_SCOTTSBLUFF.CAPL,2026,5,2026-05-22,62.108999252319336,83.55314884406249,18,17.26762641342082,2
1760,8131,XD_8131_SD_SCOTTSBLUFF.CAPL,2026,5,2026-05-26,62.833749294281006,84.52813071238654,16,15.349001256374065,2
1761,8131,XD_8131_SD_SCOTTSBLUFF.CAPL,2026,5,2026-05-27,62.108999252319336,83.55314884406249,17,16.308313834897444,2
1762,8131,XD_8131_SD_SCOTTSBLUFF.CAPL,2026,5,2026-05-28,61.57409165122292,82.83355562970942,18,17.26762641342082,2
1763,8131,XD_8131_SD_SCOTTSBLUFF.CAPL,2026,5,2026-05-29,61.83650074005127,83.18656575579176,17,16.308313834897444,2
1764,8131,XD_8131_SD_SCOTTSBLUFF.CAPL,2026,6,2026-06-01,62.15722295973036,84.72453305595289,16,15.704678359097556,2
1765,8131,XD_8131_SD_SCOTTSBLUFF.CAPL,2026,6,2026-06-02,61.83650074005127,84.28736680223233,18,17.66776315398475,2
1766,8131,XD_8131_SD_SCOTTSBLUFF.CAPL,2026,6,2026-06-03,61.334998236762154,83.60378469553027,17,16.686220756541154,2
1767,8131,XD_8131_SD_SCOTTSBLUFF.CAPL,2026,6,2026-06-04,60.75954367897727,82.81940089616344,18,17.66776315398475,2
1768,8131,XD_8131_SD_SCOTTSBLUFF.CAPL,2026,6,2026-06-05,61.334998236762154,83.60378469553027,16,15.704678359097556,2
1769,8131,XD_8131_SD_SCOTTSBLUFF.CAPL,2026,6,2026-06-08,61.018498229980466,83.17237360587852,17,16.686220756541154,2
1770,8131,XD_8131_SD_SCOTTSBLUFF.CAPL,2026,6,2026-06-09,61.018498229980466,83.17237360587852,18,17.66776315398475,2
1771,8131,XD_8131_SD_SCOTTSBLUFF.CAPL,2026,6,2026-06-10,60.199999237060545,82.0567036695489,18,17.66776315398475,2
1772,8131,XD_8131_SD_SCOTTSBLUFF.CAPL,2026,6,2026-06-11,59.944544705477625,81.70850172495089,18,17.66776315398475,2
1773,8131,XD_8131_SD_SCOTTSBLUFF.CAPL,2026,6,2026-06-12,60.199999237060545,82.0567036695489,16,15.704678359097556,2
1774,8131,XD_8131_SD_SCOTTSBLUFF.CAPL,2026,6,2026-06-15,60.199999237060545,82.0567036695489,17,16.686220756541154,2
1775,8131,XD_8131_SD_SCOTTSBLUFF.CAPL,2026,6,2026-06-16,59.946072414943146,81.71058409711857,17,16.686220756541154,2
1776,8131,XD_8131_SD_SCOTTSBLUFF.CAPL,2026,6,2026-06-17,59.927501106262206,81.68527013711025,17,16.686220756541154,2
1777,8131,XD_8131_SD_SCOTTSBLUFF.CAPL,2026,6,2026-06-18,59.67318292097612,81.33861710999608,18,17.66776315398475,2
1778,8131,XD_8131_SD_SCOTTSBLUFF.CAPL,2026,6,2026-06-19,60.23833444383409,82.1089571702498,17,16.686220756541154,2
1779,8131,XD_8131_SD_SCOTTSBLUFF.CAPL,2026,6,2026-06-22,60.62687611579895,82.63856596167423,15,14.72313596165396,2
1780,8131,XD_8131_SD_SCOTTSBLUFF.CAPL,2026,6,2026-06-23,59.38200073242187,80.94171593287219,17,16.686220756541154,2
1781,8131,XD_8131_SD_SCOTTSBLUFF.CAPL,2026,6,2026-06-24,59.38200073242187,80.94171593287219,17,16.686220756541154,2
1782,8131,XD_8131_SD_SCOTTSBLUFF.CAPL,2026,6,2026-06-25,59.38200073242187,80.94171593287219,17,16.686220756541154,2
1783,8131,XD_8131_SD_SCOTTSBLUFF.CAPL,2026,6,2026-06-26,59.38200073242187,80.94171593287219,17,16.686220756541154,2
1784,8131,XD_8131_SD_SCOTTSBLUFF.CAPL,2026,6,2026-06-29,59.690000745985245,81.36154095219922,16,15.704678359097556,2
1785,8131,XD_8131_SD_SCOTTSBLUFF.CAPL,2026,6,2026-06-30,59.10949859619141,80.57027694075646,18,17.66776315398475,2
1786,8131,XD_8131_WY_CASPER.ARHG,2026,5,2026-05-01,34.9667507648468,26.243400412608356,45,91.72277082267172,10
1787,8131,XD_8131_WY_CASPER.ARHG,2026,5,2026-05-04,34.9667507648468,26.243400412608356,45,91.72277082267172,10
1788,8131,XD_8131_WY_CASPER.ARHG,2026,5,2026-05-05,34.99638965394762,26.26564512272422,46,93.7610546187311,9
1789,8131,XD_8131_WY_CASPER.ARHG,2026,5,2026-05-06,35.49069309234619,26.636631925200135,45,91.72277082267172,9
1790,8131,XD_8131_WY_CASPER.ARHG,2026,5,2026-05-07,35.46062364578247,26.61406407119322,49,99.8759060069092,10
1791,8131,XD_8131_WY_CASPER.ARHG,2026,5,2026-05-08,35.46062364578247,26.61406407119322,45,91.72277082267172,10
1792,8131,XD_8131_WY_CASPER.ARHG,2026,5,2026-05-11,35.49069309234619,26.63663192520013,44,89.68448702661235,9
1793,8131,XD_8131_WY_CASPER.ARHG,2026,5,2026-05-12,35.49069309234619,26.63663192520013,46,93.7610546187311,9
1794,8131,XD_8131_WY_CASPER.ARHG,2026,5,2026-05-13,35.49069309234619,26.63663192520013,46,93.7610546187311,9
1795,8131,XD_8131_WY_CASPER.ARHG,2026,5,2026-05-14,35.49069309234619,26.63663192520013,48,97.83762221084984,9
1796,8131,XD_8131_WY_CASPER.ARHG,2026,5,2026-05-15,35.49069309234619,26.63663192520013,44,89.68448702661235,9
1797,8131,XD_8131_WY_CASPER.ARHG,2026,5,2026-05-18,35.49069309234619,26.63663192520013,44,89.68448702661235,9
1798,8131,XD_8131_WY_CASPER.ARHG,2026,5,2026-05-19,35.49069309234619,26.636631925200135,45,91.72277082267172,9
1799,8131,XD_8131_WY_CASPER.ARHG,2026,5,2026-05-20,35.82347265879313,26.886391117014465,46,93.7610546187311,9
1800,8131,XD_8131_WY_CASPER.ARHG,2026,5,2026-05-21,35.82347265879313,26.886391117014465,48,97.83762221084984,9
1801,8131,XD_8131_WY_CASPER.ARHG,2026,5,2026-05-22,35.82347265879313,26.886391117014465,44,89.68448702661235,9
1802,8131,XD_8131_WY_CASPER.ARHG,2026,5,2026-05-26,35.82347265879313,26.886391117014465,44,89.68448702661235,9
1803,8131,XD_8131_WY_CASPER.ARHG,2026,5,2026-05-27,35.82347265879313,26.886391117014465,45,91.72277082267172,9
1804,8131,XD_8131_WY_CASPER.ARHG,2026,5,2026-05-28,35.82347265879313,26.886391117014465,47,95.79933841479047,9
1805,8131,XD_8131_WY_CASPER.ARHG,2026,5,2026-05-29,35.82347265879313,26.886391117014465,44,89.68448702661235,9
1806,8131,XD_8131_WY_CASPER.ARHG,2026,6,2026-06-01,35.82347265879313,27.86910335092821,44,84.93489549005164,9
1807,8131,XD_8131_WY_CASPER.ARHG,2026,6,2026-06-02,35.82347265879313,27.86910335092821,46,88.79557255778127,9
1808,8131,XD_8131_WY_CASPER.ARHG,2026,6,2026-06-03,35.49069309234619,27.610215324668967,45,86.86523402391646,9
1809,8131,XD_8131_WY_CASPER.ARHG,2026,6,2026-06-04,35.49069309234619,27.61021532466897,47,90.72591109164608,9
1810,8131,XD_8131_WY_CASPER.ARHG,2026,6,2026-06-05,35.49069309234619,27.610215324668967,44,84.93489549005164,9
1811,8131,XD_8131_WY_CASPER.ARHG,2026,6,2026-06-08,35.53364944458008,27.643633498037797,42,81.07421842232203,9
1812,8131,XD_8131_WY_CASPER.ARHG,2026,6,2026-06-09,35.49069309234619,27.610215324668967,45,86.86523402391646,9
1813,8131,XD_8131_WY_CASPER.ARHG,2026,6,2026-06-10,35.15791728761461,27.351330224860636,45,86.86523402391646,9
1814,8131,XD_8131_WY_CASPER.ARHG,2026,6,2026-06-11,35.15791728761461,27.351330224860636,48,92.6562496255109,9
1815,8131,XD_8131_WY_CASPER.ARHG,2026,6,2026-06-12,35.15791728761461,27.351330224860636,44,84.93489549005164,9
1816,8131,XD_8131_WY_CASPER.ARHG,2026,6,2026-06-15,35.15791728761461,27.351330224860636,44,84.93489549005164,9
1817,8131,XD_8131_WY_CASPER.ARHG,2026,6,2026-06-16,33.567083926427934,26.11373107361996,47,100.37760376097013,9
1818,8131,XD_8131_WY_CASPER.ARHG,2026,6,2026-06-17,35.15791728761461,27.351330224860636,45,86.86523402391646,9
1819,8131,XD_8131_WY_CASPER.ARHG,2026,6,2026-06-18,35.15791728761461,27.351330224860636,49,94.58658815937571,9
1820,8131,XD_8131_WY_CASPER.ARHG,2026,6,2026-06-19,35.20047681293791,27.384439684155623,40,77.21354135459241,9
1821,8131,XD_8131_WY_CASPER.ARHG,2026,6,2026-06-22,35.93258396784464,27.953987202856098,46,88.79557255778127,9
1822,8131,XD_8131_WY_CASPER.ARHG,2026,6,2026-06-23,35.42738778856065,27.560966552204476,46,88.79557255778127,9
1823,8131,XD_8131_WY_CASPER.ARHG,2026,6,2026-06-24,35.42738778856065,27.560966552204476,46,88.79557255778127,9
1824,8131,XD_8131_WY_CASPER.ARHG,2026,6,2026-06-25,35.42738778856065,27.560966552204476,48,92.6562496255109,9
1825,8131,XD_8131_WY_CASPER.ARHG,2026,6,2026-06-26,35.42738778856065,27.560966552204476,46,88.79557255778127,9
1826,8131,XD_8131_WY_CASPER.ARHG,2026,6,2026-06-29,34.66361003451877,26.966780685097916,46,88.79557255778127,9
1827,8131,XD_8131_WY_CASPER.ARHG,2026,6,2026-06-30,34.50208245383369,26.841119254029667,46,88.79557255778127,9
1828,8131,XD_8131_WY_CHEYENNE.ARHG,2026,5,2026-05-01,34.70000076293945,36.08114120042531,18,28.052005065786766,5
1829,8131,XD_8131_WY_CHEYENNE.ARHG,2026,5,2026-05-04,34.70000076293945,36.08114120042531,17,26.493560339909724,5
1830,8131,XD_8131_WY_CHEYENNE.ARHG,2026,5,2026-05-05,34.70000076293945,36.08114120042531,18,28.052005065786766,5
1831,8131,XD_8131_WY_CHEYENNE.ARHG,2026,5,2026-05-06,35.189998626708984,36.59064211459985,19,29.610449791663807,5
1832,8131,XD_8131_WY_CHEYENNE.ARHG,2026,5,2026-05-07,35.189998626708984,36.59064211459985,20,31.168894517540853,5
1833,8131,XD_8131_WY_CHEYENNE.ARHG,2026,5,2026-05-08,35.189998626708984,36.59064211459985,18,28.052005065786766,5
1834,8131,XD_8131_WY_CHEYENNE.ARHG,2026,5,2026-05-11,35.189998626708984,36.59064211459985,18,28.052005065786766,5
1835,8131,XD_8131_WY_CHEYENNE.ARHG,2026,5,2026-05-12,35.189998626708984,36.59064211459985,18,28.052005065786766,5
1836,8131,XD_8131_WY_CHEYENNE.ARHG,2026,5,2026-05-13,35.189998626708984,36.59064211459985,21,32.727339243417894,5
1837,8131,XD_8131_WY_CHEYENNE.ARHG,2026,5,2026-05-14,35.189998626708984,36.59064211459985,18,28.052005065786766,5
1838,8131,XD_8131_WY_CHEYENNE.ARHG,2026,5,2026-05-15,35.189998626708984,36.59064211459985,19,29.61044979166381,5
1839,8131,XD_8131_WY_CHEYENNE.ARHG,2026,5,2026-05-18,35.189998626708984,36.59064211459985,17,26.493560339909724,5
1840,8131,XD_8131_WY_CHEYENNE.ARHG,2026,5,2026-05-19,35.189998626708984,36.59064211459985,18,28.052005065786766,5
1841,8131,XD_8131_WY_CHEYENNE.ARHG,2026,5,2026-05-20,35.52000045776367,36.93377878321341,19,29.610449791663807,5
1842,8131,XD_8131_WY_CHEYENNE.ARHG,2026,5,2026-05-21,35.52000045776367,36.93377878321341,18,28.052005065786766,5
1843,8131,XD_8131_WY_CHEYENNE.ARHG,2026,5,2026-05-22,35.52000045776367,36.93377878321341,19,29.61044979166381,5
1844,8131,XD_8131_WY_CHEYENNE.ARHG,2026,5,2026-05-26,35.52000045776367,36.93377878321341,18,28.052005065786766,5
1845,8131,XD_8131_WY_CHEYENNE.ARHG,2026,5,2026-05-27,35.52000045776367,36.93377878321341,20,31.16889451754085,5
1846,8131,XD_8131_WY_CHEYENNE.ARHG,2026,5,2026-05-28,35.52000045776367,36.93377878321341,19,29.610449791663807,5
1847,8131,XD_8131_WY_CHEYENNE.ARHG,2026,5,2026-05-29,35.52000045776367,36.93377878321341,17,26.493560339909724,5
1848,8131,XD_8131_WY_CHEYENNE.ARHG,2026,6,2026-06-01,35.52000045776367,37.266733044050014,19,29.078427154468578,5
1849,8131,XD_8131_WY_CHEYENNE.ARHG,2026,6,2026-06-02,35.52000045776367,37.266733044050014,19,29.078427154468578,5
1850,8131,XD_8131_WY_CHEYENNE.ARHG,2026,6,2026-06-03,35.189998626708984,36.92050303325409,19,29.078427154468578,5
1851,8131,XD_8131_WY_CHEYENNE.ARHG,2026,6,2026-06-04,35.189998626708984,36.92050303325409,18,27.547983620022862,5
1852,8131,XD_8131_WY_CHEYENNE.ARHG,2026,6,2026-06-05,35.189998626708984,36.92050303325409,18,27.547983620022862,5
1853,8131,XD_8131_WY_CHEYENNE.ARHG,2026,6,2026-06-08,35.189998626708984,36.92050303325409,19,29.078427154468578,5
1854,8131,XD_8131_WY_CHEYENNE.ARHG,2026,6,2026-06-09,35.189998626708984,36.92050303325409,20,30.60887068891429,5
1855,8131,XD_8131_WY_CHEYENNE.ARHG,2026,6,2026-06-10,34.86000061035156,36.5742770247471,18,27.547983620022862,5
1856,8131,XD_8131_WY_CHEYENNE.ARHG,2026,6,2026-06-11,34.86000061035156,36.5742770247471,18,27.547983620022862,5
1857,8131,XD_8131_WY_CHEYENNE.ARHG,2026,6,2026-06-12,34.86000061035156,36.5742770247471,17,26.01754008557715,5
1858,8131,XD_8131_WY_CHEYENNE.ARHG,2026,6,2026-06-15,34.86000061035156,36.5742770247471,18,27.547983620022862,5
1859,8131,XD_8131_WY_CHEYENNE.ARHG,2026,6,2026-06-16,44.44650077819824,46.63220320655255,18,27.547983620022862,5
1860,8131,XD_8131_WY_CHEYENNE.ARHG,2026,6,2026-06-17,34.86000061035156,36.5742770247471,20,30.60887068891429,5
1861,8131,XD_8131_WY_CHEYENNE.ARHG,2026,6,2026-06-18,34.86000061035156,36.5742770247471,19,29.078427154468578,5
1862,8131,XD_8131_WY_CHEYENNE.ARHG,2026,6,2026-06-19,34.86000061035156,36.5742770247471,16,24.487096551131433,5
1863,8131,XD_8131_WY_CHEYENNE.ARHG,2026,6,2026-06-22,34.86000061035156,36.5742770247471,18,27.547983620022862,5
1864,8131,XD_8131_WY_CHEYENNE.ARHG,2026,6,2026-06-23,34.369998931884766,36.06017900934104,18,27.547983620022862,5
1865,8131,XD_8131_WY_CHEYENNE.ARHG,2026,6,2026-06-24,34.369998931884766,36.06017900934104,19,29.078427154468578,5
1866,8131,XD_8131_WY_CHEYENNE.ARHG,2026,6,2026-06-25,34.369998931884766,36.06017900934104,19,29.078427154468578,5
1867,8131,XD_8131_WY_CHEYENNE.ARHG,2026,6,2026-06-26,34.369998931884766,36.06017900934104,18,27.547983620022862,5
1868,8131,XD_8131_WY_CHEYENNE.ARHG,2026,6,2026-06-29,34.369998931884766,36.06017900934104,17,26.01754008557715,5
1869,8131,XD_8131_WY_CHEYENNE.ARHG,2026,6,2026-06-30,34.209999084472656,35.89231100473091,18,27.547983620022862,5
1870,8144,XD_8144_IL_BLOOMINGTON.YZER,2026,5,2026-05-01,43.39734247735779,39.64906562562683,66,79.89838421593029,9
1871,8144,XD_8144_IL_BLOOMINGTON.YZER,2026,5,2026-05-04,58.640742259784375,53.57587597458844,69,83.53012895301804,9
1872,8144,XD_8144_IL_BLOOMINGTON.YZER,2026,5,2026-05-05,58.040402815520096,53.027388517419695,71,85.95129211107653,9
1873,8144,XD_8144_IL_BLOOMINGTON.YZER,2026,5,2026-05-06,50.80981756263501,46.42131697391663,90,108.95234211263222,9
1874,8144,XD_8144_IL_BLOOMINGTON.YZER,2026,5,2026-05-07,58.00124645983885,52.99161413983251,71,85.95129211107653,9
1875,8144,XD_8144_IL_BLOOMINGTON.YZER,2026,5,2026-05-08,60.50400310136807,55.27820490000956,68,82.31954737398878,9
1876,8144,XD_8144_IL_BLOOMINGTON.YZER,2026,5,2026-05-11,59.748493157170174,54.587949191979845,67,81.10896579495954,9
1877,8144,XD_8144_IL_BLOOMINGTON.YZER,2026,5,2026-05-12,58.410270960298526,53.36531073818242,69,83.53012895301804,9
1878,8144,XD_8144_IL_BLOOMINGTON.YZER,2026,5,2026-05-13,49.82777119685013,45.52409104758881,88,106.53117895457373,9
1879,8144,XD_8144_IL_BLOOMINGTON.YZER,2026,5,2026-05-14,59.37740805381731,54.24891512271151,69,83.53012895301804,9
1880,8144,XD_8144_IL_BLOOMINGTON.YZER,2026,5,2026-05-15,60.247480342936,55.043838298210225,66,79.89838421593029,9
1881,8144,XD_8144_IL_BLOOMINGTON.YZER,2026,5,2026-05-18,59.794765898569295,54.6302253051167,69,83.53012895301804,9
1882,8144,XD_8144_IL_BLOOMINGTON.YZER,2026,5,2026-05-19,57.614664106972164,52.63842133576812,71,85.95129211107653,9
1883,8144,XD_8144_IL_BLOOMINGTON.YZER,2026,5,2026-05-20,51.362301207461,46.92608199039709,85,102.89943421748599,9
1884,8144,XD_8144_IL_BLOOMINGTON.YZER,2026,5,2026-05-21,58.70680677635877,53.63623442521361,69,83.53012895301804,9
1885,8144,XD_8144_IL_BLOOMINGTON.YZER,2026,5,2026-05-22,58.90252691024799,53.815049992938285,69,83.53012895301804,9
1886,8144,XD_8144_IL_BLOOMINGTON.YZER,2026,5,2026-05-26,62.565834057520306,57.16195321782604,69,83.53012895301804,9
1887,8144,XD_8144_IL_BLOOMINGTON.YZER,2026,5,2026-05-27,54.26466354766449,49.577764059549494,87,105.32059737554448,9
1888,8144,XD_8144_IL_BLOOMINGTON.YZER,2026,5,2026-05-28,61.342575941136275,56.04434926871565,70,84.74071053204727,9
1889,8144,XD_8144_IL_BLOOMINGTON.YZER,2026,5,2026-05-29,63.34628007273194,57.8749912406158,68,82.31954737398878,9
1890,8144,XD_8144_IL_BLOOMINGTON.YZER,2026,6,2026-06-01,61.5667906748262,57.59583098079747,66,79.60766018542407,9
1891,8144,XD_8144_IL_BLOOMINGTON.YZER,2026,6,2026-06-02,57.98999042836043,54.24972863910514,72,86.8447202022808,9
1892,8144,XD_8144_IL_BLOOMINGTON.YZER,2026,6,2026-06-03,50.3627822061548,47.11446316876895,89,107.34972358337488,9
1893,8144,XD_8144_IL_BLOOMINGTON.YZER,2026,6,2026-06-04,58.44280063712003,54.67333331240773,70,84.43236686332855,9
1894,8144,XD_8144_IL_BLOOMINGTON.YZER,2026,6,2026-06-05,62.66950968608249,58.627426376553586,65,78.40148351594794,9
1895,8144,XD_8144_IL_BLOOMINGTON.YZER,2026,6,2026-06-08,60.548130436523735,56.64287270135744,67,80.81383685490019,9
1896,8144,XD_8144_IL_BLOOMINGTON.YZER,2026,6,2026-06-09,58.73273665427306,54.94456891939901,70,84.43236686332855,9
1897,8144,XD_8144_IL_BLOOMINGTON.YZER,2026,6,2026-06-10,51.06494427041979,47.77133690104017,85,102.5250169054704,9
1898,8144,XD_8144_IL_BLOOMINGTON.YZER,2026,6,2026-06-11,57.80439964322173,54.076108163272664,70,84.43236686332855,9
1899,8144,XD_8144_IL_BLOOMINGTON.YZER,2026,6,2026-06-12,60.81757459839802,56.894938145015836,66,79.60766018542407,9
1900,8144,XD_8144_IL_BLOOMINGTON.YZER,2026,6,2026-06-15,42.729367775891824,39.97339178088557,66,79.60766018542407,9
1901,8144,XD_8144_IL_BLOOMINGTON.YZER,2026,6,2026-06-22,63.399176018662764,59.310030395750154,65,78.40148351594794,9
1902,8144,XD_8144_IL_BLOOMINGTON.YZER,2026,6,2026-06-23,56.51064986240717,52.8658031775735,72,86.8447202022808,9
1903,8144,XD_8144_IL_BLOOMINGTON.YZER,2026,6,2026-06-24,50.317863181390095,47.07244134937878,87,104.93737024442264,9
1904,8144,XD_8144_IL_BLOOMINGTON.YZER,2026,6,2026-06-25,58.12252376495846,54.37371378711031,69,83.22619019385243,9
1905,8144,XD_8144_IL_BLOOMINGTON.YZER,2026,6,2026-06-26,58.917381851761434,55.11730479647477,67,80.81383685490019,9
1906,8144,XD_8144_IL_BLOOMINGTON.YZER,2026,6,2026-06-29,60.8336642946082,56.9099900815111,67,80.81383685490019,9
1907,8144,XD_8144_IL_BLOOMINGTON.YZER,2026,6,2026-06-30,57.234118764319255,53.542609490484494,72,86.8447202022808,9
1908,8144,XD_8144_IL_GALESBURG.YZER,2026,5,2026-05-01,39.092143467494424,47.609137694350764,14,18.688493605143506,2
1909,8144,XD_8144_IL_GALESBURG.YZER,2026,5,2026-05-04,55.77087758290185,67.92166288827288,14,18.688493605143506,2
1910,8144,XD_8144_IL_GALESBURG.YZER,2026,5,2026-05-05,52.922038231792754,64.45214771449336,15,20.0233860055109,2
1911,8144,XD_8144_IL_GALESBURG.YZER,2026,5,2026-05-06,50.07970669366807,60.99055820907023,17,22.69317080624569,2
1912,8144,XD_8144_IL_GALESBURG.YZER,2026,5,2026-05-07,59.48778199603429,72.44836821331359,13,17.353601204776112,2
1913,8144,XD_8144_IL_GALESBURG.YZER,2026,5,2026-05-08,53.78891292661697,65.50788815359086,15,20.0233860055109,2
1914,8144,XD_8144_IL_GALESBURG.YZER,2026,5,2026-05-11,52.33325604728727,63.73508772218542,15,20.0233860055109,2
1915,8144,XD_8144_IL_GALESBURG.YZER,2026,5,2026-05-12,52.33325604728727,63.73508772218542,15,20.0233860055109,2
1916,8144,XD_8144_IL_GALESBURG.YZER,2026,5,2026-05-13,53.34120328784426,64.96263614260448,15,20.0233860055109,2
1917,8144,XD_8144_IL_GALESBURG.YZER,2026,5,2026-05-14,55.43736404027695,67.51548684456314,14,18.688493605143506,2
1918,8144,XD_8144_IL_GALESBURG.YZER,2026,5,2026-05-15,55.43736404027695,67.51548684456314,14,18.688493605143506,2
1919,8144,XD_8144_IL_GALESBURG.YZER,2026,5,2026-05-18,56.47897078115729,68.78402815110907,14,18.688493605143506,2
1920,8144,XD_8144_IL_GALESBURG.YZER,2026,5,2026-05-19,53.54834568306507,65.21490859281192,15,20.0233860055109,2
1921,8144,XD_8144_IL_GALESBURG.YZER,2026,5,2026-05-20,49.6656565552187,60.48629908421073,17,22.69317080624569,2
1922,8144,XD_8144_IL_GALESBURG.YZER,2026,5,2026-05-21,56.29182718287325,68.55611163006363,14,18.688493605143506,2
1923,8144,XD_8144_IL_GALESBURG.YZER,2026,5,2026-05-22,56.29182718287325,68.55611163006363,14,18.688493605143506,2
1924,8144,XD_8144_IL_GALESBURG.YZER,2026,5,2026-05-26,56.43836114726542,68.73457090778132,15,20.0233860055109,2
1925,8144,XD_8144_IL_GALESBURG.YZER,2026,5,2026-05-27,52.72915491431651,64.2172409632607,17,22.69317080624569,2
1926,8144,XD_8144_IL_GALESBURG.YZER,2026,5,2026-05-28,56.43836114726542,68.73457090778132,15,20.0233860055109,2
1927,8144,XD_8144_IL_GALESBURG.YZER,2026,5,2026-05-29,56.43836114726542,68.73457090778132,15,20.0233860055109,2
1928,8144,XD_8144_IL_GALESBURG.YZER,2026,6,2026-06-01,53.314102676419196,66.7734195583834,15,19.500458518053975,2
1929,8144,XD_8144_IL_GALESBURG.YZER,2026,6,2026-06-02,56.23106707112483,70.42678100660476,14,18.20042795018371,2
1930,8144,XD_8144_IL_GALESBURG.YZER,2026,6,2026-06-03,47.04503494241234,58.921705489717034,18,23.400550221664773,2
1931,8144,XD_8144_IL_GALESBURG.YZER,2026,6,2026-06-04,55.85678096447025,69.95800516719493,14,18.20042795018371,2
1932,8144,XD_8144_IL_GALESBURG.YZER,2026,6,2026-06-05,58.612614363198404,73.40955758069302,13,16.900397382313443,2
1933,8144,XD_8144_IL_GALESBURG.YZER,2026,6,2026-06-08,55.76678114989351,69.84528460964594,14,18.20042795018371,2
1934,8144,XD_8144_IL_GALESBURG.YZER,2026,6,2026-06-09,55.76678114989351,69.84528460964594,14,18.20042795018371,2
1935,8144,XD_8144_IL_GALESBURG.YZER,2026,6,2026-06-10,50.483299279514746,63.2279707292802,16,20.80048908592424,2
1936,8144,XD_8144_IL_GALESBURG.YZER,2026,6,2026-06-11,52.530709972002185,65.79225684336033,15,19.500458518053975,2
1937,8144,XD_8144_IL_GALESBURG.YZER,2026,6,2026-06-12,52.530709972002185,65.79225684336033,15,19.500458518053975,2
1938,8144,XD_8144_IL_GALESBURG.YZER,2026,6,2026-06-15,36.41678592136928,45.61032078236494,15,19.500458518053975,2
1939,8144,XD_8144_IL_GALESBURG.YZER,2026,6,2026-06-22,54.88745956420898,68.74397545840657,14,18.20042795018371,2
1940,8144,XD_8144_IL_GALESBURG.YZER,2026,6,2026-06-23,51.99707298278808,65.1239014780092,15,19.500458518053975,2
1941,8144,XD_8144_IL_GALESBURG.YZER,2026,6,2026-06-24,46.1866958618164,57.846675944535555,18,23.400550221664773,2
1942,8144,XD_8144_IL_GALESBURG.YZER,2026,6,2026-06-25,54.8322516305106,68.67483010408696,14,18.20042795018371,2
1943,8144,XD_8144_IL_GALESBURG.YZER,2026,6,2026-06-26,54.8322516305106,68.67483010408696,14,18.20042795018371,2
1944,8144,XD_8144_IL_GALESBURG.YZER,2026,6,2026-06-29,64.29745287214007,80.52955187531916,12,15.60036681444318,2
1945,8144,XD_8144_IL_GALESBURG.YZER,2026,6,2026-06-30,54.80453431265695,68.64011546009664,15,19.500458518053975,2
1946,8144,XD_8144_IL_NAPERVILLE.YZER,2026,5,2026-05-01,29.724528750237294,19.771720439737116,494,420.0249388236426,49
1947,8144,XD_8144_IL_NAPERVILLE.YZER,2026,5,2026-05-04,42.94877106340766,28.568025479266453,469,401.1934113520173,48
1948,8144,XD_8144_IL_NAPERVILLE.YZER,2026,5,2026-05-05,44.166247253966816,29.37784820459997,497,424.11874914356116,49
1949,8144,XD_8144_IL_NAPERVILLE.YZER,2026,5,2026-05-06,47.33895938338535,31.488225724315082,495,424.11874914356116,51
1950,8144,XD_8144_IL_NAPERVILLE.YZER,2026,5,2026-05-07,46.73518524633203,31.08661621363557,507,433.94389391136565,50
1951,8144,XD_8144_IL_NAPERVILLE.YZER,2026,5,2026-05-08,47.07657285725002,31.31369535293417,482,410.1997940558381,49
1952,8144,XD_8144_IL_NAPERVILLE.YZER,2026,5,2026-05-11,45.422691739103755,30.213591281198912,467,400.3746492880336,48
1953,8144,XD_8144_IL_NAPERVILLE.YZER,2026,5,2026-05-12,44.70627437047566,29.73705541919391,499,427.39379739949595,49
1954,8144,XD_8144_IL_NAPERVILLE.YZER,2026,5,2026-05-13,47.87572863020459,31.84526591754854,500,427.39379739949595,51
1955,8144,XD_8144_IL_NAPERVILLE.YZER,2026,5,2026-05-14,43.2901334269416,28.795087824885204,520,443.76903867917014,50
1956,8144,XD_8144_IL_NAPERVILLE.YZER,2026,5,2026-05-15,47.74576426888,31.758818154462706,472,403.64969754396844,49
1957,8144,XD_8144_IL_NAPERVILLE.YZER,2026,5,2026-05-18,46.16672197355218,30.70849425906728,468,400.3746492880336,48
1958,8144,XD_8144_IL_NAPERVILLE.YZER,2026,5,2026-05-19,45.94456483224037,30.560723072226402,492,419.2061767596589,49
1959,8144,XD_8144_IL_NAPERVILLE.YZER,2026,5,2026-05-20,47.061271016713235,31.30351710197353,495,423.2999870795774,51
1960,8144,XD_8144_IL_NAPERVILLE.YZER,2026,5,2026-05-21,43.160706648853676,28.70899764343027,522,445.40656280713756,50
1961,8144,XD_8144_IL_NAPERVILLE.YZER,2026,5,2026-05-22,50.025564707078715,33.27526194071096,500,427.393797399496,49
1962,8144,XD_8144_IL_NAPERVILLE.YZER,2026,5,2026-05-26,48.858309671415704,32.49884457709438,488,417.56865263169146,49
1963,8144,XD_8144_IL_NAPERVILLE.YZER,2026,5,2026-05-27,51.657158647571656,34.36054135871815,496,424.93751120754484,51
1964,8144,XD_8144_IL_NAPERVILLE.YZER,2026,5,2026-05-28,47.51030902170235,31.60220153112167,519,439.6752283592516,50
1965,8144,XD_8144_IL_NAPERVILLE.YZER,2026,5,2026-05-29,48.82723245149217,32.47817309363588,495,421.66246295161,49
1966,8144,XD_8144_IL_NAPERVILLE.YZER,2026,6,2026-06-01,47.06073781553309,33.40348709043502,468,329.5002862824925,48
1967,8144,XD_8144_IL_NAPERVILLE.YZER,2026,6,2026-06-02,46.334504086113924,32.888009855454555,496,345.6720794742713,49
1968,8144,XD_8144_IL_NAPERVILLE.YZER,2026,6,2026-06-03,48.566499151358386,34.472269299920804,496,349.715027772216,51
1969,8144,XD_8144_IL_NAPERVILLE.YZER,2026,6,2026-06-04,48.25913593548945,34.25410435627718,508,355.1056255028089,50
1970,8144,XD_8144_IL_NAPERVILLE.YZER,2026,6,2026-06-05,44.705666187069475,31.731868488814445,495,349.04120305589186,49
1971,8144,XD_8144_IL_NAPERVILLE.YZER,2026,6,2026-06-08,45.09631809107871,32.0091513457806,465,328.15263684984427,48
1972,8144,XD_8144_IL_NAPERVILLE.YZER,2026,6,2026-06-09,46.83329605342188,33.24205001322031,494,347.69355362324364,49
1973,8144,XD_8144_IL_NAPERVILLE.YZER,2026,6,2026-06-10,47.21424713342802,33.51244727160907,493,348.3673783395677,51
1974,8144,XD_8144_IL_NAPERVILLE.YZER,2026,6,2026-06-11,44.42433993238828,31.53218445595293,516,360.49622323340185,50
1975,8144,XD_8144_IL_NAPERVILLE.YZER,2026,6,2026-06-12,46.938640292372725,33.31682285124166,490,342.3029558926507,49
1976,8144,XD_8144_IL_NAPERVILLE.YZER,2026,6,2026-06-15,28.244404367794136,20.04774341564264,467,329.50028628249254,48
1977,8144,XD_8144_IL_NAPERVILLE.YZER,2026,6,2026-06-22,48.279300662277514,34.26841718310934,460,322.08821440292724,48
1978,8144,XD_8144_IL_NAPERVILLE.YZER,2026,6,2026-06-23,45.7120427085635,32.446189740546856,499,350.38885248854007,49
1979,8144,XD_8144_IL_NAPERVILLE.YZER,2026,6,2026-06-24,46.73155881603644,33.169837407694615,496,348.3673783395677,51
1980,8144,XD_8144_IL_NAPERVILLE.YZER,2026,6,2026-06-25,43.48120396268316,30.86275104604639,519,363.1915220986983,50
1981,8144,XD_8144_IL_NAPERVILLE.YZER,2026,6,2026-06-26,43.42175783373838,30.820556467445293,504,355.1056255028089,49
1982,8144,XD_8144_IL_NAPERVILLE.YZER,2026,6,2026-06-29,45.82458506728765,32.52607176962818,469,330.84793571514075,48
1983,8144,XD_8144_IL_NAPERVILLE.YZER,2026,6,2026-06-30,46.27338370155718,32.844626898210954,489,343.65060532529895,49
1984,8144,XD_8144_MI_CRYSTALFALLS.YZER,2026,5,2026-05-01,35.9523139529758,38.28775150677542,23,50.95709490148429,9
1985,8144,XD_8144_MI_CRYSTALFALLS.YZER,2026,5,2026-05-04,45.360575514978336,48.30716726031648,23,48.91881110542492,9
1986,8144,XD_8144_MI_CRYSTALFALLS.YZER,2026,5,2026-05-05,44.75481362273727,47.662055492747484,23,50.95709490148429,9
1987,8144,XD_8144_MI_CRYSTALFALLS.YZER,2026,5,2026-05-06,45.61536969539623,48.57851269521596,23,50.95709490148429,9
1988,8144,XD_8144_MI_CRYSTALFALLS.YZER,2026,5,2026-05-07,45.61536969539623,48.57851269521596,23,50.95709490148429,9
1989,8144,XD_8144_MI_CRYSTALFALLS.YZER,2026,5,2026-05-08,45.61536969539623,48.57851269521596,23,50.95709490148429,9
1990,8144,XD_8144_MI_CRYSTALFALLS.YZER,2026,5,2026-05-11,51.18203234431719,54.50678191601511,21,46.88052730936555,9
1991,8144,XD_8144_MI_CRYSTALFALLS.YZER,2026,5,2026-05-12,49.20340019139376,52.39961918113423,21,46.88052730936555,8
1992,8144,XD_8144_MI_CRYSTALFALLS.YZER,2026,5,2026-05-13,45.23629203308311,48.174810409032155,23,50.95709490148429,9
1993,8144,XD_8144_MI_CRYSTALFALLS.YZER,2026,5,2026-05-14,45.23629203308311,48.174810409032155,23,50.95709490148429,9
1994,8144,XD_8144_MI_CRYSTALFALLS.YZER,2026,5,2026-05-15,47.28536613541419,50.356990953840395,22,48.91881110542492,9
1995,8144,XD_8144_MI_CRYSTALFALLS.YZER,2026,5,2026-05-18,48.49966850801286,51.65017357226535,22,48.91881110542492,9
1996,8144,XD_8144_MI_CRYSTALFALLS.YZER,2026,5,2026-05-19,46.45059440568176,49.46799302745711,23,50.95709490148429,9
1997,8144,XD_8144_MI_CRYSTALFALLS.YZER,2026,5,2026-05-20,46.2778163114254,49.283991387191215,23,50.95709490148429,9
1998,8144,XD_8144_MI_CRYSTALFALLS.YZER,2026,5,2026-05-21,43.8305941315887,46.6777993399697,24,52.995378697543664,9
1999,8144,XD_8144_MI_CRYSTALFALLS.YZER,2026,5,2026-05-22,48.31744592975222,51.45611394081875,22,48.91881110542492,9
2000,8144,XD_8144_MI_CRYSTALFALLS.YZER,2026,5,2026-05-26,49.87439723636793,53.11420373203001,22,48.91881110542492,8
2001,8144,XD_8144_MI_CRYSTALFALLS.YZER,2026,5,2026-05-27,47.43470567896746,50.51603149129179,24,52.995378697543664,9
2002,8144,XD_8144_MI_CRYSTALFALLS.YZER,2026,5,2026-05-28,49.88192785880416,53.12222353851331,23,50.95709490148429,9
2003,8144,XD_8144_MI_CRYSTALFALLS.YZER,2026,5,2026-05-29,49.88192785880416,53.12222353851331,23,50.95709490148429,9
2004,8144,XD_8144_MI_CRYSTALFALLS.YZER,2026,6,2026-06-01,47.81760450722515,52.91443958957405,23,48.25846334662026,9
2005,8144,XD_8144_MI_CRYSTALFALLS.YZER,2026,6,2026-06-02,47.81760450722515,52.91443958957405,23,48.25846334662026,9
2006,8144,XD_8144_MI_CRYSTALFALLS.YZER,2026,6,2026-06-03,47.47278971219024,52.53287129836639,23,48.25846334662026,9
2007,8144,XD_8144_MI_CRYSTALFALLS.YZER,2026,6,2026-06-04,47.47278971219024,52.53287129836639,23,48.25846334662026,9
2008,8144,XD_8144_MI_CRYSTALFALLS.YZER,2026,6,2026-06-05,47.47278971219024,52.53287129836639,23,48.25846334662026,9
2009,8144,XD_8144_MI_CRYSTALFALLS.YZER,2026,6,2026-06-08,47.02331386824372,52.03548623199638,23,48.25846334662026,9
2010,8144,XD_8144_MI_CRYSTALFALLS.YZER,2026,6,2026-06-09,44.5988694577077,49.35262249129593,24,50.188801880485066,9
2011,8144,XD_8144_MI_CRYSTALFALLS.YZER,2026,6,2026-06-10,46.67794382282905,51.653303506774705,23,48.25846334662026,9
2012,8144,XD_8144_MI_CRYSTALFALLS.YZER,2026,6,2026-06-11,46.67794382282905,51.653303506774705,23,48.25846334662026,9
2013,8144,XD_8144_MI_CRYSTALFALLS.YZER,2026,6,2026-06-12,46.67794382282905,51.653303506774705,23,48.25846334662026,9
2014,8144,XD_8144_MI_CRYSTALFALLS.YZER,2026,6,2026-06-15,36.327129646583835,40.19920543816326,23,48.25846334662026,9
2015,8144,XD_8144_MI_CRYSTALFALLS.YZER,2026,6,2026-06-22,51.670337591487296,57.1778319979315,22,46.32812481275545,9
2016,8144,XD_8144_MI_CRYSTALFALLS.YZER,2026,6,2026-06-23,45.13589447794834,49.94688852123308,24,50.188801880485066,9
2017,8144,XD_8144_MI_CRYSTALFALLS.YZER,2026,6,2026-06-24,47.51478334988302,52.5793409998025,23,48.25846334662026,9
2018,8144,XD_8144_MI_CRYSTALFALLS.YZER,2026,6,2026-06-25,47.51102819777371,52.57518558943669,22,46.32812481275545,8
2019,8144,XD_8144_MI_CRYSTALFALLS.YZER,2026,6,2026-06-26,47.51478334988302,52.5793409998025,23,48.25846334662026,9
2020,8144,XD_8144_MI_CRYSTALFALLS.YZER,2026,6,2026-06-29,48.40828319475677,53.56807818252194,23,48.25846334662026,9
2021,8144,XD_8144_MI_CRYSTALFALLS.YZER,2026,6,2026-06-30,48.23457834099249,53.37585828598702,23,48.25846334662026,9
2022,8144,XD_8144_WI_GREENVILLE.YZER,2026,5,2026-05-01,25.55920497228229,19.356490130661232,56,64.29420543601042,15
2023,8144,XD_8144_WI_GREENVILLE.YZER,2026,5,2026-05-04,32.76881608991148,24.816470853677973,56,64.29420543601042,15
2024,8144,XD_8144_WI_GREENVILLE.YZER,2026,5,2026-05-05,32.508784332253995,24.619543673970544,57,65.44231624736774,15
2025,8144,XD_8144_WI_GREENVILLE.YZER,2026,5,2026-05-06,33.11397947884494,25.077869897138104,57,65.44231624736774,15
2026,8144,XD_8144_WI_GREENVILLE.YZER,2026,5,2026-05-07,32.272277117510995,24.440432094679736,59,67.7385378700824,15
2027,8144,XD_8144_WI_GREENVILLE.YZER,2026,5,2026-05-08,34.521281075834644,26.14364715830628,54,61.99798381329576,15
2028,8144,XD_8144_WI_GREENVILLE.YZER,2026,5,2026-05-11,35.36689599052308,26.784048014602753,53,60.84987300193843,15
2029,8144,XD_8144_WI_GREENVILLE.YZER,2026,5,2026-05-12,32.53118169875372,24.63650564145251,56,64.29420543601042,15
2030,8144,XD_8144_WI_GREENVILLE.YZER,2026,5,2026-05-13,32.653483299376475,24.729127056241644,56,64.29420543601042,15
2031,8144,XD_8144_WI_GREENVILLE.YZER,2026,5,2026-05-14,31.52414202251132,23.873854628813056,59,67.7385378700824,15
2032,8144,XD_8144_WI_GREENVILLE.YZER,2026,5,2026-05-15,32.653483299376475,24.729127056241644,56,64.29420543601042,15
2033,8144,XD_8144_WI_GREENVILLE.YZER,2026,5,2026-05-18,32.8497035675669,24.877728536169624,58,66.59042705872507,15
2034,8144,XD_8144_WI_GREENVILLE.YZER,2026,5,2026-05-19,32.8497035675669,24.877728536169624,58,66.59042705872507,15
2035,8144,XD_8144_WI_GREENVILLE.YZER,2026,5,2026-05-20,32.73031941592651,24.787316563047195,58,66.59042705872507,15
2036,8144,XD_8144_WI_GREENVILLE.YZER,2026,5,2026-05-21,32.312217060696085,24.470679401547052,59,67.7385378700824,15
2037,8144,XD_8144_WI_GREENVILLE.YZER,2026,5,2026-05-22,33.436316253239724,25.321981895108618,56,64.29420543601042,15
2038,8144,XD_8144_WI_GREENVILLE.YZER,2026,5,2026-05-26,37.77877230035051,28.6106095229978,55,63.14609462465309,15
2039,8144,XD_8144_WI_GREENVILLE.YZER,2026,5,2026-05-27,35.80170879738788,27.11334033077185,57,65.44231624736774,15
2040,8144,XD_8144_WI_GREENVILLE.YZER,2026,5,2026-05-28,34.756775478296085,26.321991714876567,59,67.7385378700824,15
2041,8144,XD_8144_WI_GREENVILLE.YZER,2026,5,2026-05-29,36.084105628597584,27.327205021875052,56,64.29420543601042,15
2042,8144,XD_8144_WI_GREENVILLE.YZER,2026,6,2026-06-01,32.95346250988188,25.584135848745678,58,64.92681275507488,15
2043,8144,XD_8144_WI_GREENVILLE.YZER,2026,6,2026-06-02,33.292395818801154,25.847274079408244,58,64.92681275507488,15
2044,8144,XD_8144_WI_GREENVILLE.YZER,2026,6,2026-06-03,33.46894548809718,25.98434224703907,57,63.8073849489529,15
2045,8144,XD_8144_WI_GREENVILLE.YZER,2026,6,2026-06-04,32.71348514859639,25.397824215790248,58,64.92681275507488,15
2046,8144,XD_8144_WI_GREENVILLE.YZER,2026,6,2026-06-05,33.46894548809718,25.98434224703907,57,63.8073849489529,15
2047,8144,XD_8144_WI_GREENVILLE.YZER,2026,6,2026-06-08,32.859770226857016,25.511395811301405,57,63.8073849489529,15
2048,8144,XD_8144_WI_GREENVILLE.YZER,2026,6,2026-06-09,32.58000832209511,25.294196584525587,58,64.92681275507488,15
2049,8144,XD_8144_WI_GREENVILLE.YZER,2026,6,2026-06-10,32.33498869033087,25.103970275445427,58,64.92681275507488,15
2050,8144,XD_8144_WI_GREENVILLE.YZER,2026,6,2026-06-11,32.002433149549695,24.845783563501357,58,64.92681275507488,15
2051,8144,XD_8144_WI_GREENVILLE.YZER,2026,6,2026-06-12,32.61209980434842,25.319111503293524,57,63.8073849489529,15
2052,8144,XD_8144_WI_GREENVILLE.YZER,2026,6,2026-06-15,25.882933137681746,20.09477691031335,57,63.8073849489529,15
2053,8144,XD_8144_WI_GREENVILLE.YZER,2026,6,2026-06-22,32.958656803854524,25.58816855160944,56,62.68795714283092,15
2054,8144,XD_8144_WI_GREENVILLE.YZER,2026,6,2026-06-23,32.17447878271118,24.979354924922536,58,64.92681275507488,15
2055,8144,XD_8144_WI_GREENVILLE.YZER,2026,6,2026-06-24,32.55632323122463,25.27580815016186,57,63.8073849489529,15
2056,8144,XD_8144_WI_GREENVILLE.YZER,2026,6,2026-06-25,32.805767684146176,25.46946976518478,57,63.8073849489529,15
2057,8144,XD_8144_WI_GREENVILLE.YZER,2026,6,2026-06-26,32.44895497028093,25.192450470433865,57,63.8073849489529,15
2058,8144,XD_8144_WI_GREENVILLE.YZER,2026,6,2026-06-29,32.50767992292132,25.238042861995517,57,63.8073849489529,15
2059,8144,XD_8144_WI_GREENVILLE.YZER,2026,6,2026-06-30,32.1109147728814,24.93000562628394,58,64.92681275507488,15
2060,8144,XD_8144_WI_MADISON.YZER,2026,5,2026-05-01,32.75076560969638,24.159845906630693,101,94.80196190042034,17
2061,8144,XD_8144_WI_MADISON.YZER,2026,5,2026-05-04,46.312979841981374,34.16452823710148,103,97.36417708691819,17
2062,8144,XD_8144_WI_MADISON.YZER,2026,5,2026-05-05,47.32071118178705,34.907919526793314,101,93.94789017158773,17
2063,8144,XD_8144_WI_MADISON.YZER,2026,5,2026-05-06,44.2938102743351,32.67501113099604,112,104.19675091757911,17
2064,8144,XD_8144_WI_MADISON.YZER,2026,5,2026-05-07,39.30525621968714,28.99501480072675,143,130.6729745113902,17
2065,8144,XD_8144_WI_MADISON.YZER,2026,5,2026-05-08,47.69875660949292,35.186799092172876,103,96.51010535808558,17
2066,8144,XD_8144_WI_MADISON.YZER,2026,5,2026-05-11,45.685201742512895,33.701423883222624,107,99.92639227341604,17
2067,8144,XD_8144_WI_MADISON.YZER,2026,5,2026-05-12,46.93494590465779,34.62334512133844,100,93.09381844275511,17
2068,8144,XD_8144_WI_MADISON.YZER,2026,5,2026-05-13,43.09307734753759,31.78924489175256,113,105.90489437524435,17
2069,8144,XD_8144_WI_MADISON.YZER,2026,5,2026-05-14,40.95168484516399,30.20956539663739,143,128.11075932489234,17
2070,8144,XD_8144_WI_MADISON.YZER,2026,5,2026-05-15,47.61076310464187,35.12188734191577,104,94.80196190042034,17
2071,8144,XD_8144_WI_MADISON.YZER,2026,5,2026-05-18,46.2472925584097,34.11607151801192,105,98.21824881575081,17
2072,8144,XD_8144_WI_MADISON.YZER,2026,5,2026-05-19,47.21734927495965,34.83167069122943,104,96.51010535808558,17
2073,8144,XD_8144_WI_MADISON.YZER,2026,5,2026-05-20,46.13974181848851,34.03673263065257,112,101.63453573108127,17
2074,8144,XD_8144_WI_MADISON.YZER,2026,5,2026-05-21,41.31353464001102,30.476497638437007,143,128.96483105372496,17
2075,8144,XD_8144_WI_MADISON.YZER,2026,5,2026-05-22,46.82773023144471,34.54425340865992,104,96.51010535808558,17
2076,8144,XD_8144_WI_MADISON.YZER,2026,5,2026-05-26,48.74120662765781,35.95580193333918,104,96.51010535808557,17
2077,8144,XD_8144_WI_MADISON.YZER,2026,5,2026-05-27,48.083475527404545,35.470601611017166,111,101.63453573108127,17
2078,8144,XD_8144_WI_MADISON.YZER,2026,5,2026-05-28,43.75839466636438,32.2800414762791,142,128.96483105372496,17
2079,8144,XD_8144_WI_MADISON.YZER,2026,5,2026-05-29,48.93524604766558,36.09894247982497,103,95.65603362925296,17
2080,8144,XD_8144_WI_MADISON.YZER,2026,6,2026-06-01,45.66151169120491,32.92632031516318,108,101.11273244093135,17
2081,8144,XD_8144_WI_MADISON.YZER,2026,6,2026-06-02,51.410231642180186,37.07169762522801,103,95.92746411062718,17
2082,8144,XD_8144_WI_MADISON.YZER,2026,6,2026-06-03,45.01148814855309,32.457591125413785,114,106.29800077123552,17
2083,8144,XD_8144_WI_MADISON.YZER,2026,6,2026-06-04,39.274841004935,28.32091946497426,142,130.49591964598832,17
2084,8144,XD_8144_WI_MADISON.YZER,2026,6,2026-06-05,47.786581097688995,34.45869875333316,103,95.92746411062718,17
2085,8144,XD_8144_WI_MADISON.YZER,2026,6,2026-06-08,47.359713156752186,34.150886111241704,104,96.7916754990112,17
2086,8144,XD_8144_WI_MADISON.YZER,2026,6,2026-06-09,46.588836705766084,33.59501040742716,103,96.7916754990112,17
2087,8144,XD_8144_WI_MADISON.YZER,2026,6,2026-06-10,46.29040688304384,33.37981394172533,112,102.84115521769941,17
2088,8144,XD_8144_WI_MADISON.YZER,2026,6,2026-06-11,40.98436293311753,29.553648398124658,135,124.44643992730013,17
2089,8144,XD_8144_WI_MADISON.YZER,2026,6,2026-06-12,46.703993156867305,33.67804923060407,102,95.92746411062718,17
2090,8144,XD_8144_WI_MADISON.YZER,2026,6,2026-06-15,33.102285183154855,23.869915925590675,103,95.92746411062718,17
2091,8144,XD_8144_WI_MADISON.YZER,2026,6,2026-06-22,49.26867182683578,35.527428023928465,98,91.60640716870704,17
2092,8144,XD_8144_WI_MADISON.YZER,2026,6,2026-06-23,47.767620269850624,34.44502618166998,104,96.7916754990112,17
2093,8144,XD_8144_WI_MADISON.YZER,2026,6,2026-06-24,44.613981668179825,32.17095090665282,111,103.70536660608344,17
2094,8144,XD_8144_WI_MADISON.YZER,2026,6,2026-06-25,40.37385408133216,29.113413082547073,143,131.36013103437236,17
2095,8144,XD_8144_WI_MADISON.YZER,2026,6,2026-06-26,46.674624947825144,33.656871940974575,102,95.92746411062718,17
2096,8144,XD_8144_WI_MADISON.YZER,2026,6,2026-06-29,46.52996027680588,33.55255486692585,107,99.3843096641633,17
2097,8144,XD_8144_WI_MADISON.YZER,2026,6,2026-06-30,47.69576935210785,34.39321479293331,102,96.7916754990112,17
2098,8144,XD_8144_WI_MILWAUKEE.YZER,2026,5,2026-05-01,19.949002274518044,15.291817101378763,132,164.59729787292386,10
2099,8144,XD_8144_WI_MILWAUKEE.YZER,2026,5,2026-05-04,39.36753794219879,30.177007434234543,132,167.03577635993014,10
2100,8144,XD_8144_WI_MILWAUKEE.YZER,2026,5,2026-05-05,39.29392055900708,30.120576363459257,132,165.816537116427,10
2101,8144,XD_8144_WI_MILWAUKEE.YZER,2026,5,2026-05-06,38.32177437042565,29.375382117299957,142,179.22816879496156,10
2102,8144,XD_8144_WI_MILWAUKEE.YZER,2026,5,2026-05-07,38.30563299630767,29.363009020270816,143,180.4474080384647,10
2103,8144,XD_8144_WI_MILWAUKEE.YZER,2026,5,2026-05-08,39.828416898593574,30.530292105321372,131,165.816537116427,10
2104,8144,XD_8144_WI_MILWAUKEE.YZER,2026,5,2026-05-11,37.95455283221413,29.09389011480564,128,162.15881938591758,10
2105,8144,XD_8144_WI_MILWAUKEE.YZER,2026,5,2026-05-12,37.18181852465509,28.501554140477385,132,167.03577635993014,10
2106,8144,XD_8144_WI_MILWAUKEE.YZER,2026,5,2026-05-13,36.16026537134576,27.718487209872183,141,176.78969030795528,10
2107,8144,XD_8144_WI_MILWAUKEE.YZER,2026,5,2026-05-14,35.69683184959435,27.363244348311998,146,184.10512576897412,10
2108,8144,XD_8144_WI_MILWAUKEE.YZER,2026,5,2026-05-15,37.14233581728655,28.47128885044239,134,168.2550156034333,10
2109,8144,XD_8144_WI_MILWAUKEE.YZER,2026,5,2026-05-18,38.115046211065575,29.216915585533748,132,167.03577635993014,10
2110,8144,XD_8144_WI_MILWAUKEE.YZER,2026,5,2026-05-19,38.18360334025796,29.26946774158542,133,167.03577635993014,10
2111,8144,XD_8144_WI_MILWAUKEE.YZER,2026,5,2026-05-20,36.26967193913252,27.802352317573423,145,182.88588652547097,10
2112,8144,XD_8144_WI_MILWAUKEE.YZER,2026,5,2026-05-21,36.49373453067675,27.974106479611482,144,181.66664728196784,10
2113,8144,XD_8144_WI_MILWAUKEE.YZER,2026,5,2026-05-22,38.1427668252734,29.238164696470257,134,168.2550156034333,10
2114,8144,XD_8144_WI_MILWAUKEE.YZER,2026,5,2026-05-26,40.29523187009765,30.888127001833663,137,171.9127333339427,10
2115,8144,XD_8144_WI_MILWAUKEE.YZER,2026,5,2026-05-27,38.98910605323282,29.886922188277715,145,182.88588652547097,10
2116,8144,XD_8144_WI_MILWAUKEE.YZER,2026,5,2026-05-28,39.04929651425113,29.933060912835153,145,182.88588652547097,10
2117,8144,XD_8144_WI_MILWAUKEE.YZER,2026,5,2026-05-29,40.91191179993717,31.360840201593163,133,167.03577635993017,10
2118,8144,XD_8144_WI_MILWAUKEE.YZER,2026,6,2026-06-01,38.58062152905672,32.128532819874465,131,111.30189082575298,10
2119,8144,XD_8144_WI_MILWAUKEE.YZER,2026,6,2026-06-02,39.035689703517406,32.5074969785371,131,109.66509831360955,10
2120,8144,XD_8144_WI_MILWAUKEE.YZER,2026,6,2026-06-03,36.801438873193305,30.646894471762124,141,119.48585338647011,10
2121,8144,XD_8144_WI_MILWAUKEE.YZER,2026,6,2026-06-04,37.05492695575273,30.857990090681163,140,118.66745713039839,10
2122,8144,XD_8144_WI_MILWAUKEE.YZER,2026,6,2026-06-05,37.98851587328868,31.63544885076709,133,112.9386833378964,10
2123,8144,XD_8144_WI_MILWAUKEE.YZER,2026,6,2026-06-08,37.63949175094781,31.34479430646145,133,112.1202870818247,10
2124,8144,XD_8144_WI_MILWAUKEE.YZER,2026,6,2026-06-09,37.43383862351575,31.17353389145661,130,110.48349456968127,10
2125,8144,XD_8144_WI_MILWAUKEE.YZER,2026,6,2026-06-10,36.332425694582476,30.25631742285163,139,117.03066461825497,10
2126,8144,XD_8144_WI_MILWAUKEE.YZER,2026,6,2026-06-11,36.82747826457181,30.668579126061523,139,117.03066461825497,10
2127,8144,XD_8144_WI_MILWAUKEE.YZER,2026,6,2026-06-12,37.42911160451946,31.16959740264582,132,111.30189082575298,10
2128,8144,XD_8144_WI_MILWAUKEE.YZER,2026,6,2026-06-15,20.190490500948357,16.813903223941743,131,111.30189082575298,10
2129,8144,XD_8144_WI_MILWAUKEE.YZER,2026,6,2026-06-22,37.933218175860084,31.589398947569958,131,111.30189082575298,10
2130,8144,XD_8144_WI_MILWAUKEE.YZER,2026,6,2026-06-23,37.34868842601912,31.10262391628089,132,112.12028708182469,10
2131,8144,XD_8144_WI_MILWAUKEE.YZER,2026,6,2026-06-24,36.65125409790639,30.521826074970825,140,117.84906087432668,10
2132,8144,XD_8144_WI_MILWAUKEE.YZER,2026,6,2026-06-25,37.051435292978,30.855082361422074,137,116.21226836218325,10
2133,8144,XD_8144_WI_MILWAUKEE.YZER,2026,6,2026-06-26,37.47621745359538,31.208825433664032,133,112.9386833378964,10
2134,8144,XD_8144_WI_MILWAUKEE.YZER,2026,6,2026-06-29,39.40933131741448,32.81865207089148,133,112.1202870818247,10
2135,8144,XD_8144_WI_MILWAUKEE.YZER,2026,6,2026-06-30,39.04584558065373,32.515954422169614,132,112.12028708182469,10
2136,8145,XD_8145_IA_CEDARRAPIDS.CAPL,2026,5,2026-05-01,25.441053189729388,23.27549472903749,50,38.078867747622,19
2137,8145,XD_8145_IA_CEDARRAPIDS.CAPL,2026,5,2026-05-04,25.441053189729388,23.27549472903749,48,36.55571303771712,19
2138,8145,XD_8145_IA_CEDARRAPIDS.CAPL,2026,5,2026-05-05,25.441053189729388,23.27549472903749,49,37.317290392669555,19
2139,8145,XD_8145_IA_CEDARRAPIDS.CAPL,2026,5,2026-05-06,26.365789714612458,24.121517098872143,54,41.12517716743176,19
2140,8145,XD_8145_IA_CEDARRAPIDS.CAPL,2026,5,2026-05-07,26.365789714612458,24.121517098872143,47,35.794135682764676,19
2141,8145,XD_8145_IA_CEDARRAPIDS.CAPL,2026,5,2026-05-08,26.365789714612458,24.121517098872143,50,38.078867747622,19
2142,8145,XD_8145_IA_CEDARRAPIDS.CAPL,2026,5,2026-05-11,26.365789714612458,24.121517098872143,48,36.55571303771712,19
2143,8145,XD_8145_IA_CEDARRAPIDS.CAPL,2026,5,2026-05-12,26.365789714612458,24.121517098872143,51,38.840445102574435,19
2144,8145,XD_8145_IA_CEDARRAPIDS.CAPL,2026,5,2026-05-13,26.365789714612458,24.121517098872143,55,41.886754522384194,19
2145,8145,XD_8145_IA_CEDARRAPIDS.CAPL,2026,5,2026-05-14,26.365789714612458,24.121517098872143,47,35.794135682764676,19
2146,8145,XD_8145_IA_CEDARRAPIDS.CAPL,2026,5,2026-05-15,26.365789714612458,24.121517098872143,52,39.60202245752688,19
2147,8145,XD_8145_IA_CEDARRAPIDS.CAPL,2026,5,2026-05-18,26.365789714612458,24.121517098872143,49,37.317290392669555,19
2148,8145,XD_8145_IA_CEDARRAPIDS.CAPL,2026,5,2026-05-19,26.365789714612458,24.121517098872143,48,36.55571303771712,19
2149,8145,XD_8145_IA_CEDARRAPIDS.CAPL,2026,5,2026-05-20,26.365789714612458,24.121517098872143,54,41.12517716743176,19
2150,8145,XD_8145_IA_CEDARRAPIDS.CAPL,2026,5,2026-05-21,26.365789714612458,24.121517098872143,50,38.840445102574435,19
2151,8145,XD_8145_IA_CEDARRAPIDS.CAPL,2026,5,2026-05-22,26.365789714612458,24.121517098872143,48,36.55571303771712,19
2152,8145,XD_8145_IA_CEDARRAPIDS.CAPL,2026,5,2026-05-26,27.347500205039978,25.019663774443384,48,36.55571303771712,16
2153,8145,XD_8145_IA_CEDARRAPIDS.CAPL,2026,5,2026-05-27,27.347500205039978,25.019663774443384,50,38.078867747622,16
2154,8145,XD_8145_IA_CEDARRAPIDS.CAPL,2026,5,2026-05-28,27.234999775886536,24.91673945262983,48,36.55571303771712,16
2155,8145,XD_8145_IA_CEDARRAPIDS.CAPL,2026,5,2026-05-29,27.234999775886536,24.91673945262983,51,38.840445102574435,16
2156,8145,XD_8145_IA_CEDARRAPIDS.CAPL,2026,6,2026-06-01,27.64999974568685,26.683229508459075,46,31.062615034412772,15
2157,8145,XD_8145_IA_CEDARRAPIDS.CAPL,2026,6,2026-06-02,27.64999974568685,26.683229508459075,49,33.088437754048385,15
2158,8145,XD_8145_IA_CEDARRAPIDS.CAPL,2026,6,2026-06-03,26.873749256134033,25.934120280274634,55,37.14008319331962,16
2159,8145,XD_8145_IA_CEDARRAPIDS.CAPL,2026,6,2026-06-04,27.28333257039388,26.329382691766536,48,32.41316351416985,15
2160,8145,XD_8145_IA_CEDARRAPIDS.CAPL,2026,6,2026-06-05,27.28333257039388,26.329382691766536,48,32.41316351416985,15
2161,8145,XD_8145_IA_CEDARRAPIDS.CAPL,2026,6,2026-06-08,27.28333257039388,26.329382691766536,46,31.062615034412772,15
2162,8145,XD_8145_IA_CEDARRAPIDS.CAPL,2026,6,2026-06-09,27.28333257039388,26.329382691766536,45,30.387340794534232,15
2163,8145,XD_8145_IA_CEDARRAPIDS.CAPL,2026,6,2026-06-10,26.916001001993816,25.97489471218346,46,31.062615034412772,15
2164,8145,XD_8145_IA_CEDARRAPIDS.CAPL,2026,6,2026-06-11,26.511875987052917,25.584899752944462,48,32.41316351416985,16
2165,8145,XD_8145_IA_CEDARRAPIDS.CAPL,2026,6,2026-06-12,26.916001001993816,25.97489471218346,45,30.387340794534232,15
2166,8145,XD_8145_IA_CEDARRAPIDS.CAPL,2026,6,2026-06-15,26.916001001993816,25.97489471218346,45,30.387340794534232,15
2167,8145,XD_8145_IA_CEDARRAPIDS.CAPL,2026,6,2026-06-16,31.21720241001674,30.125706480284332,50,35.78953471356254,15
2168,8145,XD_8145_IA_CEDARRAPIDS.CAPL,2026,6,2026-06-17,26.796000544230143,25.859090018328892,52,35.114260473684006,15
2169,8145,XD_8145_IA_CEDARRAPIDS.CAPL,2026,6,2026-06-18,26.796000544230143,25.859090018328892,46,31.062615034412772,15
2170,8145,XD_8145_IA_CEDARRAPIDS.CAPL,2026,6,2026-06-19,24.018571989876882,23.178773047594877,43,29.036792314777156,14
2171,8145,XD_8145_IA_CEDARRAPIDS.CAPL,2026,6,2026-06-22,24.749333890279136,23.883984175400133,43,31.062615034412772,15
2172,8145,XD_8145_IA_CEDARRAPIDS.CAPL,2026,6,2026-06-23,24.528333791097005,23.67071124874165,48,34.438986233805466,15
2173,8145,XD_8145_IA_CEDARRAPIDS.CAPL,2026,6,2026-06-24,24.528333791097005,23.67071124874165,49,35.114260473684006,15
2174,8145,XD_8145_IA_CEDARRAPIDS.CAPL,2026,6,2026-06-25,25.3635560353597,24.476730309834345,43,30.387340794534232,15
2175,8145,XD_8145_IA_CEDARRAPIDS.CAPL,2026,6,2026-06-26,24.528333791097005,23.67071124874165,48,34.438986233805466,15
2176,8145,XD_8145_IA_CEDARRAPIDS.CAPL,2026,6,2026-06-29,26.3613338470459,25.439621253506917,45,31.062615034412772,15
2177,8145,XD_8145_IA_CEDARRAPIDS.CAPL,2026,6,2026-06-30,24.410333347320556,23.55683663925352,48,34.438986233805466,15
2178,8145,XD_8145_IA_CLEARLAKE.CAPL,2026,5,2026-05-01,21.443333837721084,18.377875383087638,27,55.03366249360303,12
2179,8145,XD_8145_IA_CLEARLAKE.CAPL,2026,5,2026-05-04,21.443333837721084,18.377875383087638,27,55.03366249360303,12
2180,8145,XD_8145_IA_CLEARLAKE.CAPL,2026,5,2026-05-05,21.443333837721084,18.377875383087638,27,55.03366249360303,12
2181,8145,XD_8145_IA_CLEARLAKE.CAPL,2026,5,2026-05-06,22.22277821434869,19.045893319576233,27,55.03366249360303,12
2182,8145,XD_8145_IA_CLEARLAKE.CAPL,2026,5,2026-05-07,22.22277821434869,19.045893319576233,27,55.03366249360303,12
2183,8145,XD_8145_IA_CLEARLAKE.CAPL,2026,5,2026-05-08,22.22277821434869,19.045893319576233,27,55.03366249360303,12
2184,8145,XD_8145_IA_CLEARLAKE.CAPL,2026,5,2026-05-11,22.22277821434869,19.045893319576233,27,55.03366249360303,12
2185,8145,XD_8145_IA_CLEARLAKE.CAPL,2026,5,2026-05-12,22.22277821434869,19.045893319576233,27,55.03366249360303,12
2186,8145,XD_8145_IA_CLEARLAKE.CAPL,2026,5,2026-05-13,22.22277821434869,19.045893319576233,27,55.03366249360303,12
2187,8145,XD_8145_IA_CLEARLAKE.CAPL,2026,5,2026-05-14,22.22277821434869,19.045893319576233,27,55.03366249360303,12
2188,8145,XD_8145_IA_CLEARLAKE.CAPL,2026,5,2026-05-15,22.22277821434869,19.045893319576233,27,55.03366249360303,12
2189,8145,XD_8145_IA_CLEARLAKE.CAPL,2026,5,2026-05-18,22.22277821434869,19.045893319576233,27,55.03366249360303,12
2190,8145,XD_8145_IA_CLEARLAKE.CAPL,2026,5,2026-05-19,22.22277821434869,19.045893319576233,27,55.03366249360303,12
2191,8145,XD_8145_IA_CLEARLAKE.CAPL,2026,5,2026-05-20,22.22277821434869,19.045893319576233,27,55.03366249360303,12
2192,8145,XD_8145_IA_CLEARLAKE.CAPL,2026,5,2026-05-21,22.22277821434869,19.045893319576233,27,55.03366249360303,12
2193,8145,XD_8145_IA_CLEARLAKE.CAPL,2026,5,2026-05-22,22.22277821434869,19.045893319576233,27,55.03366249360303,12
2194,8145,XD_8145_IA_CLEARLAKE.CAPL,2026,5,2026-05-26,22.22277821434869,19.045893319576233,27,55.03366249360303,12
2195,8145,XD_8145_IA_CLEARLAKE.CAPL,2026,5,2026-05-27,22.22277821434869,19.045893319576233,27,55.03366249360303,12
2196,8145,XD_8145_IA_CLEARLAKE.CAPL,2026,5,2026-05-28,24.305384709284855,20.830778213203082,28,57.07194628966241,13
2197,8145,XD_8145_IA_CLEARLAKE.CAPL,2026,5,2026-05-29,22.12750021616618,18.96423590610688,27,55.03366249360303,12
2198,8145,XD_8145_IA_CLEARLAKE.CAPL,2026,6,2026-06-01,22.12750021616618,19.2597640844819,27,52.11914041434988,12
2199,8145,XD_8145_IA_CLEARLAKE.CAPL,2026,6,2026-06-02,22.12750021616618,19.2597640844819,27,52.11914041434988,12
2200,8145,XD_8145_IA_CLEARLAKE.CAPL,2026,6,2026-06-03,21.832777341206867,19.003237455329753,27,52.11914041434988,12
2201,8145,XD_8145_IA_CLEARLAKE.CAPL,2026,6,2026-06-04,21.832777341206867,19.003237455329753,27,52.11914041434988,12
2202,8145,XD_8145_IA_CLEARLAKE.CAPL,2026,6,2026-06-05,21.832777341206867,19.003237455329753,27,52.11914041434988,12
2203,8145,XD_8145_IA_CLEARLAKE.CAPL,2026,6,2026-06-08,21.832777341206867,19.003237455329753,27,52.11914041434988,12
2204,8145,XD_8145_IA_CLEARLAKE.CAPL,2026,6,2026-06-09,21.832777341206867,19.003237455329753,27,52.11914041434988,12
2205,8145,XD_8145_IA_CLEARLAKE.CAPL,2026,6,2026-06-10,23.65923143044496,20.59298209553827,28,54.04947894821469,13
2206,8145,XD_8145_IA_CLEARLAKE.CAPL,2026,6,2026-06-11,21.538333998786076,18.74695413114623,27,52.11914041434988,12
2207,8145,XD_8145_IA_CLEARLAKE.CAPL,2026,6,2026-06-12,21.538333998786076,18.74695413114623,27,52.11914041434988,12
2208,8145,XD_8145_IA_CLEARLAKE.CAPL,2026,6,2026-06-15,21.538333998786076,18.74695413114623,27,52.11914041434988,12
2209,8145,XD_8145_IA_CLEARLAKE.CAPL,2026,6,2026-06-16,29.973542504840427,26.088955000784892,27,52.11914041434988,12
2210,8145,XD_8145_IA_CLEARLAKE.CAPL,2026,6,2026-06-17,21.443333837721084,18.66426604292003,27,52.11914041434988,12
2211,8145,XD_8145_IA_CLEARLAKE.CAPL,2026,6,2026-06-18,21.443333837721084,18.66426604292003,27,52.11914041434988,12
2212,8145,XD_8145_IA_CLEARLAKE.CAPL,2026,6,2026-06-19,21.443333837721084,18.66426604292003,27,52.11914041434988,12
2213,8145,XD_8145_IA_CLEARLAKE.CAPL,2026,6,2026-06-22,21.443333837721084,18.66426604292003,27,52.11914041434988,12
2214,8145,XD_8145_IA_CLEARLAKE.CAPL,2026,6,2026-06-23,21.253055890401203,18.49864822165421,27,52.11914041434988,12
2215,8145,XD_8145_IA_CLEARLAKE.CAPL,2026,6,2026-06-24,21.253055890401203,18.49864822165421,27,52.11914041434988,12
2216,8145,XD_8145_IA_CLEARLAKE.CAPL,2026,6,2026-06-25,21.253055890401203,18.49864822165421,27,52.11914041434988,12
2217,8145,XD_8145_IA_CLEARLAKE.CAPL,2026,6,2026-06-26,21.253055890401203,18.49864822165421,27,52.11914041434988,12
2218,8145,XD_8145_IA_CLEARLAKE.CAPL,2026,6,2026-06-29,21.253055890401203,18.49864822165421,27,52.11914041434988,12
2219,8145,XD_8145_IA_CLEARLAKE.CAPL,2026,6,2026-06-30,21.148611068725586,18.407739505998723,27,52.11914041434988,12
2220,8145,XD_8145_IA_DAVENPORT.CAPL,2026,5,2026-05-01,20.856296821876807,21.215650528105606,30,31.314991259189124,9
2221,8145,XD_8145_IA_DAVENPORT.CAPL,2026,5,2026-05-04,20.856296821876807,21.215650528105606,29,30.271158217216154,9
2222,8145,XD_8145_IA_DAVENPORT.CAPL,2026,5,2026-05-05,20.856296821876807,21.215650528105606,31,32.358824301162095,9
2223,8145,XD_8145_IA_DAVENPORT.CAPL,2026,5,2026-05-06,21.6144448739511,21.9868614606476,30,31.314991259189124,9
2224,8145,XD_8145_IA_DAVENPORT.CAPL,2026,5,2026-05-07,21.6144448739511,21.9868614606476,29,30.271158217216154,9
2225,8145,XD_8145_IA_DAVENPORT.CAPL,2026,5,2026-05-08,21.6144448739511,21.9868614606476,30,31.314991259189124,9
2226,8145,XD_8145_IA_DAVENPORT.CAPL,2026,5,2026-05-11,21.6144448739511,21.9868614606476,29,30.271158217216154,9
2227,8145,XD_8145_IA_DAVENPORT.CAPL,2026,5,2026-05-12,21.6144448739511,21.9868614606476,31,32.358824301162095,9
2228,8145,XD_8145_IA_DAVENPORT.CAPL,2026,5,2026-05-13,21.6144448739511,21.9868614606476,29,30.271158217216154,9
2229,8145,XD_8145_IA_DAVENPORT.CAPL,2026,5,2026-05-14,21.6144448739511,21.9868614606476,29,30.271158217216154,9
2230,8145,XD_8145_IA_DAVENPORT.CAPL,2026,5,2026-05-15,21.6144448739511,21.9868614606476,28,29.227325175243184,9
2231,8145,XD_8145_IA_DAVENPORT.CAPL,2026,5,2026-05-18,21.6144448739511,21.9868614606476,29,30.271158217216154,9
2232,8145,XD_8145_IA_DAVENPORT.CAPL,2026,5,2026-05-19,21.6144448739511,21.9868614606476,30,31.314991259189124,9
2233,8145,XD_8145_IA_DAVENPORT.CAPL,2026,5,2026-05-20,21.6144448739511,21.9868614606476,29,30.271158217216154,9
2234,8145,XD_8145_IA_DAVENPORT.CAPL,2026,5,2026-05-21,21.6144448739511,21.9868614606476,29,30.271158217216154,9
2235,8145,XD_8145_IA_DAVENPORT.CAPL,2026,5,2026-05-22,21.6144448739511,21.9868614606476,29,30.271158217216154,9
2236,8145,XD_8145_IA_DAVENPORT.CAPL,2026,5,2026-05-26,21.6144448739511,21.9868614606476,30,31.314991259189128,9
2237,8145,XD_8145_IA_DAVENPORT.CAPL,2026,5,2026-05-27,21.6144448739511,21.9868614606476,29,30.271158217216154,9
2238,8145,XD_8145_IA_DAVENPORT.CAPL,2026,5,2026-05-28,21.52185214007342,21.892673355243854,28,29.227325175243184,9
2239,8145,XD_8145_IA_DAVENPORT.CAPL,2026,5,2026-05-29,21.52185214007342,21.892673355243854,30,31.314991259189124,9
2240,8145,XD_8145_IA_DAVENPORT.CAPL,2026,6,2026-06-01,21.52185214007342,22.088879201728844,31,31.46873536118965,9
2241,8145,XD_8145_IA_DAVENPORT.CAPL,2026,6,2026-06-02,21.52185214007342,22.088879201728844,30,30.453614865667404,9
2242,8145,XD_8145_IA_DAVENPORT.CAPL,2026,6,2026-06-03,21.2351847048159,21.794659061786405,30,30.453614865667404,9
2243,8145,XD_8145_IA_DAVENPORT.CAPL,2026,6,2026-06-04,21.2351847048159,21.794659061786405,29,29.438494370145158,9
2244,8145,XD_8145_IA_DAVENPORT.CAPL,2026,6,2026-06-05,21.2351847048159,21.794659061786405,30,30.453614865667404,9
2245,8145,XD_8145_IA_DAVENPORT.CAPL,2026,6,2026-06-08,21.2351847048159,21.794659061786405,29,29.438494370145158,9
2246,8145,XD_8145_IA_DAVENPORT.CAPL,2026,6,2026-06-09,21.2351847048159,21.794659061786405,30,30.453614865667404,9
2247,8145,XD_8145_IA_DAVENPORT.CAPL,2026,6,2026-06-10,20.94851924754955,21.500440951948434,31,31.46873536118965,9
2248,8145,XD_8145_IA_DAVENPORT.CAPL,2026,6,2026-06-11,20.94851924754955,21.500440951948434,29,29.438494370145158,9
2249,8145,XD_8145_IA_DAVENPORT.CAPL,2026,6,2026-06-12,20.94851924754955,21.500440951948434,29,29.438494370145158,9
2250,8145,XD_8145_IA_DAVENPORT.CAPL,2026,6,2026-06-15,20.94851924754955,21.500440951948434,29,29.438494370145158,9
2251,8145,XD_8145_IA_DAVENPORT.CAPL,2026,6,2026-06-16,24.734074769196685,25.38573289080551,30,30.453614865667404,9
2252,8145,XD_8145_IA_DAVENPORT.CAPL,2026,6,2026-06-17,20.856296821876807,21.40578878134911,31,31.46873536118965,9
2253,8145,XD_8145_IA_DAVENPORT.CAPL,2026,6,2026-06-18,20.856296821876807,21.40578878134911,29,29.438494370145158,9
2254,8145,XD_8145_IA_DAVENPORT.CAPL,2026,6,2026-06-19,20.856296821876807,21.40578878134911,29,29.438494370145158,9
2255,8145,XD_8145_IA_DAVENPORT.CAPL,2026,6,2026-06-22,20.856296821876807,21.40578878134911,29,29.438494370145158,9
2256,8145,XD_8145_IA_DAVENPORT.CAPL,2026,6,2026-06-23,20.671481803611474,21.21610452060061,31,31.46873536118965,9
2257,8145,XD_8145_IA_DAVENPORT.CAPL,2026,6,2026-06-24,20.671481803611474,21.21610452060061,31,31.46873536118965,9
2258,8145,XD_8145_IA_DAVENPORT.CAPL,2026,6,2026-06-25,20.671481803611474,21.21610452060061,29,29.438494370145158,9
2259,8145,XD_8145_IA_DAVENPORT.CAPL,2026,6,2026-06-26,20.671481803611474,21.21610452060061,29,29.438494370145158,9
2260,8145,XD_8145_IA_DAVENPORT.CAPL,2026,6,2026-06-29,20.671481803611474,21.21610452060061,29,29.438494370145158,9
2261,8145,XD_8145_IA_DAVENPORT.CAPL,2026,6,2026-06-30,20.011851752245867,20.539095477530616,31,31.46873536118965,9
2262,8145,XD_8145_IA_FORTDODGE.CAPL,2026,5,2026-05-01,20.806667200724284,22.6334713792359,23,34.57303086360137,6
2263,8145,XD_8145_IA_FORTDODGE.CAPL,2026,5,2026-05-04,20.806667200724284,22.6334713792359,22,33.06985560866218,6
2264,8145,XD_8145_IA_FORTDODGE.CAPL,2026,5,2026-05-05,22.316667238871258,24.276047882062596,24,36.076206118540554,6
2265,8145,XD_8145_IA_FORTDODGE.CAPL,2026,5,2026-05-06,21.563000424702963,23.4562098895866,23,34.57303086360137,6
2266,8145,XD_8145_IA_FORTDODGE.CAPL,2026,5,2026-05-07,23.128055943383114,25.158675688036496,24,36.076206118540554,6
2267,8145,XD_8145_IA_FORTDODGE.CAPL,2026,5,2026-05-08,21.563000424702963,23.4562098895866,22,33.06985560866218,6
2268,8145,XD_8145_IA_FORTDODGE.CAPL,2026,5,2026-05-11,24.026333713531496,26.13582133107103,22,33.06985560866218,6
2269,8145,XD_8145_IA_FORTDODGE.CAPL,2026,5,2026-05-12,21.485833750830754,23.372268060380208,23,34.57303086360137,6
2270,8145,XD_8145_IA_FORTDODGE.CAPL,2026,5,2026-05-13,21.563000424702963,23.4562098895866,23,34.57303086360137,6
2271,8145,XD_8145_IA_FORTDODGE.CAPL,2026,5,2026-05-14,21.563000424702963,23.4562098895866,23,34.57303086360137,6
2272,8145,XD_8145_IA_FORTDODGE.CAPL,2026,5,2026-05-15,21.485833750830754,23.372268060380208,24,36.076206118540554,6
2273,8145,XD_8145_IA_FORTDODGE.CAPL,2026,5,2026-05-18,21.563000424702963,23.4562098895866,22,33.06985560866218,6
2274,8145,XD_8145_IA_FORTDODGE.CAPL,2026,5,2026-05-19,21.485833750830754,23.372268060380208,23,34.57303086360137,6
2275,8145,XD_8145_IA_FORTDODGE.CAPL,2026,5,2026-05-20,21.563000424702963,23.4562098895866,23,34.57303086360137,6
2276,8145,XD_8145_IA_FORTDODGE.CAPL,2026,5,2026-05-21,23.205222617255316,25.242617517242888,24,36.07620611854056,6
2277,8145,XD_8145_IA_FORTDODGE.CAPL,2026,5,2026-05-22,21.485833750830754,23.372268060380208,23,34.57303086360137,6
2278,8145,XD_8145_IA_FORTDODGE.CAPL,2026,5,2026-05-26,21.563000424702963,23.4562098895866,22,33.06985560866218,6
2279,8145,XD_8145_IA_FORTDODGE.CAPL,2026,5,2026-05-27,21.100000381469727,22.952558914348256,21,31.56668035372299,6
2280,8145,XD_8145_IA_FORTDODGE.CAPL,2026,5,2026-05-28,21.470666948954264,23.355769628753723,23,34.57303086360137,6
2281,8145,XD_8145_IA_FORTDODGE.CAPL,2026,5,2026-05-29,23.028889073265926,25.050802067772718,24,36.076206118540554,6
2282,8145,XD_8145_IA_FORTDODGE.CAPL,2026,6,2026-06-01,21.470666948954264,23.137685270737745,22,32.483820637519706,6
2283,8145,XD_8145_IA_FORTDODGE.CAPL,2026,6,2026-06-02,21.393889162275528,23.0549463288977,24,35.43689524093059,6
2284,8145,XD_8145_IA_FORTDODGE.CAPL,2026,6,2026-06-03,21.184666188557944,22.829478935230124,22,32.483820637519706,6
2285,8145,XD_8145_IA_FORTDODGE.CAPL,2026,6,2026-06-04,22.797999572753906,24.568074208914368,23,33.96035793922515,6
2286,8145,XD_8145_IA_FORTDODGE.CAPL,2026,6,2026-06-05,22.797999572753906,24.568074208914368,24,35.43689524093059,6
2287,8145,XD_8145_IA_FORTDODGE.CAPL,2026,6,2026-06-08,22.797999572753906,24.568074208914368,23,33.96035793922515,6
2288,8145,XD_8145_IA_FORTDODGE.CAPL,2026,6,2026-06-09,21.10888841417101,22.747817648300828,23,33.96035793922515,6
2289,8145,XD_8145_IA_FORTDODGE.CAPL,2026,6,2026-06-10,20.89866739908854,22.521274723675475,22,32.483820637519706,6
2290,8145,XD_8145_IA_FORTDODGE.CAPL,2026,6,2026-06-11,22.416111840142147,24.15653607705597,24,35.43689524093059,6
2291,8145,XD_8145_IA_FORTDODGE.CAPL,2026,6,2026-06-12,20.89866739908854,22.521274723675475,22,32.483820637519706,6
2292,8145,XD_8145_IA_FORTDODGE.CAPL,2026,6,2026-06-15,20.89866739908854,22.521274723675475,22,32.483820637519706,6
2293,8145,XD_8145_IA_FORTDODGE.CAPL,2026,6,2026-06-16,22.535500621795652,24.285194402450475,23,35.43689524093059,6
2294,8145,XD_8145_IA_FORTDODGE.CAPL,2026,6,2026-06-17,20.732222768995495,22.341907055439865,24,35.43689524093059,6
2295,8145,XD_8145_IA_FORTDODGE.CAPL,2026,6,2026-06-18,20.806667200724284,22.42213147676756,22,32.483820637519706,6
2296,8145,XD_8145_IA_FORTDODGE.CAPL,2026,6,2026-06-19,22.391111670600043,24.129594852735575,22,32.483820637519706,6
2297,8145,XD_8145_IA_FORTDODGE.CAPL,2026,6,2026-06-22,20.806667200724284,22.42213147676756,22,32.483820637519706,6
2298,8145,XD_8145_IA_FORTDODGE.CAPL,2026,6,2026-06-23,22.192333560519746,23.915383279304507,23,33.96035793922515,6
2299,8145,XD_8145_IA_FORTDODGE.CAPL,2026,6,2026-06-24,22.118611335754395,23.835937138291058,25,36.91343254263603,6
2300,8145,XD_8145_IA_FORTDODGE.CAPL,2026,6,2026-06-25,20.622333653767903,22.223485966385635,22,32.483820637519706,6
2301,8145,XD_8145_IA_FORTDODGE.CAPL,2026,6,2026-06-26,20.622333653767903,22.223485966385635,22,32.483820637519706,6
2302,8145,XD_8145_IA_FORTDODGE.CAPL,2026,6,2026-06-29,20.622333653767903,22.223485966385635,22,32.483820637519706,6
2303,8145,XD_8145_IA_FORTDODGE.CAPL,2026,6,2026-06-30,20.44722212685479,22.03477848903401,23,33.96035793922515,6
2304,8145,XD_8145_IA_GRIMES.CAPL,2026,5,2026-05-01,25.14636399529197,18.81378975890145,75,101.60010258772239,22
2305,8145,XD_8145_IA_GRIMES.CAPL,2026,5,2026-05-04,24.467727626453748,18.306053452831232,71,96.18143044971052,22
2306,8145,XD_8145_IA_GRIMES.CAPL,2026,5,2026-05-05,24.467727626453748,18.306053452831232,72,97.5360984842135,22
2307,8145,XD_8145_IA_GRIMES.CAPL,2026,5,2026-05-06,25.38863671909679,18.99505127610663,72,97.53609848421348,22
2308,8145,XD_8145_IA_GRIMES.CAPL,2026,5,2026-05-07,25.35706853433089,18.97143286386353,72,97.5360984842135,22
2309,8145,XD_8145_IA_GRIMES.CAPL,2026,5,2026-05-08,25.836515498883795,19.330141359188367,73,98.89076651871646,22
2310,8145,XD_8145_IA_GRIMES.CAPL,2026,5,2026-05-11,25.35706853433089,18.97143286386353,73,98.89076651871646,22
2311,8145,XD_8145_IA_GRIMES.CAPL,2026,5,2026-05-12,25.804947314117893,19.306522946945268,73,98.89076651871646,22
2312,8145,XD_8145_IA_GRIMES.CAPL,2026,5,2026-05-13,25.35706853433089,18.97143286386353,76,102.95477062222535,22
2313,8145,XD_8145_IA_GRIMES.CAPL,2026,5,2026-05-14,25.804947314117893,19.306522946945268,74,100.24543455321943,22
2314,8145,XD_8145_IA_GRIMES.CAPL,2026,5,2026-05-15,25.38863671909679,18.99505127610663,72,97.5360984842135,22
2315,8145,XD_8145_IA_GRIMES.CAPL,2026,5,2026-05-18,25.836515498883795,19.330141359188367,74,100.24543455321943,22
2316,8145,XD_8145_IA_GRIMES.CAPL,2026,5,2026-05-19,25.35706853433089,18.97143286386353,74,100.24543455321943,22
2317,8145,XD_8145_IA_GRIMES.CAPL,2026,5,2026-05-20,25.38863671909679,18.99505127610663,73,98.89076651871646,22
2318,8145,XD_8145_IA_GRIMES.CAPL,2026,5,2026-05-21,25.836515498883795,19.330141359188367,72,97.5360984842135,22
2319,8145,XD_8145_IA_GRIMES.CAPL,2026,5,2026-05-22,25.678674575054284,19.21204929797287,74,100.24543455321943,22
2320,8145,XD_8145_IA_GRIMES.CAPL,2026,5,2026-05-26,25.73128821633079,19.251413318378038,74,100.24543455321943,22
2321,8145,XD_8145_IA_GRIMES.CAPL,2026,5,2026-05-27,25.35706853433089,18.97143286386353,74,100.24543455321943,22
2322,8145,XD_8145_IA_GRIMES.CAPL,2026,5,2026-05-28,25.279432253404096,18.913347620712944,74,100.24543455321943,22
2323,8145,XD_8145_IA_GRIMES.CAPL,2026,5,2026-05-29,25.948295853354715,19.413772220834414,75,101.60010258772239,22
2324,8145,XD_8145_IA_GRIMES.CAPL,2026,6,2026-06-01,25.470536139104276,19.21053081802501,75,100.97857687630095,22
2325,8145,XD_8145_IA_GRIMES.CAPL,2026,6,2026-06-02,25.415239058841358,19.168824343581914,76,102.3249579013183,22
2326,8145,XD_8145_IA_GRIMES.CAPL,2026,6,2026-06-03,25.10852219841697,18.937490630486472,73,98.28581482626626,22
2327,8145,XD_8145_IA_GRIMES.CAPL,2026,6,2026-06-04,24.94352219321511,18.813043399867002,74,99.6321958512836,22
2328,8145,XD_8145_IA_GRIMES.CAPL,2026,6,2026-06-05,25.383522207086738,19.144902681518918,74,99.63219585128361,22
2329,8145,XD_8145_IA_GRIMES.CAPL,2026,6,2026-06-08,25.3525222084739,19.121521688458614,74,99.6321958512836,22
2330,8145,XD_8145_IA_GRIMES.CAPL,2026,6,2026-06-09,24.912522194602275,18.7896624068067,75,100.97857687630095,22
2331,8145,XD_8145_IA_GRIMES.CAPL,2026,6,2026-06-10,24.57656883759932,18.53627777905967,74,99.63219585128361,22
2332,8145,XD_8145_IA_GRIMES.CAPL,2026,6,2026-06-11,25.258523377505217,19.050625362236023,73,98.28581482626626,22
2333,8145,XD_8145_IA_GRIMES.CAPL,2026,6,2026-06-12,24.607159744609486,18.55935022475381,71,95.59305277623157,22
2334,8145,XD_8145_IA_GRIMES.CAPL,2026,6,2026-06-15,24.57656883759932,18.53627777905967,72,96.93943380124891,22
2335,8145,XD_8145_IA_GRIMES.CAPL,2026,6,2026-06-16,30.11884960261258,22.71640790498087,75,103.67133892633565,22
2336,8145,XD_8145_IA_GRIMES.CAPL,2026,6,2026-06-17,24.467727626453748,18.45418694950021,73,98.28581482626626,22
2337,8145,XD_8145_IA_GRIMES.CAPL,2026,6,2026-06-18,24.990833708734225,18.848726956819384,77,103.67133892633565,22
2338,8145,XD_8145_IA_GRIMES.CAPL,2026,6,2026-06-19,24.281818519939076,18.313969539055975,71,95.59305277623157,22
2339,8145,XD_8145_IA_GRIMES.CAPL,2026,6,2026-06-22,24.49818216670643,18.477156543892644,73,98.28581482626626,22
2340,8145,XD_8145_IA_GRIMES.CAPL,2026,6,2026-06-23,24.24972754391757,18.289765702887202,72,96.93943380124891,22
2341,8145,XD_8145_IA_GRIMES.CAPL,2026,6,2026-06-24,24.279886635867033,18.31251246260104,73,98.28581482626626,22
2342,8145,XD_8145_IA_GRIMES.CAPL,2026,6,2026-06-25,24.922159324992787,18.796930977415233,72,96.93943380124891,22
2343,8145,XD_8145_IA_GRIMES.CAPL,2026,6,2026-06-26,24.708068428617537,18.635458139143836,72,96.93943380124891,22
2344,8145,XD_8145_IA_GRIMES.CAPL,2026,6,2026-06-29,24.24972754391757,18.289765702887202,75,100.97857687630095,22
2345,8145,XD_8145_IA_GRIMES.CAPL,2026,6,2026-06-30,24.488030086864125,18.469499585216447,75,100.97857687630095,22
2346,8145,XD_8145_IA_SIOUXCITY.CAPL,2026,5,2026-05-01,42.3954984664917,52.36220694260262,25,19.059751702684366,5
2347,8145,XD_8145_IA_SIOUXCITY.CAPL,2026,5,2026-05-04,42.3954984664917,52.36220694260262,25,19.059751702684366,5
2348,8145,XD_8145_IA_SIOUXCITY.CAPL,2026,5,2026-05-05,42.70549907684326,52.74508523625899,26,19.822141770791742,5
2349,8145,XD_8145_IA_SIOUXCITY.CAPL,2026,5,2026-05-06,43.9295015335083,54.256837008320474,25,19.059751702684366,5
2350,8145,XD_8145_IA_SIOUXCITY.CAPL,2026,5,2026-05-07,43.9295015335083,54.256837008320474,25,19.059751702684366,5
2351,8145,XD_8145_IA_SIOUXCITY.CAPL,2026,5,2026-05-08,43.9295015335083,54.256837008320474,25,19.059751702684366,5
2352,8145,XD_8145_IA_SIOUXCITY.CAPL,2026,5,2026-05-11,43.9295015335083,54.256837008320474,25,19.059751702684366,5
2353,8145,XD_8145_IA_SIOUXCITY.CAPL,2026,5,2026-05-12,43.9295015335083,54.256837008320474,25,19.059751702684366,5
2354,8145,XD_8145_IA_SIOUXCITY.CAPL,2026,5,2026-05-13,43.9295015335083,54.256837008320474,25,19.059751702684366,5
2355,8145,XD_8145_IA_SIOUXCITY.CAPL,2026,5,2026-05-14,43.9295015335083,54.256837008320474,26,19.822141770791742,5
2356,8145,XD_8145_IA_SIOUXCITY.CAPL,2026,5,2026-05-15,43.9295015335083,54.256837008320474,25,19.059751702684366,5
2357,8145,XD_8145_IA_SIOUXCITY.CAPL,2026,5,2026-05-18,43.9295015335083,54.256837008320474,25,19.059751702684366,5
2358,8145,XD_8145_IA_SIOUXCITY.CAPL,2026,5,2026-05-19,43.9295015335083,54.256837008320474,25,19.059751702684366,5
2359,8145,XD_8145_IA_SIOUXCITY.CAPL,2026,5,2026-05-20,43.9295015335083,54.256837008320474,25,19.059751702684366,5
2360,8145,XD_8145_IA_SIOUXCITY.CAPL,2026,5,2026-05-21,43.9295015335083,54.256837008320474,24,18.29736163457699,5
2361,8145,XD_8145_IA_SIOUXCITY.CAPL,2026,5,2026-05-22,43.9295015335083,54.256837008320474,25,19.059751702684366,5
2362,8145,XD_8145_IA_SIOUXCITY.CAPL,2026,5,2026-05-26,43.9295015335083,54.256837008320474,25,19.059751702684366,5
2363,8145,XD_8145_IA_SIOUXCITY.CAPL,2026,5,2026-05-27,43.9295015335083,54.256837008320474,26,19.822141770791742,5
2364,8145,XD_8145_IA_SIOUXCITY.CAPL,2026,5,2026-05-28,43.74099922180176,54.02401990717144,25,19.059751702684366,5
2365,8145,XD_8145_IA_SIOUXCITY.CAPL,2026,5,2026-05-29,43.74099922180176,54.02401990717144,24,18.29736163457699,5
2366,8145,XD_8145_IA_SIOUXCITY.CAPL,2026,6,2026-06-01,43.74099922180176,54.74610366732817,24,17.84905186510092,5
2367,8145,XD_8145_IA_SIOUXCITY.CAPL,2026,6,2026-06-02,43.74099922180176,54.74610366732817,26,19.33647285385933,5
2368,8145,XD_8145_IA_SIOUXCITY.CAPL,2026,6,2026-06-03,43.15749893188477,54.01579645144295,25,18.592762359480126,5
2369,8145,XD_8145_IA_SIOUXCITY.CAPL,2026,6,2026-06-04,43.15749893188477,54.01579645144295,26,19.33647285385933,5
2370,8145,XD_8145_IA_SIOUXCITY.CAPL,2026,6,2026-06-05,43.15749893188477,54.01579645144295,25,18.592762359480126,5
2371,8145,XD_8145_IA_SIOUXCITY.CAPL,2026,6,2026-06-08,43.15749893188477,54.01579645144295,25,18.592762359480126,5
2372,8145,XD_8145_IA_SIOUXCITY.CAPL,2026,6,2026-06-09,43.15749893188477,54.01579645144295,26,19.33647285385933,5
2373,8145,XD_8145_IA_SIOUXCITY.CAPL,2026,6,2026-06-10,42.58350086212158,53.297382185852996,25,18.592762359480126,5
2374,8145,XD_8145_IA_SIOUXCITY.CAPL,2026,6,2026-06-11,42.58350086212158,53.297382185852996,25,18.592762359480126,5
2375,8145,XD_8145_IA_SIOUXCITY.CAPL,2026,6,2026-06-12,42.58350086212158,53.297382185852996,25,18.592762359480126,5
2376,8145,XD_8145_IA_SIOUXCITY.CAPL,2026,6,2026-06-15,42.58350086212158,53.297382185852996,25,18.592762359480126,5
2377,8145,XD_8145_IA_SIOUXCITY.CAPL,2026,6,2026-06-16,44.57758223215739,55.79316845839556,26,19.33647285385933,5
2378,8145,XD_8145_IA_SIOUXCITY.CAPL,2026,6,2026-06-17,42.3954984664917,53.06207895035375,25,18.592762359480126,5
2379,8145,XD_8145_IA_SIOUXCITY.CAPL,2026,6,2026-06-18,42.3954984664917,53.06207895035375,25,18.592762359480126,5
2380,8145,XD_8145_IA_SIOUXCITY.CAPL,2026,6,2026-06-19,42.3954984664917,53.06207895035375,24,17.84905186510092,5
2381,8145,XD_8145_IA_SIOUXCITY.CAPL,2026,6,2026-06-22,42.3954984664917,53.06207895035375,25,18.592762359480126,5
2382,8145,XD_8145_IA_SIOUXCITY.CAPL,2026,6,2026-06-23,42.009499168396,52.578963384522545,25,18.592762359480126,5
2383,8145,XD_8145_IA_SIOUXCITY.CAPL,2026,6,2026-06-24,42.009499168396,52.578963384522545,26,19.33647285385933,5
2384,8145,XD_8145_IA_SIOUXCITY.CAPL,2026,6,2026-06-25,42.009499168396,52.578963384522545,25,18.592762359480126,5
2385,8145,XD_8145_IA_SIOUXCITY.CAPL,2026,6,2026-06-26,42.009499168396,52.578963384522545,25,18.592762359480126,5
2386,8145,XD_8145_IA_SIOUXCITY.CAPL,2026,6,2026-06-29,42.009499168396,52.578963384522545,25,18.592762359480126,5
2387,8145,XD_8145_IA_SIOUXCITY.CAPL,2026,6,2026-06-30,41.81199836730957,52.33177197319172,26,19.33647285385933,5
2388,8145,XD_8145_KS_TOPEKA.CAPL,2026,5,2026-05-01,27.18000030517578,27.253367522677717,25,32.185176326261974,6
2389,8145,XD_8145_KS_TOPEKA.CAPL,2026,5,2026-05-04,27.18000030517578,27.253367522677717,25,32.185176326261974,6
2390,8145,XD_8145_KS_TOPEKA.CAPL,2026,5,2026-05-05,27.18000030517578,27.253367522677717,25,32.185176326261974,6
2391,8145,XD_8145_KS_TOPEKA.CAPL,2026,5,2026-05-06,27.829999923706055,27.905121690981844,25,32.185176326261974,6
2392,8145,XD_8145_KS_TOPEKA.CAPL,2026,5,2026-05-07,27.829999923706055,27.905121690981844,25,32.185176326261974,6
2393,8145,XD_8145_KS_TOPEKA.CAPL,2026,5,2026-05-08,27.829999923706055,27.905121690981844,25,32.185176326261974,6
2394,8145,XD_8145_KS_TOPEKA.CAPL,2026,5,2026-05-11,27.829999923706055,27.905121690981844,23,29.61036222016102,6
2395,8145,XD_8145_KS_TOPEKA.CAPL,2026,5,2026-05-12,27.829999923706055,27.905121690981844,25,32.185176326261974,6
2396,8145,XD_8145_KS_TOPEKA.CAPL,2026,5,2026-05-13,27.959999084472656,28.03547175964381,24,30.897769273211498,6
2397,8145,XD_8145_KS_TOPEKA.CAPL,2026,5,2026-05-14,27.959999084472656,28.03547175964381,25,32.185176326261974,6
2398,8145,XD_8145_KS_TOPEKA.CAPL,2026,5,2026-05-15,27.959999084472656,28.03547175964381,24,30.897769273211498,6
2399,8145,XD_8145_KS_TOPEKA.CAPL,2026,5,2026-05-18,27.959999084472656,28.03547175964381,25,32.185176326261974,6
2400,8145,XD_8145_KS_TOPEKA.CAPL,2026,5,2026-05-19,27.959999084472656,28.03547175964381,24,30.897769273211498,6
2401,8145,XD_8145_KS_TOPEKA.CAPL,2026,5,2026-05-20,27.829999923706055,27.905121690981844,24,30.897769273211498,6
2402,8145,XD_8145_KS_TOPEKA.CAPL,2026,5,2026-05-21,27.829999923706055,27.905121690981844,25,32.185176326261974,6
2403,8145,XD_8145_KS_TOPEKA.CAPL,2026,5,2026-05-22,27.829999923706055,27.905121690981844,25,32.185176326261974,6
2404,8145,XD_8145_KS_TOPEKA.CAPL,2026,5,2026-05-26,27.829999923706055,27.905121690981844,25,32.185176326261974,6
2405,8145,XD_8145_KS_TOPEKA.CAPL,2026,5,2026-05-27,27.829999923706055,27.905121690981844,25,32.185176326261974,6
2406,8145,XD_8145_KS_TOPEKA.CAPL,2026,5,2026-05-28,27.829999923706055,27.905121690981844,25,32.185176326261974,6
2407,8145,XD_8145_KS_TOPEKA.CAPL,2026,5,2026-05-29,27.829999923706055,27.905121690981844,22,28.32295516711054,6
2408,8145,XD_8145_KS_TOPEKA.CAPL,2026,6,2026-06-01,27.829999923706055,28.526331716355212,25,31.65436964450031,6
2409,8145,XD_8145_KS_TOPEKA.CAPL,2026,6,2026-06-02,27.829999923706055,28.526331716355212,25,31.65436964450031,6
2410,8145,XD_8145_KS_TOPEKA.CAPL,2026,6,2026-06-03,27.56999969482422,28.25982604636799,25,31.65436964450031,6
2411,8145,XD_8145_KS_TOPEKA.CAPL,2026,6,2026-06-04,27.56999969482422,28.25982604636799,25,31.65436964450031,6
2412,8145,XD_8145_KS_TOPEKA.CAPL,2026,6,2026-06-05,27.56999969482422,28.25982604636799,24,30.388194858720297,6
2413,8145,XD_8145_KS_TOPEKA.CAPL,2026,6,2026-06-08,27.56999969482422,28.25982604636799,23,29.122020072940284,6
2414,8145,XD_8145_KS_TOPEKA.CAPL,2026,6,2026-06-09,27.56999969482422,28.25982604636799,25,31.65436964450031,6
2415,8145,XD_8145_KS_TOPEKA.CAPL,2026,6,2026-06-10,27.309999465942383,27.99332037638077,25,31.65436964450031,6
2416,8145,XD_8145_KS_TOPEKA.CAPL,2026,6,2026-06-11,27.309999465942383,27.99332037638077,24,30.388194858720297,6
2417,8145,XD_8145_KS_TOPEKA.CAPL,2026,6,2026-06-12,27.309999465942383,27.99332037638077,24,30.388194858720297,6
2418,8145,XD_8145_KS_TOPEKA.CAPL,2026,6,2026-06-15,27.309999465942383,27.99332037638077,24,30.388194858720297,6
2419,8145,XD_8145_KS_TOPEKA.CAPL,2026,6,2026-06-16,29.34363637211347,30.077840719000065,24,32.92054443028032,6
2420,8145,XD_8145_KS_TOPEKA.CAPL,2026,6,2026-06-17,27.18000030517578,27.860068518923274,25,31.65436964450031,6
2421,8145,XD_8145_KS_TOPEKA.CAPL,2026,6,2026-06-18,27.18000030517578,27.860068518923274,25,31.65436964450031,6
2422,8145,XD_8145_KS_TOPEKA.CAPL,2026,6,2026-06-19,27.18000030517578,27.860068518923278,21,26.589670501380258,5
2423,8145,XD_8145_KS_TOPEKA.CAPL,2026,6,2026-06-22,27.18000030517578,27.860068518923274,24,30.388194858720297,6
2424,8145,XD_8145_KS_TOPEKA.CAPL,2026,6,2026-06-23,27.049999237060547,27.72681470639355,25,31.65436964450031,6
2425,8145,XD_8145_KS_TOPEKA.CAPL,2026,6,2026-06-24,27.049999237060547,27.72681470639355,25,31.65436964450031,6
2426,8145,XD_8145_KS_TOPEKA.CAPL,2026,6,2026-06-25,27.049999237060547,27.72681470639355,25,31.65436964450031,6
2427,8145,XD_8145_KS_TOPEKA.CAPL,2026,6,2026-06-26,27.049999237060547,27.72681470639355,25,31.65436964450031,6
2428,8145,XD_8145_KS_TOPEKA.CAPL,2026,6,2026-06-29,27.049999237060547,27.72681470639355,25,31.65436964450031,6
2429,8145,XD_8145_KS_TOPEKA.CAPL,2026,6,2026-06-30,26.920000076293945,27.593562848936056,25,31.65436964450031,6
2430,8145,XD_8145_MN_BRAINERD.CAPL,2026,5,2026-05-01,26.900999863942463,34.971792428631154,27,19.863629122289748,4
2431,8145,XD_8145_MN_BRAINERD.CAPL,2026,5,2026-05-04,24.930999755859375,32.41075621389152,22,16.185179284828685,4
2432,8145,XD_8145_MN_BRAINERD.CAPL,2026,5,2026-05-05,25.587666458553738,33.26443495213806,24,17.65655921981311,4
2433,8145,XD_8145_MN_BRAINERD.CAPL,2026,5,2026-05-06,27.504454430666836,35.75629441570717,27,19.863629122289744,4
2434,8145,XD_8145_MN_BRAINERD.CAPL,2026,5,2026-05-07,27.504454430666836,35.75629441570717,27,19.863629122289744,4
2435,8145,XD_8145_MN_BRAINERD.CAPL,2026,5,2026-05-08,27.875666522979735,36.238876933272444,27,19.863629122289748,4
2436,8145,XD_8145_MN_BRAINERD.CAPL,2026,5,2026-05-11,27.195111020406088,35.3541423177361,25,18.39224918730532,4
2437,8145,XD_8145_MN_BRAINERD.CAPL,2026,5,2026-05-12,27.058999919891356,35.17719539462883,26,19.127939154797534,4
2438,8145,XD_8145_MN_BRAINERD.CAPL,2026,5,2026-05-13,27.058999919891356,35.17719539462883,26,19.127939154797534,4
2439,8145,XD_8145_MN_BRAINERD.CAPL,2026,5,2026-05-14,27.058999919891356,35.17719539462883,26,19.127939154797534,4
2440,8145,XD_8145_MN_BRAINERD.CAPL,2026,5,2026-05-15,27.058999919891356,35.17719539462883,26,19.127939154797534,4
2441,8145,XD_8145_MN_BRAINERD.CAPL,2026,5,2026-05-18,27.058999919891356,35.17719539462883,26,19.127939154797534,4
2442,8145,XD_8145_MN_BRAINERD.CAPL,2026,5,2026-05-19,25.834000015258788,33.58467308666341,23,16.920869252320898,4
2443,8145,XD_8145_MN_BRAINERD.CAPL,2026,5,2026-05-20,26.514555517832438,34.46940770219975,25,18.39224918730532,4
2444,8145,XD_8145_MN_BRAINERD.CAPL,2026,5,2026-05-21,27.058999919891356,35.17719539462883,26,19.127939154797534,4
2445,8145,XD_8145_MN_BRAINERD.CAPL,2026,5,2026-05-22,27.058999919891356,35.17719539462883,25,18.39224918730532,4
2446,8145,XD_8145_MN_BRAINERD.CAPL,2026,5,2026-05-26,27.058999919891356,35.17719539462883,26,19.127939154797534,4
2447,8145,XD_8145_MN_BRAINERD.CAPL,2026,5,2026-05-27,27.058999919891356,35.17719539462883,26,19.127939154797534,4
2448,8145,XD_8145_MN_BRAINERD.CAPL,2026,5,2026-05-28,26.945000553131102,35.028994130307844,25,18.39224918730532,4
2449,8145,XD_8145_MN_BRAINERD.CAPL,2026,5,2026-05-29,26.945000553131102,35.028994130307844,26,19.127939154797534,4
2450,8145,XD_8145_MN_BRAINERD.CAPL,2026,6,2026-06-01,26.945000553131102,34.68150418409792,26,19.74735983353795,4
2451,8145,XD_8145_MN_BRAINERD.CAPL,2026,6,2026-06-02,26.945000553131102,34.68150418409791,26,19.74735983353795,4
2452,8145,XD_8145_MN_BRAINERD.CAPL,2026,6,2026-06-03,26.053110133277045,33.53353236398485,25,18.987845993786486,4
2453,8145,XD_8145_MN_BRAINERD.CAPL,2026,6,2026-06-04,26.053110133277045,33.53353236398485,25,18.987845993786486,4
2454,8145,XD_8145_MN_BRAINERD.CAPL,2026,6,2026-06-05,26.587999057769775,34.22199968972282,25,18.987845993786486,4
2455,8145,XD_8145_MN_BRAINERD.CAPL,2026,6,2026-06-08,26.587999057769775,34.22199968972282,25,18.987845993786486,4
2456,8145,XD_8145_MN_BRAINERD.CAPL,2026,6,2026-06-09,26.587999057769775,34.22199968972282,26,19.74735983353795,4
2457,8145,XD_8145_MN_BRAINERD.CAPL,2026,6,2026-06-10,26.233000564575196,33.76507330359047,26,19.74735983353795,4
2458,8145,XD_8145_MN_BRAINERD.CAPL,2026,6,2026-06-11,26.233000564575196,33.76507330359047,26,19.74735983353795,4
2459,8145,XD_8145_MN_BRAINERD.CAPL,2026,6,2026-06-12,26.233000564575196,33.76507330359047,26,19.74735983353795,4
2460,8145,XD_8145_MN_BRAINERD.CAPL,2026,6,2026-06-15,25.70544497172038,33.08604487065869,24,18.22833215403503,4
2461,8145,XD_8145_MN_BRAINERD.CAPL,2026,6,2026-06-16,27.179999828338623,34.98397693151162,26,19.74735983353795,4
2462,8145,XD_8145_MN_BRAINERD.CAPL,2026,6,2026-06-17,26.112999820709227,33.61061770087946,26,19.74735983353795,4
2463,8145,XD_8145_MN_BRAINERD.CAPL,2026,6,2026-06-18,26.112999820709227,33.61061770087946,25,18.987845993786486,4
2464,8145,XD_8145_MN_BRAINERD.CAPL,2026,6,2026-06-19,26.112999820709227,33.61061770087946,25,18.987845993786486,4
2465,8145,XD_8145_MN_BRAINERD.CAPL,2026,6,2026-06-22,26.112999820709227,33.61061770087946,25,18.987845993786486,4
2466,8145,XD_8145_MN_BRAINERD.CAPL,2026,6,2026-06-23,25.875999259948728,33.305569054714425,25,18.987845993786486,4
2467,8145,XD_8145_MN_BRAINERD.CAPL,2026,6,2026-06-24,25.875999259948728,33.305569054714425,26,19.74735983353795,4
2468,8145,XD_8145_MN_BRAINERD.CAPL,2026,6,2026-06-25,24.358499336242676,31.35236145133718,26,20.506873673289405,4
2469,8145,XD_8145_MN_BRAINERD.CAPL,2026,6,2026-06-26,25.35555477142334,32.63569348092133,24,18.22833215403503,4
2470,8145,XD_8145_MN_BRAINERD.CAPL,2026,6,2026-06-29,25.35555477142334,32.63569348092133,24,18.22833215403503,4
2471,8145,XD_8145_MN_BRAINERD.CAPL,2026,6,2026-06-30,23.726528475019666,30.53893782477181,25,19.74735983353795,4
2472,8145,XD_8145_MN_CLEARWATER.CAPL,2026,5,2026-05-01,28.00742377140821,22.495781486016796,57,63.47652752055689,11
2473,8145,XD_8145_MN_CLEARWATER.CAPL,2026,5,2026-05-04,26.953202930879797,21.649023074386573,54,60.1356576510539,11
2474,8145,XD_8145_MN_CLEARWATER.CAPL,2026,5,2026-05-05,26.932878257908342,21.632698138338466,56,62.36290423072256,11
2475,8145,XD_8145_MN_CLEARWATER.CAPL,2026,5,2026-05-06,28.01006519536435,22.497903098365512,56,62.36290423072256,11
2476,8145,XD_8145_MN_CLEARWATER.CAPL,2026,5,2026-05-07,29.024221016731097,23.312480973733273,57,63.47652752055689,11
2477,8145,XD_8145_MN_CLEARWATER.CAPL,2026,5,2026-05-08,29.024221016731097,23.312480973733273,57,63.47652752055689,11
2478,8145,XD_8145_MN_CLEARWATER.CAPL,2026,5,2026-05-11,27.910584739792398,22.417999619597122,56,62.36290423072256,11
2479,8145,XD_8145_MN_CLEARWATER.CAPL,2026,5,2026-05-12,29.024221016731097,23.312480973733273,57,63.47652752055689,11
2480,8145,XD_8145_MN_CLEARWATER.CAPL,2026,5,2026-05-13,29.024221016731097,23.312480973733273,57,63.47652752055689,11
2481,8145,XD_8145_MN_CLEARWATER.CAPL,2026,5,2026-05-14,29.024221016731097,23.312480973733273,57,63.47652752055689,11
2482,8145,XD_8145_MN_CLEARWATER.CAPL,2026,5,2026-05-15,29.024221016731097,23.312480973733273,56,62.36290423072256,11
2483,8145,XD_8145_MN_CLEARWATER.CAPL,2026,5,2026-05-18,29.024221016731097,23.312480973733273,57,63.47652752055689,11
2484,8145,XD_8145_MN_CLEARWATER.CAPL,2026,5,2026-05-19,27.910584739792398,22.417999619597122,55,61.249280940888234,11
2485,8145,XD_8145_MN_CLEARWATER.CAPL,2026,5,2026-05-20,29.024221016731097,23.312480973733273,57,63.47652752055689,11
2486,8145,XD_8145_MN_CLEARWATER.CAPL,2026,5,2026-05-21,29.024221016731097,23.312480973733273,56,62.36290423072256,11
2487,8145,XD_8145_MN_CLEARWATER.CAPL,2026,5,2026-05-22,28.87672100025854,23.19400780865988,55,61.249280940888234,11
2488,8145,XD_8145_MN_CLEARWATER.CAPL,2026,5,2026-05-26,29.024221016731097,23.312480973733273,57,63.47652752055689,11
2489,8145,XD_8145_MN_CLEARWATER.CAPL,2026,5,2026-05-27,29.024221016731097,23.312480973733273,57,63.47652752055689,11
2490,8145,XD_8145_MN_CLEARWATER.CAPL,2026,5,2026-05-28,28.901358683904014,23.213796988562102,57,63.47652752055689,11
2491,8145,XD_8145_MN_CLEARWATER.CAPL,2026,5,2026-05-29,28.901358683904014,23.213796988562102,57,63.47652752055689,11
2492,8145,XD_8145_MN_CLEARWATER.CAPL,2026,6,2026-06-01,28.775157379381586,23.09966055280449,58,63.81973144995819,11
2493,8145,XD_8145_MN_CLEARWATER.CAPL,2026,6,2026-06-02,28.86174815557736,23.16917251101048,57,62.719391252545115,11
2494,8145,XD_8145_MN_CLEARWATER.CAPL,2026,6,2026-06-03,28.39494513020371,22.79443984529516,57,62.719391252545115,11
2495,8145,XD_8145_MN_CLEARWATER.CAPL,2026,6,2026-06-04,28.51949058363448,22.894420452167786,56,61.61905105513204,11
2496,8145,XD_8145_MN_CLEARWATER.CAPL,2026,6,2026-06-05,28.51949058363448,22.894420452167786,57,62.719391252545115,11
2497,8145,XD_8145_MN_CLEARWATER.CAPL,2026,6,2026-06-08,28.39494513020371,22.79443984529516,58,63.81973144995819,11
2498,8145,XD_8145_MN_CLEARWATER.CAPL,2026,6,2026-06-09,28.51949058363448,22.894420452167786,57,62.719391252545115,11
2499,8145,XD_8145_MN_CLEARWATER.CAPL,2026,6,2026-06-10,28.136964426412213,22.587342222571916,57,62.719391252545115,11
2500,8145,XD_8145_MN_CLEARWATER.CAPL,2026,6,2026-06-11,28.136964426412213,22.587342222571916,57,62.719391252545115,11
2501,8145,XD_8145_MN_CLEARWATER.CAPL,2026,6,2026-06-12,25.84332810439073,20.74609354504972,57,62.719391252545115,11
2502,8145,XD_8145_MN_CLEARWATER.CAPL,2026,6,2026-06-15,28.014091052018205,22.4887039005618,59,64.92007164737126,11
2503,8145,XD_8145_MN_CLEARWATER.CAPL,2026,6,2026-06-16,27.69243647044183,22.230491180759525,58,69.32143243702355,11
2504,8145,XD_8145_MN_CLEARWATER.CAPL,2026,6,2026-06-17,28.00742377140821,22.483351647683715,57,62.719391252545115,11
2505,8145,XD_8145_MN_CLEARWATER.CAPL,2026,6,2026-06-18,28.00742377140821,22.483351647683715,57,62.719391252545115,11
2506,8145,XD_8145_MN_CLEARWATER.CAPL,2026,6,2026-06-19,27.674783090492348,22.21631968278763,56,61.61905105513204,11
2507,8145,XD_8145_MN_CLEARWATER.CAPL,2026,6,2026-06-22,27.885102348410204,22.385156412386248,58,63.81973144995819,11
2508,8145,XD_8145_MN_CLEARWATER.CAPL,2026,6,2026-06-23,27.754664016492438,22.28044521478448,57,62.719391252545115,11
2509,8145,XD_8145_MN_CLEARWATER.CAPL,2026,6,2026-06-24,27.633462718038846,22.183149175151232,58,63.81973144995819,11
2510,8145,XD_8145_MN_CLEARWATER.CAPL,2026,6,2026-06-25,27.754664016492438,22.28044521478448,57,62.719391252545115,11
2511,8145,XD_8145_MN_CLEARWATER.CAPL,2026,6,2026-06-26,26.56891717332782,21.32857033126817,57,62.719391252545115,11
2512,8145,XD_8145_MN_CLEARWATER.CAPL,2026,6,2026-06-29,26.474649496752807,21.25289563377565,57,63.81973144995819,11
2513,8145,XD_8145_MN_CLEARWATER.CAPL,2026,6,2026-06-30,26.83743007874592,21.544122826339834,56,61.61905105513205,11
2514,8145,XD_8145_MN_DULUTH.CAPL,2026,5,2026-05-01,29.908000083196733,24.787020802115546,44,63.03415579315979,10
2515,8145,XD_8145_MN_DULUTH.CAPL,2026,5,2026-05-04,30.35916681138296,25.16093677930111,43,61.60156134331525,9
2516,8145,XD_8145_MN_DULUTH.CAPL,2026,5,2026-05-05,29.908000083196733,24.787020802115546,45,64.46675024300433,10
2517,8145,XD_8145_MN_DULUTH.CAPL,2026,5,2026-05-06,30.99523765019008,25.688096772255278,44,63.03415579315979,10
2518,8145,XD_8145_MN_DULUTH.CAPL,2026,5,2026-05-07,31.347340773022363,25.979911250182777,45,64.46675024300433,9
2519,8145,XD_8145_MN_DULUTH.CAPL,2026,5,2026-05-08,30.99523765019008,25.688096772255278,41,58.736372443626166,10
2520,8145,XD_8145_MN_DULUTH.CAPL,2026,5,2026-05-11,30.73332096508571,25.471026613634052,45,64.46675024300433,10
2521,8145,XD_8145_MN_DULUTH.CAPL,2026,5,2026-05-12,30.745374536514284,25.48101631956252,47,67.33193914269341,10
2522,8145,XD_8145_MN_DULUTH.CAPL,2026,5,2026-05-13,30.73332096508571,25.471026613634052,45,64.46675024300433,10
2523,8145,XD_8145_MN_DULUTH.CAPL,2026,5,2026-05-14,30.641660274778094,25.395060469757126,49,70.19712804238249,10
2524,8145,XD_8145_MN_DULUTH.CAPL,2026,5,2026-05-15,30.99523765019008,25.688096772255278,43,61.601561343315254,10
2525,8145,XD_8145_MN_DULUTH.CAPL,2026,5,2026-05-18,30.99523765019008,25.688096772255278,44,63.03415579315979,10
2526,8145,XD_8145_MN_DULUTH.CAPL,2026,5,2026-05-19,31.00729122161865,25.698086478183747,46,65.89934469284887,10
2527,8145,XD_8145_MN_DULUTH.CAPL,2026,5,2026-05-20,30.73332096508571,25.471026613634052,44,63.03415579315979,10
2528,8145,XD_8145_MN_DULUTH.CAPL,2026,5,2026-05-21,30.641660274778094,25.395060469757126,47,67.33193914269341,10
2529,8145,XD_8145_MN_DULUTH.CAPL,2026,5,2026-05-22,30.745374536514284,25.48101631956252,46,65.89934469284887,10
2530,8145,XD_8145_MN_DULUTH.CAPL,2026,5,2026-05-26,30.73332096508571,25.471026613634052,45,64.46675024300433,10
2531,8145,XD_8145_MN_DULUTH.CAPL,2026,5,2026-05-27,31.00729122161865,25.698086478183747,44,63.03415579315979,10
2532,8145,XD_8145_MN_DULUTH.CAPL,2026,5,2026-05-28,30.34851499285017,25.152108811974035,48,68.76453359253796,10
2533,8145,XD_8145_MN_DULUTH.CAPL,2026,5,2026-05-29,30.85700081416539,25.573529455128387,44,63.03415579315979,10
2534,8145,XD_8145_MN_DULUTH.CAPL,2026,6,2026-06-01,30.608250761032103,25.348219405484407,46,63.316641918343876,10
2535,8145,XD_8145_MN_DULUTH.CAPL,2026,6,2026-06-02,30.87833415137397,25.571888934645436,48,66.06953939305447,10
2536,8145,XD_8145_MN_DULUTH.CAPL,2026,6,2026-06-03,30.446619279044018,25.21436431195898,43,59.187295706277965,10
2537,8145,XD_8145_MN_DULUTH.CAPL,2026,6,2026-06-04,30.099268082209996,24.926705457591655,47,64.69309065569918,10
2538,8145,XD_8145_MN_DULUTH.CAPL,2026,6,2026-06-05,30.20112524032593,25.01105845156375,47,64.69309065569918,10
2539,8145,XD_8145_MN_DULUTH.CAPL,2026,6,2026-06-08,30.20112524032593,25.01105845156375,46,63.316641918343876,10
2540,8145,XD_8145_MN_DULUTH.CAPL,2026,6,2026-06-09,30.446619279044018,25.21436431195898,44,60.56374444363327,10
2541,8145,XD_8145_MN_DULUTH.CAPL,2026,6,2026-06-10,29.803498959541322,24.681764292109634,43,59.187295706277965,10
2542,8145,XD_8145_MN_DULUTH.CAPL,2026,6,2026-06-11,29.702927545138767,24.598476086648333,46,63.316641918343876,10
2543,8145,XD_8145_MN_DULUTH.CAPL,2026,6,2026-06-12,30.057248934110003,24.891907304845663,46,63.31664191834387,10
2544,8145,XD_8145_MN_DULUTH.CAPL,2026,6,2026-06-15,30.057248934110003,24.891907304845663,45,61.94019318098857,10
2545,8145,XD_8145_MN_DULUTH.CAPL,2026,6,2026-06-16,33.69722043234204,27.90634928936971,45,66.06953939305447,10
2546,8145,XD_8145_MN_DULUTH.CAPL,2026,6,2026-06-17,29.91962508360545,24.777934128617687,45,61.94019318098857,10
2547,8145,XD_8145_MN_DULUTH.CAPL,2026,6,2026-06-18,29.566732239723205,24.48568595987422,47,64.69309065569918,10
2548,8145,XD_8145_MN_DULUTH.CAPL,2026,6,2026-06-19,29.908000083196733,24.768306885844176,38,52.30505201950146,10
2549,8145,XD_8145_MN_DULUTH.CAPL,2026,6,2026-06-22,29.666875100135805,24.568619258397213,47,64.69309065569918,10
2550,8145,XD_8145_MN_DULUTH.CAPL,2026,6,2026-06-23,29.40533432430691,24.352024294478806,49,67.44598813040977,10
2551,8145,XD_8145_MN_DULUTH.CAPL,2026,6,2026-06-24,29.38485813140869,24.335066937646317,43,59.187295706277965,10
2552,8145,XD_8145_MN_DULUTH.CAPL,2026,6,2026-06-25,29.97190578400143,24.821230384736864,45,61.94019318098857,9
2553,8145,XD_8145_MN_DULUTH.CAPL,2026,6,2026-06-26,29.646709330876668,24.55191897886632,45,61.94019318098857,10
2554,8145,XD_8145_MN_DULUTH.CAPL,2026,6,2026-06-29,29.396375989913942,24.34460545086459,46,63.316641918343876,10
2555,8145,XD_8145_MN_DULUTH.CAPL,2026,6,2026-06-30,29.517999755011665,24.44532815817275,46,63.316641918343876,10
2556,8145,XD_8145_MN_MANKATO.CAPL,2026,5,2026-05-01,24.04862459897995,21.418056131233655,40,53.89744345036365,8
2557,8145,XD_8145_MN_MANKATO.CAPL,2026,5,2026-05-04,24.044999599456787,21.41482765374035,42,56.59231562288183,8
2558,8145,XD_8145_MN_MANKATO.CAPL,2026,5,2026-05-05,24.07621399675097,21.442627651640343,41,55.24487953662274,8
2559,8145,XD_8145_MN_MANKATO.CAPL,2026,5,2026-05-06,24.912850565079488,22.187748392668627,44,59.287187795400015,8
2560,8145,XD_8145_MN_MANKATO.CAPL,2026,5,2026-05-07,24.827465451425976,22.11170316399138,42,56.592315622881834,8
2561,8145,XD_8145_MN_MANKATO.CAPL,2026,5,2026-05-08,24.949297810736155,22.220208841709713,42,56.592315622881834,8
2562,8145,XD_8145_MN_MANKATO.CAPL,2026,5,2026-05-11,24.94017380144861,22.212082865845346,42,56.592315622881834,8
2563,8145,XD_8145_MN_MANKATO.CAPL,2026,5,2026-05-12,24.902604351441067,22.178622965227355,44,59.287187795400015,8
2564,8145,XD_8145_MN_MANKATO.CAPL,2026,5,2026-05-13,24.92514602144559,22.19869890559815,41,55.24487953662274,8
2565,8145,XD_8145_MN_MANKATO.CAPL,2026,5,2026-05-14,24.94017380144861,22.212082865845346,42,56.592315622881834,8
2566,8145,XD_8145_MN_MANKATO.CAPL,2026,5,2026-05-15,24.92514602144559,22.19869890559815,40,53.89744345036365,8
2567,8145,XD_8145_MN_MANKATO.CAPL,2026,5,2026-05-18,24.827465451425976,22.11170316399138,42,56.592315622881834,8
2568,8145,XD_8145_MN_MANKATO.CAPL,2026,5,2026-05-19,24.902604351441067,22.178622965227355,45,60.63462388165911,8
2569,8145,XD_8145_MN_MANKATO.CAPL,2026,5,2026-05-20,24.82429400434742,22.108878626926227,42,56.592315622881834,8
2570,8145,XD_8145_MN_MANKATO.CAPL,2026,5,2026-05-21,24.949297810736155,22.220208841709713,42,56.592315622881834,8
2571,8145,XD_8145_MN_MANKATO.CAPL,2026,5,2026-05-22,24.827465451425976,22.11170316399138,42,56.592315622881834,8
2572,8145,XD_8145_MN_MANKATO.CAPL,2026,5,2026-05-26,24.92138907644484,22.19535291553635,42,56.59231562288183,8
2573,8145,XD_8145_MN_MANKATO.CAPL,2026,5,2026-05-27,24.836589460713522,22.11982913985575,42,56.592315622881834,8
2574,8145,XD_8145_MN_MANKATO.CAPL,2026,5,2026-05-28,24.869352322249185,22.149008222613787,40,53.89744345036365,8
2575,8145,XD_8145_MN_MANKATO.CAPL,2026,5,2026-05-29,24.83569606485821,22.119033468465155,40,53.89744345036365,8
2576,8145,XD_8145_MN_MANKATO.CAPL,2026,6,2026-06-01,24.845312138398487,22.753320862547383,40,52.3828017031305,8
2577,8145,XD_8145_MN_MANKATO.CAPL,2026,6,2026-06-02,24.738466876839833,22.655472040792006,40,52.3828017031305,8
2578,8145,XD_8145_MN_MANKATO.CAPL,2026,6,2026-06-03,24.505612805911472,22.442224432532136,41,53.692371745708755,8
2579,8145,XD_8145_MN_MANKATO.CAPL,2026,6,2026-06-04,24.49664901693662,22.43401540035927,42,55.00194178828702,8
2580,8145,XD_8145_MN_MANKATO.CAPL,2026,6,2026-06-05,24.741835009484063,22.658556574499407,38,49.763661617973966,8
2581,8145,XD_8145_MN_MANKATO.CAPL,2026,6,2026-06-08,24.37115597128868,22.31908894993916,42,55.00194178828702,8
2582,8145,XD_8145_MN_MANKATO.CAPL,2026,6,2026-06-09,24.505612805911472,22.442224432532136,40,52.3828017031305,8
2583,8145,XD_8145_MN_MANKATO.CAPL,2026,6,2026-06-10,24.01684331305233,21.99460964560978,40,52.3828017031305,9
2584,8145,XD_8145_MN_MANKATO.CAPL,2026,6,2026-06-11,24.199365350935196,22.161763210407077,40,52.3828017031305,8
2585,8145,XD_8145_MN_MANKATO.CAPL,2026,6,2026-06-12,24.16297646363576,22.128438290843057,41,53.692371745708755,8
2586,8145,XD_8145_MN_MANKATO.CAPL,2026,6,2026-06-15,24.149507849505454,22.11610374269274,44,57.62108187344354,8
2587,8145,XD_8145_MN_MANKATO.CAPL,2026,6,2026-06-16,29.58260091978406,27.091726878981515,40,53.692371745708755,8
2588,8145,XD_8145_MN_MANKATO.CAPL,2026,6,2026-06-17,23.939874613285063,21.924121759910367,43,56.311511830865285,8
2589,8145,XD_8145_MN_MANKATO.CAPL,2026,6,2026-06-18,24.04862459897995,22.023714926803567,42,55.00194178828702,8
2590,8145,XD_8145_MN_MANKATO.CAPL,2026,6,2026-06-19,23.928010978481986,21.913257050794748,42,55.00194178828702,8
2591,8145,XD_8145_MN_MANKATO.CAPL,2026,6,2026-06-22,24.0631245970726,22.036994015722662,41,53.692371745708755,8
2592,8145,XD_8145_MN_MANKATO.CAPL,2026,6,2026-06-23,23.854726811817713,21.846143458139196,41,53.692371745708755,8
2593,8145,XD_8145_MN_MANKATO.CAPL,2026,6,2026-06-24,23.8460075656573,21.83815837811837,41,53.692371745708755,8
2594,8145,XD_8145_MN_MANKATO.CAPL,2026,6,2026-06-25,23.761379588217963,21.76065613085742,42,55.00194178828702,8
2595,8145,XD_8145_MN_MANKATO.CAPL,2026,6,2026-06-26,23.73526847672153,21.736743591757623,42,55.00194178828702,8
2596,8145,XD_8145_MN_MANKATO.CAPL,2026,6,2026-06-29,24.28176650546846,22.237226134684132,41,53.692371745708755,8
2597,8145,XD_8145_MN_MANKATO.CAPL,2026,6,2026-06-30,23.71885411341985,21.721711328412447,42,55.00194178828702,8
2598,8145,XD_8145_MN_STPAUL.CAPL,2026,5,2026-05-01,31.197699342283162,28.04968389806922,338,131.38137690775292,48
2599,8145,XD_8145_MN_STPAUL.CAPL,2026,5,2026-05-04,31.715926623843057,28.5156192632264,340,132.14744907631123,48
2600,8145,XD_8145_MN_STPAUL.CAPL,2026,5,2026-05-05,30.50113176000181,27.423403726500506,347,135.5947738348237,48
2601,8145,XD_8145_MN_STPAUL.CAPL,2026,5,2026-05-06,32.72838896755819,29.425918717949894,348,135.21173775054456,48
2602,8145,XD_8145_MN_STPAUL.CAPL,2026,5,2026-05-07,33.288628786482626,29.929627329778313,343,132.53048516059042,48
2603,8145,XD_8145_MN_STPAUL.CAPL,2026,5,2026-05-08,32.923503294503995,29.6013449612369,333,129.08316040207794,48
2604,8145,XD_8145_MN_STPAUL.CAPL,2026,5,2026-05-11,31.84584055658997,28.632424182317568,346,135.5947738348237,47
2605,8145,XD_8145_MN_STPAUL.CAPL,2026,5,2026-05-12,32.12489856562688,28.883323739263457,344,134.06262949770706,48
2606,8145,XD_8145_MN_STPAUL.CAPL,2026,5,2026-05-13,33.391916824218576,30.02249304968794,344,132.91352124486957,48
2607,8145,XD_8145_MN_STPAUL.CAPL,2026,5,2026-05-14,32.0229280513115,28.7916425975841,348,135.5947738348237,48
2608,8145,XD_8145_MN_STPAUL.CAPL,2026,5,2026-05-15,32.439572155454115,29.166245073586396,339,131.38137690775292,48
2609,8145,XD_8145_MN_STPAUL.CAPL,2026,5,2026-05-18,31.519754218546286,28.339241707377578,337,132.14744907631123,48
2610,8145,XD_8145_MN_STPAUL.CAPL,2026,5,2026-05-19,31.898609697124943,28.679868633119515,350,136.36084600338205,48
2611,8145,XD_8145_MN_STPAUL.CAPL,2026,5,2026-05-20,33.187798183714904,29.838971076448342,340,131.76441299203208,48
2612,8145,XD_8145_MN_STPAUL.CAPL,2026,5,2026-05-21,31.958132093095504,28.733384899608023,353,137.50995425621952,48
2613,8145,XD_8145_MN_STPAUL.CAPL,2026,5,2026-05-22,32.21022062916759,28.9600363482796,335,130.23226865491543,48
2614,8145,XD_8145_MN_STPAUL.CAPL,2026,5,2026-05-26,32.05940596130159,28.824439690512595,342,133.6795934134279,48
2615,8145,XD_8145_MN_STPAUL.CAPL,2026,5,2026-05-27,32.21897392258757,28.967906387374597,338,131.76441299203208,48
2616,8145,XD_8145_MN_STPAUL.CAPL,2026,5,2026-05-28,34.24630681710813,30.790670502880612,343,132.14744907631123,48
2617,8145,XD_8145_MN_STPAUL.CAPL,2026,5,2026-05-29,31.725155336970662,28.523916749626768,341,132.91352124486957,48
2618,8145,XD_8145_MN_STPAUL.CAPL,2026,6,2026-06-01,32.63644012784717,28.45293488153416,338,144.10437037211597,48
2619,8145,XD_8145_MN_STPAUL.CAPL,2026,6,2026-06-02,32.00102432474831,27.898969914845182,347,148.30566396897066,48
2620,8145,XD_8145_MN_STPAUL.CAPL,2026,6,2026-06-03,32.381472368530495,28.230650189199164,345,146.6251465302288,48
2621,8145,XD_8145_MN_STPAUL.CAPL,2026,6,2026-06-04,32.295566047147666,28.155755777963048,347,147.04527588991425,48
2622,8145,XD_8145_MN_STPAUL.CAPL,2026,6,2026-06-05,31.250349949913105,27.244520807627822,342,146.2050171705433,48
2623,8145,XD_8145_MN_STPAUL.CAPL,2026,6,2026-06-08,32.18273725219505,28.05738995304547,333,141.58359421400314,48
2624,8145,XD_8145_MN_STPAUL.CAPL,2026,6,2026-06-09,31.26898689513945,27.26076877422095,347,147.88553460928517,48
2625,8145,XD_8145_MN_STPAUL.CAPL,2026,6,2026-06-10,31.220968742865736,27.218905833458304,342,145.78488781085784,48
2626,8145,XD_8145_MN_STPAUL.CAPL,2026,6,2026-06-11,31.919518482941683,27.827911907283575,349,147.88553460928517,48
2627,8145,XD_8145_MN_STPAUL.CAPL,2026,6,2026-06-12,31.01583807173545,27.040069857322067,340,144.9446290914869,48
2628,8145,XD_8145_MN_STPAUL.CAPL,2026,6,2026-06-15,31.890866946342644,27.802933070685132,343,145.78488781085784,48
2629,8145,XD_8145_MN_STPAUL.CAPL,2026,6,2026-06-16,31.29865208125886,27.286631325577584,345,153.76734564488174,48
2630,8145,XD_8145_MN_STPAUL.CAPL,2026,6,2026-06-17,31.31017213938556,27.296674683934885,348,148.30566396897066,48
2631,8145,XD_8145_MN_STPAUL.CAPL,2026,6,2026-06-18,31.041450839873516,27.062399450289732,343,146.2050171705433,48
2632,8145,XD_8145_MN_STPAUL.CAPL,2026,6,2026-06-19,30.685348350316882,26.751943992929302,338,143.6842410124305,48
2633,8145,XD_8145_MN_STPAUL.CAPL,2026,6,2026-06-22,31.355674544062794,27.336344358450944,339,144.9446290914869,48
2634,8145,XD_8145_MN_STPAUL.CAPL,2026,6,2026-06-23,29.855775272720077,26.02870982082375,343,147.4654052495997,48
2635,8145,XD_8145_MN_STPAUL.CAPL,2026,6,2026-06-24,31.039951944273785,27.061092690767975,347,148.30566396897066,48
2636,8145,XD_8145_MN_STPAUL.CAPL,2026,6,2026-06-25,30.420569011128944,26.521105419041394,350,149.56605204802707,48
2637,8145,XD_8145_MN_STPAUL.CAPL,2026,6,2026-06-26,29.168039929086973,25.429131898983382,344,149.14592268834159,48
2638,8145,XD_8145_MN_STPAUL.CAPL,2026,6,2026-06-29,29.76921029009856,25.95324117890378,344,149.56605204802705,48
2639,8145,XD_8145_MN_STPAUL.CAPL,2026,6,2026-06-30,29.671466782586435,25.868026932391572,347,150.82644012708346,48
2640,8145,XD_8145_MO_KANSASCITY.CAPL,2026,5,2026-05-01,34.000089868084416,22.618672136529582,239,187.71899358570786,52
2641,8145,XD_8145_MO_KANSASCITY.CAPL,2026,5,2026-05-04,30.222230082291823,20.10543843026124,239,188.50442870531333,52
2642,8145,XD_8145_MO_KANSASCITY.CAPL,2026,5,2026-05-05,33.64093551916235,22.379743519099588,243,190.86073406412973,51
2643,8145,XD_8145_MO_KANSASCITY.CAPL,2026,5,2026-05-06,34.899622354446315,23.21708909554697,236,185.36268822689144,52
2644,8145,XD_8145_MO_KANSASCITY.CAPL,2026,5,2026-05-07,34.879539936511655,23.203729200654486,246,193.21703942294616,52
2645,8145,XD_8145_MO_KANSASCITY.CAPL,2026,5,2026-05-08,34.56274506168051,22.992980363338475,239,187.71899358570786,52
2646,8145,XD_8145_MO_KANSASCITY.CAPL,2026,5,2026-05-11,34.56274506168051,22.992980363338475,236,185.36268822689144,52
2647,8145,XD_8145_MO_KANSASCITY.CAPL,2026,5,2026-05-12,34.95212724472314,23.2520181473037,244,191.64616918373522,53
2648,8145,XD_8145_MO_KANSASCITY.CAPL,2026,5,2026-05-13,34.56274506168051,22.992980363338475,238,186.9335584661024,52
2649,8145,XD_8145_MO_KANSASCITY.CAPL,2026,5,2026-05-14,34.56140921024176,22.992091683754584,243,190.86073406412973,52
2650,8145,XD_8145_MO_KANSASCITY.CAPL,2026,5,2026-05-15,34.95212724472314,23.2520181473037,241,189.2898638249188,53
2651,8145,XD_8145_MO_KANSASCITY.CAPL,2026,5,2026-05-18,31.14302560188485,20.71800069239839,240,189.2898638249188,53
2652,8145,XD_8145_MO_KANSASCITY.CAPL,2026,5,2026-05-19,34.84006428531572,23.17746789325085,240,188.50442870531333,51
2653,8145,XD_8145_MO_KANSASCITY.CAPL,2026,5,2026-05-20,34.56452619693218,22.994165269450335,238,186.93355846610237,52
2654,8145,XD_8145_MO_KANSASCITY.CAPL,2026,5,2026-05-21,34.95081659802851,23.25114623525913,242,190.07529894452426,53
2655,8145,XD_8145_MO_KANSASCITY.CAPL,2026,5,2026-05-22,34.56274506168051,22.992980363338475,240,189.2898638249188,52
2656,8145,XD_8145_MO_KANSASCITY.CAPL,2026,5,2026-05-26,32.170533404376485,21.401553653359827,238,187.71899358570786,52
2657,8145,XD_8145_MO_KANSASCITY.CAPL,2026,5,2026-05-27,36.056449272388065,23.986672025390877,237,186.1481233464969,52
2658,8145,XD_8145_MO_KANSASCITY.CAPL,2026,5,2026-05-28,35.90293753422224,23.884547834303344,241,189.2898638249188,52
2659,8145,XD_8145_MO_KANSASCITY.CAPL,2026,5,2026-05-29,35.906038494904834,23.88661075864443,238,186.93355846610237,52
2660,8145,XD_8145_MO_KANSASCITY.CAPL,2026,6,2026-06-01,36.26554718527404,24.313876728786564,234,179.55907826592423,53
2661,8145,XD_8145_MO_KANSASCITY.CAPL,2026,6,2026-06-02,35.87793747553459,24.054007639997174,244,187.23254314908337,52
2662,8145,XD_8145_MO_KANSASCITY.CAPL,2026,6,2026-06-03,35.4093135010774,23.739823340256827,238,182.6284642191879,52
2663,8145,XD_8145_MO_KANSASCITY.CAPL,2026,6,2026-06-04,35.40800168799539,23.738943848175698,243,186.46519666076745,52
2664,8145,XD_8145_MO_KANSASCITY.CAPL,2026,6,2026-06-05,35.76613686739524,23.97905203018337,242,185.69785017245155,53
2665,8145,XD_8145_MO_KANSASCITY.CAPL,2026,6,2026-06-08,32.02045865891472,21.467799193946615,240,184.93050368413563,53
2666,8145,XD_8145_MO_KANSASCITY.CAPL,2026,6,2026-06-09,35.764420784872854,23.977901499662146,244,187.23254314908337,53
2667,8145,XD_8145_MO_KANSASCITY.CAPL,2026,6,2026-06-10,34.92093820266235,23.412396961099095,240,184.1631571958197,52
2668,8145,XD_8145_MO_KANSASCITY.CAPL,2026,6,2026-06-11,35.07405626305148,23.5150534473292,242,185.69785017245155,52
2669,8145,XD_8145_MO_KANSASCITY.CAPL,2026,6,2026-06-12,35.302821445165186,23.668426796677416,239,183.39581070750378,53
2670,8145,XD_8145_MO_KANSASCITY.CAPL,2026,6,2026-06-15,38.9484019252989,26.112570102884966,238,183.39581070750378,52
2671,8145,XD_8145_MO_KANSASCITY.CAPL,2026,6,2026-06-16,38.799499060853115,26.01273965300365,242,186.46519666076745,51
2672,8145,XD_8145_MO_KANSASCITY.CAPL,2026,6,2026-06-17,35.13369111594914,23.555035043489475,238,182.6284642191879,53
2673,8145,XD_8145_MO_KANSASCITY.CAPL,2026,6,2026-06-18,35.130743002741596,23.553058510204465,243,186.46519666076745,53
2674,8145,XD_8145_MO_KANSASCITY.CAPL,2026,6,2026-06-19,33.52914402175462,22.479282344806364,229,175.72234582434464,51
2675,8145,XD_8145_MO_KANSASCITY.CAPL,2026,6,2026-06-22,30.37575427181924,20.365123436185765,237,184.93050368413563,52
2676,8145,XD_8145_MO_KANSASCITY.CAPL,2026,6,2026-06-23,33.76203124640055,22.635419276721997,246,191.06927559066295,52
2677,8145,XD_8145_MO_KANSASCITY.CAPL,2026,6,2026-06-24,34.87129186825611,23.37911206817793,241,184.93050368413563,53
2678,8145,XD_8145_MO_KANSASCITY.CAPL,2026,6,2026-06-25,34.113054218693634,22.87075914995496,245,190.30192910234703,53
2679,8145,XD_8145_MO_KANSASCITY.CAPL,2026,6,2026-06-26,33.75462887988489,22.63045643344699,242,187.9998896373993,52
2680,8145,XD_8145_MO_KANSASCITY.CAPL,2026,6,2026-06-29,30.08763832414781,20.171958954219114,244,188.76723612571521,52
2681,8145,XD_8145_MO_KANSASCITY.CAPL,2026,6,2026-06-30,34.00199600692708,22.796301272432352,245,188.76723612571521,53
2682,8145,XD_8145_ND_BISMARCK.CAPL,2026,5,2026-05-01,47.816250801086426,54.69930659424069,32,48.73604449286811,8
2683,8145,XD_8145_ND_BISMARCK.CAPL,2026,5,2026-05-04,47.03250074386597,53.80273724898827,33,50.21289432598533,8
2684,8145,XD_8145_ND_BISMARCK.CAPL,2026,5,2026-05-05,47.29375076293945,54.10159369740575,32,48.73604449286811,8
2685,8145,XD_8145_ND_BISMARCK.CAPL,2026,5,2026-05-06,49.555834452311196,56.68929991012213,33,50.21289432598533,8
2686,8145,XD_8145_ND_BISMARCK.CAPL,2026,5,2026-05-07,48.7436470190684,55.76019968418121,32,48.73604449286811,8
2687,8145,XD_8145_ND_BISMARCK.CAPL,2026,5,2026-05-08,49.014376163482666,56.06989975949485,30,45.78234482663368,8
2688,8145,XD_8145_ND_BISMARCK.CAPL,2026,5,2026-05-11,49.014376163482666,56.06989975949485,33,50.21289432598533,8
2689,8145,XD_8145_ND_BISMARCK.CAPL,2026,5,2026-05-12,49.014376163482666,56.06989975949485,32,48.73604449286811,8
2690,8145,XD_8145_ND_BISMARCK.CAPL,2026,5,2026-05-13,49.826563596725464,56.99899998543577,34,51.689744159102545,8
2691,8145,XD_8145_ND_BISMARCK.CAPL,2026,5,2026-05-14,49.014376163482666,56.06989975949485,31,47.2591946597509,8
2692,8145,XD_8145_ND_BISMARCK.CAPL,2026,5,2026-05-15,49.014376163482666,56.06989975949485,32,48.73604449286811,8
2693,8145,XD_8145_ND_BISMARCK.CAPL,2026,5,2026-05-18,49.826563596725464,56.99899998543577,33,50.21289432598533,8
2694,8145,XD_8145_ND_BISMARCK.CAPL,2026,5,2026-05-19,49.555834452311196,56.68929991012213,34,51.689744159102545,8
2695,8145,XD_8145_ND_BISMARCK.CAPL,2026,5,2026-05-20,49.826563596725464,56.99899998543577,34,51.689744159102545,8
2696,8145,XD_8145_ND_BISMARCK.CAPL,2026,5,2026-05-21,49.014376163482666,56.06989975949485,33,50.21289432598533,8
2697,8145,XD_8145_ND_BISMARCK.CAPL,2026,5,2026-05-22,49.826563596725464,56.99899998543577,31,47.2591946597509,8
2698,8145,XD_8145_ND_BISMARCK.CAPL,2026,5,2026-05-26,49.555834452311196,56.68929991012213,34,51.689744159102545,8
2699,8145,XD_8145_ND_BISMARCK.CAPL,2026,5,2026-05-27,49.014376163482666,56.06989975949485,33,50.21289432598533,8
2700,8145,XD_8145_ND_BISMARCK.CAPL,2026,5,2026-05-28,49.8758331934611,57.05536184426967,32,48.73604449286811,8
2701,8145,XD_8145_ND_BISMARCK.CAPL,2026,5,2026-05-29,49.60624980926514,56.7469724591171,33,50.21289432598533,8
2702,8145,XD_8145_ND_BISMARCK.CAPL,2026,6,2026-06-01,49.336666425069176,56.390971003626944,33,48.19035728884609,8
2703,8145,XD_8145_ND_BISMARCK.CAPL,2026,6,2026-06-02,49.60624980926514,56.69910022886235,34,49.607720738518026,8
2704,8145,XD_8145_ND_BISMARCK.CAPL,2026,6,2026-06-03,48.95156383514404,55.950805290062334,33,48.19035728884609,8
2705,8145,XD_8145_ND_BISMARCK.CAPL,2026,6,2026-06-04,48.153751373291016,55.03891920892601,29,42.52090349015831,8
2706,8145,XD_8145_ND_BISMARCK.CAPL,2026,6,2026-06-05,48.6856263478597,55.64684326301689,36,52.44244763786192,8
2707,8145,XD_8145_ND_BISMARCK.CAPL,2026,6,2026-06-08,48.95156383514404,55.950805290062334,32,46.77299383917414,8
2708,8145,XD_8145_ND_BISMARCK.CAPL,2026,6,2026-06-09,48.153751373291016,55.03891920892601,32,46.772993839174134,8
2709,8145,XD_8145_ND_BISMARCK.CAPL,2026,6,2026-06-10,48.552501360575356,55.49468366566731,34,49.607720738518026,8
2710,8145,XD_8145_ND_BISMARCK.CAPL,2026,6,2026-06-11,47.502501487731934,54.29455166093909,31,45.355630389502195,8
2711,8145,XD_8145_ND_BISMARCK.CAPL,2026,6,2026-06-12,48.552501360575356,55.49468366566731,33,48.19035728884608,8
2712,8145,XD_8145_ND_BISMARCK.CAPL,2026,6,2026-06-15,57.992501735687256,66.28444361500738,34,49.607720738518026,8
2713,8145,XD_8145_ND_BISMARCK.CAPL,2026,6,2026-06-16,44.496179310480755,50.85837651962898,32,48.19035728884609,8
2714,8145,XD_8145_ND_BISMARCK.CAPL,2026,6,2026-06-17,48.07750082015991,54.951766122951774,32,46.77299383917414,8
2715,8145,XD_8145_ND_BISMARCK.CAPL,2026,6,2026-06-18,48.07750082015991,54.951766122951774,33,48.19035728884608,8
2716,8145,XD_8145_ND_BISMARCK.CAPL,2026,6,2026-06-19,47.816250801086426,54.65316179238467,30,43.93826693983026,8
2717,8145,XD_8145_ND_BISMARCK.CAPL,2026,6,2026-06-22,48.07750082015991,54.951766122951774,33,48.19035728884609,8
2718,8145,XD_8145_ND_BISMARCK.CAPL,2026,6,2026-06-23,46.85875058174133,53.55875531911676,32,46.772993839174134,8
2719,8145,XD_8145_ND_BISMARCK.CAPL,2026,6,2026-06-24,47.89416734377543,54.74221907610188,32,46.77299383917414,8
2720,8145,XD_8145_ND_BISMARCK.CAPL,2026,6,2026-06-25,47.63531315326691,54.446353136855606,32,46.772993839174134,8
2721,8145,XD_8145_ND_BISMARCK.CAPL,2026,6,2026-06-26,46.59989639123281,53.26288937987048,34,49.607720738518026,8
2722,8145,XD_8145_ND_BISMARCK.CAPL,2026,6,2026-06-29,46.59989639123281,53.26288937987048,34,49.607720738518026,8
2723,8145,XD_8145_ND_BISMARCK.CAPL,2026,6,2026-06-30,46.64187574386597,53.31087106628382,31,45.355630389502195,8
2724,8145,XD_8145_ND_FARGO.CAPL,2026,5,2026-05-01,36.852882260780824,22.067918619207465,92,133.71449351353715,14
2725,8145,XD_8145_ND_FARGO.CAPL,2026,5,2026-05-04,37.044404835928056,22.182604482098245,82,119.18030943597876,14
2726,8145,XD_8145_ND_FARGO.CAPL,2026,5,2026-05-05,37.32384931473505,22.349938965552266,91,132.26107510578132,14
2727,8145,XD_8145_ND_FARGO.CAPL,2026,5,2026-05-06,38.3585633564133,22.96953732164087,88,127.90081988251379,14
2728,8145,XD_8145_ND_FARGO.CAPL,2026,5,2026-05-07,38.063336442008854,22.79275213900102,85,123.54056465924627,15
2729,8145,XD_8145_ND_FARGO.CAPL,2026,5,2026-05-08,38.87145464328411,23.27666236817247,88,127.90081988251379,14
2730,8145,XD_8145_ND_FARGO.CAPL,2026,5,2026-05-11,38.30318281407259,22.93637483267151,88,127.90081988251379,14
2731,8145,XD_8145_ND_FARGO.CAPL,2026,5,2026-05-12,38.791783436626,23.22895435737472,92,133.71449351353715,14
2732,8145,XD_8145_ND_FARGO.CAPL,2026,5,2026-05-13,38.81748638931585,23.24434557329698,90,130.80765669802545,14
2733,8145,XD_8145_ND_FARGO.CAPL,2026,5,2026-05-14,38.21467506973831,22.883375404151455,87,126.44740147475795,15
2734,8145,XD_8145_ND_FARGO.CAPL,2026,5,2026-05-15,38.84286535375513,23.259542781426386,90,130.80765669802548,14
2735,8145,XD_8145_ND_FARGO.CAPL,2026,5,2026-05-18,38.512304978576104,23.061599526769516,91,132.26107510578132,14
2736,8145,XD_8145_ND_FARGO.CAPL,2026,5,2026-05-19,38.92407511691658,23.308172097088875,89,129.35423829026962,14
2737,8145,XD_8145_ND_FARGO.CAPL,2026,5,2026-05-20,38.53256986932985,23.073734370302677,88,127.90081988251379,14
2738,8145,XD_8145_ND_FARGO.CAPL,2026,5,2026-05-21,38.41714980642402,23.004619544026525,94,136.62133032904882,15
2739,8145,XD_8145_ND_FARGO.CAPL,2026,5,2026-05-22,38.5096234434832,23.059993793524935,90,130.80765669802548,14
2740,8145,XD_8145_ND_FARGO.CAPL,2026,5,2026-05-26,38.89472334422762,23.290595926887427,89,129.35423829026962,14
2741,8145,XD_8145_ND_FARGO.CAPL,2026,5,2026-05-27,38.58573043481563,23.105567512269428,90,130.80765669802548,14
2742,8145,XD_8145_ND_FARGO.CAPL,2026,5,2026-05-28,37.89553189484531,22.69226889688894,90,130.80765669802545,15
2743,8145,XD_8145_ND_FARGO.CAPL,2026,5,2026-05-29,38.12684981606223,22.830784658680845,87,126.44740147475795,14
2744,8145,XD_8145_ND_FARGO.CAPL,2026,6,2026-06-01,38.3427299327001,23.140446626130174,90,125.73629050704731,14
2745,8145,XD_8145_ND_FARGO.CAPL,2026,6,2026-06-02,38.13619221748457,23.0157978339441,92,128.53043029609282,14
2746,8145,XD_8145_ND_FARGO.CAPL,2026,6,2026-06-03,38.20532777163447,23.057522239159418,90,125.73629050704731,14
2747,8145,XD_8145_ND_FARGO.CAPL,2026,6,2026-06-04,37.52860977172851,22.649112175889243,90,125.73629050704731,15
2748,8145,XD_8145_ND_FARGO.CAPL,2026,6,2026-06-05,38.27390061765571,23.09890704107993,90,125.73629050704731,14
2749,8145,XD_8145_ND_FARGO.CAPL,2026,6,2026-06-08,38.06848081861223,22.97493292906288,92,128.53043029609282,14
2750,8145,XD_8145_ND_FARGO.CAPL,2026,6,2026-06-09,37.99364664116684,22.929769314160527,90,125.73629050704733,14
2751,8145,XD_8145_ND_FARGO.CAPL,2026,6,2026-06-10,37.45796326444803,22.606475886456646,90,125.73629050704731,14
2752,8145,XD_8145_ND_FARGO.CAPL,2026,6,2026-06-11,37.387154687144765,22.563741785190658,94,131.3245700851383,15
2753,8145,XD_8145_ND_FARGO.CAPL,2026,6,2026-06-12,37.56097118654488,22.668642803823634,92,128.53043029609282,14
2754,8145,XD_8145_ND_FARGO.CAPL,2026,6,2026-06-15,37.58321608275242,22.682067952066802,95,132.72163997966106,14
2755,8145,XD_8145_ND_FARGO.CAPL,2026,6,2026-06-16,33.71638922161526,20.348376513045945,90,132.72163997966106,14
2756,8145,XD_8145_ND_FARGO.CAPL,2026,6,2026-06-17,37.0257767262102,22.345644444924485,88,122.94215071800183,14
2757,8145,XD_8145_ND_FARGO.CAPL,2026,6,2026-06-18,36.6208624903361,22.10127227111602,90,125.73629050704731,15
2758,8145,XD_8145_ND_FARGO.CAPL,2026,6,2026-06-19,37.107010313929344,22.394670205587936,84,117.35387113991084,14
2759,8145,XD_8145_ND_FARGO.CAPL,2026,6,2026-06-22,37.20985610977051,22.456739277184084,89,124.33922061252457,14
2760,8145,XD_8145_ND_FARGO.CAPL,2026,6,2026-06-23,37.05780562813861,22.364974396048694,92,128.53043029609282,14
2761,8145,XD_8145_ND_FARGO.CAPL,2026,6,2026-06-24,36.99332149358564,22.326057196452464,93,129.92750019061558,14
2762,8145,XD_8145_ND_FARGO.CAPL,2026,6,2026-06-25,36.70903328285015,22.15448474507748,93,129.92750019061558,15
2763,8145,XD_8145_ND_FARGO.CAPL,2026,6,2026-06-26,36.550458045773496,22.058782070379063,88,122.94215071800183,14
2764,8145,XD_8145_ND_FARGO.CAPL,2026,6,2026-06-29,36.96390763918559,22.308305468054208,89,124.33922061252457,14
2765,8145,XD_8145_ND_FARGO.CAPL,2026,6,2026-06-30,36.8251041771333,22.224535373676968,89,124.33922061252457,14
2766,8145,XD_8145_ND_GRANDFORKS.CAPL,2026,5,2026-05-01,33.5,34.29067841160955,23,34.54917444237704,5
2767,8145,XD_8145_ND_GRANDFORKS.CAPL,2026,5,2026-05-04,35.14000015258789,35.96938640645677,25,37.5534504808446,5
2768,8145,XD_8145_ND_GRANDFORKS.CAPL,2026,5,2026-05-05,35.14000015258789,35.96938640645677,26,39.05558850007839,5
2769,8145,XD_8145_ND_GRANDFORKS.CAPL,2026,5,2026-05-06,36.40999908447266,37.26936028575075,25,37.55345048084461,5
2770,8145,XD_8145_ND_GRANDFORKS.CAPL,2026,5,2026-05-07,34.709999084472656,35.52923630665414,24,36.05131246161082,5
2771,8145,XD_8145_ND_GRANDFORKS.CAPL,2026,5,2026-05-08,36.40999908447266,37.26936028575075,23,34.54917444237704,5
2772,8145,XD_8145_ND_GRANDFORKS.CAPL,2026,5,2026-05-11,34.709999084472656,35.52923630665414,25,37.55345048084461,5
2773,8145,XD_8145_ND_GRANDFORKS.CAPL,2026,5,2026-05-12,36.40999908447266,37.26936028575075,24,36.05131246161082,5
2774,8145,XD_8145_ND_GRANDFORKS.CAPL,2026,5,2026-05-13,36.40999908447266,37.26936028575075,25,37.55345048084461,5
2775,8145,XD_8145_ND_GRANDFORKS.CAPL,2026,5,2026-05-14,36.40999908447266,37.26936028575075,25,37.55345048084461,5
2776,8145,XD_8145_ND_GRANDFORKS.CAPL,2026,5,2026-05-15,36.40999908447266,37.26936028575075,24,36.05131246161082,5
2777,8145,XD_8145_ND_GRANDFORKS.CAPL,2026,5,2026-05-18,34.709999084472656,35.52923630665414,25,37.55345048084461,5
2778,8145,XD_8145_ND_GRANDFORKS.CAPL,2026,5,2026-05-19,36.40999908447266,37.26936028575075,25,37.5534504808446,5
2779,8145,XD_8145_ND_GRANDFORKS.CAPL,2026,5,2026-05-20,34.709999084472656,35.52923630665414,22,33.047036423143254,5
2780,8145,XD_8145_ND_GRANDFORKS.CAPL,2026,5,2026-05-21,36.40999908447266,37.26936028575075,24,36.05131246161082,5
2781,8145,XD_8145_ND_GRANDFORKS.CAPL,2026,5,2026-05-22,34.709999084472656,35.52923630665414,22,33.047036423143254,5
2782,8145,XD_8145_ND_GRANDFORKS.CAPL,2026,5,2026-05-26,36.40999908447266,37.26936028575075,26,39.05558850007839,5
2783,8145,XD_8145_ND_GRANDFORKS.CAPL,2026,5,2026-05-27,36.40999908447266,37.26936028575075,25,37.55345048084461,5
2784,8145,XD_8145_ND_GRANDFORKS.CAPL,2026,5,2026-05-28,36.252501487731934,37.108145377080966,24,36.05131246161082,5
2785,8145,XD_8145_ND_GRANDFORKS.CAPL,2026,5,2026-05-29,36.252501487731934,37.108145377080966,24,36.05131246161082,5
2786,8145,XD_8145_ND_GRANDFORKS.CAPL,2026,6,2026-06-01,34.560001373291016,34.78501734123772,25,36.49109202675703,5
2787,8145,XD_8145_ND_GRANDFORKS.CAPL,2026,6,2026-06-02,36.16050090789795,36.39593753376327,24,35.031448345686755,5
2788,8145,XD_8145_ND_GRANDFORKS.CAPL,2026,6,2026-06-03,35.76999855041504,36.0028926628989,24,35.031448345686755,5
2789,8145,XD_8145_ND_GRANDFORKS.CAPL,2026,6,2026-06-04,35.76999855041504,36.0028926628989,23,33.571804664616465,5
2790,8145,XD_8145_ND_GRANDFORKS.CAPL,2026,6,2026-06-05,34.099998474121094,34.32201941910767,24,35.031448345686755,5
2791,8145,XD_8145_ND_GRANDFORKS.CAPL,2026,6,2026-06-08,35.76999855041504,36.0028926628989,25,36.49109202675703,5
2792,8145,XD_8145_ND_GRANDFORKS.CAPL,2026,6,2026-06-09,35.76999855041504,36.0028926628989,25,36.49109202675703,5
2793,8145,XD_8145_ND_GRANDFORKS.CAPL,2026,6,2026-06-10,35.29750137329101,35.527319114089764,24,35.031448345686755,5
2794,8145,XD_8145_ND_GRANDFORKS.CAPL,2026,6,2026-06-11,35.29750137329101,35.527319114089764,24,35.031448345686755,5
2795,8145,XD_8145_ND_GRANDFORKS.CAPL,2026,6,2026-06-12,33.650001525878906,33.86909259543556,23,33.571804664616465,5
2796,8145,XD_8145_ND_GRANDFORKS.CAPL,2026,6,2026-06-15,35.29750137329101,35.527319114089764,25,36.49109202675703,5
2797,8145,XD_8145_ND_GRANDFORKS.CAPL,2026,6,2026-06-16,32.72358379364014,32.936643069954336,24,36.49109202675703,5
2798,8145,XD_8145_ND_GRANDFORKS.CAPL,2026,6,2026-06-17,35.14000015258789,35.36879242208394,25,36.49109202675703,5
2799,8145,XD_8145_ND_GRANDFORKS.CAPL,2026,6,2026-06-18,35.14000015258789,35.36879242208394,24,35.031448345686755,5
2800,8145,XD_8145_ND_GRANDFORKS.CAPL,2026,6,2026-06-19,35.14000015258789,35.36879242208394,25,36.49109202675703,5
2801,8145,XD_8145_ND_GRANDFORKS.CAPL,2026,6,2026-06-22,33.5,33.718114427855326,25,36.49109202675703,5
2802,8145,XD_8145_ND_GRANDFORKS.CAPL,2026,6,2026-06-23,34.81499881744385,35.04167504275282,25,36.49109202675703,5
2803,8145,XD_8145_ND_GRANDFORKS.CAPL,2026,6,2026-06-24,34.81499881744385,35.04167504275282,25,36.49109202675703,5
2804,8145,XD_8145_ND_GRANDFORKS.CAPL,2026,6,2026-06-25,34.81499881744385,35.04167504275282,25,36.49109202675703,5
2805,8145,XD_8145_ND_GRANDFORKS.CAPL,2026,6,2026-06-26,33.189998626708984,33.40609467330551,24,35.031448345686755,5
2806,8145,XD_8145_ND_GRANDFORKS.CAPL,2026,6,2026-06-29,34.81499881744385,35.04167504275282,27,39.410379388897596,5
2807,8145,XD_8145_ND_GRANDFORKS.CAPL,2026,6,2026-06-30,34.6575008392334,34.88315161435115,24,35.031448345686755,5
2808,8145,XD_8145_ND_MINOT.CAPL,2026,5,2026-05-01,47.24566802978516,54.64274976954598,25,49.54760262616255,6
2809,8145,XD_8145_ND_MINOT.CAPL,2026,5,2026-05-04,47.70708465576172,55.17640871192458,23,45.58379441606955,6
2810,8145,XD_8145_ND_MINOT.CAPL,2026,5,2026-05-05,47.70708465576172,55.17640871192458,25,49.54760262616255,6
2811,8145,XD_8145_ND_MINOT.CAPL,2026,5,2026-05-06,47.27666759490967,54.67860282339624,24,47.56569852111605,6
2812,8145,XD_8145_ND_MINOT.CAPL,2026,5,2026-05-07,46.47972318861219,53.7568837412129,26,51.529506731209054,6
2813,8145,XD_8145_ND_MINOT.CAPL,2026,5,2026-05-08,50.886389520433205,58.853485730960955,25,49.54760262616255,6
2814,8145,XD_8145_ND_MINOT.CAPL,2026,5,2026-05-11,47.27666759490967,54.67860282339624,23,45.58379441606955,6
2815,8145,XD_8145_ND_MINOT.CAPL,2026,5,2026-05-12,50.23944515652127,58.10525165011841,25,49.54760262616255,6
2816,8145,XD_8145_ND_MINOT.CAPL,2026,5,2026-05-13,51.608333905537926,59.688462312473895,22,43.60189031102304,6
2817,8145,XD_8145_ND_MINOT.CAPL,2026,5,2026-05-14,48.964334106445314,56.63050111862507,26,51.529506731209054,6
2818,8145,XD_8145_ND_MINOT.CAPL,2026,5,2026-05-15,50.408222876654726,58.30045428165096,22,43.60189031102304,6
2819,8145,XD_8145_ND_MINOT.CAPL,2026,5,2026-05-18,51.130167261759446,59.1354308631639,21,41.619986205976545,6
2820,8145,XD_8145_ND_MINOT.CAPL,2026,5,2026-05-19,47.998611980014374,55.51357940490917,24,47.56569852111605,6
2821,8145,XD_8145_ND_MINOT.CAPL,2026,5,2026-05-20,47.27666759490967,54.67860282339624,21,41.619986205976545,6
2822,8145,XD_8145_ND_MINOT.CAPL,2026,5,2026-05-21,47.27666759490967,54.67860282339624,21,41.619986205976545,6
2823,8145,XD_8145_ND_MINOT.CAPL,2026,5,2026-05-22,50.408222876654726,58.30045428165096,24,47.56569852111605,6
2824,8145,XD_8145_ND_MINOT.CAPL,2026,5,2026-05-26,48.964334106445314,56.63050111862507,22,43.60189031102305,6
2825,8145,XD_8145_ND_MINOT.CAPL,2026,5,2026-05-27,51.608333905537926,59.688462312473895,22,43.60189031102304,6
2826,8145,XD_8145_ND_MINOT.CAPL,2026,5,2026-05-28,48.74766642252604,56.379910566532885,24,47.56569852111605,6
2827,8145,XD_8145_ND_MINOT.CAPL,2026,5,2026-05-29,48.50486077202691,56.09908972186853,24,47.56569852111605,6
2828,8145,XD_8145_ND_MINOT.CAPL,2026,6,2026-06-01,50.90433349609375,59.990846131653825,20,38.606770677296204,6
2829,8145,XD_8145_ND_MINOT.CAPL,2026,6,2026-06-02,48.50486077202691,57.1630633261361,23,44.397786278890635,6
2830,8145,XD_8145_ND_MINOT.CAPL,2026,6,2026-06-03,48.574167569478355,57.24474150825208,23,44.397786278890635,6
2831,8145,XD_8145_ND_MINOT.CAPL,2026,6,2026-06-04,46.44666767120361,54.73747915401062,19,36.6764321434314,6
2832,8145,XD_8145_ND_MINOT.CAPL,2026,6,2026-06-05,47.8650009367201,56.4089873901716,23,44.397786278890635,6
2833,8145,XD_8145_ND_MINOT.CAPL,2026,6,2026-06-08,45.97683436075846,54.1837797752219,23,44.397786278890635,6
2834,8145,XD_8145_ND_MINOT.CAPL,2026,6,2026-06-09,48.574167569478355,57.24474150825208,22,42.46744774502582,6
2835,8145,XD_8145_ND_MINOT.CAPL,2026,6,2026-06-10,45.817917823791504,53.996496358227716,23,44.397786278890635,6
2836,8145,XD_8145_ND_MINOT.CAPL,2026,6,2026-06-11,46.14520111083984,54.38220028491376,20,38.606770677296204,5
2837,8145,XD_8145_ND_MINOT.CAPL,2026,6,2026-06-12,47.917917569478355,56.47134973450617,25,48.25846334662026,6
2838,8145,XD_8145_ND_MINOT.CAPL,2026,6,2026-06-15,49.554334004720054,58.39986936793634,22,42.46744774502582,6
2839,8145,XD_8145_ND_MINOT.CAPL,2026,6,2026-06-16,50.52555709415012,59.54445747892654,24,50.188801880485066,6
2840,8145,XD_8145_ND_MINOT.CAPL,2026,6,2026-06-17,48.476112365722656,57.129183278983305,23,44.397786278890635,6
2841,8145,XD_8145_ND_MINOT.CAPL,2026,6,2026-06-18,45.15566787719727,53.21603363691776,22,42.46744774502582,6
2842,8145,XD_8145_ND_MINOT.CAPL,2026,6,2026-06-19,46.7933349609375,55.14602716179269,16,30.885416541836964,6
2843,8145,XD_8145_ND_MINOT.CAPL,2026,6,2026-06-22,49.17277908325195,57.95020622508576,21,40.53710921116102,6
2844,8145,XD_8145_ND_MINOT.CAPL,2026,6,2026-06-23,46.57763931486341,54.89182946532563,22,42.46744774502582,6
2845,8145,XD_8145_ND_MINOT.CAPL,2026,6,2026-06-24,45.19708363215128,53.264842176628115,20,38.606770677296204,6
2846,8145,XD_8145_ND_MINOT.CAPL,2026,6,2026-06-25,45.51980033874512,53.64516438025485,20,38.606770677296204,5
2847,8145,XD_8145_ND_MINOT.CAPL,2026,6,2026-06-26,46.57763931486341,54.89182946532563,22,42.46744774502582,6
2848,8145,XD_8145_ND_MINOT.CAPL,2026,6,2026-06-29,47.26791715621948,55.70532310967439,22,42.46744774502582,6
2849,8145,XD_8145_ND_MINOT.CAPL,2026,6,2026-06-30,45.674723307291664,53.82774136987496,26,50.188801880485066,6
2850,8145,XD_8145_NE_GRANDISLAND.CAPL,2026,5,2026-05-01,43.47460161777611,33.7799744445934,42,69.62507947849936,9
2851,8145,XD_8145_NE_GRANDISLAND.CAPL,2026,5,2026-05-04,43.586823841882136,33.86717165218936,41,67.96733949091605,9
2852,8145,XD_8145_NE_GRANDISLAND.CAPL,2026,5,2026-05-05,43.673649614660405,33.9346356950199,42,69.62507947849936,9
2853,8145,XD_8145_NE_GRANDISLAND.CAPL,2026,5,2026-05-06,45.04747949159545,35.002108113562066,42,69.62507947849936,9
2854,8145,XD_8145_NE_GRANDISLAND.CAPL,2026,5,2026-05-07,45.04747949159545,35.002108113562066,42,69.62507947849936,9
2855,8145,XD_8145_NE_GRANDISLAND.CAPL,2026,5,2026-05-08,45.04747949159545,35.002108113562066,42,69.62507947849936,9
2856,8145,XD_8145_NE_GRANDISLAND.CAPL,2026,5,2026-05-11,45.04747949159545,35.002108113562066,41,67.96733949091605,9
2857,8145,XD_8145_NE_GRANDISLAND.CAPL,2026,5,2026-05-12,45.04747949159545,35.002108113562066,42,69.62507947849936,9
2858,8145,XD_8145_NE_GRANDISLAND.CAPL,2026,5,2026-05-13,45.04747949159545,35.002108113562066,40,66.30959950333272,9
2859,8145,XD_8145_NE_GRANDISLAND.CAPL,2026,5,2026-05-14,45.04747949159545,35.002108113562066,42,69.62507947849936,9
2860,8145,XD_8145_NE_GRANDISLAND.CAPL,2026,5,2026-05-15,45.04747949159545,35.002108113562066,40,66.30959950333272,9
2861,8145,XD_8145_NE_GRANDISLAND.CAPL,2026,5,2026-05-18,45.04747949159545,35.002108113562066,42,69.62507947849936,9
2862,8145,XD_8145_NE_GRANDISLAND.CAPL,2026,5,2026-05-19,45.04747949159545,35.002108113562066,41,67.96733949091605,9
2863,8145,XD_8145_NE_GRANDISLAND.CAPL,2026,5,2026-05-20,45.04747949159545,35.002108113562066,42,69.62507947849936,9
2864,8145,XD_8145_NE_GRANDISLAND.CAPL,2026,5,2026-05-21,45.04747949159545,35.002108113562066,41,67.96733949091605,9
2865,8145,XD_8145_NE_GRANDISLAND.CAPL,2026,5,2026-05-22,45.04747949159545,35.002108113562066,41,67.96733949091605,9
2866,8145,XD_8145_NE_GRANDISLAND.CAPL,2026,5,2026-05-26,45.04747949159545,35.002108113562066,41,67.96733949091605,9
2867,8145,XD_8145_NE_GRANDISLAND.CAPL,2026,5,2026-05-27,45.04747949159545,35.002108113562066,42,69.62507947849936,9
2868,8145,XD_8145_NE_GRANDISLAND.CAPL,2026,5,2026-05-28,44.854514133783034,34.852173102934394,42,69.62507947849936,9
2869,8145,XD_8145_NE_GRANDISLAND.CAPL,2026,5,2026-05-29,44.854514133783034,34.852173102934394,39,64.65185951574941,9
2870,8145,XD_8145_NE_GRANDISLAND.CAPL,2026,6,2026-06-01,44.970316569010414,35.126219284745574,35,57.601360534538045,9
2871,8145,XD_8145_NE_GRANDISLAND.CAPL,2026,6,2026-06-02,44.854514133783034,35.03576624718996,41,67.47587948331599,9
2872,8145,XD_8145_NE_GRANDISLAND.CAPL,2026,6,2026-06-03,44.25611886860412,34.56836096950257,40,65.83012632518634,9
2873,8145,XD_8145_NE_GRANDISLAND.CAPL,2026,6,2026-06-04,44.25611886860412,34.56836096950257,41,67.47587948331599,9
2874,8145,XD_8145_NE_GRANDISLAND.CAPL,2026,6,2026-06-05,44.25611886860412,34.56836096950257,39,64.18437316705668,9
2875,8145,XD_8145_NE_GRANDISLAND.CAPL,2026,6,2026-06-08,44.25611886860412,34.56836096950257,40,65.83012632518634,9
2876,8145,XD_8145_NE_GRANDISLAND.CAPL,2026,6,2026-06-09,44.25611886860412,34.56836096950257,41,67.47587948331599,9
2877,8145,XD_8145_NE_GRANDISLAND.CAPL,2026,6,2026-06-10,43.667443539520214,34.10854791336832,39,64.18437316705668,9
2878,8145,XD_8145_NE_GRANDISLAND.CAPL,2026,6,2026-06-11,43.667443539520214,34.10854791336832,40,65.83012632518634,9
2879,8145,XD_8145_NE_GRANDISLAND.CAPL,2026,6,2026-06-12,43.667443539520214,34.10854791336832,40,65.83012632518634,9
2880,8145,XD_8145_NE_GRANDISLAND.CAPL,2026,6,2026-06-15,43.667443539520214,34.10854791336832,40,65.83012632518634,9
2881,8145,XD_8145_NE_GRANDISLAND.CAPL,2026,6,2026-06-16,43.85870294385907,34.25794023011502,39,65.83012632518634,9
2882,8145,XD_8145_NE_GRANDISLAND.CAPL,2026,6,2026-06-17,43.47460161777611,33.95791949561903,40,65.83012632518634,9
2883,8145,XD_8145_NE_GRANDISLAND.CAPL,2026,6,2026-06-18,43.47460161777611,33.957919495619024,40,65.83012632518634,9
2884,8145,XD_8145_NE_GRANDISLAND.CAPL,2026,6,2026-06-19,43.46057383976286,33.946962427842664,38,62.53862000892702,9
2885,8145,XD_8145_NE_GRANDISLAND.CAPL,2026,6,2026-06-22,43.47460161777611,33.95791949561903,41,67.47587948331599,9
2886,8145,XD_8145_NE_GRANDISLAND.CAPL,2026,6,2026-06-23,43.07876450338481,33.64873196166399,40,65.83012632518634,9
2887,8145,XD_8145_NE_GRANDISLAND.CAPL,2026,6,2026-06-24,43.20043116440008,33.74376553359597,39,64.18437316705668,9
2888,8145,XD_8145_NE_GRANDISLAND.CAPL,2026,6,2026-06-25,43.07876450338481,33.64873196166399,39,64.18437316705668,9
2889,8145,XD_8145_NE_GRANDISLAND.CAPL,2026,6,2026-06-26,43.07876450338481,33.64873196166399,40,65.83012632518634,9
2890,8145,XD_8145_NE_GRANDISLAND.CAPL,2026,6,2026-06-29,43.08988795810276,33.657420468648965,41,67.47587948331599,9
2891,8145,XD_8145_NE_GRANDISLAND.CAPL,2026,6,2026-06-30,42.887268248058504,33.49915464111129,41,67.47587948331599,9
2892,8145,XD_8145_NE_LINCOLN.CAPL,2026,5,2026-05-01,31.74542952411431,25.48042260992113,62,79.13730443391755,11
2893,8145,XD_8145_NE_LINCOLN.CAPL,2026,5,2026-05-04,31.81397440030977,25.535440054617492,60,76.5844881618557,11
2894,8145,XD_8145_NE_LINCOLN.CAPL,2026,5,2026-05-05,31.74542952411431,25.48042260992113,61,77.86089629788663,11
2895,8145,XD_8145_NE_LINCOLN.CAPL,2026,5,2026-05-06,32.880353657611,26.391367806921142,62,79.13730443391755,11
2896,8145,XD_8145_NE_LINCOLN.CAPL,2026,5,2026-05-07,32.89773462179935,26.40531861242373,64,81.69012070597941,11
2897,8145,XD_8145_NE_LINCOLN.CAPL,2026,5,2026-05-08,32.926291115027816,26.428239439976746,63,80.41371256994849,11
2898,8145,XD_8145_NE_LINCOLN.CAPL,2026,5,2026-05-11,32.99966447237954,26.487132458016102,62,79.13730443391755,11
2899,8145,XD_8145_NE_LINCOLN.CAPL,2026,5,2026-05-12,32.8570036036784,26.372625920259466,62,79.13730443391755,11
2900,8145,XD_8145_NE_LINCOLN.CAPL,2026,5,2026-05-13,32.99966447237954,26.487132458016102,61,77.86089629788663,11
2901,8145,XD_8145_NE_LINCOLN.CAPL,2026,5,2026-05-14,32.83045813109983,26.351319235491882,63,80.41371256994849,11
2902,8145,XD_8145_NE_LINCOLN.CAPL,2026,5,2026-05-15,32.90247488475981,26.4091233775608,64,81.69012070597941,11
2903,8145,XD_8145_NE_LINCOLN.CAPL,2026,5,2026-05-18,33.028623169737976,26.510376114126192,60,76.5844881618557,11
2904,8145,XD_8145_NE_LINCOLN.CAPL,2026,5,2026-05-19,32.83045813109983,26.351319235491882,62,79.13730443391755,11
2905,8145,XD_8145_NE_LINCOLN.CAPL,2026,5,2026-05-20,32.9044859054097,26.410737520346228,62,79.13730443391755,11
2906,8145,XD_8145_NE_LINCOLN.CAPL,2026,5,2026-05-21,32.83045813109983,26.351319235491882,64,81.69012070597941,11
2907,8145,XD_8145_NE_LINCOLN.CAPL,2026,5,2026-05-22,32.89974564244925,26.406932755209155,63,80.41371256994849,11
2908,8145,XD_8145_NE_LINCOLN.CAPL,2026,5,2026-05-26,32.90704532103105,26.412791831553978,63,80.41371256994849,11
2909,8145,XD_8145_NE_LINCOLN.CAPL,2026,5,2026-05-27,32.83338751034147,26.353670497458737,63,80.41371256994849,11
2910,8145,XD_8145_NE_LINCOLN.CAPL,2026,5,2026-05-28,32.70025521463162,26.24681205488705,64,81.69012070597941,11
2911,8145,XD_8145_NE_LINCOLN.CAPL,2026,5,2026-05-29,32.873934869192006,26.38621577577803,62,79.13730443391755,11
2912,8145,XD_8145_NE_LINCOLN.CAPL,2026,6,2026-06-01,32.82580123505035,26.4646459687655,56,69.10972147428764,11
2913,8145,XD_8145_NE_LINCOLN.CAPL,2026,6,2026-06-02,32.65399256987349,26.326131284364838,65,80.21664099694101,11
2914,8145,XD_8145_NE_LINCOLN.CAPL,2026,6,2026-06-03,32.349552092670415,26.080686873425716,63,77.74843665857358,11
2915,8145,XD_8145_NE_LINCOLN.CAPL,2026,6,2026-06-04,32.34490923763307,26.076943735094755,63,77.74843665857358,11
2916,8145,XD_8145_NE_LINCOLN.CAPL,2026,6,2026-06-05,32.349552092670415,26.080686873425716,62,76.51433448938988,11
2917,8145,XD_8145_NE_LINCOLN.CAPL,2026,6,2026-06-08,32.443668975458515,26.156565294940425,62,76.51433448938988,11
2918,8145,XD_8145_NE_LINCOLN.CAPL,2026,6,2026-06-09,32.26993449121796,26.01649798675594,64,78.9825388277573,11
2919,8145,XD_8145_NE_LINCOLN.CAPL,2026,6,2026-06-10,31.908846121329763,25.725383207741007,62,76.51433448938988,11
2920,8145,XD_8145_NE_LINCOLN.CAPL,2026,6,2026-06-11,31.8302746950978,25.662037762991602,64,78.9825388277573,11
2921,8145,XD_8145_NE_LINCOLN.CAPL,2026,6,2026-06-12,31.908846121329763,25.725383207741007,62,76.51433448938988,11
2922,8145,XD_8145_NE_LINCOLN.CAPL,2026,6,2026-06-15,31.93691223627561,25.74801052429734,61,75.28023232020618,11
2923,8145,XD_8145_NE_LINCOLN.CAPL,2026,6,2026-06-16,36.674354604565686,29.56740655903466,62,77.74843665857358,11
2924,8145,XD_8145_NE_LINCOLN.CAPL,2026,6,2026-06-17,31.689724755528,25.54872432503431,65,80.21664099694101,11
2925,8145,XD_8145_NE_LINCOLN.CAPL,2026,6,2026-06-18,31.786374312787018,25.626644626128645,62,76.51433448938988,11
2926,8145,XD_8145_NE_LINCOLN.CAPL,2026,6,2026-06-19,31.85776009807339,25.68419690097728,61,75.28023232020618,11
2927,8145,XD_8145_NE_LINCOLN.CAPL,2026,6,2026-06-22,31.767646464434538,25.611545958076157,62,76.51433448938988,11
2928,8145,XD_8145_NE_LINCOLN.CAPL,2026,6,2026-06-23,31.404483407541132,25.31875853574337,64,78.9825388277573,11
2929,8145,XD_8145_NE_LINCOLN.CAPL,2026,6,2026-06-24,31.59209992837737,25.4700177469434,61,75.28023232020618,11
2930,8145,XD_8145_NE_LINCOLN.CAPL,2026,6,2026-06-25,31.502814220284346,25.39803428985022,61,75.28023232020618,11
2931,8145,XD_8145_NE_LINCOLN.CAPL,2026,6,2026-06-26,31.404483407541132,25.31875853574337,63,77.74843665857358,11
2932,8145,XD_8145_NE_LINCOLN.CAPL,2026,6,2026-06-29,31.47522713921287,25.37579317748131,63,77.74843665857358,11
2933,8145,XD_8145_NE_LINCOLN.CAPL,2026,6,2026-06-30,31.261281536552175,25.203307071492716,64,78.9825388277573,11
2934,8145,XD_8145_NE_NORFOLK.CAPL,2026,5,2026-05-01,49.52944395277235,54.45948903598969,19,38.72739212512806,6
2935,8145,XD_8145_NE_NORFOLK.CAPL,2026,5,2026-05-04,49.59380903698149,54.53026087023702,22,44.84224351330617,6
2936,8145,XD_8145_NE_NORFOLK.CAPL,2026,5,2026-05-05,49.59380903698149,54.53026087023702,21,42.803959717246805,6
2937,8145,XD_8145_NE_NORFOLK.CAPL,2026,5,2026-05-06,51.39976119995117,56.515973290359284,21,42.803959717246805,6
2938,8145,XD_8145_NE_NORFOLK.CAPL,2026,5,2026-05-07,51.333054860432945,56.44262715772174,20,40.76567592118744,6
2939,8145,XD_8145_NE_NORFOLK.CAPL,2026,5,2026-05-08,51.333054860432945,56.44262715772174,19,38.72739212512806,6
2940,8145,XD_8145_NE_NORFOLK.CAPL,2026,5,2026-05-11,51.333054860432945,56.44262715772174,20,40.76567592118744,6
2941,8145,XD_8145_NE_NORFOLK.CAPL,2026,5,2026-05-12,51.333054860432945,56.44262715772174,20,40.76567592118744,6
2942,8145,XD_8145_NE_NORFOLK.CAPL,2026,5,2026-05-13,51.39976119995117,56.515973290359284,21,42.803959717246805,6
2943,8145,XD_8145_NE_NORFOLK.CAPL,2026,5,2026-05-14,51.333054860432945,56.44262715772174,20,40.76567592118744,6
2944,8145,XD_8145_NE_NORFOLK.CAPL,2026,5,2026-05-15,51.39976119995117,56.515973290359284,20,40.76567592118744,6
2945,8145,XD_8145_NE_NORFOLK.CAPL,2026,5,2026-05-18,51.39976119995117,56.515973290359284,21,42.803959717246805,6
2946,8145,XD_8145_NE_NORFOLK.CAPL,2026,5,2026-05-19,51.333054860432945,56.44262715772174,20,40.76567592118744,6
2947,8145,XD_8145_NE_NORFOLK.CAPL,2026,5,2026-05-20,51.39976119995117,56.515973290359284,20,40.76567592118744,6
2948,8145,XD_8145_NE_NORFOLK.CAPL,2026,5,2026-05-21,51.39976119995117,56.515973290359284,22,44.84224351330617,6
2949,8145,XD_8145_NE_NORFOLK.CAPL,2026,5,2026-05-22,51.333054860432945,56.44262715772174,20,40.76567592118744,6
2950,8145,XD_8145_NE_NORFOLK.CAPL,2026,5,2026-05-26,51.333054860432945,56.44262715772174,21,42.803959717246805,6
2951,8145,XD_8145_NE_NORFOLK.CAPL,2026,5,2026-05-27,51.39976119995117,56.515973290359284,21,42.803959717246805,6
2952,8145,XD_8145_NE_NORFOLK.CAPL,2026,5,2026-05-28,51.17142831711542,56.264912686060825,20,40.76567592118744,6
2953,8145,XD_8145_NE_NORFOLK.CAPL,2026,5,2026-05-29,51.10499975416395,56.19187197922023,19,38.72739212512806,6
2954,8145,XD_8145_NE_NORFOLK.CAPL,2026,6,2026-06-01,51.10499975416395,59.0772791371694,19,36.6764321434314,6
2955,8145,XD_8145_NE_NORFOLK.CAPL,2026,6,2026-06-02,51.17142831711542,59.15407042520468,21,40.53710921116102,6
2956,8145,XD_8145_NE_NORFOLK.CAPL,2026,6,2026-06-03,50.49666604541597,58.37404656710513,21,40.53710921116102,6
2957,8145,XD_8145_NE_NORFOLK.CAPL,2026,6,2026-06-04,50.49666604541597,58.37404656710513,21,40.53710921116102,6
2958,8145,XD_8145_NE_NORFOLK.CAPL,2026,6,2026-06-05,50.43111048804389,58.298264471801495,19,36.6764321434314,6
2959,8145,XD_8145_NE_NORFOLK.CAPL,2026,6,2026-06-08,50.49666604541597,58.37404656710513,21,40.53710921116102,6
2960,8145,XD_8145_NE_NORFOLK.CAPL,2026,6,2026-06-09,50.49666604541597,58.37404656710513,21,40.53710921116102,6
2961,8145,XD_8145_NE_NORFOLK.CAPL,2026,6,2026-06-10,49.82190386454264,57.59402281400042,21,40.53710921116102,6
2962,8145,XD_8145_NE_NORFOLK.CAPL,2026,6,2026-06-11,49.82190386454264,57.594022814000425,21,40.53710921116102,6
2963,8145,XD_8145_NE_NORFOLK.CAPL,2026,6,2026-06-12,49.82190386454264,57.594022814000425,19,36.67643214343139,6
2964,8145,XD_8145_NE_NORFOLK.CAPL,2026,6,2026-06-15,49.82190386454264,57.594022814000425,21,40.53710921116102,6
2965,8145,XD_8145_NE_NORFOLK.CAPL,2026,6,2026-06-16,48.02720171156383,55.51935065727139,21,40.53710921116102,6
2966,8145,XD_8145_NE_NORFOLK.CAPL,2026,6,2026-06-17,49.59380903698149,57.330345642248226,19,36.6764321434314,6
2967,8145,XD_8145_NE_NORFOLK.CAPL,2026,6,2026-06-18,49.52944395277235,57.25593973157799,19,36.6764321434314,6
2968,8145,XD_8145_NE_NORFOLK.CAPL,2026,6,2026-06-19,49.52944395277235,57.25593973157799,17,32.81575507570177,6
2969,8145,XD_8145_NE_NORFOLK.CAPL,2026,6,2026-06-22,49.59380903698149,57.330345642248226,21,40.53710921116102,6
2970,8145,XD_8145_NE_NORFOLK.CAPL,2026,6,2026-06-23,49.14714168366931,56.813999060895696,21,40.53710921116102,6
2971,8145,XD_8145_NE_NORFOLK.CAPL,2026,6,2026-06-24,49.14714168366931,56.813999060895696,20,38.606770677296204,6
2972,8145,XD_8145_NE_NORFOLK.CAPL,2026,6,2026-06-25,49.08333216773139,56.74023538605359,20,38.606770677296204,6
2973,8145,XD_8145_NE_NORFOLK.CAPL,2026,6,2026-06-26,49.08333216773139,56.74023538605359,18,34.746093609566586,6
2974,8145,XD_8145_NE_NORFOLK.CAPL,2026,6,2026-06-29,49.14714168366931,56.813999060895696,20,38.606770677296204,6
2975,8145,XD_8145_NE_NORFOLK.CAPL,2026,6,2026-06-30,48.91904685610817,56.550321889143504,22,42.46744774502582,6
2976,8145,XD_8145_NE_OMAHA.CAPL,2026,5,2026-05-01,31.881701524275584,27.92381220088122,114,83.48534302219136,19
2977,8145,XD_8145_NE_OMAHA.CAPL,2026,5,2026-05-04,31.47679551311005,27.569172427148153,111,82.02068788145117,19
2978,8145,XD_8145_NE_OMAHA.CAPL,2026,5,2026-05-05,31.893581222950065,27.934217118402223,110,81.28836031108106,19
2979,8145,XD_8145_NE_OMAHA.CAPL,2026,5,2026-05-06,34.09020700622023,29.858147238660866,109,79.82370517034086,19
2980,8145,XD_8145_NE_OMAHA.CAPL,2026,5,2026-05-07,33.20849021347543,29.085889393005353,110,81.28836031108106,19
2981,8145,XD_8145_NE_OMAHA.CAPL,2026,5,2026-05-08,32.18380034549493,28.188407575234542,110,81.28836031108106,19
2982,8145,XD_8145_NE_OMAHA.CAPL,2026,5,2026-05-11,34.517397875331696,30.232305361743375,108,79.09137759997077,20
2983,8145,XD_8145_NE_OMAHA.CAPL,2026,5,2026-05-12,33.700733308624805,29.517023965156884,112,82.75301545182126,19
2984,8145,XD_8145_NE_OMAHA.CAPL,2026,5,2026-05-13,33.895470157422515,29.68758560190888,113,82.75301545182126,19
2985,8145,XD_8145_NE_OMAHA.CAPL,2026,5,2026-05-14,32.87465561553649,28.793498015716228,110,81.28836031108106,19
2986,8145,XD_8145_NE_OMAHA.CAPL,2026,5,2026-05-15,32.10762345952199,28.121687514627464,110,81.28836031108106,19
2987,8145,XD_8145_NE_OMAHA.CAPL,2026,5,2026-05-18,33.88935053975958,29.682225691797715,111,81.28836031108106,19
2988,8145,XD_8145_NE_OMAHA.CAPL,2026,5,2026-05-19,32.18380034549493,28.188407575234542,110,81.28836031108106,19
2989,8145,XD_8145_NE_OMAHA.CAPL,2026,5,2026-05-20,35.39936615243591,31.004783471741376,110,80.55603274071096,19
2990,8145,XD_8145_NE_OMAHA.CAPL,2026,5,2026-05-21,32.62195825528979,28.572171257926513,112,82.75301545182126,19
2991,8145,XD_8145_NE_OMAHA.CAPL,2026,5,2026-05-22,34.025944115822774,29.80186213475642,113,82.75301545182126,19
2992,8145,XD_8145_NE_OMAHA.CAPL,2026,5,2026-05-26,34.06503161045543,29.836097191461093,111,81.28836031108106,19
2993,8145,XD_8145_NE_OMAHA.CAPL,2026,5,2026-05-27,33.87029476165771,29.665535554709106,113,82.75301545182126,19
2994,8145,XD_8145_NE_OMAHA.CAPL,2026,5,2026-05-28,32.72848416055952,28.665472720240743,111,82.02068788145117,19
2995,8145,XD_8145_NE_OMAHA.CAPL,2026,5,2026-05-29,32.89464957696155,28.81100986725777,112,82.75301545182127,19
2996,8145,XD_8145_NE_OMAHA.CAPL,2026,6,2026-06-01,37.30201803257591,32.17127975322776,108,77.45112296892674,19
2997,8145,XD_8145_NE_OMAHA.CAPL,2026,6,2026-06-02,31.689443218491295,27.330691388218934,114,82.47110316135718,20
2998,8145,XD_8145_NE_OMAHA.CAPL,2026,6,2026-06-03,34.22359388960733,29.516280117121106,117,83.9053832163373,20
2999,8145,XD_8145_NE_OMAHA.CAPL,2026,6,2026-06-04,31.004293903244864,26.739781527141822,115,83.9053832163373,20
3000,8145,XD_8145_NE_OMAHA.CAPL,2026,6,2026-06-05,34.12952564001083,29.435150566140187,109,78.1682629964168,20
3001,8145,XD_8145_NE_OMAHA.CAPL,2026,6,2026-06-08,32.24038458583548,27.805853049472137,114,82.47110316135718,19
3002,8145,XD_8145_NE_OMAHA.CAPL,2026,6,2026-06-09,31.65729393614663,27.302964106674203,112,81.03682310637706,20
3003,8145,XD_8145_NE_OMAHA.CAPL,2026,6,2026-06-10,33.16840946158471,28.60623194236768,113,81.03682310637706,19
3004,8145,XD_8145_NE_OMAHA.CAPL,2026,6,2026-06-11,31.857959369788492,27.476028839977847,112,81.03682310637706,19
3005,8145,XD_8145_NE_OMAHA.CAPL,2026,6,2026-06-12,33.54743989346701,28.933128306216503,109,78.88540302390687,19
3006,8145,XD_8145_NE_OMAHA.CAPL,2026,6,2026-06-15,32.847407996027094,28.32938290056433,111,79.60254305139694,19
3007,8145,XD_8145_NE_OMAHA.CAPL,2026,6,2026-06-16,32.96332149528068,28.429352977475613,111,82.47110316135718,19
3008,8145,XD_8145_NE_OMAHA.CAPL,2026,6,2026-06-17,33.5775977115185,28.95913804114382,111,79.60254305139694,19
3009,8145,XD_8145_NE_OMAHA.CAPL,2026,6,2026-06-18,30.783105039038855,26.54901627625229,112,81.03682310637706,19
3010,8145,XD_8145_NE_OMAHA.CAPL,2026,6,2026-06-19,38.576474912264196,33.27044036094801,109,78.1682629964168,19
3011,8145,XD_8145_NE_OMAHA.CAPL,2026,6,2026-06-22,30.49465124103758,26.300238104967406,111,80.319683078887,20
3012,8145,XD_8145_NE_OMAHA.CAPL,2026,6,2026-06-23,30.863811317890406,26.618621740292006,111,80.319683078887,20
3013,8145,XD_8145_NE_OMAHA.CAPL,2026,6,2026-06-24,31.461195096174873,27.133837850971226,109,79.60254305139694,20
3014,8145,XD_8145_NE_OMAHA.CAPL,2026,6,2026-06-25,29.334632800685036,25.299775402630665,111,81.03682310637706,20
3015,8145,XD_8145_NE_OMAHA.CAPL,2026,6,2026-06-26,30.633784356870148,26.420234036245944,112,81.03682310637706,19
3016,8145,XD_8145_NE_OMAHA.CAPL,2026,6,2026-06-29,29.533464580831073,25.471258693891855,113,81.75396313386712,20
3017,8145,XD_8145_NE_OMAHA.CAPL,2026,6,2026-06-30,30.621242188849646,26.409416991555567,109,79.60254305139694,19
3018,8145,XD_8145_SD_PIERRE.CAPL,2026,5,2026-05-01,72.66900329589843,84.10123596370337,21,42.803959717246805,5
3019,8145,XD_8145_SD_PIERRE.CAPL,2026,5,2026-05-04,72.41720336914062,83.80982306280433,23,46.88052730936555,5
3020,8145,XD_8145_SD_PIERRE.CAPL,2026,5,2026-05-05,72.41720336914062,83.80982306280433,23,46.88052730936555,5
3021,8145,XD_8145_SD_PIERRE.CAPL,2026,5,2026-05-06,75.314501953125,87.16292246994489,22,44.84224351330617,5
3022,8145,XD_8145_SD_PIERRE.CAPL,2026,5,2026-05-07,75.0536019897461,86.86097792154223,24,48.91881110542492,5
3023,8145,XD_8145_SD_PIERRE.CAPL,2026,5,2026-05-08,75.314501953125,87.16292246994489,23,46.88052730936555,5
3024,8145,XD_8145_SD_PIERRE.CAPL,2026,5,2026-05-11,75.0536019897461,86.86097792154223,22,44.84224351330617,5
3025,8145,XD_8145_SD_PIERRE.CAPL,2026,5,2026-05-12,75.314501953125,87.16292246994489,23,46.88052730936555,5
3026,8145,XD_8145_SD_PIERRE.CAPL,2026,5,2026-05-13,75.314501953125,87.16292246994489,21,42.803959717246805,5
3027,8145,XD_8145_SD_PIERRE.CAPL,2026,5,2026-05-14,75.0536019897461,86.86097792154223,24,48.91881110542492,5
3028,8145,XD_8145_SD_PIERRE.CAPL,2026,5,2026-05-15,75.314501953125,87.16292246994489,21,42.803959717246805,5
3029,8145,XD_8145_SD_PIERRE.CAPL,2026,5,2026-05-18,75.0536019897461,86.86097792154223,24,48.91881110542492,5
3030,8145,XD_8145_SD_PIERRE.CAPL,2026,5,2026-05-19,75.0536019897461,86.86097792154223,23,46.88052730936555,5
3031,8145,XD_8145_SD_PIERRE.CAPL,2026,5,2026-05-20,75.314501953125,87.16292246994489,22,44.84224351330617,5
3032,8145,XD_8145_SD_PIERRE.CAPL,2026,5,2026-05-21,75.0536019897461,86.86097792154223,23,46.88052730936555,5
3033,8145,XD_8145_SD_PIERRE.CAPL,2026,5,2026-05-22,75.314501953125,87.16292246994489,21,42.803959717246805,5
3034,8145,XD_8145_SD_PIERRE.CAPL,2026,5,2026-05-26,73.94400177001953,85.57681623399824,23,46.88052730936555,5
3035,8145,XD_8145_SD_PIERRE.CAPL,2026,5,2026-05-27,73.94400177001953,85.57681623399824,23,46.88052730936555,5
3036,8145,XD_8145_SD_PIERRE.CAPL,2026,5,2026-05-28,73.68000030517578,85.27128225826473,23,46.88052730936555,5
3037,8145,XD_8145_SD_PIERRE.CAPL,2026,5,2026-05-29,73.68000030517578,85.27128225826473,20,40.76567592118743,5
3038,8145,XD_8145_SD_PIERRE.CAPL,2026,6,2026-06-01,73.68000030517578,86.83200933427788,19,36.6764321434314,5
3039,8145,XD_8145_SD_PIERRE.CAPL,2026,6,2026-06-02,73.48600006103516,86.60337970696655,23,44.397786278890635,5
3040,8145,XD_8145_SD_PIERRE.CAPL,2026,6,2026-06-03,72.70999908447266,85.68886119772125,22,42.46744774502582,5
3041,8145,XD_8145_SD_PIERRE.CAPL,2026,6,2026-06-04,72.70999908447266,85.68886119772125,22,42.46744774502582,5
3042,8145,XD_8145_SD_PIERRE.CAPL,2026,6,2026-06-05,72.70999908447266,85.68886119772125,22,42.46744774502582,5
3043,8145,XD_8145_SD_PIERRE.CAPL,2026,6,2026-06-08,72.70999908447266,85.68886119772125,24,46.32812481275545,5
3044,8145,XD_8145_SD_PIERRE.CAPL,2026,6,2026-06-09,72.70999908447266,85.68886119772125,23,44.397786278890635,5
3045,8145,XD_8145_SD_PIERRE.CAPL,2026,6,2026-06-10,71.73999786376953,84.5457130611646,24,46.32812481275545,5
3046,8145,XD_8145_SD_PIERRE.CAPL,2026,6,2026-06-11,71.73999786376953,84.5457130611646,22,42.46744774502582,5
3047,8145,XD_8145_SD_PIERRE.CAPL,2026,6,2026-06-12,71.73999786376953,84.5457130611646,21,40.53710921116102,5
3048,8145,XD_8145_SD_PIERRE.CAPL,2026,6,2026-06-15,71.73999786376953,84.5457130611646,22,42.46744774502582,5
3049,8145,XD_8145_SD_PIERRE.CAPL,2026,6,2026-06-16,65.70682104928153,77.43560362439563,24,46.32812481275545,5
3050,8145,XD_8145_SD_PIERRE.CAPL,2026,6,2026-06-17,71.41000366210938,84.15681431686316,24,46.32812481275545,5
3051,8145,XD_8145_SD_PIERRE.CAPL,2026,6,2026-06-18,71.41000366210938,84.15681431686316,23,44.397786278890635,5
3052,8145,XD_8145_SD_PIERRE.CAPL,2026,6,2026-06-19,71.41000366210938,84.15681431686316,17,32.81575507570177,5
3053,8145,XD_8145_SD_PIERRE.CAPL,2026,6,2026-06-22,71.41000366210938,84.15681431686316,24,46.32812481275545,5
3054,8145,XD_8145_SD_PIERRE.CAPL,2026,6,2026-06-23,70.76000213623047,83.39078638080672,22,42.46744774502582,5
3055,8145,XD_8145_SD_PIERRE.CAPL,2026,6,2026-06-24,70.76000213623047,83.39078638080672,23,44.397786278890635,5
3056,8145,XD_8145_SD_PIERRE.CAPL,2026,6,2026-06-25,70.76000213623047,83.39078638080672,23,44.397786278890635,5
3057,8145,XD_8145_SD_PIERRE.CAPL,2026,6,2026-06-26,70.76000213623047,83.39078638080672,22,42.46744774502582,5
3058,8145,XD_8145_SD_PIERRE.CAPL,2026,6,2026-06-29,70.76000213623047,83.39078638080672,24,46.32812481275545,5
3059,8145,XD_8145_SD_PIERRE.CAPL,2026,6,2026-06-30,70.44000244140625,83.01366618030652,22,42.46744774502582,5
3060,8145,XD_8145_SD_SIOUXFALLS.CAPL,2026,5,2026-05-01,43.46610952306676,33.312014225907625,36,73.37821665813738,18
3061,8145,XD_8145_SD_SIOUXFALLS.CAPL,2026,5,2026-05-04,43.43368262575384,33.28716255925415,37,75.41650045419675,19
3062,8145,XD_8145_SD_SIOUXFALLS.CAPL,2026,5,2026-05-05,43.51526173374109,33.349684014144565,39,79.4930680463155,19
3063,8145,XD_8145_SD_SIOUXFALLS.CAPL,2026,5,2026-05-06,45.039353405987775,34.51773342147709,38,77.45478425025613,18
3064,8145,XD_8145_SD_SIOUXFALLS.CAPL,2026,5,2026-05-07,45.039353405987775,34.51773342147709,38,77.45478425025613,18
3065,8145,XD_8145_SD_SIOUXFALLS.CAPL,2026,5,2026-05-08,45.039353405987775,34.51773342147709,37,75.41650045419675,18
3066,8145,XD_8145_SD_SIOUXFALLS.CAPL,2026,5,2026-05-11,45.039353405987775,34.51773342147709,40,81.53135184237486,18
3067,8145,XD_8145_SD_SIOUXFALLS.CAPL,2026,5,2026-05-12,45.039353405987775,34.51773342147709,38,77.45478425025613,18
3068,8145,XD_8145_SD_SIOUXFALLS.CAPL,2026,5,2026-05-13,45.00570330703467,34.49194430468407,39,79.4930680463155,19
3069,8145,XD_8145_SD_SIOUXFALLS.CAPL,2026,5,2026-05-14,45.039353405987775,34.51773342147709,39,79.4930680463155,18
3070,8145,XD_8145_SD_SIOUXFALLS.CAPL,2026,5,2026-05-15,45.00570330703467,34.49194430468407,38,77.45478425025613,19
3071,8145,XD_8145_SD_SIOUXFALLS.CAPL,2026,5,2026-05-18,45.039353405987775,34.51773342147709,38,77.45478425025613,18
3072,8145,XD_8145_SD_SIOUXFALLS.CAPL,2026,5,2026-05-19,45.00570330703467,34.49194430468407,39,79.4930680463155,19
3073,8145,XD_8145_SD_SIOUXFALLS.CAPL,2026,5,2026-05-20,45.00570330703467,34.49194430468407,38,77.45478425025613,19
3074,8145,XD_8145_SD_SIOUXFALLS.CAPL,2026,5,2026-05-21,45.00570330703467,34.49194430468407,39,79.4930680463155,19
3075,8145,XD_8145_SD_SIOUXFALLS.CAPL,2026,5,2026-05-22,45.039353405987775,34.51773342147709,37,75.41650045419675,18
3076,8145,XD_8145_SD_SIOUXFALLS.CAPL,2026,5,2026-05-26,45.00570330703467,34.49194430468407,39,79.4930680463155,19
3077,8145,XD_8145_SD_SIOUXFALLS.CAPL,2026,5,2026-05-27,45.00570330703467,34.49194430468407,39,79.4930680463155,19
3078,8145,XD_8145_SD_SIOUXFALLS.CAPL,2026,5,2026-05-28,44.81228001912435,34.34370653072201,39,79.4930680463155,19
3079,8145,XD_8145_SD_SIOUXFALLS.CAPL,2026,5,2026-05-29,44.84574007104945,34.369349997274654,38,77.45478425025613,18
3080,8145,XD_8145_SD_SIOUXFALLS.CAPL,2026,6,2026-06-01,44.81228001912435,35.73775516705789,38,73.3528642868628,19
3081,8145,XD_8145_SD_SIOUXFALLS.CAPL,2026,6,2026-06-02,44.84574007104945,35.76443952998398,37,71.42252575299798,18
3082,8145,XD_8145_SD_SIOUXFALLS.CAPL,2026,6,2026-06-03,44.24786931497079,35.28763811097196,38,73.35286428686278,18
3083,8145,XD_8145_SD_SIOUXFALLS.CAPL,2026,6,2026-06-04,44.214823505334685,35.26128410591869,39,75.2832028207276,19
3084,8145,XD_8145_SD_SIOUXFALLS.CAPL,2026,6,2026-06-05,44.214823505334685,35.26128410591869,37,71.42252575299798,19
3085,8145,XD_8145_SD_SIOUXFALLS.CAPL,2026,6,2026-06-08,44.214823505334685,35.26128410591869,40,77.21354135459241,19
3086,8145,XD_8145_SD_SIOUXFALLS.CAPL,2026,6,2026-06-09,44.214823505334685,35.26128410591869,39,75.2832028207276,19
3087,8145,XD_8145_SD_SIOUXFALLS.CAPL,2026,6,2026-06-10,43.62640427706535,34.79202027228862,39,75.2832028207276,19
3088,8145,XD_8145_SD_SIOUXFALLS.CAPL,2026,6,2026-06-11,43.62640427706535,34.79202027228862,39,75.2832028207276,19
3089,8145,XD_8145_SD_SIOUXFALLS.CAPL,2026,6,2026-06-12,43.62640427706535,34.79202027228862,38,73.3528642868628,19
3090,8145,XD_8145_SD_SIOUXFALLS.CAPL,2026,6,2026-06-15,43.65898224159523,34.81800117126794,40,77.21354135459241,18
3091,8145,XD_8145_SD_SIOUXFALLS.CAPL,2026,6,2026-06-16,62.157104525649764,49.5702379455564,37,71.42252575299798,19
3092,8145,XD_8145_SD_SIOUXFALLS.CAPL,2026,6,2026-06-17,43.43368262575384,34.63832491942948,38,73.3528642868628,19
3093,8145,XD_8145_SD_SIOUXFALLS.CAPL,2026,6,2026-06-18,43.43368262575384,34.63832491942948,38,73.3528642868628,19
3094,8145,XD_8145_SD_SIOUXFALLS.CAPL,2026,6,2026-06-19,42.13705728568283,33.60426731452553,32,61.77083308367393,17
3095,8145,XD_8145_SD_SIOUXFALLS.CAPL,2026,6,2026-06-22,43.46610952306676,34.664185342431885,39,75.2832028207276,18
3096,8145,XD_8145_SD_SIOUXFALLS.CAPL,2026,6,2026-06-23,43.037981602183564,34.32275368998805,40,77.21354135459241,19
3097,8145,XD_8145_SD_SIOUXFALLS.CAPL,2026,6,2026-06-24,43.037981602183564,34.32275368998805,39,75.2832028207276,19
3098,8145,XD_8145_SD_SIOUXFALLS.CAPL,2026,6,2026-06-25,43.07009174205639,34.34836149920162,37,71.42252575299798,18
3099,8145,XD_8145_SD_SIOUXFALLS.CAPL,2026,6,2026-06-26,43.037981602183564,34.32275368998805,38,73.3528642868628,19
3100,8145,XD_8145_SD_SIOUXFALLS.CAPL,2026,6,2026-06-29,43.037981602183564,34.32275368998805,41,79.14387988845722,19
3101,8145,XD_8145_SD_SIOUXFALLS.CAPL,2026,6,2026-06-30,42.83622658043577,34.16185423189599,39,75.2832028207276,19
3102,8145,XD_8145_WI_EAUCLAIRE.CAPL,2026,5,2026-05-01,23.31999969482422,16.549499908966766,60,81.1286566046654,9
3103,8145,XD_8145_WI_EAUCLAIRE.CAPL,2026,5,2026-05-04,23.31999969482422,16.549499908966766,58,78.42436805117654,9
3104,8145,XD_8145_WI_EAUCLAIRE.CAPL,2026,5,2026-05-05,23.31999969482422,16.549499908966766,61,82.4808008814098,9
3105,8145,XD_8145_WI_EAUCLAIRE.CAPL,2026,5,2026-05-06,24.170000076293945,17.152719523882848,57,77.07222377443212,9
3106,8145,XD_8145_WI_EAUCLAIRE.CAPL,2026,5,2026-05-07,24.170000076293945,17.152719523882848,59,79.77651232792097,9
3107,8145,XD_8145_WI_EAUCLAIRE.CAPL,2026,5,2026-05-08,24.170000076293945,17.152719523882848,59,79.77651232792097,9
3108,8145,XD_8145_WI_EAUCLAIRE.CAPL,2026,5,2026-05-11,24.170000076293945,17.152719523882848,59,79.77651232792097,9
3109,8145,XD_8145_WI_EAUCLAIRE.CAPL,2026,5,2026-05-12,24.170000076293945,17.152719523882848,59,79.77651232792097,9
3110,8145,XD_8145_WI_EAUCLAIRE.CAPL,2026,5,2026-05-13,24.170000076293945,17.152719523882848,60,81.1286566046654,9
3111,8145,XD_8145_WI_EAUCLAIRE.CAPL,2026,5,2026-05-14,24.170000076293945,17.152719523882848,59,79.77651232792097,9
3112,8145,XD_8145_WI_EAUCLAIRE.CAPL,2026,5,2026-05-15,24.170000076293945,17.152719523882848,57,77.07222377443212,9
3113,8145,XD_8145_WI_EAUCLAIRE.CAPL,2026,5,2026-05-18,24.170000076293945,17.152719523882848,60,81.1286566046654,9
3114,8145,XD_8145_WI_EAUCLAIRE.CAPL,2026,5,2026-05-19,24.170000076293945,17.152719523882848,59,79.77651232792097,9
3115,8145,XD_8145_WI_EAUCLAIRE.CAPL,2026,5,2026-05-20,24.170000076293945,17.152719523882848,60,81.1286566046654,9
3116,8145,XD_8145_WI_EAUCLAIRE.CAPL,2026,5,2026-05-21,24.170000076293945,17.152719523882848,61,82.4808008814098,9
3117,8145,XD_8145_WI_EAUCLAIRE.CAPL,2026,5,2026-05-22,24.170000076293945,17.152719523882848,59,79.77651232792097,9
3118,8145,XD_8145_WI_EAUCLAIRE.CAPL,2026,5,2026-05-26,24.170000076293945,17.152719523882848,61,82.4808008814098,9
3119,8145,XD_8145_WI_EAUCLAIRE.CAPL,2026,5,2026-05-27,24.170000076293945,17.152719523882848,61,82.4808008814098,9
3120,8145,XD_8145_WI_EAUCLAIRE.CAPL,2026,5,2026-05-28,24.059999465942383,17.074655410897307,59,79.77651232792097,9
3121,8145,XD_8145_WI_EAUCLAIRE.CAPL,2026,5,2026-05-29,24.059999465942383,17.074655410897307,60,81.1286566046654,9
3122,8145,XD_8145_WI_EAUCLAIRE.CAPL,2026,6,2026-06-01,24.059999465942383,17.339918134454653,61,80.36019093873337,9
3123,8145,XD_8145_WI_EAUCLAIRE.CAPL,2026,6,2026-06-02,24.059999465942383,17.339918134454653,61,80.36019093873337,9
3124,8145,XD_8145_WI_EAUCLAIRE.CAPL,2026,6,2026-06-03,23.739999771118164,17.10929599669622,61,80.36019093873337,9
3125,8145,XD_8145_WI_EAUCLAIRE.CAPL,2026,6,2026-06-04,23.739999771118164,17.10929599669622,61,80.36019093873337,9
3126,8145,XD_8145_WI_EAUCLAIRE.CAPL,2026,6,2026-06-05,23.739999771118164,17.10929599669622,61,80.36019093873337,9
3127,8145,XD_8145_WI_EAUCLAIRE.CAPL,2026,6,2026-06-08,23.739999771118164,17.10929599669622,61,80.36019093873337,9
3128,8145,XD_8145_WI_EAUCLAIRE.CAPL,2026,6,2026-06-09,23.739999771118164,17.10929599669622,61,80.36019093873337,9
3129,8145,XD_8145_WI_EAUCLAIRE.CAPL,2026,6,2026-06-10,23.43000030517578,16.885880972569783,60,79.04281075940987,9
3130,8145,XD_8145_WI_EAUCLAIRE.CAPL,2026,6,2026-06-11,23.43000030517578,16.885880972569783,60,79.04281075940987,9
3131,8145,XD_8145_WI_EAUCLAIRE.CAPL,2026,6,2026-06-12,23.43000030517578,16.885880972569783,60,79.04281075940987,9
3132,8145,XD_8145_WI_EAUCLAIRE.CAPL,2026,6,2026-06-15,23.43000030517578,16.885880972569783,62,81.67757111805687,9
3133,8145,XD_8145_WI_EAUCLAIRE.CAPL,2026,6,2026-06-16,20.661432371373472,14.890588271513687,59,80.36019093873337,9
3134,8145,XD_8145_WI_EAUCLAIRE.CAPL,2026,6,2026-06-17,23.31999969482422,16.80660409723418,60,79.04281075940987,9
3135,8145,XD_8145_WI_EAUCLAIRE.CAPL,2026,6,2026-06-18,23.31999969482422,16.80660409723418,60,79.04281075940987,9
3136,8145,XD_8145_WI_EAUCLAIRE.CAPL,2026,6,2026-06-19,23.31999969482422,16.80660409723418,57,75.09067022143938,9
3137,8145,XD_8145_WI_EAUCLAIRE.CAPL,2026,6,2026-06-22,23.31999969482422,16.80660409723418,60,79.04281075940987,9
3138,8145,XD_8145_WI_EAUCLAIRE.CAPL,2026,6,2026-06-23,23.110000610351562,16.65525883481135,60,79.04281075940987,9
3139,8145,XD_8145_WI_EAUCLAIRE.CAPL,2026,6,2026-06-24,23.110000610351562,16.65525883481135,60,79.04281075940987,9
3140,8145,XD_8145_WI_EAUCLAIRE.CAPL,2026,6,2026-06-25,23.110000610351562,16.65525883481135,59,77.72543058008637,9
3141,8145,XD_8145_WI_EAUCLAIRE.CAPL,2026,6,2026-06-26,23.110000610351562,16.65525883481135,61,80.36019093873337,9
3142,8145,XD_8145_WI_EAUCLAIRE.CAPL,2026,6,2026-06-29,23.623556179470487,17.025375697807156,60,79.04281075940987,9
3143,8145,XD_8145_WI_EAUCLAIRE.CAPL,2026,6,2026-06-30,23.63888888888889,17.03642590279452,61,80.36019093873337,9
3144,8145,XD_8145_WI_LACROSSE.CAPL,2026,5,2026-05-01,24.75916616121928,27.204548745984464,31,28.868180697048345,8
3145,8145,XD_8145_WI_LACROSSE.CAPL,2026,5,2026-05-04,24.29041628042857,26.68950195892347,31,28.868180697048345,8
3146,8145,XD_8145_WI_LACROSSE.CAPL,2026,5,2026-05-05,24.75916616121928,27.204548745984464,31,28.868180697048345,8
3147,8145,XD_8145_WI_LACROSSE.CAPL,2026,5,2026-05-06,25.562708576520283,28.087454440957423,32,29.799412332437,8
3148,8145,XD_8145_WI_LACROSSE.CAPL,2026,5,2026-05-07,25.562708576520283,28.087454440957423,32,29.799412332437,8
3149,8145,XD_8145_WI_LACROSSE.CAPL,2026,5,2026-05-08,25.661458651224773,28.195957740441543,31,28.868180697048345,8
3150,8145,XD_8145_WI_LACROSSE.CAPL,2026,5,2026-05-11,25.661458651224773,28.195957740441543,31,28.868180697048345,8
3151,8145,XD_8145_WI_LACROSSE.CAPL,2026,5,2026-05-12,25.661458651224773,28.195957740441543,31,28.868180697048345,8
3152,8145,XD_8145_WI_LACROSSE.CAPL,2026,5,2026-05-13,25.694250241915384,28.231988050250543,31,28.868180697048345,8
3153,8145,XD_8145_WI_LACROSSE.CAPL,2026,5,2026-05-14,25.562708576520283,28.087454440957423,32,29.799412332437,8
3154,8145,XD_8145_WI_LACROSSE.CAPL,2026,5,2026-05-15,25.661458651224773,28.195957740441543,31,28.868180697048345,8
3155,8145,XD_8145_WI_LACROSSE.CAPL,2026,5,2026-05-18,25.661458651224773,28.195957740441543,31,28.868180697048345,8
3156,8145,XD_8145_WI_LACROSSE.CAPL,2026,5,2026-05-19,25.661458651224773,28.195957740441543,31,28.868180697048345,8
3157,8145,XD_8145_WI_LACROSSE.CAPL,2026,5,2026-05-20,25.562708576520283,28.087454440957423,32,29.799412332437,8
3158,8145,XD_8145_WI_LACROSSE.CAPL,2026,5,2026-05-21,25.694250241915384,28.23198805025054,30,27.93694906165969,8
3159,8145,XD_8145_WI_LACROSSE.CAPL,2026,5,2026-05-22,25.661458651224773,28.195957740441543,31,28.868180697048345,8
3160,8145,XD_8145_WI_LACROSSE.CAPL,2026,5,2026-05-26,25.661458651224773,28.195957740441543,30,27.93694906165969,8
3161,8145,XD_8145_WI_LACROSSE.CAPL,2026,5,2026-05-27,25.661458651224773,28.195957740441543,30,27.93694906165969,8
3162,8145,XD_8145_WI_LACROSSE.CAPL,2026,5,2026-05-28,25.446458141009014,27.959722326757156,31,28.868180697048345,8
3163,8145,XD_8145_WI_LACROSSE.CAPL,2026,5,2026-05-29,25.446458141009014,27.959722326757156,31,28.868180697048345,8
3164,8145,XD_8145_WI_LACROSSE.CAPL,2026,6,2026-06-01,25.446458141009014,28.247180050334944,31,28.881381831184697,8
3165,8145,XD_8145_WI_LACROSSE.CAPL,2026,6,2026-06-02,25.544583161671955,28.356105037488348,30,27.949724352759382,8
3166,8145,XD_8145_WI_LACROSSE.CAPL,2026,6,2026-06-03,25.10854132970174,27.87207098965004,31,28.881381831184697,8
3167,8145,XD_8145_WI_LACROSSE.CAPL,2026,6,2026-06-04,25.10854132970174,27.87207098965004,31,28.881381831184697,8
3168,8145,XD_8145_WI_LACROSSE.CAPL,2026,6,2026-06-05,25.10854132970174,27.87207098965004,31,28.881381831184697,8
3169,8145,XD_8145_WI_LACROSSE.CAPL,2026,6,2026-06-08,25.205416321754456,27.97960836588229,30,27.949724352759382,8
3170,8145,XD_8145_WI_LACROSSE.CAPL,2026,6,2026-06-09,25.205416321754456,27.97960836588229,30,27.949724352759382,8
3171,8145,XD_8145_WI_LACROSSE.CAPL,2026,6,2026-06-10,24.778958519299824,27.506213197758964,31,28.881381831184697,8
3172,8145,XD_8145_WI_LACROSSE.CAPL,2026,6,2026-06-11,24.778958519299824,27.506213197758964,31,28.881381831184697,8
3173,8145,XD_8145_WI_LACROSSE.CAPL,2026,6,2026-06-12,25.433958490689598,28.233304646882637,30,27.949724352759382,8
3174,8145,XD_8145_WI_LACROSSE.CAPL,2026,6,2026-06-15,24.874375224113464,27.6121317828031,30,27.949724352759382,8
3175,8145,XD_8145_WI_LACROSSE.CAPL,2026,6,2026-06-16,29.800937175750732,33.08092754627941,31,28.881381831184697,8
3176,8145,XD_8145_WI_LACROSSE.CAPL,2026,6,2026-06-17,25.443499453862508,28.243895720229872,29,27.01806687433407,8
3177,8145,XD_8145_WI_LACROSSE.CAPL,2026,6,2026-06-18,24.66416621208191,27.37878646699708,30,27.949724352759382,8
3178,8145,XD_8145_WI_LACROSSE.CAPL,2026,6,2026-06-19,25.47874939441681,28.283025386609502,27,25.154751917483445,8
3179,8145,XD_8145_WI_LACROSSE.CAPL,2026,6,2026-06-22,24.790999539693196,27.519579492948516,30,27.949724352759382,8
3180,8145,XD_8145_WI_LACROSSE.CAPL,2026,6,2026-06-23,24.566833957036337,27.270741499884483,29,27.01806687433407,8
3181,8145,XD_8145_WI_LACROSSE.CAPL,2026,6,2026-06-24,24.566833957036337,27.270741499884483,29,27.01806687433407,8
3182,8145,XD_8145_WI_LACROSSE.CAPL,2026,6,2026-06-25,24.44104226430257,27.13110475461341,30,27.949724352759382,8
3183,8145,XD_8145_WI_LACROSSE.CAPL,2026,6,2026-06-26,24.44104226430257,27.13110475461341,30,27.949724352759382,8
3184,8145,XD_8145_WI_LACROSSE.CAPL,2026,6,2026-06-29,24.53520894050598,27.23563572873639,29,27.01806687433407,8
3185,8145,XD_8145_WI_LACROSSE.CAPL,2026,6,2026-06-30,24.32604153951009,27.003446667144765,30,27.949724352759382,8
3186,8145,XD_8145_WI_WAUSAU.CAPL,2026,5,2026-05-01,23.4261663807763,17.947934251787572,41,62.78448897999013,9
3187,8145,XD_8145_WI_WAUSAU.CAPL,2026,5,2026-05-04,23.4261663807763,17.947934251787572,40,61.25315998047817,9
3188,8145,XD_8145_WI_WAUSAU.CAPL,2026,5,2026-05-05,23.521999735302398,18.021356881773418,42,64.31581797950209,9
3189,8145,XD_8145_WI_WAUSAU.CAPL,2026,5,2026-05-06,24.279777818255955,18.601927812126615,41,62.78448897999013,9
3190,8145,XD_8145_WI_WAUSAU.CAPL,2026,5,2026-05-07,24.279777818255955,18.601927812126615,42,64.31581797950209,9
3191,8145,XD_8145_WI_WAUSAU.CAPL,2026,5,2026-05-08,24.279777818255955,18.601927812126615,42,64.31581797950209,9
3192,8145,XD_8145_WI_WAUSAU.CAPL,2026,5,2026-05-11,24.279777818255955,18.601927812126615,42,64.31581797950209,9
3193,8145,XD_8145_WI_WAUSAU.CAPL,2026,5,2026-05-12,24.279777818255955,18.601927812126615,40,61.25315998047817,9
3194,8145,XD_8145_WI_WAUSAU.CAPL,2026,5,2026-05-13,24.279777818255955,18.601927812126615,41,62.78448897999013,9
3195,8145,XD_8145_WI_WAUSAU.CAPL,2026,5,2026-05-14,24.279777818255955,18.601927812126615,40,61.25315998047817,9
3196,8145,XD_8145_WI_WAUSAU.CAPL,2026,5,2026-05-15,24.279777818255955,18.601927812126615,42,64.31581797950209,9
3197,8145,XD_8145_WI_WAUSAU.CAPL,2026,5,2026-05-18,24.279777818255955,18.601927812126615,42,64.31581797950209,9
3198,8145,XD_8145_WI_WAUSAU.CAPL,2026,5,2026-05-19,24.279777818255955,18.601927812126615,41,62.78448897999013,9
3199,8145,XD_8145_WI_WAUSAU.CAPL,2026,5,2026-05-20,24.279777818255955,18.601927812126615,43,65.84714697901404,9
3200,8145,XD_8145_WI_WAUSAU.CAPL,2026,5,2026-05-21,24.279777818255955,18.601927812126615,41,62.78448897999013,9
3201,8145,XD_8145_WI_WAUSAU.CAPL,2026,5,2026-05-22,24.279777818255955,18.601927812126615,42,64.31581797950209,9
3202,8145,XD_8145_WI_WAUSAU.CAPL,2026,5,2026-05-26,24.279777818255955,18.601927812126615,42,64.31581797950209,9
3203,8145,XD_8145_WI_WAUSAU.CAPL,2026,5,2026-05-27,24.279777818255955,18.601927812126615,41,62.78448897999013,9
3204,8145,XD_8145_WI_WAUSAU.CAPL,2026,5,2026-05-28,24.16941615740458,18.51737433458861,41,62.78448897999013,9
3205,8145,XD_8145_WI_WAUSAU.CAPL,2026,5,2026-05-29,24.16941615740458,18.51737433458861,42,64.31581797950209,9
3206,8145,XD_8145_WI_WAUSAU.CAPL,2026,6,2026-06-01,24.16941615740458,19.18217444319387,41,62.17442075413323,9
3207,8145,XD_8145_WI_WAUSAU.CAPL,2026,6,2026-06-02,24.133860635757443,19.153955630864587,41,62.17442075413323,9
3208,8145,XD_8145_WI_WAUSAU.CAPL,2026,6,2026-06-03,23.806444210476347,18.89409999577574,40,60.657971467447055,9
3209,8145,XD_8145_WI_WAUSAU.CAPL,2026,6,2026-06-04,23.806444210476347,18.89409999577574,41,62.17442075413323,9
3210,8145,XD_8145_WI_WAUSAU.CAPL,2026,6,2026-06-05,23.806444210476347,18.89409999577574,39,59.14152218076087,9
3211,8145,XD_8145_WI_WAUSAU.CAPL,2026,6,2026-06-08,23.806444210476347,18.89409999577574,41,62.17442075413323,9
3212,8145,XD_8145_WI_WAUSAU.CAPL,2026,6,2026-06-09,23.806444210476347,18.89409999577574,40,60.657971467447055,9
3213,8145,XD_8145_WI_WAUSAU.CAPL,2026,6,2026-06-10,23.49555583530002,18.647361927873913,41,62.17442075413323,9
3214,8145,XD_8145_WI_WAUSAU.CAPL,2026,6,2026-06-11,23.49555583530002,18.647361927873913,40,60.657971467447055,9
3215,8145,XD_8145_WI_WAUSAU.CAPL,2026,6,2026-06-12,23.49555583530002,18.647361927873913,41,62.17442075413323,9
3216,8145,XD_8145_WI_WAUSAU.CAPL,2026,6,2026-06-15,23.49555583530002,18.647361927873913,41,62.17442075413323,9
3217,8145,XD_8145_WI_WAUSAU.CAPL,2026,6,2026-06-16,24.315252932795772,19.297918507823653,42,66.72376861419175,9
3218,8145,XD_8145_WI_WAUSAU.CAPL,2026,6,2026-06-17,23.3853330400255,18.55988307142149,42,63.690870040819405,9
3219,8145,XD_8145_WI_WAUSAU.CAPL,2026,6,2026-06-18,23.3853330400255,18.55988307142149,41,62.17442075413323,9
3220,8145,XD_8145_WI_WAUSAU.CAPL,2026,6,2026-06-19,23.31999969482422,18.50803094489735,37,56.10862360738852,9
3221,8145,XD_8145_WI_WAUSAU.CAPL,2026,6,2026-06-22,23.3853330400255,18.55988307142149,42,63.690870040819405,9
3222,8145,XD_8145_WI_WAUSAU.CAPL,2026,6,2026-06-23,23.174667273627385,18.392687163421883,41,62.17442075413323,9
3223,8145,XD_8145_WI_WAUSAU.CAPL,2026,6,2026-06-24,23.174667273627385,18.392687163421883,39,59.14152218076087,9
3224,8145,XD_8145_WI_WAUSAU.CAPL,2026,6,2026-06-25,23.174667273627385,18.392687163421883,39,59.14152218076088,9
3225,8145,XD_8145_WI_WAUSAU.CAPL,2026,6,2026-06-26,23.174667273627385,18.392687163421883,41,62.17442075413323,9
3226,8145,XD_8145_WI_WAUSAU.CAPL,2026,6,2026-06-29,23.174667273627385,18.392687163421883,42,63.690870040819405,9
3227,8145,XD_8145_WI_WAUSAU.CAPL,2026,6,2026-06-30,23.06444443596734,18.30520827332999,41,62.17442075413323,9
3228,8147,XD_8147_CA_BAKERSFIELD.YZER,2026,5,2026-05-01,35.946977606879344,52.512367039615356,45,17.236623792562334,5
3229,8147,XD_8147_CA_BAKERSFIELD.YZER,2026,5,2026-05-04,74.6106448703342,108.99335157856449,37,14.17233511832903,5
3230,8147,XD_8147_CA_BAKERSFIELD.YZER,2026,5,2026-05-05,48.92824109010022,71.47576585783463,45,17.6196598768415,5
3231,8147,XD_8147_CA_BAKERSFIELD.YZER,2026,5,2026-05-06,47.77475965146665,69.79072737306039,46,18.385732045399827,5
3232,8147,XD_8147_CA_BAKERSFIELD.YZER,2026,5,2026-05-07,51.62722410413954,75.41851699026354,43,16.47055162400401,5
3233,8147,XD_8147_CA_BAKERSFIELD.YZER,2026,5,2026-05-08,49.9766685824924,73.0073385507329,45,17.236623792562334,5
3234,8147,XD_8147_CA_BAKERSFIELD.YZER,2026,5,2026-05-11,49.2766571325437,71.98474191983827,45,17.6196598768415,5
3235,8147,XD_8147_CA_BAKERSFIELD.YZER,2026,5,2026-05-12,49.2766571325437,71.98474191983827,45,17.6196598768415,5
3236,8147,XD_8147_CA_BAKERSFIELD.YZER,2026,5,2026-05-13,48.59192717714663,70.9844689307136,45,18.00269596112066,5
3237,8147,XD_8147_CA_BAKERSFIELD.YZER,2026,5,2026-05-14,49.042054004584415,71.64202699958078,45,17.6196598768415,5
3238,8147,XD_8147_CA_BAKERSFIELD.YZER,2026,5,2026-05-15,49.2766571325437,71.98474191983827,45,17.6196598768415,5
3239,8147,XD_8147_CA_BAKERSFIELD.YZER,2026,5,2026-05-18,53.004796909353374,77.43091451537111,43,16.47055162400401,5
3240,8147,XD_8147_CA_BAKERSFIELD.YZER,2026,5,2026-05-19,51.133500098702655,74.69727092409053,44,17.236623792562334,5
3241,8147,XD_8147_CA_BAKERSFIELD.YZER,2026,5,2026-05-20,50.59098163249228,73.90474452215025,45,17.6196598768415,5
3242,8147,XD_8147_CA_BAKERSFIELD.YZER,2026,5,2026-05-21,51.133500098702655,74.69727092409053,44,17.236623792562334,5
3243,8147,XD_8147_CA_BAKERSFIELD.YZER,2026,5,2026-05-22,50.59098163249228,73.90474452215025,45,17.6196598768415,5
3244,8147,XD_8147_CA_BAKERSFIELD.YZER,2026,5,2026-05-26,58.37774792831048,85.27987414360298,42,16.087515539724848,5
3245,8147,XD_8147_CA_BAKERSFIELD.YZER,2026,5,2026-05-27,54.42271617942305,79.5022513035909,46,18.00269596112066,5
3246,8147,XD_8147_CA_BAKERSFIELD.YZER,2026,5,2026-05-28,56.050925723720624,81.88078610400196,45,17.236623792562334,5
3247,8147,XD_8147_CA_BAKERSFIELD.YZER,2026,5,2026-05-29,55.736250747996756,81.4210999516888,44,17.236623792562334,5
3248,8147,XD_8147_CA_BAKERSFIELD.YZER,2026,6,2026-06-01,53.88810852371537,77.44155293385764,43,18.06556246647518,5
3249,8147,XD_8147_CA_BAKERSFIELD.YZER,2026,6,2026-06-02,51.45823303568405,73.94962611764274,45,19.325950545531587,5
3250,8147,XD_8147_CA_BAKERSFIELD.YZER,2026,6,2026-06-03,49.81036477349542,71.58150667997229,46,20.166209264902527,5
3251,8147,XD_8147_CA_BAKERSFIELD.YZER,2026,6,2026-06-04,51.841295715423676,74.50011804624674,44,18.905821185846115,5
3252,8147,XD_8147_CA_BAKERSFIELD.YZER,2026,6,2026-06-05,52.856236575473176,75.95866982123933,44,18.485691826160647,5
3253,8147,XD_8147_CA_BAKERSFIELD.YZER,2026,6,2026-06-08,53.336448870462085,76.64877357289552,45,18.905821185846115,5
3254,8147,XD_8147_CA_BAKERSFIELD.YZER,2026,6,2026-06-09,52.99180601331923,76.15349402429236,44,18.905821185846115,5
3255,8147,XD_8147_CA_BAKERSFIELD.YZER,2026,6,2026-06-10,51.41529926602802,73.88792683209435,45,19.746079905217055,5
3256,8147,XD_8147_CA_BAKERSFIELD.YZER,2026,6,2026-06-11,51.90725006103516,74.59489975387785,45,19.325950545531587,5
3257,8147,XD_8147_CA_BAKERSFIELD.YZER,2026,6,2026-06-12,52.145286280864596,74.9369769769072,45,19.325950545531587,5
3258,8147,XD_8147_CA_BAKERSFIELD.YZER,2026,6,2026-06-15,36.47683895534939,52.420155990023794,44,18.485691826160647,5
3259,8147,XD_8147_CA_BAKERSFIELD.YZER,2026,6,2026-06-22,54.97197748049341,78.99915993638868,42,17.64543310678971,5
3260,8147,XD_8147_CA_BAKERSFIELD.YZER,2026,6,2026-06-23,51.48493759323414,73.98800271804207,45,19.325950545531587,5
3261,8147,XD_8147_CA_BAKERSFIELD.YZER,2026,6,2026-06-24,52.37179836234661,75.26249308479821,43,18.90582118584612,5
3262,8147,XD_8147_CA_BAKERSFIELD.YZER,2026,6,2026-06-25,51.25000352061879,73.65038353045448,45,19.325950545531587,5
3263,8147,XD_8147_CA_BAKERSFIELD.YZER,2026,6,2026-06-26,51.25000352061879,73.65038353045448,45,19.325950545531587,5
3264,8147,XD_8147_CA_BAKERSFIELD.YZER,2026,6,2026-06-29,54.67005731088144,78.56527633131623,42,17.64543310678971,5
3265,8147,XD_8147_CA_BAKERSFIELD.YZER,2026,6,2026-06-30,51.36287741767036,73.81259241313447,45,19.325950545531587,5
3266,8147,XD_8147_CA_LOSANGELES.YZER,2026,5,2026-05-01,32.286317555125535,29.615046154962375,616,237.09933616880193,57
3267,8147,XD_8147_CA_LOSANGELES.YZER,2026,5,2026-05-04,51.101058941675596,46.87311324808938,620,238.24844442163942,57
3268,8147,XD_8147_CA_LOSANGELES.YZER,2026,5,2026-05-05,51.42321733126658,47.16861723551859,617,237.48237225308108,56
3269,8147,XD_8147_CA_LOSANGELES.YZER,2026,5,2026-05-06,53.11447443049703,48.71994488284474,624,240.54666092731438,57
3270,8147,XD_8147_CA_LOSANGELES.YZER,2026,5,2026-05-07,53.27966312165711,48.87146636573391,609,234.41808357884779,57
3271,8147,XD_8147_CA_LOSANGELES.YZER,2026,5,2026-05-08,53.69561919197772,49.25300749999145,605,232.88593924173114,57
3272,8147,XD_8147_CA_LOSANGELES.YZER,2026,5,2026-05-11,50.54262781484939,46.36088500877133,609,233.65201141028945,57
3273,8147,XD_8147_CA_LOSANGELES.YZER,2026,5,2026-05-12,48.91642552970091,44.86922973870996,634,243.99398568582686,57
3274,8147,XD_8147_CA_LOSANGELES.YZER,2026,5,2026-05-13,49.06560177850652,45.00606359986676,630,243.22791351726852,57
3275,8147,XD_8147_CA_LOSANGELES.YZER,2026,5,2026-05-14,53.473670008288785,49.04942171453353,615,236.71630008452274,57
3276,8147,XD_8147_CA_LOSANGELES.YZER,2026,5,2026-05-15,49.81312084356639,45.691735218367825,615,237.09933616880193,57
3277,8147,XD_8147_CA_LOSANGELES.YZER,2026,5,2026-05-18,51.50059911825145,47.239596689561246,604,232.1198670731728,57
3278,8147,XD_8147_CA_LOSANGELES.YZER,2026,5,2026-05-19,51.42134767533733,47.166902269216095,634,243.99398568582686,57
3279,8147,XD_8147_CA_LOSANGELES.YZER,2026,5,2026-05-20,50.44636196878176,46.27258390507402,622,239.78058875875607,57
3280,8147,XD_8147_CA_LOSANGELES.YZER,2026,5,2026-05-21,50.94265347140221,46.727813763088186,604,232.50290315745195,56
3281,8147,XD_8147_CA_LOSANGELES.YZER,2026,5,2026-05-22,51.35998746718653,47.11061881746099,602,231.73683098889364,57
3282,8147,XD_8147_CA_LOSANGELES.YZER,2026,5,2026-05-26,53.70675266117366,49.263219819917374,616,236.71630008452274,57
3283,8147,XD_8147_CA_LOSANGELES.YZER,2026,5,2026-05-27,52.90155336552856,48.5246402571116,629,242.4618413487102,57
3284,8147,XD_8147_CA_LOSANGELES.YZER,2026,5,2026-05-28,53.79772123461908,49.346661931165805,609,234.41808357884779,57
3285,8147,XD_8147_CA_LOSANGELES.YZER,2026,5,2026-05-29,54.44289875668877,49.93845943367178,626,240.92969701159353,57
3286,8147,XD_8147_CA_LOSANGELES.YZER,2026,6,2026-06-01,51.04835978916548,45.404048402566175,617,259.63994428562,57
3287,8147,XD_8147_CA_LOSANGELES.YZER,2026,6,2026-06-02,50.72984788904365,45.12075370338968,622,262.1607204437328,57
3288,8147,XD_8147_CA_LOSANGELES.YZER,2026,6,2026-06-03,50.34595231611914,44.779304668659,625,264.2613672421602,57
3289,8147,XD_8147_CA_LOSANGELES.YZER,2026,6,2026-06-04,51.176916195615945,45.5183905934817,618,260.90033236467644,57
3290,8147,XD_8147_CA_LOSANGELES.YZER,2026,6,2026-06-05,50.998330693552845,45.35955092041173,614,259.63994428562,57
3291,8147,XD_8147_CA_LOSANGELES.YZER,2026,6,2026-06-08,50.62768051091103,45.02988276060023,617,260.4802030049909,57
3292,8147,XD_8147_CA_LOSANGELES.YZER,2026,6,2026-06-09,50.4641140606073,44.88440151385109,618,260.90033236467644,57
3293,8147,XD_8147_CA_LOSANGELES.YZER,2026,6,2026-06-10,51.82690887720886,46.096514930840364,622,263.00097916310375,57
3294,8147,XD_8147_CA_LOSANGELES.YZER,2026,6,2026-06-11,50.1683255457806,44.62131772233297,618,260.90033236467644,57
3295,8147,XD_8147_CA_LOSANGELES.YZER,2026,6,2026-06-12,52.03753300337763,46.28385078372206,608,256.6990387678217,57
3296,8147,XD_8147_CA_LOSANGELES.YZER,2026,6,2026-06-15,32.971638610760415,29.326032835880053,597,252.49774517096702,56
3297,8147,XD_8147_CA_LOSANGELES.YZER,2026,6,2026-06-22,53.30981844825388,47.415462262712275,591,248.71658093379781,57
3298,8147,XD_8147_CA_LOSANGELES.YZER,2026,6,2026-06-23,50.09931232586424,44.55993515117024,618,260.90033236467644,57
3299,8147,XD_8147_CA_LOSANGELES.YZER,2026,6,2026-06-24,49.834251289854585,44.324181364793525,621,262.5808498034183,57
3300,8147,XD_8147_CA_LOSANGELES.YZER,2026,6,2026-06-25,49.96828621517601,44.44339632609811,614,259.21981492593454,57
3301,8147,XD_8147_CA_LOSANGELES.YZER,2026,6,2026-06-26,49.76538075484478,44.26292570216282,621,262.1607204437328,57
3302,8147,XD_8147_CA_LOSANGELES.YZER,2026,6,2026-06-29,55.81531641459997,49.64393250948117,595,250.81722773222515,57
3303,8147,XD_8147_CA_LOSANGELES.YZER,2026,6,2026-06-30,49.7063224969817,44.21039739352252,625,263.84123788247473,57
3304,8147,XD_8147_CA_ONTARIO.YZER,2026,5,2026-05-01,46.17631063720051,38.362226236339744,275,128.2612366055924,28
3305,8147,XD_8147_CA_ONTARIO.YZER,2026,5,2026-05-04,63.70906201042961,52.928036398389715,280,130.5764213818666,28
3306,8147,XD_8147_CA_ONTARIO.YZER,2026,5,2026-05-05,64.3636772376894,53.471875806505224,281,130.5764213818666,28
3307,8147,XD_8147_CA_ONTARIO.YZER,2026,5,2026-05-06,63.006630384926495,52.34447221664234,278,130.11338442661176,28
3308,8147,XD_8147_CA_ONTARIO.YZER,2026,5,2026-05-07,62.955145082959234,52.301699401433424,278,130.11338442661176,28
3309,8147,XD_8147_CA_ONTARIO.YZER,2026,5,2026-05-08,65.66646665129193,54.55420355277314,278,129.18731051610206,28
3310,8147,XD_8147_CA_ONTARIO.YZER,2026,5,2026-05-11,66.7988106565546,55.494929139287485,277,128.72427356084722,28
3311,8147,XD_8147_CA_ONTARIO.YZER,2026,5,2026-05-12,61.4569836176013,51.057061008293246,279,130.5764213818666,28
3312,8147,XD_8147_CA_ONTARIO.YZER,2026,5,2026-05-13,63.43242038000712,52.69820883819248,278,129.65034747135692,28
3313,8147,XD_8147_CA_ONTARIO.YZER,2026,5,2026-05-14,65.8874643899177,54.73780343613088,278,129.18731051610206,28
3314,8147,XD_8147_CA_ONTARIO.YZER,2026,5,2026-05-15,65.19948447658176,54.166245407408944,273,126.87212573982784,28
3315,8147,XD_8147_CA_ONTARIO.YZER,2026,5,2026-05-18,62.93663421005097,52.28632099019745,280,131.03945833712146,28
3316,8147,XD_8147_CA_ONTARIO.YZER,2026,5,2026-05-19,64.3583926313681,53.46748547604204,281,130.5764213818666,28
3317,8147,XD_8147_CA_ONTARIO.YZER,2026,5,2026-05-20,64.08346965364618,53.239085733329816,272,127.33516269508269,28
3318,8147,XD_8147_CA_ONTARIO.YZER,2026,5,2026-05-21,64.15466486449482,53.29823309152778,284,131.96553224763113,28
3319,8147,XD_8147_CA_ONTARIO.YZER,2026,5,2026-05-22,62.8716299239519,52.23231691115232,276,129.18731051610206,28
3320,8147,XD_8147_CA_ONTARIO.YZER,2026,5,2026-05-26,65.57955754867157,54.482001451507095,279,130.5764213818666,28
3321,8147,XD_8147_CA_ONTARIO.YZER,2026,5,2026-05-27,67.91850679744769,56.42514716840593,274,127.33516269508269,28
3322,8147,XD_8147_CA_ONTARIO.YZER,2026,5,2026-05-28,67.828317220642,56.35021972396883,276,128.2612366055924,28
3323,8147,XD_8147_CA_ONTARIO.YZER,2026,5,2026-05-29,66.33567960027284,55.110170415323026,280,130.5764213818666,28
3324,8147,XD_8147_CA_ONTARIO.YZER,2026,6,2026-06-01,64.06495799536881,52.954385743441264,275,129.03342555306995,28
3325,8147,XD_8147_CA_ONTARIO.YZER,2026,6,2026-06-02,64.34978970123045,53.189820035386795,283,132.2941980399706,28
3326,8147,XD_8147_CA_ONTARIO.YZER,2026,6,2026-06-03,64.87689552117826,53.62551164887613,277,129.49925019405575,28
3327,8147,XD_8147_CA_ONTARIO.YZER,2026,6,2026-06-04,67.49878244868746,55.79269346057801,276,129.03342555306995,28
3328,8147,XD_8147_CA_ONTARIO.YZER,2026,6,2026-06-05,62.80480718982939,51.91277869429177,273,128.56760091208412,28
3329,8147,XD_8147_CA_ONTARIO.YZER,2026,6,2026-06-08,63.877979945032735,52.79983467351364,274,129.03342555306995,28
3330,8147,XD_8147_CA_ONTARIO.YZER,2026,6,2026-06-09,61.84075054059205,51.11591517826582,283,133.22584732194224,28
3331,8147,XD_8147_CA_ONTARIO.YZER,2026,6,2026-06-10,62.50476372112512,51.66477076485997,274,129.49925019405575,28
3332,8147,XD_8147_CA_ONTARIO.YZER,2026,6,2026-06-11,64.1632442205769,53.03562651602262,275,129.03342555306995,28
3333,8147,XD_8147_CA_ONTARIO.YZER,2026,6,2026-06-12,65.31911319393033,53.99103698375848,273,127.6359516301125,28
3334,8147,XD_8147_CA_ONTARIO.YZER,2026,6,2026-06-15,47.605852441806014,39.349728037455,267,125.30682842518344,28
3335,8147,XD_8147_CA_ONTARIO.YZER,2026,6,2026-06-22,63.06431456089542,52.127280566464854,282,131.8283733989848,28
3336,8147,XD_8147_CA_ONTARIO.YZER,2026,6,2026-06-23,61.693049151376144,50.99382914895872,279,130.89672411701318,28
3337,8147,XD_8147_CA_ONTARIO.YZER,2026,6,2026-06-24,66.70668172510958,55.137964126844054,274,128.10177627109832,28
3338,8147,XD_8147_CA_ONTARIO.YZER,2026,6,2026-06-25,63.70518163797989,52.65700420122719,276,129.03342555306995,28
3339,8147,XD_8147_CA_ONTARIO.YZER,2026,6,2026-06-26,61.52805937174128,50.85745299719192,277,130.43089947602738,28
3340,8147,XD_8147_CA_ONTARIO.YZER,2026,6,2026-06-29,64.75687663641379,53.52630723948942,276,129.03342555306995,28
3341,8147,XD_8147_CA_ONTARIO.YZER,2026,6,2026-06-30,62.86420718387256,51.96187714524131,286,133.69167196292807,28
3342,8147,XD_8147_CA_PALMSPRINGS.YZER,2026,5,2026-05-01,39.96099951850043,45.65809399860761,39,25.71671306688044,5
3343,8147,XD_8147_CA_PALMSPRINGS.YZER,2026,5,2026-05-04,127.63095951128024,145.82684158840058,42,27.645466546896472,6
3344,8147,XD_8147_CA_PALMSPRINGS.YZER,2026,5,2026-05-05,45.967234004079394,52.520615507692575,59,38.57506960032066,6
3345,8147,XD_8147_CA_PALMSPRINGS.YZER,2026,5,2026-05-06,51.87946665345038,59.27573368039105,48,31.50297350692854,6
3346,8147,XD_8147_CA_PALMSPRINGS.YZER,2026,5,2026-05-07,53.73965383820894,61.401120992021994,46,30.217137853584518,6
3347,8147,XD_8147_CA_PALMSPRINGS.YZER,2026,5,2026-05-08,52.58350707804135,60.08014658978066,46,30.217137853584518,6
3348,8147,XD_8147_CA_PALMSPRINGS.YZER,2026,5,2026-05-11,52.429123755126255,59.903753397558056,46,30.217137853584518,6
3349,8147,XD_8147_CA_PALMSPRINGS.YZER,2026,5,2026-05-12,45.11279549642625,51.54436280709641,60,39.21798742699267,6
3350,8147,XD_8147_CA_PALMSPRINGS.YZER,2026,5,2026-05-13,54.45783938931788,62.22169564721282,45,29.574220026912506,6
3351,8147,XD_8147_CA_PALMSPRINGS.YZER,2026,5,2026-05-14,50.6406713281553,57.860327807443035,49,32.14589133360055,6
3352,8147,XD_8147_CA_PALMSPRINGS.YZER,2026,5,2026-05-15,52.11230556406033,59.541767588332725,47,30.86005568025653,6
3353,8147,XD_8147_CA_PALMSPRINGS.YZER,2026,5,2026-05-18,52.095425557497265,59.52248106057717,48,31.50297350692854,6
3354,8147,XD_8147_CA_PALMSPRINGS.YZER,2026,5,2026-05-19,47.68034228727652,54.47795541326215,57,37.28923394697664,6
3355,8147,XD_8147_CA_PALMSPRINGS.YZER,2026,5,2026-05-20,53.95267424120468,61.64451093974086,46,30.217137853584518,6
3356,8147,XD_8147_CA_PALMSPRINGS.YZER,2026,5,2026-05-21,52.41224374856319,59.88446686980249,47,30.86005568025653,6
3357,8147,XD_8147_CA_PALMSPRINGS.YZER,2026,5,2026-05-22,52.79946598208823,60.32689396996678,46,30.217137853584518,6
3358,8147,XD_8147_CA_PALMSPRINGS.YZER,2026,5,2026-05-26,51.520719722712755,58.8658415034512,57,37.28923394697664,6
3359,8147,XD_8147_CA_PALMSPRINGS.YZER,2026,5,2026-05-27,55.902339198298556,63.87213254454008,48,31.50297350692854,6
3360,8147,XD_8147_CA_PALMSPRINGS.YZER,2026,5,2026-05-28,55.63832403907694,63.570477703518975,49,32.14589133360055,6
3361,8147,XD_8147_CA_PALMSPRINGS.YZER,2026,5,2026-05-29,55.902339198298556,63.87213254454008,48,31.50297350692854,6
3362,8147,XD_8147_CA_PALMSPRINGS.YZER,2026,6,2026-06-01,54.20161777095473,60.556237973298586,48,31.322595406793024,6
3363,8147,XD_8147_CA_PALMSPRINGS.YZER,2026,6,2026-06-02,48.64443444981027,54.347528169127315,59,38.354198457297585,6
3364,8147,XD_8147_CA_PALMSPRINGS.YZER,2026,6,2026-06-03,54.003830411332665,60.33526194140231,48,31.322595406793024,6
3365,8147,XD_8147_CA_PALMSPRINGS.YZER,2026,6,2026-06-04,55.206211363713614,61.67861053654258,47,30.683358765838065,6
3366,8147,XD_8147_CA_PALMSPRINGS.YZER,2026,6,2026-06-05,55.206211363713614,61.67861053654258,47,30.683358765838065,6
3367,8147,XD_8147_CA_PALMSPRINGS.YZER,2026,6,2026-06-08,56.19425825319413,62.7824964541364,45,29.404885483928147,6
3368,8147,XD_8147_CA_PALMSPRINGS.YZER,2026,6,2026-06-09,47.23430923878511,52.77207929208759,60,38.99343509825254,6
3369,8147,XD_8147_CA_PALMSPRINGS.YZER,2026,6,2026-06-10,52.910168564292576,59.11337872471413,47,30.683358765838065,6
3370,8147,XD_8147_CA_PALMSPRINGS.YZER,2026,6,2026-06-11,53.78937629097345,60.09566513081068,47,30.683358765838065,6
3371,8147,XD_8147_CA_PALMSPRINGS.YZER,2026,6,2026-06-12,53.292353758520015,59.54037147001019,46,30.044122124883106,6
3372,8147,XD_8147_CA_PALMSPRINGS.YZER,2026,6,2026-06-15,45.21855858696832,50.52000119578284,47,30.683358765838065,6
3373,8147,XD_8147_CA_PALMSPRINGS.YZER,2026,6,2026-06-22,53.71560340404441,60.01324307994625,46,30.044122124883106,6
3374,8147,XD_8147_CA_PALMSPRINGS.YZER,2026,6,2026-06-23,46.18890182547174,51.60410787899854,60,38.99343509825254,6
3375,8147,XD_8147_CA_PALMSPRINGS.YZER,2026,6,2026-06-24,51.564832919967806,57.610315370111664,49,31.961832047747983,6
3376,8147,XD_8147_CA_PALMSPRINGS.YZER,2026,6,2026-06-25,52.99811760242469,59.21163894464258,47,30.683358765838065,6
3377,8147,XD_8147_CA_PALMSPRINGS.YZER,2026,6,2026-06-26,49.46168798666082,55.26059685041975,51,33.2403053296579,6
3378,8147,XD_8147_CA_PALMSPRINGS.YZER,2026,6,2026-06-29,52.82628290112365,59.01965827151897,46,30.044122124883106,6
3379,8147,XD_8147_CA_PALMSPRINGS.YZER,2026,6,2026-06-30,47.2592499341667,52.79994404496508,59,38.354198457297585,6
3380,8147,XD_8147_CA_SANDIEGO.YZER,2026,5,2026-05-01,35.06640411292421,31.252933072148736,236,101.7987522254867,22
3381,8147,XD_8147_CA_SANDIEGO.YZER,2026,5,2026-05-04,48.40930910129529,43.144797297711236,237,102.22468842726698,21
3382,8147,XD_8147_CA_SANDIEGO.YZER,2026,5,2026-05-05,49.18549538101539,43.83657332850967,231,99.66907121658531,21
3383,8147,XD_8147_CA_SANDIEGO.YZER,2026,5,2026-05-06,48.8059558672052,43.49830873242654,235,101.37281602370642,21
3384,8147,XD_8147_CA_SANDIEGO.YZER,2026,5,2026-05-07,48.885084722447246,43.56883232557831,232,100.09500741836558,21
3385,8147,XD_8147_CA_SANDIEGO.YZER,2026,5,2026-05-08,49.14140559920295,43.797278309958216,232,100.09500741836558,21
3386,8147,XD_8147_CA_SANDIEGO.YZER,2026,5,2026-05-11,49.308217045734345,43.945949013613074,234,100.52094362014586,21
3387,8147,XD_8147_CA_SANDIEGO.YZER,2026,5,2026-05-12,48.421983924305586,43.156093733866086,235,101.37281602370642,21
3388,8147,XD_8147_CA_SANDIEGO.YZER,2026,5,2026-05-13,49.4202584514501,44.04580591775608,230,99.24313501480502,21
3389,8147,XD_8147_CA_SANDIEGO.YZER,2026,5,2026-05-14,48.26132963579424,43.01291059736798,233,100.52094362014586,21
3390,8147,XD_8147_CA_SANDIEGO.YZER,2026,5,2026-05-15,48.04928538767265,42.8239261587715,232,100.52094362014586,21
3391,8147,XD_8147_CA_SANDIEGO.YZER,2026,5,2026-05-18,48.764852235056864,43.461675119797846,239,103.07656083082753,21
3392,8147,XD_8147_CA_SANDIEGO.YZER,2026,5,2026-05-19,50.052865323333194,44.60961679965534,233,100.52094362014586,21
3393,8147,XD_8147_CA_SANDIEGO.YZER,2026,5,2026-05-20,49.92209493099123,44.49306768596461,228,98.81719881302475,21
3394,8147,XD_8147_CA_SANDIEGO.YZER,2026,5,2026-05-21,50.254181811821724,44.78904012235448,227,97.96532640946418,21
3395,8147,XD_8147_CA_SANDIEGO.YZER,2026,5,2026-05-22,49.33677092232436,43.97139765645494,233,100.52094362014586,21
3396,8147,XD_8147_CA_SANDIEGO.YZER,2026,5,2026-05-26,50.87327155838286,45.34080386615386,243,104.78030563794866,21
3397,8147,XD_8147_CA_SANDIEGO.YZER,2026,5,2026-05-27,52.29211337858514,46.605346654856966,233,100.52094362014586,21
3398,8147,XD_8147_CA_SANDIEGO.YZER,2026,5,2026-05-28,76.22003790519457,67.93110966658055,214,92.00221958454028,21
3399,8147,XD_8147_CA_SANDIEGO.YZER,2026,5,2026-05-29,51.62067195520626,46.00692447848691,236,101.7987522254867,21
3400,8147,XD_8147_CA_SANDIEGO.YZER,2026,6,2026-06-01,48.281929670130474,42.50969437749702,237,100.83104632451263,21
3401,8147,XD_8147_CA_SANDIEGO.YZER,2026,6,2026-06-02,48.14857534853637,42.39228292576727,238,101.2511756841981,21
3402,8147,XD_8147_CA_SANDIEGO.YZER,2026,6,2026-06-03,50.22051176419036,44.2165137384298,228,97.0498820873434,21
3403,8147,XD_8147_CA_SANDIEGO.YZER,2026,6,2026-06-04,50.015423588523966,44.03594440891913,231,98.31027016639982,21
3404,8147,XD_8147_CA_SANDIEGO.YZER,2026,6,2026-06-05,50.28598138622279,44.27415629005571,227,96.62975272765793,21
3405,8147,XD_8147_CA_SANDIEGO.YZER,2026,6,2026-06-08,49.154773487341444,43.27818735535496,234,99.99078760514169,21
3406,8147,XD_8147_CA_SANDIEGO.YZER,2026,6,2026-06-09,49.439545010904155,43.52891367298088,235,99.99078760514169,21
3407,8147,XD_8147_CA_SANDIEGO.YZER,2026,6,2026-06-10,51.223527992292844,45.09961666334633,225,95.789494008287,21
3408,8147,XD_8147_CA_SANDIEGO.YZER,2026,6,2026-06-11,49.29400932221334,43.400777169540895,230,98.31027016639982,21
3409,8147,XD_8147_CA_SANDIEGO.YZER,2026,6,2026-06-12,49.99300572820349,44.01620666443934,230,97.89014080671434,21
3410,8147,XD_8147_CA_SANDIEGO.YZER,2026,6,2026-06-15,33.61599586877624,29.597112632822792,233,98.73039952608528,21
3411,8147,XD_8147_CA_SANDIEGO.YZER,2026,6,2026-06-22,49.09441443730301,43.22504439301728,233,98.73039952608528,21
3412,8147,XD_8147_CA_SANDIEGO.YZER,2026,6,2026-06-23,49.069290656021266,43.20292422774653,230,98.3102701663998,21
3413,8147,XD_8147_CA_SANDIEGO.YZER,2026,6,2026-06-24,47.92071066217756,42.19166007902696,237,101.2511756841981,21
3414,8147,XD_8147_CA_SANDIEGO.YZER,2026,6,2026-06-25,49.71949907800335,43.775398474094494,231,98.31027016639982,21
3415,8147,XD_8147_CA_SANDIEGO.YZER,2026,6,2026-06-26,48.6172710060118,42.80494474958966,235,99.99078760514169,21
3416,8147,XD_8147_CA_SANDIEGO.YZER,2026,6,2026-06-29,50.106528844982165,44.11615778553191,230,97.89014080671434,21
3417,8147,XD_8147_CA_SANDIEGO.YZER,2026,6,2026-06-30,49.70894471203414,43.76610591112602,232,98.73039952608528,21
3418,8147,XD_8147_CA_SANTABARBARA.YZER,2026,5,2026-05-01,51.87729977914609,43.05810561980491,81,66.78116697516101,11
3419,8147,XD_8147_CA_SANTABARBARA.YZER,2026,5,2026-05-04,60.867140336687264,50.519664064051774,82,67.58575934835574,11
3420,8147,XD_8147_CA_SANTABARBARA.YZER,2026,5,2026-05-05,59.23497333520938,49.164967126509055,85,69.99953646793986,11
3421,8147,XD_8147_CA_SANTABARBARA.YZER,2026,5,2026-05-06,54.95216641268649,45.6102417725624,93,76.43627545349756,11
3422,8147,XD_8147_CA_SANTABARBARA.YZER,2026,5,2026-05-07,61.98477204634539,51.447297237007476,87,71.60872121432928,11
3423,8147,XD_8147_CA_SANTABARBARA.YZER,2026,5,2026-05-08,59.37734318512287,49.283133955945985,80,65.9765746019663,11
3424,8147,XD_8147_CA_SANTABARBARA.YZER,2026,5,2026-05-11,62.48482071897181,51.86233712251914,81,66.78116697516103,11
3425,8147,XD_8147_CA_SANTABARBARA.YZER,2026,5,2026-05-12,58.84787136739253,48.84367289016962,85,69.99953646793986,11
3426,8147,XD_8147_CA_SANTABARBARA.YZER,2026,5,2026-05-13,55.02498028086765,45.67067720848675,88,72.413313587524,11
3427,8147,XD_8147_CA_SANTABARBARA.YZER,2026,5,2026-05-14,61.31007471206044,50.88729914141036,80,65.9765746019663,11
3428,8147,XD_8147_CA_SANTABARBARA.YZER,2026,5,2026-05-15,60.252835768591666,50.00979190246287,80,65.9765746019663,11
3429,8147,XD_8147_CA_SANTABARBARA.YZER,2026,5,2026-05-18,59.69992841662801,49.55087936730452,83,68.39035172155045,11
3430,8147,XD_8147_CA_SANTABARBARA.YZER,2026,5,2026-05-19,59.84358073126295,49.67011064114518,83,68.39035172155045,11
3431,8147,XD_8147_CA_SANTABARBARA.YZER,2026,5,2026-05-20,54.25989986953207,45.035661251619736,91,74.82709070710813,11
3432,8147,XD_8147_CA_SANTABARBARA.YZER,2026,5,2026-05-21,62.55245996118012,51.918477624192285,80,65.9765746019663,11
3433,8147,XD_8147_CA_SANTABARBARA.YZER,2026,5,2026-05-22,60.748145015681196,50.42089806963892,84,69.19494409474515,11
3434,8147,XD_8147_CA_SANTABARBARA.YZER,2026,5,2026-05-26,68.27274412629299,56.666307615446726,79,65.1719822287716,11
3435,8147,XD_8147_CA_SANTABARBARA.YZER,2026,5,2026-05-27,58.79567994515195,48.80035406322895,92,75.63168308030285,11
3436,8147,XD_8147_CA_SANTABARBARA.YZER,2026,5,2026-05-28,68.05915928129667,56.489032413117506,82,67.58575934835574,11
3437,8147,XD_8147_CA_SANTABARBARA.YZER,2026,5,2026-05-29,64.17195417459972,53.26265616064177,81,66.78116697516103,11
3438,8147,XD_8147_CA_SANTABARBARA.YZER,2026,6,2026-06-01,59.88282156816459,49.91789460185088,82,66.19122620851296,11
3439,8147,XD_8147_CA_SANTABARBARA.YZER,2026,6,2026-06-02,59.34980368568188,49.473574682015666,83,66.97921699670954,11
3440,8147,XD_8147_CA_SANTABARBARA.YZER,2026,6,2026-06-03,58.721633197195814,48.9499362258593,92,74.0711340904788,11
3441,8147,XD_8147_CA_SANTABARBARA.YZER,2026,6,2026-06-04,64.31066813809525,53.608916043440246,82,66.19122620851296,11
3442,8147,XD_8147_CA_SANTABARBARA.YZER,2026,6,2026-06-05,63.478922613448574,52.91557888350678,78,63.03926305572663,11
3443,8147,XD_8147_CA_SANTABARBARA.YZER,2026,6,2026-06-08,61.19473130055088,51.01149323387019,82,66.19122620851296,11
3444,8147,XD_8147_CA_SANTABARBARA.YZER,2026,6,2026-06-09,61.348772836962105,51.1399011641834,82,66.19122620851296,11
3445,8147,XD_8147_CA_SANTABARBARA.YZER,2026,6,2026-06-10,55.29713409433614,46.095298104205376,92,74.0711340904788,11
3446,8147,XD_8147_CA_SANTABARBARA.YZER,2026,6,2026-06-11,58.794742058870796,49.0108792535254,83,66.97921699670954,11
3447,8147,XD_8147_CA_SANTABARBARA.YZER,2026,6,2026-06-12,66.86826222549357,55.74090830341984,78,63.03926305572663,11
3448,8147,XD_8147_CA_SANTABARBARA.YZER,2026,6,2026-06-15,47.524089244055375,39.61574314318707,83,66.97921699670954,11
3449,8147,XD_8147_CA_SANTABARBARA.YZER,2026,6,2026-06-22,61.14558756569203,50.970527365649815,82,66.19122620851296,11
3450,8147,XD_8147_CA_SANTABARBARA.YZER,2026,6,2026-06-23,58.27516618111528,48.57776449332759,86,69.3431893612993,11
3451,8147,XD_8147_CA_SANTABARBARA.YZER,2026,6,2026-06-24,52.71462039907871,43.94253303616404,94,75.64711566687195,11
3452,8147,XD_8147_CA_SANTABARBARA.YZER,2026,6,2026-06-25,61.811172246398655,51.5253540266197,79,63.827253843923216,11
3453,8147,XD_8147_CA_SANTABARBARA.YZER,2026,6,2026-06-26,61.811187900018645,51.525367075366105,80,64.6152446321198,11
3454,8147,XD_8147_CA_SANTABARBARA.YZER,2026,6,2026-06-29,59.83616349950541,49.87900076731432,82,66.19122620851296,11
3455,8147,XD_8147_CA_SANTABARBARA.YZER,2026,6,2026-06-30,60.3005327305181,50.266095659021246,82,66.19122620851296,11
3456,8148,XD_8148_GA_ALBANY.MDGA,2026,5,2026-05-01,26.371950828209126,21.349053292460965,79,127.59182801730267,18
3457,8148,XD_8148_GA_ALBANY.MDGA,2026,5,2026-05-04,26.371950828209126,21.349053292460965,77,124.36165515610514,18
3458,8148,XD_8148_GA_ALBANY.MDGA,2026,5,2026-05-05,26.38917302076148,21.36299528367005,77,124.36165515610513,18
3459,8148,XD_8148_GA_ALBANY.MDGA,2026,5,2026-05-06,26.755112022319167,21.65923621392722,75,121.1314822949076,18
3460,8148,XD_8148_GA_ALBANY.MDGA,2026,5,2026-05-07,26.755112022319167,21.65923621392722,76,122.74656872550636,18
3461,8148,XD_8148_GA_ALBANY.MDGA,2026,5,2026-05-08,26.755112022319167,21.65923621392722,78,125.9767415867039,18
3462,8148,XD_8148_GA_ALBANY.MDGA,2026,5,2026-05-11,26.755112022319167,21.65923621392722,78,125.9767415867039,18
3463,8148,XD_8148_GA_ALBANY.MDGA,2026,5,2026-05-12,26.755112022319167,21.65923621392722,80,129.20691444790143,18
3464,8148,XD_8148_GA_ALBANY.MDGA,2026,5,2026-05-13,26.755112022319167,21.65923621392722,76,122.74656872550636,18
3465,8148,XD_8148_GA_ALBANY.MDGA,2026,5,2026-05-14,26.755112022319167,21.65923621392722,81,130.8220008785002,18
3466,8148,XD_8148_GA_ALBANY.MDGA,2026,5,2026-05-15,26.820323661521627,21.712027407483248,76,122.74656872550636,18
3467,8148,XD_8148_GA_ALBANY.MDGA,2026,5,2026-05-18,26.820323661521627,21.712027407483248,79,127.59182801730267,18
3468,8148,XD_8148_GA_ALBANY.MDGA,2026,5,2026-05-19,26.820323661521627,21.712027407483248,78,125.9767415867039,18
3469,8148,XD_8148_GA_ALBANY.MDGA,2026,5,2026-05-20,26.820323661521627,21.712027407483248,76,122.74656872550636,18
3470,8148,XD_8148_GA_ALBANY.MDGA,2026,5,2026-05-21,26.820323661521627,21.712027407483248,77,124.36165515610513,18
3471,8148,XD_8148_GA_ALBANY.MDGA,2026,5,2026-05-22,26.820323661521627,21.712027407483248,76,122.74656872550636,18
3472,8148,XD_8148_GA_ALBANY.MDGA,2026,5,2026-05-26,26.820323661521627,21.712027407483248,79,127.59182801730267,18
3473,8148,XD_8148_GA_ALBANY.MDGA,2026,5,2026-05-27,26.820323661521627,21.712027407483248,77,124.36165515610513,18
3474,8148,XD_8148_GA_ALBANY.MDGA,2026,5,2026-05-28,26.820323661521627,21.712027407483248,79,127.59182801730267,18
3475,8148,XD_8148_GA_ALBANY.MDGA,2026,5,2026-05-29,26.820323661521627,21.712027407483248,77,124.36165515610514,18
3476,8148,XD_8148_GA_ALBANY.MDGA,2026,6,2026-06-01,26.820323661521627,22.095603770743438,75,116.25764014475585,18
3477,8148,XD_8148_GA_ALBANY.MDGA,2026,6,2026-06-02,26.820323661521627,22.095603770743438,78,120.90794575054609,18
3478,8148,XD_8148_GA_ALBANY.MDGA,2026,6,2026-06-03,26.57004663679335,21.889416028898605,78,120.90794575054609,18
3479,8148,XD_8148_GA_ALBANY.MDGA,2026,6,2026-06-04,26.57004663679335,21.889416028898605,75,116.25764014475585,18
3480,8148,XD_8148_GA_ALBANY.MDGA,2026,6,2026-06-05,26.57004663679335,21.889416028898605,79,122.45804761914283,18
3481,8148,XD_8148_GA_ALBANY.MDGA,2026,6,2026-06-08,26.57004663679335,21.889416028898605,75,116.25764014475585,18
3482,8148,XD_8148_GA_ALBANY.MDGA,2026,6,2026-06-09,26.57004663679335,21.889416028898605,76,117.8077420133526,18
3483,8148,XD_8148_GA_ALBANY.MDGA,2026,6,2026-06-10,26.483147797761138,21.81782545677781,77,119.35784388194935,18
3484,8148,XD_8148_GA_ALBANY.MDGA,2026,6,2026-06-11,26.3113885279055,21.676323630827543,77,119.35784388194935,18
3485,8148,XD_8148_GA_ALBANY.MDGA,2026,6,2026-06-12,26.3113885279055,21.676323630827543,76,117.8077420133526,18
3486,8148,XD_8148_GA_ALBANY.MDGA,2026,6,2026-06-15,30.582036707136368,25.194646198571622,76,117.8077420133526,18
3487,8148,XD_8148_GA_ALBANY.MDGA,2026,6,2026-06-16,30.062619901081874,24.766730857829085,78,124.00814948773959,18
3488,8148,XD_8148_GA_ALBANY.MDGA,2026,6,2026-06-17,26.3113885279055,21.676323630827543,75,116.25764014475585,18
3489,8148,XD_8148_GA_ALBANY.MDGA,2026,6,2026-06-18,26.3113885279055,21.676323630827543,78,120.90794575054609,18
3490,8148,XD_8148_GA_ALBANY.MDGA,2026,6,2026-06-19,26.3113885279055,21.676323630827543,74,114.70753827615911,18
3491,8148,XD_8148_GA_ALBANY.MDGA,2026,6,2026-06-22,26.3113885279055,21.676323630827543,75,116.25764014475585,18
3492,8148,XD_8148_GA_ALBANY.MDGA,2026,6,2026-06-23,26.06120432747735,21.470212361175285,79,122.45804761914283,18
3493,8148,XD_8148_GA_ALBANY.MDGA,2026,6,2026-06-24,26.06120432747735,21.470212361175285,78,120.90794575054609,18
3494,8148,XD_8148_GA_ALBANY.MDGA,2026,6,2026-06-25,26.06120432747735,21.470212361175285,76,117.8077420133526,18
3495,8148,XD_8148_GA_ALBANY.MDGA,2026,6,2026-06-26,26.06120432747735,21.470212361175285,77,119.35784388194935,18
3496,8148,XD_8148_GA_ALBANY.MDGA,2026,6,2026-06-29,26.06120432747735,21.470212361175285,79,122.45804761914283,18
3497,8148,XD_8148_GA_ALBANY.MDGA,2026,6,2026-06-30,26.18638978181062,21.573344904679107,77,119.35784388194935,18
3498,8148,XD_8148_GA_FORESTPARK.MDGA,2026,5,2026-05-01,22.3342863058115,21.43889073371114,35,35.846601851683204,7
3499,8148,XD_8148_GA_FORESTPARK.MDGA,2026,5,2026-05-04,21.913095837547665,21.034586055981666,36,37.63893194426736,7
3500,8148,XD_8148_GA_FORESTPARK.MDGA,2026,5,2026-05-05,21.913095837547665,21.034586055981666,38,39.43126203685152,7
3501,8148,XD_8148_GA_FORESTPARK.MDGA,2026,5,2026-05-06,22.23166665576753,21.340385169920108,36,37.63893194426736,7
3502,8148,XD_8148_GA_FORESTPARK.MDGA,2026,5,2026-05-07,22.658961035988547,21.75054904994092,35,35.846601851683204,7
3503,8148,XD_8148_GA_FORESTPARK.MDGA,2026,5,2026-05-08,22.23166665576753,21.340385169920108,33,34.95043680539112,7
3504,8148,XD_8148_GA_FORESTPARK.MDGA,2026,5,2026-05-11,22.658961035988547,21.75054904994092,36,36.74276689797528,7
3505,8148,XD_8148_GA_FORESTPARK.MDGA,2026,5,2026-05-12,22.658961035988547,21.75054904994092,35,36.74276689797528,7
3506,8148,XD_8148_GA_FORESTPARK.MDGA,2026,5,2026-05-13,22.23166665576753,21.340385169920108,37,37.63893194426736,7
3507,8148,XD_8148_GA_FORESTPARK.MDGA,2026,5,2026-05-14,22.658961035988547,21.75054904994092,34,34.95043680539112,7
3508,8148,XD_8148_GA_FORESTPARK.MDGA,2026,5,2026-05-15,22.658961035988547,21.75054904994092,33,34.05427175909904,7
3509,8148,XD_8148_GA_FORESTPARK.MDGA,2026,5,2026-05-18,22.23166665576753,21.340385169920108,34,35.846601851683204,7
3510,8148,XD_8148_GA_FORESTPARK.MDGA,2026,5,2026-05-19,22.658961035988547,21.75054904994092,32,33.15810671280696,7
3511,8148,XD_8148_GA_FORESTPARK.MDGA,2026,5,2026-05-20,21.870109872503598,20.99332342528712,36,36.74276689797528,7
3512,8148,XD_8148_GA_FORESTPARK.MDGA,2026,5,2026-05-21,22.23166665576753,21.340385169920108,36,37.63893194426736,7
3513,8148,XD_8148_GA_FORESTPARK.MDGA,2026,5,2026-05-22,22.23166665576753,21.340385169920108,34,35.8466018516832,7
3514,8148,XD_8148_GA_FORESTPARK.MDGA,2026,5,2026-05-26,23.171714292253768,22.242745705965884,35,34.95043680539112,7
3515,8148,XD_8148_GA_FORESTPARK.MDGA,2026,5,2026-05-27,22.658961035988547,21.75054904994092,37,37.63893194426736,7
3516,8148,XD_8148_GA_FORESTPARK.MDGA,2026,5,2026-05-28,22.658961035988547,21.75054904994092,35,35.846601851683204,7
3517,8148,XD_8148_GA_FORESTPARK.MDGA,2026,5,2026-05-29,22.23166665576753,21.340385169920108,34,35.846601851683204,7
3518,8148,XD_8148_GA_FORESTPARK.MDGA,2026,6,2026-06-01,22.23166665576753,22.157041714493555,36,36.07271277424701,7
3519,8148,XD_8148_GA_FORESTPARK.MDGA,2026,6,2026-06-02,22.658961035988547,22.582901797478815,37,36.07271277424701,7
3520,8148,XD_8148_GA_FORESTPARK.MDGA,2026,6,2026-06-03,22.548830775471476,22.47314121074063,35,34.35496454690191,7
3521,8148,XD_8148_GA_FORESTPARK.MDGA,2026,6,2026-06-04,22.548830775471476,22.47314121074063,34,33.49609043322937,7
3522,8148,XD_8148_GA_FORESTPARK.MDGA,2026,6,2026-06-05,22.548830775471476,22.47314121074063,30,30.919468092211723,7
3523,8148,XD_8148_GA_FORESTPARK.MDGA,2026,6,2026-06-08,22.548830775471476,22.47314121074063,35,34.35496454690191,7
3524,8148,XD_8148_GA_FORESTPARK.MDGA,2026,6,2026-06-09,22.123571032569522,22.04930893541596,37,36.07271277424701,7
3525,8148,XD_8148_GA_FORESTPARK.MDGA,2026,6,2026-06-10,21.913095837547665,21.83954024158951,36,35.21383866057446,7
3526,8148,XD_8148_GA_FORESTPARK.MDGA,2026,6,2026-06-11,21.556703902862886,21.48434460620195,35,35.21383866057446,7
3527,8148,XD_8148_GA_FORESTPARK.MDGA,2026,6,2026-06-12,21.556703902862886,21.48434460620195,35,35.21383866057446,7
3528,8148,XD_8148_GA_FORESTPARK.MDGA,2026,6,2026-06-15,26.54619098844982,26.457083501627782,35,34.35496454690191,7
3529,8148,XD_8148_GA_FORESTPARK.MDGA,2026,6,2026-06-16,27.509215221183783,27.416875154999794,36,36.07271277424701,7
3530,8148,XD_8148_GA_FORESTPARK.MDGA,2026,6,2026-06-17,21.81214323497954,21.73892650619472,38,36.93158688791956,7
3531,8148,XD_8148_GA_FORESTPARK.MDGA,2026,6,2026-06-18,22.23129906592431,22.1566753585376,36,35.21383866057446,7
3532,8148,XD_8148_GA_FORESTPARK.MDGA,2026,6,2026-06-19,22.23129906592431,22.1566753585376,31,31.77834220588427,7
3533,8148,XD_8148_GA_FORESTPARK.MDGA,2026,6,2026-06-22,22.23129906592431,22.1566753585376,32,31.77834220588427,7
3534,8148,XD_8148_GA_FORESTPARK.MDGA,2026,6,2026-06-23,22.119740597613447,22.045491358064677,36,35.21383866057446,7
3535,8148,XD_8148_GA_FORESTPARK.MDGA,2026,6,2026-06-24,22.119740597613447,22.045491358064677,37,36.07271277424701,7
3536,8148,XD_8148_GA_FORESTPARK.MDGA,2026,6,2026-06-25,22.119740597613447,22.045491358064677,35,34.35496454690191,7
3537,8148,XD_8148_GA_FORESTPARK.MDGA,2026,6,2026-06-26,22.119740597613447,22.045491358064677,32,32.63721631955682,7
3538,8148,XD_8148_GA_FORESTPARK.MDGA,2026,6,2026-06-29,22.171190806797572,22.096768864549613,33,33.49609043322936,7
3539,8148,XD_8148_GA_FORESTPARK.MDGA,2026,6,2026-06-30,21.94416660354251,21.87050671247578,37,36.07271277424701,7
3540,8148,XD_8148_GA_MACON.MDGA,2026,5,2026-05-01,37.980526204694776,28.48221448006303,60,79.90787334707262,19
3541,8148,XD_8148_GA_MACON.MDGA,2026,5,2026-05-04,38.47066656413831,28.849778709367467,60,79.90787334707262,19
3542,8148,XD_8148_GA_MACON.MDGA,2026,5,2026-05-05,39.99833321153071,29.995400780809202,62,82.57146912530837,19
3543,8148,XD_8148_GA_MACON.MDGA,2026,5,2026-05-06,37.40426857150786,28.050069506195488,63,83.90326701442625,19
3544,8148,XD_8148_GA_MACON.MDGA,2026,5,2026-05-07,39.02081545277646,29.26234431095261,59,78.57607545795474,19
3545,8148,XD_8148_GA_MACON.MDGA,2026,5,2026-05-08,37.52928905988994,28.14382440430589,63,83.90326701442625,19
3546,8148,XD_8148_GA_MACON.MDGA,2026,5,2026-05-11,39.02081545277646,29.26234431095261,59,78.57607545795474,19
3547,8148,XD_8148_GA_MACON.MDGA,2026,5,2026-05-12,38.52363998848095,28.889504342070364,61,81.2396712361905,19
3548,8148,XD_8148_GA_MACON.MDGA,2026,5,2026-05-13,38.34956102203904,28.758959693164126,59,78.57607545795474,19
3549,8148,XD_8148_GA_MACON.MDGA,2026,5,2026-05-14,37.78550398140622,28.33596414213599,61,81.2396712361905,19
3550,8148,XD_8148_GA_MACON.MDGA,2026,5,2026-05-15,38.52363998848095,28.88950434207037,60,79.90787334707262,19
3551,8148,XD_8148_GA_MACON.MDGA,2026,5,2026-05-18,39.02081545277646,29.26234431095261,57,75.91247967971898,19
3552,8148,XD_8148_GA_MACON.MDGA,2026,5,2026-05-19,38.1685146568413,28.62319007858305,62,82.57146912530837,19
3553,8148,XD_8148_GA_MACON.MDGA,2026,5,2026-05-20,37.90217065811157,28.423454380967566,62,82.57146912530837,19
3554,8148,XD_8148_GA_MACON.MDGA,2026,5,2026-05-21,38.05184798013596,28.535699839751477,63,83.90326701442625,19
3555,8148,XD_8148_GA_MACON.MDGA,2026,5,2026-05-22,38.52363998848095,28.889504342070364,60,79.90787334707262,19
3556,8148,XD_8148_GA_MACON.MDGA,2026,5,2026-05-26,38.52363998848095,28.889504342070364,59,78.57607545795474,19
3557,8148,XD_8148_GA_MACON.MDGA,2026,5,2026-05-27,38.52363998848095,28.88950434207037,61,81.2396712361905,19
3558,8148,XD_8148_GA_MACON.MDGA,2026,5,2026-05-28,38.1685146568413,28.62319007858305,60,79.90787334707262,19
3559,8148,XD_8148_GA_MACON.MDGA,2026,5,2026-05-29,38.1685146568413,28.623190078583058,64,85.23506490354413,19
3560,8148,XD_8148_GA_MACON.MDGA,2026,6,2026-06-01,37.69501421465511,28.066752680518192,61,81.24413968504084,19
3561,8148,XD_8148_GA_MACON.MDGA,2026,6,2026-06-02,38.1685146568413,28.41930911488582,61,79.93375033528211,19
3562,8148,XD_8148_GA_MACON.MDGA,2026,6,2026-06-03,38.65174604884365,28.77911096797862,61,79.93375033528211,19
3563,8148,XD_8148_GA_MACON.MDGA,2026,6,2026-06-04,38.65174604884365,28.77911096797862,59,77.31297163576467,19
3564,8148,XD_8148_GA_MACON.MDGA,2026,6,2026-06-05,38.65174604884365,28.77911096797862,61,79.93375033528211,19
3565,8148,XD_8148_GA_MACON.MDGA,2026,6,2026-06-08,38.15925481863189,28.41241447392866,59,77.31297163576467,19
3566,8148,XD_8148_GA_MACON.MDGA,2026,6,2026-06-09,38.15925481863189,28.41241447392866,61,79.93375033528211,19
3567,8148,XD_8148_GA_MACON.MDGA,2026,6,2026-06-10,36.98969183748926,27.541587505961687,63,83.86491838455828,19
3568,8148,XD_8148_GA_MACON.MDGA,2026,6,2026-06-11,38.29046380729007,28.510109363050038,60,78.62336098552339,19
3569,8148,XD_8148_GA_MACON.MDGA,2026,6,2026-06-12,38.29046380729007,28.510109363050038,58,76.00258228600595,19
3570,8148,XD_8148_GA_MACON.MDGA,2026,6,2026-06-15,39.022148040303016,29.05490290766224,62,81.24413968504084,19
3571,8148,XD_8148_GA_MACON.MDGA,2026,6,2026-06-16,41.2444662282939,30.7095847338733,61,86.48569708407572,19
3572,8148,XD_8148_GA_MACON.MDGA,2026,6,2026-06-17,37.45425325527526,27.887488169207533,61,79.93375033528211,19
3573,8148,XD_8148_GA_MACON.MDGA,2026,6,2026-06-18,37.688288362402666,28.06174478131274,60,78.62336098552339,19
3574,8148,XD_8148_GA_MACON.MDGA,2026,6,2026-06-19,39.98337852513349,29.770610776429212,55,72.07141423672977,18
3575,8148,XD_8148_GA_MACON.MDGA,2026,6,2026-06-22,37.802674318614756,28.14691366664191,63,82.55452903479956,19
3576,8148,XD_8148_GA_MACON.MDGA,2026,6,2026-06-23,37.4384646750333,27.875732392321382,61,79.93375033528211,19
3577,8148,XD_8148_GA_MACON.MDGA,2026,6,2026-06-24,37.09338949318219,27.618798153484178,62,81.24413968504084,19
3578,8148,XD_8148_GA_MACON.MDGA,2026,6,2026-06-25,37.80832433365939,28.151120524715918,61,79.93375033528211,19
3579,8148,XD_8148_GA_MACON.MDGA,2026,6,2026-06-26,37.4384646750333,27.875732392321382,59,77.31297163576467,19
3580,8148,XD_8148_GA_MACON.MDGA,2026,6,2026-06-29,37.8158331001014,28.15671136199386,59,77.31297163576467,19
3581,8148,XD_8148_GA_MACON.MDGA,2026,6,2026-06-30,37.553991986994156,27.961751102227847,61,79.93375033528211,19
3582,8148,XD_8148_GA_SAVANNAH.MDGA,2026,5,2026-05-01,38.50300937228732,27.81785652498418,69,105.90499252006782,18
3583,8148,XD_8148_GA_SAVANNAH.MDGA,2026,5,2026-05-04,38.50300937228732,27.81785652498418,68,104.39206405549542,18
3584,8148,XD_8148_GA_SAVANNAH.MDGA,2026,5,2026-05-05,33.42300923665365,24.147631334179493,69,107.41792098464022,18
3585,8148,XD_8148_GA_SAVANNAH.MDGA,2026,5,2026-05-06,37.77909558112161,27.294839485344692,74,113.4696348429298,19
3586,8148,XD_8148_GA_SAVANNAH.MDGA,2026,5,2026-05-07,39.17689062552477,28.304725793725762,66,101.36620712635063,18
3587,8148,XD_8148_GA_SAVANNAH.MDGA,2026,5,2026-05-08,39.17689062552477,28.304725793725762,67,102.87913559092303,18
3588,8148,XD_8148_GA_SAVANNAH.MDGA,2026,5,2026-05-11,39.05254537970931,28.214888187158106,67,102.87913559092303,18
3589,8148,XD_8148_GA_SAVANNAH.MDGA,2026,5,2026-05-12,33.899767601931536,24.492082223047728,68,105.90499252006782,18
3590,8148,XD_8148_GA_SAVANNAH.MDGA,2026,5,2026-05-13,38.161885052396535,27.571399233915013,71,108.93084944921262,19
3591,8148,XD_8148_GA_SAVANNAH.MDGA,2026,5,2026-05-14,38.514390625524776,27.826079312625854,67,102.87913559092303,18
3592,8148,XD_8148_GA_SAVANNAH.MDGA,2026,5,2026-05-15,38.161885052396535,27.571399233915013,68,104.39206405549542,19
3593,8148,XD_8148_GA_SAVANNAH.MDGA,2026,5,2026-05-18,39.17689062552477,28.304725793725762,65,99.85327866177823,18
3594,8148,XD_8148_GA_SAVANNAH.MDGA,2026,5,2026-05-19,33.899767601931536,24.492082223047728,67,104.39206405549542,18
3595,8148,XD_8148_GA_SAVANNAH.MDGA,2026,5,2026-05-20,38.27968581159013,27.656508545400158,68,104.39206405549542,19
3596,8148,XD_8148_GA_SAVANNAH.MDGA,2026,5,2026-05-21,39.05254537970931,28.214888187158106,66,101.36620712635063,18
3597,8148,XD_8148_GA_SAVANNAH.MDGA,2026,5,2026-05-22,39.17689062552477,28.304725793725762,68,104.39206405549542,18
3598,8148,XD_8148_GA_SAVANNAH.MDGA,2026,5,2026-05-26,33.49571204891911,24.200158044001277,69,107.41792098464022,18
3599,8148,XD_8148_GA_SAVANNAH.MDGA,2026,5,2026-05-27,42.2380941935948,30.516400232649826,69,104.39206405549542,18
3600,8148,XD_8148_GA_SAVANNAH.MDGA,2026,5,2026-05-28,39.05254537970931,28.214888187158106,69,105.90499252006782,18
3601,8148,XD_8148_GA_SAVANNAH.MDGA,2026,5,2026-05-29,39.17689062552477,28.304725793725762,67,102.87913559092303,18
3602,8148,XD_8148_GA_SAVANNAH.MDGA,2026,6,2026-06-01,37.77909558112161,27.040911042786195,71,106.6987726905503,19
3603,8148,XD_8148_GA_SAVANNAH.MDGA,2026,6,2026-06-02,33.62005729473457,24.064021771198316,69,105.21684529207045,18
3604,8148,XD_8148_GA_SAVANNAH.MDGA,2026,6,2026-06-03,37.80100883517349,27.056595757953676,70,105.21684529207045,19
3605,8148,XD_8148_GA_SAVANNAH.MDGA,2026,6,2026-06-04,38.806461702578915,27.776262577050595,67,100.77106309663084,18
3606,8148,XD_8148_GA_SAVANNAH.MDGA,2026,6,2026-06-05,38.806461702578915,27.776262577050595,68,102.25299049511071,18
3607,8148,XD_8148_GA_SAVANNAH.MDGA,2026,6,2026-06-08,38.68328709955569,27.68809864851161,68,102.25299049511071,18
3608,8148,XD_8148_GA_SAVANNAH.MDGA,2026,6,2026-06-09,32.82187837772268,23.492714153608574,69,105.21684529207045,18
3609,8148,XD_8148_GA_SAVANNAH.MDGA,2026,6,2026-06-10,37.44824509035077,26.804100220510524,69,103.73491789359058,19
3610,8148,XD_8148_GA_SAVANNAH.MDGA,2026,6,2026-06-11,38.322036522406115,27.42952854325641,70,105.21684529207045,18
3611,8148,XD_8148_GA_SAVANNAH.MDGA,2026,6,2026-06-12,37.5638089956795,26.88681668673829,66,99.28913569815097,19
3612,8148,XD_8148_GA_SAVANNAH.MDGA,2026,6,2026-06-15,56.76572443543287,40.63085368049149,67,100.77106309663084,18
3613,8148,XD_8148_GA_SAVANNAH.MDGA,2026,6,2026-06-16,39.84281411877385,28.518046176266964,67,102.25299049511071,18
3614,8148,XD_8148_GA_SAVANNAH.MDGA,2026,6,2026-06-17,37.07266613976997,26.53527438347081,73,109.66262748751004,19
3615,8148,XD_8148_GA_SAVANNAH.MDGA,2026,6,2026-06-18,33.38846508914201,23.898256441634405,68,103.73491789359058,18
3616,8148,XD_8148_GA_SAVANNAH.MDGA,2026,6,2026-06-19,38.322036522406115,27.42952854325641,64,96.32528090119125,18
3617,8148,XD_8148_GA_SAVANNAH.MDGA,2026,6,2026-06-22,38.44402064469756,27.516840368719052,63,94.84335350271138,18
3618,8148,XD_8148_GA_SAVANNAH.MDGA,2026,6,2026-06-23,32.94564853774177,23.581304360318015,66,100.77106309663084,18
3619,8148,XD_8148_GA_SAVANNAH.MDGA,2026,6,2026-06-24,37.20164825324725,26.62759511807285,71,106.6987726905503,19
3620,8148,XD_8148_GA_SAVANNAH.MDGA,2026,6,2026-06-25,32.343772310959665,23.150503112780594,67,102.25299049511071,19
3621,8148,XD_8148_GA_SAVANNAH.MDGA,2026,6,2026-06-26,38.07340647682311,27.25156814368206,67,100.77106309663084,18
3622,8148,XD_8148_GA_SAVANNAH.MDGA,2026,6,2026-06-29,38.24412076435392,27.373759260008306,63,94.84335350271138,18
3623,8148,XD_8148_GA_SAVANNAH.MDGA,2026,6,2026-06-30,33.395093483899636,23.90300080701003,66,100.77106309663084,18
3624,8148,XD_8148_NC_CHARLOTTE.YZER,2026,5,2026-05-01,40.9005451488816,24.78649708208201,169,183.34257372533764,30
3625,8148,XD_8148_NC_CHARLOTTE.YZER,2026,5,2026-05-04,62.718412108446564,38.00853345744064,168,180.36945090817002,30
3626,8148,XD_8148_NC_CHARLOTTE.YZER,2026,5,2026-05-05,61.7348872961485,37.4124989840261,167,182.35153278628178,30
3627,8148,XD_8148_NC_CHARLOTTE.YZER,2026,5,2026-05-06,62.20516337289182,37.697495102330656,167,183.34257372533764,30
3628,8148,XD_8148_NC_CHARLOTTE.YZER,2026,5,2026-05-07,64.80283111114771,39.27173044760841,164,178.38736903005827,30
3629,8148,XD_8148_NC_CHARLOTTE.YZER,2026,5,2026-05-08,63.388212722293915,38.41444518551838,162,176.40528715194648,30
3630,8148,XD_8148_NC_CHARLOTTE.YZER,2026,5,2026-05-11,63.84096050492989,38.688818829008376,165,176.4052871519465,30
3631,8148,XD_8148_NC_CHARLOTTE.YZER,2026,5,2026-05-12,60.37822861160247,36.59033838925953,167,184.33361466439354,30
3632,8148,XD_8148_NC_CHARLOTTE.YZER,2026,5,2026-05-13,60.56379259926378,36.70279364436589,170,183.34257372533764,30
3633,8148,XD_8148_NC_CHARLOTTE.YZER,2026,5,2026-05-14,61.55732811445655,37.30489479139532,169,182.35153278628178,30
3634,8148,XD_8148_NC_CHARLOTTE.YZER,2026,5,2026-05-15,61.245702474681394,37.11604381195549,165,182.35153278628178,30
3635,8148,XD_8148_NC_CHARLOTTE.YZER,2026,5,2026-05-18,63.73849661432947,38.626723790515825,164,178.38736903005827,30
3636,8148,XD_8148_NC_CHARLOTTE.YZER,2026,5,2026-05-19,61.87354659981737,37.496529121357554,167,183.34257372533764,30
3637,8148,XD_8148_NC_CHARLOTTE.YZER,2026,5,2026-05-20,62.409523757620946,37.82134132641748,167,180.36945090817002,30
3638,8148,XD_8148_NC_CHARLOTTE.YZER,2026,5,2026-05-21,61.47103385666529,37.25259885350115,169,185.3246556034494,30
3639,8148,XD_8148_NC_CHARLOTTE.YZER,2026,5,2026-05-22,62.38917933196876,37.809012223095536,171,184.33361466439354,30
3640,8148,XD_8148_NC_CHARLOTTE.YZER,2026,5,2026-05-26,66.28998801961052,40.17297541238902,168,184.33361466439354,30
3641,8148,XD_8148_NC_CHARLOTTE.YZER,2026,5,2026-05-27,66.03803244873255,40.020285613276364,170,184.33361466439354,30
3642,8148,XD_8148_NC_CHARLOTTE.YZER,2026,5,2026-05-28,66.77190154900411,40.465024045155396,169,184.33361466439354,30
3643,8148,XD_8148_NC_CHARLOTTE.YZER,2026,5,2026-05-29,67.64024832711847,40.9912584707265,166,180.36945090817002,30
3644,8148,XD_8148_NC_CHARLOTTE.YZER,2026,6,2026-06-01,63.84078090207634,40.39541906697635,166,158.28304714871334,30
3645,8148,XD_8148_NC_CHARLOTTE.YZER,2026,6,2026-06-02,62.829102098302805,39.75527668992281,166,162.7043613148785,30
3646,8148,XD_8148_NC_CHARLOTTE.YZER,2026,6,2026-06-03,62.833202376303504,39.757871151422016,166,162.7043613148785,30
3647,8148,XD_8148_NC_CHARLOTTE.YZER,2026,6,2026-06-04,62.05901566831397,39.26800251160556,169,162.7043613148785,30
3648,8148,XD_8148_NC_CHARLOTTE.YZER,2026,6,2026-06-05,62.0261472203083,39.2472049162048,166,163.58862414811153,30
3649,8148,XD_8148_NC_CHARLOTTE.YZER,2026,6,2026-06-08,62.10899598141946,39.29962768386171,165,158.28304714871334,30
3650,8148,XD_8148_NC_CHARLOTTE.YZER,2026,6,2026-06-09,68.18335150739901,43.14319183778587,160,154.74599581578119,30
3651,8148,XD_8148_NC_CHARLOTTE.YZER,2026,6,2026-06-10,60.00086078497261,37.965699691330784,172,167.1256754810437,30
3652,8148,XD_8148_NC_CHARLOTTE.YZER,2026,6,2026-06-11,61.5679801740077,38.95729853385054,167,160.93583564841245,30
3653,8148,XD_8148_NC_CHARLOTTE.YZER,2026,6,2026-06-12,61.512500082542594,38.922193362627084,165,161.82009848164546,30
3654,8148,XD_8148_NC_CHARLOTTE.YZER,2026,6,2026-06-15,40.497338466176394,25.62479555110158,167,160.0515728151794,30
3655,8148,XD_8148_NC_CHARLOTTE.YZER,2026,6,2026-06-22,62.30868412290165,39.42598087133683,166,158.28304714871334,30
3656,8148,XD_8148_NC_CHARLOTTE.YZER,2026,6,2026-06-23,60.44083172945388,38.24409244324395,166,160.0515728151794,30
3657,8148,XD_8148_NC_CHARLOTTE.YZER,2026,6,2026-06-24,60.96337403079012,38.57473243455416,169,163.58862414811153,30
3658,8148,XD_8148_NC_CHARLOTTE.YZER,2026,6,2026-06-25,61.48635997287383,38.90565314069361,166,160.0515728151794,30
3659,8148,XD_8148_NC_CHARLOTTE.YZER,2026,6,2026-06-26,60.874216040140745,38.518317485605216,168,162.7043613148785,30
3660,8148,XD_8148_NC_CHARLOTTE.YZER,2026,6,2026-06-29,61.32916211567649,38.8061857903857,164,160.05157281517938,30
3661,8148,XD_8148_NC_CHARLOTTE.YZER,2026,6,2026-06-30,61.553307117477885,38.948014119419206,172,165.3571498145776,30
3662,8148,XD_8148_NC_LUMBERTON.YZER,2026,5,2026-05-01,30.101030594096972,18.264524064852623,90,144.49413734052274,21
3663,8148,XD_8148_NC_LUMBERTON.YZER,2026,5,2026-05-04,29.20625284199271,17.721596149646693,90,144.49413734052274,21
3664,8148,XD_8148_NC_LUMBERTON.YZER,2026,5,2026-05-05,28.995537951635935,17.59373982347496,93,149.25768032977075,21
3665,8148,XD_8148_NC_LUMBERTON.YZER,2026,5,2026-05-06,29.626489516450707,17.97658485608244,92,149.25768032977075,21
3666,8148,XD_8148_NC_LUMBERTON.YZER,2026,5,2026-05-07,28.481235562971122,17.28167448321974,92,147.66983266668808,21
3667,8148,XD_8148_NC_LUMBERTON.YZER,2026,5,2026-05-08,29.822436932155064,18.09548066193833,91,147.66983266668808,22
3668,8148,XD_8148_NC_LUMBERTON.YZER,2026,5,2026-05-11,31.219941677113688,18.943450267671633,88,141.3184420143574,21
3669,8148,XD_8148_NC_LUMBERTON.YZER,2026,5,2026-05-12,28.81486234109869,17.484110552600868,93,149.25768032977075,21
3670,8148,XD_8148_NC_LUMBERTON.YZER,2026,5,2026-05-13,29.425063815646702,17.85436496902196,91,146.0819850036054,20
3671,8148,XD_8148_NC_LUMBERTON.YZER,2026,5,2026-05-14,28.218034875272505,17.121971137537617,98,157.19691864518407,22
3672,8148,XD_8148_NC_LUMBERTON.YZER,2026,5,2026-05-15,30.998862332137172,18.809305059455497,89,141.3184420143574,21
3673,8148,XD_8148_NC_LUMBERTON.YZER,2026,5,2026-05-18,29.86832263482311,18.123322915312123,93,147.66983266668808,21
3674,8148,XD_8148_NC_LUMBERTON.YZER,2026,5,2026-05-19,30.308322648144273,18.390303502794595,90,144.49413734052274,21
3675,8148,XD_8148_NC_LUMBERTON.YZER,2026,5,2026-05-20,29.39977390378691,17.83901970692812,93,150.8455279928534,21
3676,8148,XD_8148_NC_LUMBERTON.YZER,2026,5,2026-05-21,28.389498399084296,17.226010753294798,95,152.43337565593606,21
3677,8148,XD_8148_NC_LUMBERTON.YZER,2026,5,2026-05-22,29.983719467486026,18.19334271814216,93,149.25768032977072,21
3678,8148,XD_8148_NC_LUMBERTON.YZER,2026,5,2026-05-26,30.274830581019167,18.369981385780164,91,144.49413734052274,21
3679,8148,XD_8148_NC_LUMBERTON.YZER,2026,5,2026-05-27,29.639959839916735,17.984758298727122,92,149.25768032977075,21
3680,8148,XD_8148_NC_LUMBERTON.YZER,2026,5,2026-05-28,27.0143101969724,16.391582246514705,98,157.19691864518407,21
3681,8148,XD_8148_NC_LUMBERTON.YZER,2026,5,2026-05-29,30.348513117795267,18.4146900365986,90,144.49413734052274,21
3682,8148,XD_8148_NC_LUMBERTON.YZER,2026,6,2026-06-01,29.730775029823263,18.119851963481608,91,137.5907593835051,21
3683,8148,XD_8148_NC_LUMBERTON.YZER,2026,6,2026-06-02,29.86832263482311,18.203682345906167,93,140.6147321172085,21
3684,8148,XD_8148_NC_LUMBERTON.YZER,2026,6,2026-06-03,28.73818146236359,17.514901420341317,94,146.6626775846153,21
3685,8148,XD_8148_NC_LUMBERTON.YZER,2026,6,2026-06-04,28.843915600246852,17.57934262390931,91,140.6147321172085,21
3686,8148,XD_8148_NC_LUMBERTON.YZER,2026,6,2026-06-05,29.63864179035974,18.06370002468013,91,140.6147321172085,21
3687,8148,XD_8148_NC_LUMBERTON.YZER,2026,6,2026-06-08,29.716420850804244,18.111103600930647,90,136.07877301665337,21
3688,8148,XD_8148_NC_LUMBERTON.YZER,2026,6,2026-06-09,29.717264380710915,18.11161770246417,92,139.10274575035677,21
3689,8148,XD_8148_NC_LUMBERTON.YZER,2026,6,2026-06-10,27.93771439405976,17.027045158109402,95,145.1506912177636,21
3690,8148,XD_8148_NC_LUMBERTON.YZER,2026,6,2026-06-11,29.14015089872653,17.759887522231843,90,137.5907593835051,21
3691,8148,XD_8148_NC_LUMBERTON.YZER,2026,6,2026-06-12,29.745497830132145,18.128824987623,90,137.5907593835051,21
3692,8148,XD_8148_NC_LUMBERTON.YZER,2026,6,2026-06-15,29.572214392001033,18.023214883496575,92,140.6147321172085,21
3693,8148,XD_8148_NC_LUMBERTON.YZER,2026,6,2026-06-22,29.21902161192371,17.80795642208237,91,137.5907593835051,21
3694,8148,XD_8148_NC_LUMBERTON.YZER,2026,6,2026-06-23,28.91365361693044,17.62184546943775,93,140.6147321172085,21
3695,8148,XD_8148_NC_LUMBERTON.YZER,2026,6,2026-06-24,28.193316318370677,17.182825457326256,96,146.6626775846153,21
3696,8148,XD_8148_NC_LUMBERTON.YZER,2026,6,2026-06-25,27.405180858574578,16.702484872718202,96,146.6626775846153,21
3697,8148,XD_8148_NC_LUMBERTON.YZER,2026,6,2026-06-26,29.854957463501623,18.195536748437924,89,136.07877301665337,21
3698,8148,XD_8148_NC_LUMBERTON.YZER,2026,6,2026-06-29,28.417558413712435,17.319493054033632,92,139.10274575035677,21
3699,8148,XD_8148_NC_LUMBERTON.YZER,2026,6,2026-06-30,29.13433589834385,17.75634348592616,93,140.6147321172085,21
3700,8148,XD_8148_SC_CHARLESTON.YZER,2026,5,2026-05-01,29.20884358742658,25.748877109195575,54,37.057857534153975,8
3701,8148,XD_8148_SC_CHARLESTON.YZER,2026,5,2026-05-04,56.71854031482004,49.99988171417802,58,38.794944606067446,8
3702,8148,XD_8148_SC_CHARLESTON.YZER,2026,5,2026-05-05,57.92456312237703,51.063043731178915,56,37.63688655812513,8
3703,8148,XD_8148_SC_CHARLESTON.YZER,2026,5,2026-05-06,57.15605335877302,50.38556865754146,57,38.21591558209629,8
3704,8148,XD_8148_SC_CHARLESTON.YZER,2026,5,2026-05-07,58.777920394354936,51.81531560598385,54,36.47882851018282,8
3705,8148,XD_8148_SC_CHARLESTON.YZER,2026,5,2026-05-08,59.110075357387814,52.10812477861485,52,35.89979948621166,8
3706,8148,XD_8148_SC_CHARLESTON.YZER,2026,5,2026-05-11,60.43362992315405,53.27489619697734,55,35.89979948621166,8
3707,8148,XD_8148_SC_CHARLESTON.YZER,2026,5,2026-05-12,57.542265225838236,50.72603136272901,59,39.3739736300386,8
3708,8148,XD_8148_SC_CHARLESTON.YZER,2026,5,2026-05-13,61.2430146919502,53.98840438101096,51,34.1627124142982,8
3709,8148,XD_8148_SC_CHARLESTON.YZER,2026,5,2026-05-14,58.50945845135451,51.5786546249312,54,37.63688655812513,8
3710,8148,XD_8148_SC_CHARLESTON.YZER,2026,5,2026-05-15,59.74771305638501,52.67023038551867,54,35.89979948621166,8
3711,8148,XD_8148_SC_CHARLESTON.YZER,2026,5,2026-05-18,61.217516089359044,53.9659262441203,53,35.89979948621166,8
3712,8148,XD_8148_SC_CHARLESTON.YZER,2026,5,2026-05-19,58.67463197068187,51.72426232891727,59,39.95300265400975,8
3713,8148,XD_8148_SC_CHARLESTON.YZER,2026,5,2026-05-20,61.25656365397309,54.00034838547112,54,35.89979948621166,8
3714,8148,XD_8148_SC_CHARLESTON.YZER,2026,5,2026-05-21,59.89376662242301,52.79898301182569,55,37.057857534153975,8
3715,8148,XD_8148_SC_CHARLESTON.YZER,2026,5,2026-05-22,61.160745214019194,53.915880226785454,53,35.89979948621166,8
3716,8148,XD_8148_SC_CHARLESTON.YZER,2026,5,2026-05-26,64.62473706056385,56.96954101609273,57,38.21591558209629,8
3717,8148,XD_8148_SC_CHARLESTON.YZER,2026,5,2026-05-27,65.09118772942766,57.38073774540269,54,36.47882851018282,8
3718,8148,XD_8148_SC_CHARLESTON.YZER,2026,5,2026-05-28,65.55505729776397,57.78965912135641,53,35.89979948621166,8
3719,8148,XD_8148_SC_CHARLESTON.YZER,2026,5,2026-05-29,65.70583950783157,57.922580254836504,54,36.47882851018282,8
3720,8148,XD_8148_SC_CHARLESTON.YZER,2026,6,2026-06-01,57.046940892537435,50.373398559857804,56,36.58058933998652,8
3721,8148,XD_8148_SC_CHARLESTON.YZER,2026,6,2026-06-02,55.32735346348012,48.854974231275506,59,38.83170253013953,8
3722,8148,XD_8148_SC_CHARLESTON.YZER,2026,6,2026-06-03,56.08273118318296,49.52198533375525,56,37.14336763752476,8
3723,8148,XD_8148_SC_CHARLESTON.YZER,2026,6,2026-06-04,57.926618325975205,51.1501683789818,53,34.892254447371755,8
3724,8148,XD_8148_SC_CHARLESTON.YZER,2026,6,2026-06-05,55.924756186055205,49.38249078122877,56,37.14336763752476,8
3725,8148,XD_8148_SC_CHARLESTON.YZER,2026,6,2026-06-08,56.89926496801773,50.24299825990939,55,35.45503274491001,8
3726,8148,XD_8148_SC_CHARLESTON.YZER,2026,6,2026-06-09,55.12000411550916,48.67188130494063,58,36.58058933998652,8
3727,8148,XD_8148_SC_CHARLESTON.YZER,2026,6,2026-06-10,55.61777570620802,49.11142190672824,54,35.45503274491001,8
3728,8148,XD_8148_SC_CHARLESTON.YZER,2026,6,2026-06-11,54.12001300227696,47.78887250350372,57,37.70614593506302,8
3729,8148,XD_8148_SC_CHARLESTON.YZER,2026,6,2026-06-12,55.59967114560854,49.09543527830329,55,36.58058933998652,8
3730,8148,XD_8148_SC_CHARLESTON.YZER,2026,6,2026-06-15,30.244301581850237,26.706221822078053,53,35.45503274491,8
3731,8148,XD_8148_SC_CHARLESTON.YZER,2026,6,2026-06-22,54.65300801367441,48.25951597218885,57,37.70614593506302,8
3732,8148,XD_8148_SC_CHARLESTON.YZER,2026,6,2026-06-23,54.94130201033689,48.514084370933496,55,36.01781104244826,8
3733,8148,XD_8148_SC_CHARLESTON.YZER,2026,6,2026-06-24,55.5418305400319,49.044361060613966,54,35.45503274491001,8
3734,8148,XD_8148_SC_CHARLESTON.YZER,2026,6,2026-06-25,53.34678470840615,47.10609904684658,58,37.14336763752477,8
3735,8148,XD_8148_SC_CHARLESTON.YZER,2026,6,2026-06-26,54.3867100814614,48.024370464556796,54,36.01781104244826,8
3736,8148,XD_8148_SC_CHARLESTON.YZER,2026,6,2026-06-29,55.19315181506277,48.73647194145331,57,37.14336763752477,8
3737,8148,XD_8148_SC_CHARLESTON.YZER,2026,6,2026-06-30,55.181776695868614,48.72642752182506,57,37.14336763752477,8
3738,8148,XD_8148_SC_COLUMBIA.YZER,2026,5,2026-05-01,43.69319383381441,25.693754649468893,107,144.30445343882872,17
3739,8148,XD_8148_SC_COLUMBIA.YZER,2026,5,2026-05-04,70.28945403870883,41.33366842865195,102,136.8404299850962,17
3740,8148,XD_8148_SC_COLUMBIA.YZER,2026,5,2026-05-05,67.99969747500221,39.987178547901735,110,146.79246125673956,17
3741,8148,XD_8148_SC_COLUMBIA.YZER,2026,5,2026-05-06,65.67652040818632,38.6210357617032,109,146.79246125673956,17
3742,8148,XD_8148_SC_COLUMBIA.YZER,2026,5,2026-05-07,69.10704091379617,40.638351147856014,106,141.81644562091788,17
3743,8148,XD_8148_SC_COLUMBIA.YZER,2026,5,2026-05-08,68.84280024907436,40.48296459420654,107,143.0604495298733,17
3744,8148,XD_8148_SC_COLUMBIA.YZER,2026,5,2026-05-11,75.0429580063906,44.12896339233509,103,139.32843780300703,17
3745,8148,XD_8148_SC_COLUMBIA.YZER,2026,5,2026-05-12,72.98891554312273,42.921085037378305,97,130.6204104403191,16
3746,8148,XD_8148_SC_COLUMBIA.YZER,2026,5,2026-05-13,69.02442039955301,40.5897662073719,109,146.79246125673956,17
3747,8148,XD_8148_SC_COLUMBIA.YZER,2026,5,2026-05-14,70.01290544642782,41.17104420608424,109,145.54845734778414,17
3748,8148,XD_8148_SC_COLUMBIA.YZER,2026,5,2026-05-15,71.53740672831017,42.067526208486456,105,141.81644562091788,17
3749,8148,XD_8148_SC_COLUMBIA.YZER,2026,5,2026-05-18,72.38915166804304,42.56839427477294,106,143.0604495298733,17
3750,8148,XD_8148_SC_COLUMBIA.YZER,2026,5,2026-05-19,74.29031805772271,43.68637395256986,107,143.0604495298733,17
3751,8148,XD_8148_SC_COLUMBIA.YZER,2026,5,2026-05-20,71.40237821300762,41.98812277654551,107,144.30445343882872,17
3752,8148,XD_8148_SC_COLUMBIA.YZER,2026,5,2026-05-21,73.61528495323422,43.28942116781889,103,138.0844338940516,17
3753,8148,XD_8148_SC_COLUMBIA.YZER,2026,5,2026-05-22,73.16983373490487,43.02747386418177,106,143.0604495298733,17
3754,8148,XD_8148_SC_COLUMBIA.YZER,2026,5,2026-05-26,78.84736286844026,46.366141234827836,105,141.81644562091788,17
3755,8148,XD_8148_SC_COLUMBIA.YZER,2026,5,2026-05-27,78.14694832686394,45.9542629122536,107,144.30445343882872,17
3756,8148,XD_8148_SC_COLUMBIA.YZER,2026,5,2026-05-28,75.34875633007533,44.30878790072096,109,145.54845734778414,17
3757,8148,XD_8148_SC_COLUMBIA.YZER,2026,5,2026-05-29,76.20947066983312,44.81493041694739,106,143.0604495298733,17
3758,8148,XD_8148_SC_COLUMBIA.YZER,2026,6,2026-06-01,68.74678917322697,41.0297959338915,109,140.75506550684483,17
3759,8148,XD_8148_SC_COLUMBIA.YZER,2026,6,2026-06-02,69.53070320434298,41.49765535122892,106,135.98370735407045,17
3760,8148,XD_8148_SC_COLUMBIA.YZER,2026,6,2026-06-03,68.92826894316993,41.13810758039075,107,137.17654689226404,17
3761,8148,XD_8148_SC_COLUMBIA.YZER,2026,6,2026-06-04,68.37670210807637,40.808918756302305,109,140.75506550684483,17
3762,8148,XD_8148_SC_COLUMBIA.YZER,2026,6,2026-06-05,69.34906993884614,41.389252094760266,108,139.56222596865123,17
3763,8148,XD_8148_SC_COLUMBIA.YZER,2026,6,2026-06-08,69.63336597252498,41.55892704812085,105,134.79086781587685,17
3764,8148,XD_8148_SC_COLUMBIA.YZER,2026,6,2026-06-09,71.00454851585049,42.377282939608364,107,137.17654689226404,17
3765,8148,XD_8148_SC_COLUMBIA.YZER,2026,6,2026-06-10,67.16482553274602,40.08564063406773,106,135.98370735407045,17
3766,8148,XD_8148_SC_COLUMBIA.YZER,2026,6,2026-06-11,67.44268711338718,40.251475345603836,108,139.56222596865123,17
3767,8148,XD_8148_SC_COLUMBIA.YZER,2026,6,2026-06-12,68.78302917376361,41.0514248687777,106,137.17654689226404,17
3768,8148,XD_8148_SC_COLUMBIA.YZER,2026,6,2026-06-15,42.90162598992252,25.60475886609369,105,135.98370735407045,17
3769,8148,XD_8148_SC_COLUMBIA.YZER,2026,6,2026-06-22,81.83074007486564,48.838623690931776,100,127.63383058671523,17
3770,8148,XD_8148_SC_COLUMBIA.YZER,2026,6,2026-06-23,67.70016050271806,40.40514187679315,107,137.17654689226404,17
3771,8148,XD_8148_SC_COLUMBIA.YZER,2026,6,2026-06-24,71.40983019594795,42.619165139928185,105,135.98370735407045,17
3772,8148,XD_8148_SC_COLUMBIA.YZER,2026,6,2026-06-25,65.76730124184199,39.25156333157781,109,140.75506550684483,17
3773,8148,XD_8148_SC_COLUMBIA.YZER,2026,6,2026-06-26,68.37305935924459,40.80674467307596,104,133.59802827768323,17
3774,8148,XD_8148_SC_COLUMBIA.YZER,2026,6,2026-06-29,72.09547976108698,43.0283778766704,104,133.59802827768323,17
3775,8148,XD_8148_SC_COLUMBIA.YZER,2026,6,2026-06-30,71.21521155519791,42.50301188810454,100,130.01950966310244,16
3776,8148,XD_8148_SC_GREENVILLE.YZER,2026,5,2026-05-01,50.846666155530656,32.74132918502553,104,130.90914668272234,17
3777,8148,XD_8148_SC_GREENVILLE.YZER,2026,5,2026-05-04,53.35400351877999,34.355860956625875,106,127.60891609408229,17
3778,8148,XD_8148_SC_GREENVILLE.YZER,2026,5,2026-05-05,54.029357838974875,34.79073702197877,104,127.60891609408229,17
3779,8148,XD_8148_SC_GREENVILLE.YZER,2026,5,2026-05-06,54.053891357721064,34.80653471480841,103,128.7089929569623,17
3780,8148,XD_8148_SC_GREENVILLE.YZER,2026,5,2026-05-07,53.91587027658298,34.717659789593206,104,128.7089929569623,17
3781,8148,XD_8148_SC_GREENVILLE.YZER,2026,5,2026-05-08,51.92842354832355,33.437897467151025,102,128.7089929569623,17
3782,8148,XD_8148_SC_GREENVILLE.YZER,2026,5,2026-05-11,53.08845709232531,34.1848695501123,104,129.80906981984234,17
3783,8148,XD_8148_SC_GREENVILLE.YZER,2026,5,2026-05-12,55.20871905766795,35.550154635931484,103,126.50883923120227,17
3784,8148,XD_8148_SC_GREENVILLE.YZER,2026,5,2026-05-13,51.6422002500452,33.25359175080986,105,132.00922354560237,17
3785,8148,XD_8148_SC_GREENVILLE.YZER,2026,5,2026-05-14,54.285662628471925,34.955777527465465,103,127.60891609408229,17
3786,8148,XD_8148_SC_GREENVILLE.YZER,2026,5,2026-05-15,53.765383457099325,34.62075789086005,106,129.80906981984234,17
3787,8148,XD_8148_SC_GREENVILLE.YZER,2026,5,2026-05-18,54.04228838683802,34.79906329695686,105,130.90914668272237,17
3788,8148,XD_8148_SC_GREENVILLE.YZER,2026,5,2026-05-19,54.51199356601865,35.10151718536763,104,128.7089929569623,17
3789,8148,XD_8148_SC_GREENVILLE.YZER,2026,5,2026-05-20,53.61083711990028,34.52124197598972,106,130.90914668272234,17
3790,8148,XD_8148_SC_GREENVILLE.YZER,2026,5,2026-05-21,54.35707199818904,35.00175965092764,106,130.90914668272234,17
3791,8148,XD_8148_SC_GREENVILLE.YZER,2026,5,2026-05-22,51.329067037984075,33.05195812662106,106,132.00922354560237,17
3792,8148,XD_8148_SC_GREENVILLE.YZER,2026,5,2026-05-26,54.248621721767044,34.93192604198111,105,129.80906981984234,17
3793,8148,XD_8148_SC_GREENVILLE.YZER,2026,5,2026-05-27,53.965274127857754,34.74947205733654,106,132.00922354560237,17
3794,8148,XD_8148_SC_GREENVILLE.YZER,2026,5,2026-05-28,51.4597251100035,33.13609184216464,102,130.90914668272234,17
3795,8148,XD_8148_SC_GREENVILLE.YZER,2026,5,2026-05-29,52.72276935821364,33.94939486933672,107,132.00922354560237,17
3796,8148,XD_8148_SC_GREENVILLE.YZER,2026,6,2026-06-01,61.65559939653297,40.12092089624895,103,119.41007712443016,17
3797,8148,XD_8148_SC_GREENVILLE.YZER,2026,6,2026-06-02,55.83135631396614,36.33093266673985,101,115.2924882580705,17
3798,8148,XD_8148_SC_GREENVILLE.YZER,2026,6,2026-06-03,52.49532119963589,34.16008683539303,106,124.55706320737974,17
3799,8148,XD_8148_SC_GREENVILLE.YZER,2026,6,2026-06-04,51.97065784366944,33.818674583984865,104,121.46887155761,17
3800,8148,XD_8148_SC_GREENVILLE.YZER,2026,6,2026-06-05,52.35182921038288,34.06671282222288,106,122.49826877419991,17
3801,8148,XD_8148_SC_GREENVILLE.YZER,2026,6,2026-06-08,55.56261034270072,36.15605259161512,104,117.35128269125033,17
3802,8148,XD_8148_SC_GREENVILLE.YZER,2026,6,2026-06-09,54.10863845343081,35.20991482431206,103,120.43947434102009,17
3803,8148,XD_8148_SC_GREENVILLE.YZER,2026,6,2026-06-10,51.1266760924951,33.2694734504598,108,125.58646042396965,17
3804,8148,XD_8148_SC_GREENVILLE.YZER,2026,6,2026-06-11,50.27354580690031,32.71431912485823,107,124.55706320737974,17
3805,8148,XD_8148_SC_GREENVILLE.YZER,2026,6,2026-06-12,52.842315923867105,34.38588543306394,106,124.55706320737974,17
3806,8148,XD_8148_SC_GREENVILLE.YZER,2026,6,2026-06-15,52.526630765045354,34.18046079346633,105,121.46887155761,17
3807,8148,XD_8148_SC_GREENVILLE.YZER,2026,6,2026-06-22,52.40369658030687,34.10046428463968,106,122.49826877419991,17
3808,8148,XD_8148_SC_GREENVILLE.YZER,2026,6,2026-06-23,50.53674355325861,32.88558882404318,106,124.55706320737974,17
3809,8148,XD_8148_SC_GREENVILLE.YZER,2026,6,2026-06-24,51.887320995597946,33.76444510406828,106,122.49826877419991,17
3810,8148,XD_8148_SC_GREENVILLE.YZER,2026,6,2026-06-25,52.73211699593735,34.314176090950724,107,122.49826877419991,17
3811,8148,XD_8148_SC_GREENVILLE.YZER,2026,6,2026-06-26,52.45816836103338,34.135910505696586,106,123.52766599078983,17
3812,8148,XD_8148_SC_GREENVILLE.YZER,2026,6,2026-06-29,52.74162802136457,34.320365165463706,104,121.46887155761,17
3813,8148,XD_8148_SC_GREENVILLE.YZER,2026,6,2026-06-30,53.04956302742578,34.5207465767271,105,121.46887155761,17
3814,8148,XD_8148_TN_CHATTANOOGA.MDGA,2026,5,2026-05-01,29.458106162873182,34.56849425378516,65,53.17970553136923,8
3815,8148,XD_8148_TN_CHATTANOOGA.MDGA,2026,5,2026-05-04,30.832551346375393,36.18137799333527,67,54.81600416310367,8
3816,8148,XD_8148_TN_CHATTANOOGA.MDGA,2026,5,2026-05-05,30.031007664853878,35.24078262730472,65,53.17970553136923,8
3817,8148,XD_8148_TN_CHATTANOOGA.MDGA,2026,5,2026-05-06,30.711808493976548,36.03968868797878,66,53.997854847236454,8
3818,8148,XD_8148_TN_CHATTANOOGA.MDGA,2026,5,2026-05-07,31.010343674818674,36.39001370977194,63,51.543406899634796,8
3819,8148,XD_8148_TN_CHATTANOOGA.MDGA,2026,5,2026-05-08,30.839387551702636,36.189400142595844,65,53.17970553136923,8
3820,8148,XD_8148_TN_CHATTANOOGA.MDGA,2026,5,2026-05-11,31.271736039055718,36.69675238438843,68,55.63415347897089,8
3821,8148,XD_8148_TN_CHATTANOOGA.MDGA,2026,5,2026-05-12,30.839387551702636,36.189400142595844,66,53.99785484723645,8
3822,8148,XD_8148_TN_CHATTANOOGA.MDGA,2026,5,2026-05-13,30.87250290783969,36.22826034603209,67,54.81600416310367,8
3823,8148,XD_8148_TN_CHATTANOOGA.MDGA,2026,5,2026-05-14,30.243335816354463,35.489945436498324,68,55.63415347897089,9
3824,8148,XD_8148_TN_CHATTANOOGA.MDGA,2026,5,2026-05-15,30.618225116922396,35.92987047990865,66,53.99785484723645,8
3825,8148,XD_8148_TN_CHATTANOOGA.MDGA,2026,5,2026-05-18,30.87250290783969,36.22826034603209,66,53.997854847236454,8
3826,8148,XD_8148_TN_CHATTANOOGA.MDGA,2026,5,2026-05-19,30.713971647349272,36.04222710489267,65,53.17970553136923,8
3827,8148,XD_8148_TN_CHATTANOOGA.MDGA,2026,5,2026-05-20,31.74194486463542,37.24853297052866,70,57.27045211070532,8
3828,8148,XD_8148_TN_CHATTANOOGA.MDGA,2026,5,2026-05-21,30.100282779526633,35.32207557907341,68,55.63415347897089,9
3829,8148,XD_8148_TN_CHATTANOOGA.MDGA,2026,5,2026-05-22,30.726568107893975,36.05700879763116,67,54.81600416310367,8
3830,8148,XD_8148_TN_CHATTANOOGA.MDGA,2026,5,2026-05-26,30.726568107893975,36.05700879763116,67,54.81600416310367,8
3831,8148,XD_8148_TN_CHATTANOOGA.MDGA,2026,5,2026-05-27,30.83194945043185,36.180671680568565,69,56.452302794838104,9
3832,8148,XD_8148_TN_CHATTANOOGA.MDGA,2026,5,2026-05-28,30.726568107893975,36.05700879763116,66,53.997854847236454,8
3833,8148,XD_8148_TN_CHATTANOOGA.MDGA,2026,5,2026-05-29,30.392949447888718,35.66551401967147,68,55.63415347897089,9
3834,8148,XD_8148_TN_CHATTANOOGA.MDGA,2026,6,2026-06-01,30.200566729578775,36.106804602649305,66,51.32774162669154,9
3835,8148,XD_8148_TN_CHATTANOOGA.MDGA,2026,6,2026-06-02,30.473554216250026,36.43317946602408,66,51.32774162669154,8
3836,8148,XD_8148_TN_CHATTANOOGA.MDGA,2026,6,2026-06-03,30.3164901693662,36.24539885575556,63,48.994662461841926,8
3837,8148,XD_8148_TN_CHATTANOOGA.MDGA,2026,6,2026-06-04,29.922054464166813,35.77382449546404,67,52.10543468164141,9
3838,8148,XD_8148_TN_CHATTANOOGA.MDGA,2026,6,2026-06-05,30.428445814261625,36.37924934374801,68,52.883127736591284,8
3839,8148,XD_8148_TN_CHATTANOOGA.MDGA,2026,6,2026-06-08,30.53445190695461,36.50598674274548,69,53.660820791541155,9
3840,8148,XD_8148_TN_CHATTANOOGA.MDGA,2026,6,2026-06-09,29.82272113196376,35.65506482951139,66,51.32774162669154,9
3841,8148,XD_8148_TN_CHATTANOOGA.MDGA,2026,6,2026-06-10,30.261702129937184,36.17989607721702,65,50.55004857174167,8
3842,8148,XD_8148_TN_CHATTANOOGA.MDGA,2026,6,2026-06-11,30.29107713037067,36.21501586190027,65,50.55004857174167,8
3843,8148,XD_8148_TN_CHATTANOOGA.MDGA,2026,6,2026-06-12,29.90267434686121,35.75065426442184,66,51.32774162669154,8
3844,8148,XD_8148_TN_CHATTANOOGA.MDGA,2026,6,2026-06-15,30.241611876088825,36.15587683027323,69,53.660820791541155,9
3845,8148,XD_8148_TN_CHATTANOOGA.MDGA,2026,6,2026-06-16,27.755816616950096,33.18394175012761,66,55.2162069014409,8
3846,8148,XD_8148_TN_CHATTANOOGA.MDGA,2026,6,2026-06-17,30.124147811923365,36.015440657315544,65,50.55004857174167,8
3847,8148,XD_8148_TN_CHATTANOOGA.MDGA,2026,6,2026-06-18,29.16117294923759,34.864139573610906,67,52.10543468164141,9
3848,8148,XD_8148_TN_CHATTANOOGA.MDGA,2026,6,2026-06-19,30.278402858310276,36.19986291894846,64,49.7723555167918,8
3849,8148,XD_8148_TN_CHATTANOOGA.MDGA,2026,6,2026-06-22,30.283742632343497,36.20624697721353,70,54.43851384649103,9
3850,8148,XD_8148_TN_CHATTANOOGA.MDGA,2026,6,2026-06-23,29.31471068208868,35.0477042387653,64,49.7723555167918,8
3851,8148,XD_8148_TN_CHATTANOOGA.MDGA,2026,6,2026-06-24,30.42208925762562,36.37164965363434,66,51.32774162669154,8
3852,8148,XD_8148_TN_CHATTANOOGA.MDGA,2026,6,2026-06-25,29.714710717851467,35.52593112972607,65,50.55004857174167,8
3853,8148,XD_8148_TN_CHATTANOOGA.MDGA,2026,6,2026-06-26,29.977644773444744,35.84028644145571,66,51.32774162669154,8
3854,8148,XD_8148_TN_CHATTANOOGA.MDGA,2026,6,2026-06-29,29.438164547236276,35.195301620835636,69,53.660820791541155,9
3855,8148,XD_8148_TN_CHATTANOOGA.MDGA,2026,6,2026-06-30,29.50596586068471,35.27636264192196,65,50.55004857174167,8
3856,8148,XD_8148_TN_KNOXVILLE.YZER,2026,5,2026-05-01,41.661618538508336,31.901206979247306,94,134.53010165177866,13
3857,8148,XD_8148_TN_KNOXVILLE.YZER,2026,5,2026-05-04,66.17338525389653,50.67039960415344,91,130.23658776927508,13
3858,8148,XD_8148_TN_KNOXVILLE.YZER,2026,5,2026-05-05,65.88811603389601,50.45196276105208,92,131.66775906344293,13
3859,8148,XD_8148_TN_KNOXVILLE.YZER,2026,5,2026-05-06,66.51489071630081,50.931897760559266,91,130.23658776927508,13
3860,8148,XD_8148_TN_KNOXVILLE.YZER,2026,5,2026-05-07,66.58852124413208,50.98827825634259,92,131.66775906344293,13
3861,8148,XD_8148_TN_KNOXVILLE.YZER,2026,5,2026-05-08,67.14666634571934,51.41566209390833,89,127.37424518093937,13
3862,8148,XD_8148_TN_KNOXVILLE.YZER,2026,5,2026-05-11,69.48360871812514,53.20510967026166,80,114.49370353342864,12
3863,8148,XD_8148_TN_KNOXVILLE.YZER,2026,5,2026-05-12,66.17662103132007,50.67287730926784,92,131.66775906344293,13
3864,8148,XD_8148_TN_KNOXVILLE.YZER,2026,5,2026-05-13,66.55660374235327,50.963838331389475,90,128.80541647510722,13
3865,8148,XD_8148_TN_KNOXVILLE.YZER,2026,5,2026-05-14,68.96040310998968,52.80447976236683,89,127.37424518093937,13
3866,8148,XD_8148_TN_KNOXVILLE.YZER,2026,5,2026-05-15,66.644520401847,51.03115802874691,90,128.80541647510722,13
3867,8148,XD_8148_TN_KNOXVILLE.YZER,2026,5,2026-05-18,67.52271327014854,51.70360939866888,92,131.66775906344293,13
3868,8148,XD_8148_TN_KNOXVILLE.YZER,2026,5,2026-05-19,67.54604153570588,51.72147235872944,92,131.66775906344293,13
3869,8148,XD_8148_TN_KNOXVILLE.YZER,2026,5,2026-05-20,64.89614045265357,49.69238549435696,92,131.66775906344293,12
3870,8148,XD_8148_TN_KNOXVILLE.YZER,2026,5,2026-05-21,65.75847370675547,50.35269281292082,90,128.80541647510722,12
3871,8148,XD_8148_TN_KNOXVILLE.YZER,2026,5,2026-05-22,65.44596914448933,50.11340127618908,90,128.80541647510722,12
3872,8148,XD_8148_TN_KNOXVILLE.YZER,2026,5,2026-05-26,72.97672140665678,55.87986199117024,89,127.37424518093937,12
3873,8148,XD_8148_TN_KNOXVILLE.YZER,2026,5,2026-05-27,72.79942640556122,55.74410335469029,91,130.23658776927508,12
3874,8148,XD_8148_TN_KNOXVILLE.YZER,2026,5,2026-05-28,71.92612169673338,55.075394954738975,94,134.53010165177866,12
3875,8148,XD_8148_TN_KNOXVILLE.YZER,2026,5,2026-05-29,72.89466945334608,55.817033026827524,91,130.23658776927508,12
3876,8148,XD_8148_TN_KNOXVILLE.YZER,2026,6,2026-06-01,69.24318087140567,53.44760763838283,90,127.33380759648308,12
3877,8148,XD_8148_TN_KNOXVILLE.YZER,2026,6,2026-06-02,66.66547257410004,51.457919412816494,92,130.16344776529382,12
3878,8148,XD_8148_TN_KNOXVILLE.YZER,2026,6,2026-06-03,65.9288828593402,50.88935861636688,94,132.99308793410455,12
3879,8148,XD_8148_TN_KNOXVILLE.YZER,2026,6,2026-06-04,66.98276181508035,51.70282946238933,91,128.74862768088843,12
3880,8148,XD_8148_TN_KNOXVILLE.YZER,2026,6,2026-06-05,66.47603562581519,51.31169632547819,92,130.16344776529382,12
3881,8148,XD_8148_TN_KNOXVILLE.YZER,2026,6,2026-06-08,65.05449837116774,50.21443642965045,92,130.16344776529382,12
3882,8148,XD_8148_TN_KNOXVILLE.YZER,2026,6,2026-06-09,65.07876920086802,50.233170661188545,93,131.5782678496992,12
3883,8148,XD_8148_TN_KNOXVILLE.YZER,2026,6,2026-06-10,64.65788215397333,49.90829526610404,92,130.16344776529382,12
3884,8148,XD_8148_TN_KNOXVILLE.YZER,2026,6,2026-06-11,64.01853080562425,49.4147910743614,94,134.40790801850991,12
3885,8148,XD_8148_TN_KNOXVILLE.YZER,2026,6,2026-06-12,66.68864602732087,51.47580659852614,92,130.16344776529382,12
3886,8148,XD_8148_TN_KNOXVILLE.YZER,2026,6,2026-06-15,41.83283535033937,32.29003841343346,91,128.74862768088843,12
3887,8148,XD_8148_TN_KNOXVILLE.YZER,2026,6,2026-06-22,72.67451474886983,56.09619461042832,88,124.50416742767234,12
3888,8148,XD_8148_TN_KNOXVILLE.YZER,2026,6,2026-06-23,65.34131979569815,50.43582890133735,91,128.74862768088843,12
3889,8148,XD_8148_TN_KNOXVILLE.YZER,2026,6,2026-06-24,65.23907444470403,50.35690749226847,91,128.74862768088843,12
3890,8148,XD_8148_TN_KNOXVILLE.YZER,2026,6,2026-06-25,65.07881575641971,50.2332065966096,92,130.16344776529382,12
3891,8148,XD_8148_TN_KNOXVILLE.YZER,2026,6,2026-06-26,64.62301624899447,49.88138288013599,92,130.16344776529382,12
3892,8148,XD_8148_TN_KNOXVILLE.YZER,2026,6,2026-06-29,65.01520876138083,50.18410946283973,92,130.16344776529382,12
3893,8148,XD_8148_TN_KNOXVILLE.YZER,2026,6,2026-06-30,66.16147006640774,51.068888638364854,91,128.74862768088843,12
3894,8149,XD_8149_AR_LITTLEROCK.YZER,2026,5,2026-05-01,34.89828506215174,16.93654302214901,166,370.96765088280563,24
3895,8149,XD_8149_AR_LITTLEROCK.YZER,2026,5,2026-05-04,46.85859509801783,22.74102038027501,163,358.7379481064494,22
3896,8149,XD_8149_AR_LITTLEROCK.YZER,2026,5,2026-05-05,42.9906525215503,20.86386292864449,165,366.8910832906869,23
3897,8149,XD_8149_AR_LITTLEROCK.YZER,2026,5,2026-05-06,49.404312499348386,23.97648659911877,165,368.92936708674625,22
3898,8149,XD_8149_AR_LITTLEROCK.YZER,2026,5,2026-05-07,46.135708635195314,22.3901951848272,166,366.8910832906869,23
3899,8149,XD_8149_AR_LITTLEROCK.YZER,2026,5,2026-05-08,45.5386199415526,22.100421107679608,167,368.92936708674625,23
3900,8149,XD_8149_AR_LITTLEROCK.YZER,2026,5,2026-05-11,45.1584959071578,21.915942499323506,165,358.7379481064494,24
3901,8149,XD_8149_AR_LITTLEROCK.YZER,2026,5,2026-05-12,46.182886008598125,22.413090912020834,167,370.96765088280563,24
3902,8149,XD_8149_AR_LITTLEROCK.YZER,2026,5,2026-05-13,43.185443912610765,20.95839745288155,166,368.92936708674625,24
3903,8149,XD_8149_AR_LITTLEROCK.YZER,2026,5,2026-05-14,45.371738173607966,22.019431447661276,166,362.81451569856813,23
3904,8149,XD_8149_AR_LITTLEROCK.YZER,2026,5,2026-05-15,42.27906646863079,20.51852195335676,168,375.0442184749244,23
3905,8149,XD_8149_AR_LITTLEROCK.YZER,2026,5,2026-05-18,47.6758120417285,23.13762525357853,165,360.77623190250875,24
3906,8149,XD_8149_AR_LITTLEROCK.YZER,2026,5,2026-05-19,44.362292042554195,21.529535517340168,166,366.8910832906869,24
3907,8149,XD_8149_AR_LITTLEROCK.YZER,2026,5,2026-05-20,52.216700720971374,25.341371263957537,165,364.8527994946275,22
3908,8149,XD_8149_AR_LITTLEROCK.YZER,2026,5,2026-05-21,47.27474908393981,22.94298474253103,162,356.69966431039006,22
3909,8149,XD_8149_AR_LITTLEROCK.YZER,2026,5,2026-05-22,43.70213167591955,21.209152024824334,168,373.005934678865,24
3910,8149,XD_8149_AR_LITTLEROCK.YZER,2026,5,2026-05-26,49.41401030691921,23.98119305775567,167,366.8910832906869,24
3911,8149,XD_8149_AR_LITTLEROCK.YZER,2026,5,2026-05-27,49.44819575348808,23.99778365197868,168,375.0442184749244,23
3912,8149,XD_8149_AR_LITTLEROCK.YZER,2026,5,2026-05-28,50.68141747137509,24.59628047334523,168,364.8527994946275,23
3913,8149,XD_8149_AR_LITTLEROCK.YZER,2026,5,2026-05-29,45.59983520000296,22.130129583511874,167,368.92936708674625,24
3914,8149,XD_8149_AR_LITTLEROCK.YZER,2026,6,2026-06-01,53.86163669688609,26.11140281456552,166,345.530597561801,24
3915,8149,XD_8149_AR_LITTLEROCK.YZER,2026,6,2026-06-02,44.290246134222365,21.471320377343698,165,347.46093609566583,24
3916,8149,XD_8149_AR_LITTLEROCK.YZER,2026,6,2026-06-03,48.57853325833076,23.550224758067476,162,341.6699204940714,23
3917,8149,XD_8149_AR_LITTLEROCK.YZER,2026,6,2026-06-04,49.104712719813236,23.805309540374402,165,339.7395819602066,23
3918,8149,XD_8149_AR_LITTLEROCK.YZER,2026,6,2026-06-05,43.6496911478357,21.160787866633946,162,341.6699204940714,23
3919,8149,XD_8149_AR_LITTLEROCK.YZER,2026,6,2026-06-08,51.733702737856895,25.079808823471357,163,339.7395819602066,22
3920,8149,XD_8149_AR_LITTLEROCK.YZER,2026,6,2026-06-09,42.39381000653244,20.551953446092067,167,349.39127462953064,24
3921,8149,XD_8149_AR_LITTLEROCK.YZER,2026,6,2026-06-10,47.94234001226829,23.24180676086979,156,324.29687368928813,24
3922,8149,XD_8149_AR_LITTLEROCK.YZER,2026,6,2026-06-11,44.59971923042882,21.621348805198448,163,339.73958196020664,23
3923,8149,XD_8149_AR_LITTLEROCK.YZER,2026,6,2026-06-12,43.59844006276935,21.135942024418227,166,345.530597561801,24
3924,8149,XD_8149_AR_LITTLEROCK.YZER,2026,6,2026-06-15,36.93768595291218,17.906897303961227,165,341.6699204940714,23
3925,8149,XD_8149_AR_LITTLEROCK.YZER,2026,6,2026-06-22,46.21292245780094,22.403408205448834,165,343.6002590279362,22
3926,8149,XD_8149_AR_LITTLEROCK.YZER,2026,6,2026-06-23,43.439864078048664,21.05906650284691,169,349.39127462953064,24
3927,8149,XD_8149_AR_LITTLEROCK.YZER,2026,6,2026-06-24,46.750129613642656,22.66383906684263,167,349.39127462953064,24
3928,8149,XD_8149_AR_LITTLEROCK.YZER,2026,6,2026-06-25,47.63534643096678,23.092980368757697,165,347.46093609566583,22
3929,8149,XD_8149_AR_LITTLEROCK.YZER,2026,6,2026-06-26,45.69288999159454,22.15130340443464,151,314.64518101996407,24
3930,8149,XD_8149_AR_LITTLEROCK.YZER,2026,6,2026-06-29,49.32111004432211,23.910216075986092,162,335.878904892477,23
3931,8149,XD_8149_AR_LITTLEROCK.YZER,2026,6,2026-06-30,49.93512891432443,24.207884231534397,160,330.0878892908826,24
3932,8149,XD_8149_TN_MEMPHIS.YZER,2026,5,2026-05-01,34.89766036727106,21.248302002875775,147,178.27197153744476,16
3933,8149,XD_8149_TN_MEMPHIS.YZER,2026,5,2026-05-04,48.60288720501304,29.593067692078687,147,182.99440786956248,15
3934,8149,XD_8149_TN_MEMPHIS.YZER,2026,5,2026-05-05,49.667434077203815,30.24124333475703,143,174.73014428835643,15
3935,8149,XD_8149_TN_MEMPHIS.YZER,2026,5,2026-05-06,50.624993296693816,30.82427690397715,154,186.53623511865078,16
3936,8149,XD_8149_TN_MEMPHIS.YZER,2026,5,2026-05-07,52.22989319910685,31.80145982833273,144,174.73014428835643,16
3937,8149,XD_8149_TN_MEMPHIS.YZER,2026,5,2026-05-08,52.84714729606872,32.1772902228843,140,170.00770795623868,16
3938,8149,XD_8149_TN_MEMPHIS.YZER,2026,5,2026-05-11,51.91140180106663,31.607538478315142,144,178.27197153744476,15
3939,8149,XD_8149_TN_MEMPHIS.YZER,2026,5,2026-05-12,50.55948774614727,30.78439223244819,152,184.17501695259193,15
3940,8149,XD_8149_TN_MEMPHIS.YZER,2026,5,2026-05-13,52.78884773022319,32.14179309302846,147,178.27197153744473,16
3941,8149,XD_8149_TN_MEMPHIS.YZER,2026,5,2026-05-14,52.49655201173863,31.963821629178337,149,181.81379878653306,16
3942,8149,XD_8149_TN_MEMPHIS.YZER,2026,5,2026-05-15,53.239328640078156,32.416079515625015,149,181.81379878653306,16
3943,8149,XD_8149_TN_MEMPHIS.YZER,2026,5,2026-05-18,52.152795840800465,31.7545171984923,150,186.53623511865078,15
3944,8149,XD_8149_TN_MEMPHIS.YZER,2026,5,2026-05-19,69.77504948499549,42.48426135504634,129,158.20161712594432,15
3945,8149,XD_8149_TN_MEMPHIS.YZER,2026,5,2026-05-20,54.05964455899575,32.915549113285344,148,180.6331897035036,16
3946,8149,XD_8149_TN_MEMPHIS.YZER,2026,5,2026-05-21,54.33266936874752,33.0817870086293,148,180.6331897035036,16
3947,8149,XD_8149_TN_MEMPHIS.YZER,2026,5,2026-05-22,55.32362342558135,33.685153848955586,144,174.73014428835643,16
3948,8149,XD_8149_TN_MEMPHIS.YZER,2026,5,2026-05-26,56.03557975320887,34.11864603447974,145,180.6331897035036,15
3949,8149,XD_8149_TN_MEMPHIS.YZER,2026,5,2026-05-27,56.104545722012034,34.16063766708858,149,180.6331897035036,15
3950,8149,XD_8149_TN_MEMPHIS.YZER,2026,5,2026-05-28,57.58951028459203,35.064794999047145,148,180.6331897035036,16
3951,8149,XD_8149_TN_MEMPHIS.YZER,2026,5,2026-05-29,57.997301746302206,35.31308889730339,145,177.0913624544153,16
3952,8149,XD_8149_TN_MEMPHIS.YZER,2026,6,2026-06-01,52.58636272506605,32.45585410768737,145,164.90181686419066,15
3953,8149,XD_8149_TN_MEMPHIS.YZER,2026,6,2026-06-02,57.78593979405061,35.664988682271655,140,156.27949964253364,15
3954,8149,XD_8149_TN_MEMPHIS.YZER,2026,6,2026-06-03,56.10685678251521,34.62867298304736,154,172.44634443314055,16
3955,8149,XD_8149_TN_MEMPHIS.YZER,2026,6,2026-06-04,54.69877725911353,33.759618322954594,142,157.35728929524075,16
3956,8149,XD_8149_TN_MEMPHIS.YZER,2026,6,2026-06-05,54.03071145312586,33.347293811239794,146,162.7462375587764,16
3957,8149,XD_8149_TN_MEMPHIS.YZER,2026,6,2026-06-08,50.487556673226685,31.160488931453948,150,171.3685547804334,15
3958,8149,XD_8149_TN_MEMPHIS.YZER,2026,6,2026-06-09,52.072692180910835,32.138821033396205,146,161.66844790606928,15
3959,8149,XD_8149_TN_MEMPHIS.YZER,2026,6,2026-06-10,52.53716341016557,32.425488710579444,151,168.13518582231205,16
3960,8149,XD_8149_TN_MEMPHIS.YZER,2026,6,2026-06-11,53.08804086413007,32.76548557194373,151,165.97960651689777,16
3961,8149,XD_8149_TN_MEMPHIS.YZER,2026,6,2026-06-12,53.85472641728517,33.238677349625135,144,161.66844790606928,16
3962,8149,XD_8149_TN_MEMPHIS.YZER,2026,6,2026-06-15,31.422928324258432,19.39396308241564,145,181.06866165479758,15
3963,8149,XD_8149_TN_MEMPHIS.YZER,2026,6,2026-06-22,52.65811327770959,32.50013793619477,138,156.27949964253364,15
3964,8149,XD_8149_TN_MEMPHIS.YZER,2026,6,2026-06-23,61.192636806779674,37.76757299319464,130,145.50160311546233,15
3965,8149,XD_8149_TN_MEMPHIS.YZER,2026,6,2026-06-24,51.45047151834683,31.754791752790727,152,173.5241340858477,16
3966,8149,XD_8149_TN_MEMPHIS.YZER,2026,6,2026-06-25,53.39861155135386,32.957167148541046,147,162.7462375587764,16
3967,8149,XD_8149_TN_MEMPHIS.YZER,2026,6,2026-06-26,53.836133307372464,33.22720184092928,141,158.4350789479479,16
3968,8149,XD_8149_TN_MEMPHIS.YZER,2026,6,2026-06-29,51.82056779034881,31.98321201210198,146,165.97960651689777,15
3969,8149,XD_8149_TN_MEMPHIS.YZER,2026,6,2026-06-30,52.218717324970264,32.22894650559183,144,162.7462375587764,15
3970,8149,XD_8149_TN_NASHVILLE.YZER,2026,5,2026-05-01,591.5799865722656,1022.6252858662589,3,2.298216505674978,2
3971,8149,XD_8149_TN_NASHVILLE.YZER,2026,5,2026-05-04,696.7460428873699,1204.418907766487,3,2.298216505674978,2
3972,8149,XD_8149_TN_NASHVILLE.YZER,2026,5,2026-05-05,544.066897922092,940.4925447896011,4,3.064288674233304,3
3973,8149,XD_8149_TN_NASHVILLE.YZER,2026,5,2026-05-06,710.8990519205729,1228.88428055962,3,2.298216505674978,2
3974,8149,XD_8149_TN_NASHVILLE.YZER,2026,5,2026-05-07,598.0731424967448,1033.849576045375,5,3.064288674233304,4
3975,8149,XD_8149_TN_NASHVILLE.YZER,2026,5,2026-05-08,710.8990519205729,1228.88428055962,3,2.298216505674978,2
3976,8149,XD_8149_TN_NASHVILLE.YZER,2026,5,2026-05-11,672.469760311351,1162.4541000100323,3,2.298216505674978,2
3977,8149,XD_8149_TN_NASHVILLE.YZER,2026,5,2026-05-12,520.0378810508578,898.9551689405461,4,3.064288674233304,3
3978,8149,XD_8149_TN_NASHVILLE.YZER,2026,5,2026-05-13,675.2977632410385,1167.3426820615634,3,2.298216505674978,2
3979,8149,XD_8149_TN_NASHVILLE.YZER,2026,5,2026-05-14,594.1679230334711,1027.0988808551265,4,2.6812525899541413,3
3980,8149,XD_8149_TN_NASHVILLE.YZER,2026,5,2026-05-15,675.2977632410385,1167.3426820615634,3,2.298216505674978,2
3981,8149,XD_8149_TN_NASHVILLE.YZER,2026,5,2026-05-18,685.2007044175092,1184.4612430023803,3,2.298216505674978,2
3982,8149,XD_8149_TN_NASHVILLE.YZER,2026,5,2026-05-19,531.1430198519838,918.151889585014,4,3.064288674233304,3
3983,8149,XD_8149_TN_NASHVILLE.YZER,2026,5,2026-05-20,661.6576918059704,1143.7639906468248,3,2.6812525899541413,2
3984,8149,XD_8149_TN_NASHVILLE.YZER,2026,5,2026-05-21,563.4340026855468,973.9711808061534,5,3.064288674233304,4
3985,8149,XD_8149_TN_NASHVILLE.YZER,2026,5,2026-05-22,248.58011618221508,429.7040436482932,2,1.915180421395815,1
3986,8149,XD_8149_TN_NASHVILLE.YZER,2026,5,2026-05-26,554.0368201622596,957.7268914753137,4,3.064288674233304,3
3987,8149,XD_8149_TN_NASHVILLE.YZER,2026,5,2026-05-27,264.39430682842544,457.04099147850667,2,1.915180421395815,1
3988,8149,XD_8149_TN_NASHVILLE.YZER,2026,5,2026-05-28,634.7086169120593,1097.178903181479,4,2.6812525899541413,3
3989,8149,XD_8149_TN_NASHVILLE.YZER,2026,5,2026-05-29,710.0475351186899,1227.4123196537228,3,2.298216505674978,2
3990,8149,XD_8149_TN_NASHVILLE.YZER,2026,6,2026-06-01,678.3027716742621,1068.6982301911235,3,2.5207761581128154,2
3991,8149,XD_8149_TN_NASHVILLE.YZER,2026,6,2026-06-02,525.3153675220631,827.6593093926326,4,3.361034877483754,3
3992,8149,XD_8149_TN_NASHVILLE.YZER,2026,6,2026-06-03,672.6407843695746,1059.777500297969,3,2.5207761581128154,2
3993,8149,XD_8149_TN_NASHVILLE.YZER,2026,6,2026-06-04,554.095948961046,873.0044822743428,5,3.3610348774837537,4
3994,8149,XD_8149_TN_NASHVILLE.YZER,2026,6,2026-06-05,672.6407843695746,1059.777500297969,3,2.5207761581128154,2
3995,8149,XD_8149_TN_NASHVILLE.YZER,2026,6,2026-06-08,673.8592435948989,1061.6972406735686,3,2.5207761581128154,2
3996,8149,XD_8149_TN_NASHVILLE.YZER,2026,6,2026-06-09,522.1214573280485,822.6271521993077,4,3.361034877483754,3
3997,8149,XD_8149_TN_NASHVILLE.YZER,2026,6,2026-06-10,668.1972257726333,1052.7764626985204,3,2.5207761581128154,2
3998,8149,XD_8149_TN_NASHVILLE.YZER,2026,6,2026-06-11,590.182068828508,929.85987789897,4,2.940905517798285,3
3999,8149,XD_8149_TN_NASHVILLE.YZER,2026,6,2026-06-12,668.1972257726333,1052.7764626985204,3,2.5207761581128154,2
4000,8149,XD_8149_TN_NASHVILLE.YZER,2026,6,2026-06-15,594.4089904785156,936.5195937001743,3,2.5207761581128154,2
4001,8149,XD_8149_TN_NASHVILLE.YZER,2026,6,2026-06-22,663.4265116373698,1045.2599760114333,3,2.5207761581128154,2
4002,8149,XD_8149_TN_NASHVILLE.YZER,2026,6,2026-06-23,511.77149590386284,806.320296443328,4,3.361034877483754,3
4003,8149,XD_8149_TN_NASHVILLE.YZER,2026,6,2026-06-24,640.5849982367622,1009.2720868777017,3,2.940905517798285,2
4004,8149,XD_8149_TN_NASHVILLE.YZER,2026,6,2026-06-25,490.89236806233725,773.4242389539917,5,3.7811642371692233,4
4005,8149,XD_8149_TN_NASHVILLE.YZER,2026,6,2026-06-26,660.5934977213542,1040.7964280434962,3,2.5207761581128154,2
4006,8149,XD_8149_TN_NASHVILLE.YZER,2026,6,2026-06-29,662.551646154067,1043.8815838940707,3,2.5207761581128154,2
4007,8149,XD_8149_TN_NASHVILLE.YZER,2026,6,2026-06-30,511.39715181238506,805.7304995491514,4,3.361034877483754,3
4008,8155,XD_8155_MD_ANNAPOLIS.PXCR,2026,5,2026-05-01,37.56958365440369,56.90714352350031,13,11.818879787752614,4
4009,8155,XD_8155_MD_ANNAPOLIS.PXCR,2026,5,2026-05-04,38.906428882053916,58.93208060926653,12,10.909735188694722,4
4010,8155,XD_8155_MD_ANNAPOLIS.PXCR,2026,5,2026-05-05,37.46642882483346,56.75089354358319,14,12.728024386810509,4
4011,8155,XD_8155_MD_ANNAPOLIS.PXCR,2026,5,2026-05-06,38.83541719118754,58.82451826518647,12,10.909735188694722,4
4012,8155,XD_8155_MD_ANNAPOLIS.PXCR,2026,5,2026-05-07,38.00089342253548,57.5604541138956,14,12.728024386810509,4
4013,8155,XD_8155_MD_ANNAPOLIS.PXCR,2026,5,2026-05-08,36.5404767081851,55.34834166856872,13,11.818879787752614,4
4014,8155,XD_8155_MD_ANNAPOLIS.PXCR,2026,5,2026-05-11,37.37500059604645,56.61240600042746,16,14.546313584926295,4
4015,8155,XD_8155_MD_ANNAPOLIS.PXCR,2026,5,2026-05-12,38.25125062465668,57.93967346762359,15,13.637168985868403,4
4016,8155,XD_8155_MD_ANNAPOLIS.PXCR,2026,5,2026-05-13,39.05871470315116,59.16274994958962,15,13.637168985868403,4
4017,8155,XD_8155_MD_ANNAPOLIS.PXCR,2026,5,2026-05-14,37.06027817726135,56.135691804693565,15,13.637168985868401,4
4018,8155,XD_8155_MD_ANNAPOLIS.PXCR,2026,5,2026-05-15,37.94077816009521,57.46939673356607,16,14.546313584926295,4
4019,8155,XD_8155_MD_ANNAPOLIS.PXCR,2026,5,2026-05-18,37.54937541484833,56.876533836703864,14,12.728024386810509,4
4020,8155,XD_8155_MD_ANNAPOLIS.PXCR,2026,5,2026-05-19,46.354166984558105,70.21326767333899,14,12.728024386810509,3
4021,8155,XD_8155_MD_ANNAPOLIS.PXCR,2026,5,2026-05-20,36.66887543201447,55.54282890783136,15,13.637168985868403,4
4022,8155,XD_8155_MD_ANNAPOLIS.PXCR,2026,5,2026-05-21,37.06027817726135,56.13569180469356,18,16.36460278304208,4
4023,8155,XD_8155_MD_ANNAPOLIS.PXCR,2026,5,2026-05-22,39.01666712760925,59.099059932734775,13,11.818879787752614,4
4024,8155,XD_8155_MD_ANNAPOLIS.PXCR,2026,5,2026-05-26,39.05871470315116,59.16274994958962,15,13.637168985868403,4
4025,8155,XD_8155_MD_ANNAPOLIS.PXCR,2026,5,2026-05-27,37.54950037002563,56.87672310795782,15,13.637168985868403,5
4026,8155,XD_8155_MD_ANNAPOLIS.PXCR,2026,5,2026-05-28,35.084200382232666,53.14250072411797,18,16.36460278304208,5
4027,8155,XD_8155_MD_ANNAPOLIS.PXCR,2026,5,2026-05-29,38.42987539768219,58.21023876557637,16,14.546313584926295,4
4028,8155,XD_8155_MD_ANNAPOLIS.PXCR,2026,6,2026-06-01,47.192619391850066,71.65537444820201,13,11.892495949047582,3
4029,8155,XD_8155_MD_ANNAPOLIS.PXCR,2026,6,2026-06-02,38.1782147203173,57.968265097415454,16,14.636918091135485,4
4030,8155,XD_8155_MD_ANNAPOLIS.PXCR,2026,6,2026-06-03,41.99699971675873,63.76655458385244,12,10.977688568351613,4
4031,8155,XD_8155_MD_ANNAPOLIS.PXCR,2026,6,2026-06-04,36.716110944747925,55.748265553617166,16,14.636918091135485,4
4032,8155,XD_8155_MD_ANNAPOLIS.PXCR,2026,6,2026-06-05,43.53081448872884,66.09543721923085,16,14.636918091135485,3
4033,8155,XD_8155_MD_ANNAPOLIS.PXCR,2026,6,2026-06-08,37.200499820709226,56.483742133066045,18,16.466532852527422,4
4034,8155,XD_8155_MD_ANNAPOLIS.PXCR,2026,6,2026-06-09,36.132714067186626,54.86245920821253,15,13.722110710439516,4
4035,8155,XD_8155_MD_ANNAPOLIS.PXCR,2026,6,2026-06-10,37.46642882483346,56.88751803304184,16,14.636918091135485,4
4036,8155,XD_8155_MD_ANNAPOLIS.PXCR,2026,6,2026-06-11,46.0646671295166,69.94273711722226,12,10.977688568351613,3
4037,8155,XD_8155_MD_ANNAPOLIS.PXCR,2026,6,2026-06-12,35.409583568573,53.76448695490669,15,13.722110710439516,4
4038,8155,XD_8155_MD_ANNAPOLIS.PXCR,2026,6,2026-06-15,37.7133752822876,57.26247159793316,16,14.636918091135485,4
4039,8155,XD_8155_MD_ANNAPOLIS.PXCR,2026,6,2026-06-16,36.91718274071103,56.05356487830769,14,17.38134023322339,4
4040,8155,XD_8155_MD_ANNAPOLIS.PXCR,2026,6,2026-06-17,36.602428790501186,55.575655144709984,15,13.722110710439516,4
4041,8155,XD_8155_MD_ANNAPOLIS.PXCR,2026,6,2026-06-18,34.689687728881836,52.67142607755938,17,15.551725471831453,4
4042,8155,XD_8155_MD_ANNAPOLIS.PXCR,2026,6,2026-06-19,44.849259800381134,68.09731153164158,15,13.722110710439518,3
4043,8155,XD_8155_MD_ANNAPOLIS.PXCR,2026,6,2026-06-22,41.45733375549316,62.94714750219952,18,16.466532852527422,3
4044,8155,XD_8155_MD_ANNAPOLIS.PXCR,2026,6,2026-06-23,38.164027531941734,57.94672384141995,16,14.636918091135485,4
4045,8155,XD_8155_MD_ANNAPOLIS.PXCR,2026,6,2026-06-24,36.50031232833862,55.420605617307665,13,12.807303329743549,4
4046,8155,XD_8155_MD_ANNAPOLIS.PXCR,2026,6,2026-06-25,36.256285313197544,55.050084816158176,15,13.722110710439516,4
4047,8155,XD_8155_MD_ANNAPOLIS.PXCR,2026,6,2026-06-26,39.25053542000907,59.59643370206471,14,12.807303329743549,4
4048,8155,XD_8155_MD_ANNAPOLIS.PXCR,2026,6,2026-06-29,35.27910641261509,53.566375691162875,13,13.722110710439516,2
4049,8155,XD_8155_MD_ANNAPOLIS.PXCR,2026,6,2026-06-30,36.83319409688314,55.926039900876084,18,16.466532852527422,4
4050,8155,XD_8155_NJ_CARLSTADT.YZER,2026,5,2026-05-01,34.44685711765308,29.04910368743503,556,269.1857825981775,36
4051,8155,XD_8155_NJ_CARLSTADT.YZER,2026,5,2026-05-04,36.309225091088635,30.619642334247104,516,249.58255509102784,36
4052,8155,XD_8155_NJ_CARLSTADT.YZER,2026,5,2026-05-05,35.12174889057273,29.618241272973794,552,266.3170175971312,36
4053,8155,XD_8155_NJ_CARLSTADT.YZER,2026,5,2026-05-06,35.17741889519338,29.665187899511643,558,270.6201650987007,36
4054,8155,XD_8155_NJ_CARLSTADT.YZER,2026,5,2026-05-07,35.32872344286553,29.792783327991426,557,268.70765509800316,36
4055,8155,XD_8155_NJ_CARLSTADT.YZER,2026,5,2026-05-08,35.6360844101195,30.051981448061877,543,262.49199759573617,36
4056,8155,XD_8155_NJ_CARLSTADT.YZER,2026,5,2026-05-11,37.32189362006759,31.473627735552025,501,242.88877008858648,36
4057,8155,XD_8155_NJ_CARLSTADT.YZER,2026,5,2026-05-12,35.4243130288115,29.873394217516104,559,270.6201650987007,36
4058,8155,XD_8155_NJ_CARLSTADT.YZER,2026,5,2026-05-13,35.801294375917195,30.19130334353301,556,269.1857825981775,36
4059,8155,XD_8155_NJ_CARLSTADT.YZER,2026,5,2026-05-14,36.259759569802355,30.57792796094766,540,261.057615095213,36
4060,8155,XD_8155_NJ_CARLSTADT.YZER,2026,5,2026-05-15,36.254531267834054,30.573518923412898,541,261.53574259538743,36
4061,8155,XD_8155_NJ_CARLSTADT.YZER,2026,5,2026-05-18,36.99648527472779,31.199210225349375,520,251.01693759155097,36
4062,8155,XD_8155_NJ_CARLSTADT.YZER,2026,5,2026-05-19,36.040595645917186,30.393106584421485,543,262.97012509591053,36
4063,8155,XD_8155_NJ_CARLSTADT.YZER,2026,5,2026-05-20,35.930102476861755,30.29992747337278,552,266.79514509730564,36
4064,8155,XD_8155_NJ_CARLSTADT.YZER,2026,5,2026-05-21,35.56547403009386,29.992435572983386,560,271.09829259887505,36
4065,8155,XD_8155_NJ_CARLSTADT.YZER,2026,5,2026-05-22,36.018917904517416,30.374825701626264,547,264.88263509660806,36
4066,8155,XD_8155_NJ_CARLSTADT.YZER,2026,5,2026-05-26,46.12294692601167,38.89557363818684,483,234.28247508544757,36
4067,8155,XD_8155_NJ_CARLSTADT.YZER,2026,5,2026-05-27,35.932945537523466,30.3023250321303,560,271.57642009904947,36
4068,8155,XD_8155_NJ_CARLSTADT.YZER,2026,5,2026-05-28,36.25495581593966,30.57387694568175,537,260.1013600948643,36
4069,8155,XD_8155_NJ_CARLSTADT.YZER,2026,5,2026-05-29,35.99481119536704,30.354496465455888,553,267.75140009765437,36
4070,8155,XD_8155_NJ_CARLSTADT.YZER,2026,6,2026-06-01,37.14870890991406,31.9392432035344,512,236.07228171170115,36
4071,8155,XD_8155_NJ_CARLSTADT.YZER,2026,6,2026-06-02,35.27531792174361,30.328562990351607,560,257.947705499658,36
4072,8155,XD_8155_NJ_CARLSTADT.YZER,2026,6,2026-06-03,35.5415036843684,30.557420790777694,559,257.947705499658,36
4073,8155,XD_8155_NJ_CARLSTADT.YZER,2026,6,2026-06-04,35.508872084303334,30.529365209811846,547,252.02311155708637,36
4074,8155,XD_8155_NJ_CARLSTADT.YZER,2026,6,2026-06-05,43.36755992519217,37.28600762286274,520,240.17392367194307,35
4075,8155,XD_8155_NJ_CARLSTADT.YZER,2026,6,2026-06-08,44.67629708834434,38.41121697118186,508,234.2493297293714,36
4076,8155,XD_8155_NJ_CARLSTADT.YZER,2026,6,2026-06-09,43.04014051274975,37.004503135885386,560,257.947705499658,36
4077,8155,XD_8155_NJ_CARLSTADT.YZER,2026,6,2026-06-10,42.797731276571035,36.796087614154324,560,257.947705499658,36
4078,8155,XD_8155_NJ_CARLSTADT.YZER,2026,6,2026-06-11,43.20614162191071,37.147225452572236,552,254.75753953058097,36
4079,8155,XD_8155_NJ_CARLSTADT.YZER,2026,6,2026-06-12,43.37141819849896,37.2893248398834,540,249.28868358359176,36
4080,8155,XD_8155_NJ_CARLSTADT.YZER,2026,6,2026-06-15,37.848288542164276,32.54071885828362,495,228.32473578679975,36
4081,8155,XD_8155_NJ_CARLSTADT.YZER,2026,6,2026-06-22,44.109992031402754,37.92432643119268,503,232.42637774704167,36
4082,8155,XD_8155_NJ_CARLSTADT.YZER,2026,6,2026-06-23,41.927643730475985,36.04801483966068,557,257.03622950849314,36
4083,8155,XD_8155_NJ_CARLSTADT.YZER,2026,6,2026-06-24,42.281007825738925,36.351825715171024,552,254.75753953058097,36
4084,8155,XD_8155_NJ_CARLSTADT.YZER,2026,6,2026-06-25,42.15496884945346,36.24346153146633,550,253.8460635394161,36
4085,8155,XD_8155_NJ_CARLSTADT.YZER,2026,6,2026-06-26,42.53260395037518,36.56813982270329,544,250.65589757033905,36
4086,8155,XD_8155_NJ_CARLSTADT.YZER,2026,6,2026-06-29,43.539955069733054,37.4342273217479,519,240.17392367194307,36
4087,8155,XD_8155_NJ_CARLSTADT.YZER,2026,6,2026-06-30,41.734292490792555,35.88177777653879,552,255.66901552174585,36
4088,8155,XD_8155_NJ_MOORESTOWN.YZER,2026,5,2026-05-01,39.90981320355018,27.071552763346904,385,310.0748093107328,41
4089,8155,XD_8155_NJ_MOORESTOWN.YZER,2026,5,2026-05-04,51.6299249496166,35.02151789868197,383,307.01234205828115,42
4090,8155,XD_8155_NJ_MOORESTOWN.YZER,2026,5,2026-05-05,50.04915840397596,33.94925517651424,395,316.96536062874907,42
4091,8155,XD_8155_NJ_MOORESTOWN.YZER,2026,5,2026-05-06,50.997599474495686,34.59260001886033,393,320.0278278812008,41
4092,8155,XD_8155_NJ_MOORESTOWN.YZER,2026,5,2026-05-07,50.88056013574212,34.513210104948826,399,319.2622110680878,41
4093,8155,XD_8155_NJ_MOORESTOWN.YZER,2026,5,2026-05-08,51.31299366512588,34.806537639398705,381,305.4811084320553,42
4094,8155,XD_8155_NJ_MOORESTOWN.YZER,2026,5,2026-05-11,51.71236604329846,35.07743919317899,381,307.0123420582811,42
4095,8155,XD_8155_NJ_MOORESTOWN.YZER,2026,5,2026-05-12,51.63437182127845,35.02453429267539,388,315.43412700252327,41
4096,8155,XD_8155_NJ_MOORESTOWN.YZER,2026,5,2026-05-13,51.61728321658982,35.012942781055905,398,323.09029513365243,41
4097,8155,XD_8155_NJ_MOORESTOWN.YZER,2026,5,2026-05-14,51.70868815980233,35.07494441785605,390,314.6685101894103,42
4098,8155,XD_8155_NJ_MOORESTOWN.YZER,2026,5,2026-05-15,52.003856535416205,35.27516249990389,388,311.60604293695866,42
4099,8155,XD_8155_NJ_MOORESTOWN.YZER,2026,5,2026-05-18,53.418759023021025,36.23491661232799,376,298.590557114039,41
4100,8155,XD_8155_NJ_MOORESTOWN.YZER,2026,5,2026-05-19,52.11272783901287,35.34901188688797,389,316.96536062874907,41
4101,8155,XD_8155_NJ_MOORESTOWN.YZER,2026,5,2026-05-20,52.0492511959022,35.30595452441809,394,316.96536062874907,42
4102,8155,XD_8155_NJ_MOORESTOWN.YZER,2026,5,2026-05-21,52.38655396934405,35.53475313547353,393,316.96536062874907,42
4103,8155,XD_8155_NJ_MOORESTOWN.YZER,2026,5,2026-05-22,52.40011469002285,35.54395161915204,392,316.96536062874907,42
4104,8155,XD_8155_NJ_MOORESTOWN.YZER,2026,5,2026-05-26,56.923869647859824,38.612496951723074,372,303.18425799271654,41
4105,8155,XD_8155_NJ_MOORESTOWN.YZER,2026,5,2026-05-27,55.86747515390646,37.895925337215395,393,318.4965942549749,41
4106,8155,XD_8155_NJ_MOORESTOWN.YZER,2026,5,2026-05-28,55.177902970441274,37.42817597307773,394,316.19974381563617,41
4107,8155,XD_8155_NJ_MOORESTOWN.YZER,2026,5,2026-05-29,55.12269854414754,37.39072980585166,388,311.60604293695866,42
4108,8155,XD_8155_NJ_MOORESTOWN.YZER,2026,6,2026-06-01,52.81388480409534,36.96601664467628,377,276.6551510934064,42
4109,8155,XD_8155_NJ_MOORESTOWN.YZER,2026,6,2026-06-02,51.61978211096615,36.13022847659508,394,290.5924383021422,42
4110,8155,XD_8155_NJ_MOORESTOWN.YZER,2026,6,2026-06-03,51.550522007397,36.081751259839564,399,293.3798957438894,42
4111,8155,XD_8155_NJ_MOORESTOWN.YZER,2026,6,2026-06-04,57.89464830183786,40.52219488685418,383,281.53320161646394,41
4112,8155,XD_8155_NJ_MOORESTOWN.YZER,2026,6,2026-06-05,51.09362773723373,35.761957303035175,392,289.19870958126864,42
4113,8155,XD_8155_NJ_MOORESTOWN.YZER,2026,6,2026-06-08,52.854689709923974,36.994577217973266,383,277.3520154538432,42
4114,8155,XD_8155_NJ_MOORESTOWN.YZER,2026,6,2026-06-09,51.41763633025589,35.98874060229641,388,287.80498086039506,41
4115,8155,XD_8155_NJ_MOORESTOWN.YZER,2026,6,2026-06-10,52.09880747128868,36.46551264492674,394,289.19870958126864,41
4116,8155,XD_8155_NJ_MOORESTOWN.YZER,2026,6,2026-06-11,52.62135732353506,36.83126090615509,387,282.23006597690073,41
4117,8155,XD_8155_NJ_MOORESTOWN.YZER,2026,6,2026-06-12,52.12176197099493,36.48157918540863,382,282.23006597690073,41
4118,8155,XD_8155_NJ_MOORESTOWN.YZER,2026,6,2026-06-15,38.501349148362024,26.948245120390787,382,280.13947289559036,42
4119,8155,XD_8155_NJ_MOORESTOWN.YZER,2026,6,2026-06-22,54.86088339556865,38.39877214608874,365,264.1115926055441,41
4120,8155,XD_8155_NJ_MOORESTOWN.YZER,2026,6,2026-06-23,50.83746093216251,35.58265849903312,392,289.19870958126864,41
4121,8155,XD_8155_NJ_MOORESTOWN.YZER,2026,6,2026-06-24,50.305824907807306,35.21055055434923,397,292.6830313834526,42
4122,8155,XD_8155_NJ_MOORESTOWN.YZER,2026,6,2026-06-25,51.84151115666362,36.28542326342556,385,280.83633725602715,42
4123,8155,XD_8155_NJ_MOORESTOWN.YZER,2026,6,2026-06-26,51.10110917725342,35.767193786534165,393,287.80498086039506,43
4124,8155,XD_8155_NJ_MOORESTOWN.YZER,2026,6,2026-06-29,52.71401724626499,36.896116355789864,377,275.9582867329696,41
4125,8155,XD_8155_NJ_MOORESTOWN.YZER,2026,6,2026-06-30,50.68878059083688,35.478592683905795,388,290.5924383021422,42
4126,8155,XD_8155_PA_READING.PXCR,2026,5,2026-05-01,34.746762724123826,18.671044883683862,126,199.52385760264758,37
4127,8155,XD_8155_PA_READING.PXCR,2026,5,2026-05-04,34.67196156227309,18.630850755057967,126,199.52385760264758,37
4128,8155,XD_8155_PA_READING.PXCR,2026,5,2026-05-05,34.67061246635536,18.630125823338936,131,207.19785212582633,37
4129,8155,XD_8155_PA_READING.PXCR,2026,5,2026-05-06,33.93069911494208,18.232536111055236,155,244.03302583708435,43
4130,8155,XD_8155_PA_READING.PXCR,2026,5,2026-05-07,33.59398398879887,18.051603479052936,158,248.6374225509916,43
4131,8155,XD_8155_PA_READING.PXCR,2026,5,2026-05-08,33.63654462734066,18.074473281307647,154,242.4982269324486,43
4132,8155,XD_8155_PA_READING.PXCR,2026,5,2026-05-11,33.441222081548744,17.96951743122656,150,236.3590313139056,43
4133,8155,XD_8155_PA_READING.PXCR,2026,5,2026-05-12,33.361145388221956,17.92648851520603,158,248.6374225509916,43
4134,8155,XD_8155_PA_READING.PXCR,2026,5,2026-05-13,33.650511457487,18.081978306009244,155,244.03302583708435,43
4135,8155,XD_8155_PA_READING.PXCR,2026,5,2026-05-14,33.8364527877972,18.181893194527575,158,248.6374225509916,43
4136,8155,XD_8155_PA_READING.PXCR,2026,5,2026-05-15,33.698554107417586,18.10779384687868,151,237.89383021854135,43
4137,8155,XD_8155_PA_READING.PXCR,2026,5,2026-05-18,33.562386870091075,18.03462488377279,154,242.4982269324486,43
4138,8155,XD_8155_PA_READING.PXCR,2026,5,2026-05-19,33.83055328650149,18.17872311925011,161,253.24181926489885,43
4139,8155,XD_8155_PA_READING.PXCR,2026,5,2026-05-20,33.24463939854818,17.863884451060894,155,245.5678247417201,43
4140,8155,XD_8155_PA_READING.PXCR,2026,5,2026-05-21,33.69613631833645,18.10649465682717,156,245.5678247417201,43
4141,8155,XD_8155_PA_READING.PXCR,2026,5,2026-05-22,33.888461093364775,18.20983966583733,156,245.5678247417201,43
4142,8155,XD_8155_PA_READING.PXCR,2026,5,2026-05-26,32.9131351356184,17.685751857200653,154,244.03302583708435,44
4143,8155,XD_8155_PA_READING.PXCR,2026,5,2026-05-27,33.11333122657992,17.793326488816206,157,247.10262364635585,43
4144,8155,XD_8155_PA_READING.PXCR,2026,5,2026-05-28,33.795734914334794,18.160013595296395,158,248.6374225509916,43
4145,8155,XD_8155_PA_READING.PXCR,2026,5,2026-05-29,33.65186667894422,18.08270652926434,154,242.4982269324486,43
4146,8155,XD_8155_PA_READING.PXCR,2026,6,2026-06-01,33.75197241687117,17.145582203120043,152,230.53559457658133,43
4147,8155,XD_8155_PA_READING.PXCR,2026,6,2026-06-02,33.64382876170251,17.09064657131344,155,234.96897139536173,43
4148,8155,XD_8155_PA_READING.PXCR,2026,6,2026-06-03,32.81631622131451,16.67028049284855,160,242.35793275999575,44
4149,8155,XD_8155_PA_READING.PXCR,2026,6,2026-06-04,33.28726598651641,16.909517116210246,159,240.88014048706896,43
4150,8155,XD_8155_PA_READING.PXCR,2026,6,2026-06-05,33.32022750657729,16.92626115844764,160,242.35793275999575,43
4151,8155,XD_8155_PA_READING.PXCR,2026,6,2026-06-08,34.544713167045224,17.548284644624715,148,224.6244254848741,42
4152,8155,XD_8155_PA_READING.PXCR,2026,6,2026-06-09,33.36504284237382,16.949026791648848,154,233.49117912243494,43
4153,8155,XD_8155_PA_READING.PXCR,2026,6,2026-06-10,32.342538921896065,16.429607517271847,160,242.35793275999575,43
4154,8155,XD_8155_PA_READING.PXCR,2026,6,2026-06-11,33.26382934252827,16.897611592553705,158,239.40234821414214,43
4155,8155,XD_8155_PA_READING.PXCR,2026,6,2026-06-12,33.20296887980445,16.866695234432083,158,239.40234821414214,43
4156,8155,XD_8155_PA_READING.PXCR,2026,6,2026-06-15,35.53050629773957,18.049055294376213,151,229.0578023036545,43
4157,8155,XD_8155_PA_READING.PXCR,2026,6,2026-06-16,40.49177077134681,20.569315942051194,160,254.18027094341016,43
4158,8155,XD_8155_PA_READING.PXCR,2026,6,2026-06-17,32.92423272411391,16.725100734076744,157,237.92455594121535,43
4159,8155,XD_8155_PA_READING.PXCR,2026,6,2026-06-18,33.117953633350844,16.823508546596905,159,240.88014048706896,43
4160,8155,XD_8155_PA_READING.PXCR,2026,6,2026-06-19,32.312162301604005,16.414176571967737,147,223.14663321194732,42
4161,8155,XD_8155_PA_READING.PXCR,2026,6,2026-06-22,33.091214964005744,16.80992563512743,150,229.0578023036545,43
4162,8155,XD_8155_PA_READING.PXCR,2026,6,2026-06-23,32.638497703872986,16.579950897577053,152,232.01338684950812,43
4163,8155,XD_8155_PA_READING.PXCR,2026,6,2026-06-24,32.840022258970855,16.682322865137998,155,237.92455594121535,43
4164,8155,XD_8155_PA_READING.PXCR,2026,6,2026-06-25,32.80447417964459,16.664264882963693,154,234.96897139536173,43
4165,8155,XD_8155_PA_READING.PXCR,2026,6,2026-06-26,31.999610106264047,16.25540394405198,152,233.49117912243494,43
4166,8155,XD_8155_PA_READING.PXCR,2026,6,2026-06-29,32.32526985129137,16.42083504418591,149,229.0578023036545,43
4167,8155,XD_8155_PA_READING.PXCR,2026,6,2026-06-30,32.84299559501105,16.68383328286603,159,243.83572503292254,44
4168,8160,XD_8160_CT_ROCKYHILL.YZER,2026,5,2026-05-01,38.85917489552655,30.05819651208021,195,193.303271261249,19
4169,8160,XD_8160_CT_ROCKYHILL.YZER,2026,5,2026-05-04,56.43737812225424,43.65521930885319,192,189.39815467011263,19
4170,8160,XD_8160_CT_ROCKYHILL.YZER,2026,5,2026-05-05,55.01815517157997,42.55742753997206,200,199.1609461479535,19
4171,8160,XD_8160_CT_ROCKYHILL.YZER,2026,5,2026-05-06,63.238273697954796,48.91582137315687,184,182.56420063562405,20
4172,8160,XD_8160_CT_ROCKYHILL.YZER,2026,5,2026-05-07,57.80699389737638,44.71463912992114,191,189.39815467011263,19
4173,8160,XD_8160_CT_ROCKYHILL.YZER,2026,5,2026-05-08,61.11151428880503,47.27073877873723,194,192.32699211346488,19
4174,8160,XD_8160_CT_ROCKYHILL.YZER,2026,5,2026-05-11,55.834868822836285,43.18916867934419,187,186.46931722676038,19
4175,8160,XD_8160_CT_ROCKYHILL.YZER,2026,5,2026-05-12,54.92089943680811,42.48219866556702,191,190.37443381789672,19
4176,8160,XD_8160_CT_ROCKYHILL.YZER,2026,5,2026-05-13,57.822789834371484,44.72685754113464,199,196.23210870460125,20
4177,8160,XD_8160_CT_ROCKYHILL.YZER,2026,5,2026-05-14,55.92820414525578,43.261365051767086,189,187.44559637454446,19
4178,8160,XD_8160_CT_ROCKYHILL.YZER,2026,5,2026-05-15,55.00256875711218,42.54537119780188,187,185.4930380789763,19
4179,8160,XD_8160_CT_ROCKYHILL.YZER,2026,5,2026-05-18,57.03020861155826,44.11378322313497,188,185.4930380789763,19
4180,8160,XD_8160_CT_ROCKYHILL.YZER,2026,5,2026-05-19,58.539485127143884,45.28123287224636,195,192.32699211346488,20
4181,8160,XD_8160_CT_ROCKYHILL.YZER,2026,5,2026-05-20,68.45159495758398,52.948409180896945,193,191.3507129656808,20
4182,8160,XD_8160_CT_ROCKYHILL.YZER,2026,5,2026-05-21,56.27675268498988,43.53097295078947,191,189.39815467011263,19
4183,8160,XD_8160_CT_ROCKYHILL.YZER,2026,5,2026-05-22,56.17310005828655,43.450795977633994,193,193.30327126124897,19
4184,8160,XD_8160_CT_ROCKYHILL.YZER,2026,5,2026-05-26,61.18052671527746,47.32412100011123,182,180.61164234005585,19
4185,8160,XD_8160_CT_ROCKYHILL.YZER,2026,5,2026-05-27,62.096577781216375,48.032701226766065,193,192.32699211346488,20
4186,8160,XD_8160_CT_ROCKYHILL.YZER,2026,5,2026-05-28,59.30645657233353,45.874497615531446,194,193.303271261249,19
4187,8160,XD_8160_CT_ROCKYHILL.YZER,2026,5,2026-05-29,58.648600122641696,45.365635075481656,194,193.30327126124897,19
4188,8160,XD_8160_CT_ROCKYHILL.YZER,2026,6,2026-06-01,55.699295731560454,41.03052796312772,189,182.11723266584897,19
4189,8160,XD_8160_CT_ROCKYHILL.YZER,2026,6,2026-06-02,55.14394634329087,40.621433408063346,194,187.80839618665675,19
4190,8160,XD_8160_CT_ROCKYHILL.YZER,2026,6,2026-06-03,57.816228058476455,42.589952546414864,196,187.80839618665675,20
4191,8160,XD_8160_CT_ROCKYHILL.YZER,2026,6,2026-06-04,55.242367906383436,40.69393501950395,193,184.96281442625286,19
4192,8160,XD_8160_CT_ROCKYHILL.YZER,2026,6,2026-06-05,54.82077848446724,40.38337388335856,191,184.96281442625286,19
4193,8160,XD_8160_CT_ROCKYHILL.YZER,2026,6,2026-06-08,55.78761079643989,41.09558468766092,188,180.22017815891306,19
4194,8160,XD_8160_CT_ROCKYHILL.YZER,2026,6,2026-06-09,55.15028836129557,40.626105214836976,191,184.0142871727849,19
4195,8160,XD_8160_CT_ROCKYHILL.YZER,2026,6,2026-06-10,57.191148854847164,42.129491971342475,200,191.6025052005286,20
4196,8160,XD_8160_CT_ROCKYHILL.YZER,2026,6,2026-06-11,54.25184732151091,39.964274401324225,195,188.75692344012472,19
4197,8160,XD_8160_CT_ROCKYHILL.YZER,2026,6,2026-06-12,54.87680723699691,40.42464710355307,192,185.91134167972083,19
4198,8160,XD_8160_CT_ROCKYHILL.YZER,2026,6,2026-06-15,40.80044649438387,30.05538649651816,191,184.96281442625286,19
4199,8160,XD_8160_CT_ROCKYHILL.YZER,2026,6,2026-06-22,56.59324202849367,41.6890477532275,186,179.27165090544509,19
4200,8160,XD_8160_CT_ROCKYHILL.YZER,2026,6,2026-06-23,53.7147465583042,39.56862257854393,193,185.91134167972083,19
4201,8160,XD_8160_CT_ROCKYHILL.YZER,2026,6,2026-06-24,56.14913541232401,41.361899470757656,201,193.49955970746453,20
4202,8160,XD_8160_CT_ROCKYHILL.YZER,2026,6,2026-06-25,55.21333998063824,40.672551784700765,193,184.96281442625286,19
4203,8160,XD_8160_CT_ROCKYHILL.YZER,2026,6,2026-06-26,54.46096792245458,40.11832174702205,191,184.0142871727849,19
4204,8160,XD_8160_CT_ROCKYHILL.YZER,2026,6,2026-06-29,56.060240931012096,41.29641592283608,191,183.06575991931695,19
4205,8160,XD_8160_CT_ROCKYHILL.YZER,2026,6,2026-06-30,55.40801945866832,40.81596117008433,192,184.96281442625286,19
4206,8160,XD_8160_MA_CHELMSFORDCMOP.YZER,2026,5,2026-05-01,180.23857770647322,621.7408718970157,1,2.6812525899541413,1
4207,8160,XD_8160_MA_CHELMSFORDCMOP.YZER,2026,5,2026-05-04,180.23857770647322,621.7408718970157,1,2.6812525899541413,1
4208,8160,XD_8160_MA_CHELMSFORDCMOP.YZER,2026,5,2026-05-05,180.23857770647322,621.7408718970157,1,2.6812525899541413,1
4209,8160,XD_8160_MA_CHELMSFORDCMOP.YZER,2026,5,2026-05-06,182.78857421875,630.5371966075849,1,2.6812525899541413,1
4210,8160,XD_8160_MA_CHELMSFORDCMOP.YZER,2026,5,2026-05-07,182.78857421875,630.5371966075849,1,2.6812525899541413,1
4211,8160,XD_8160_MA_CHELMSFORDCMOP.YZER,2026,5,2026-05-08,255.90400390625,882.7520752506191,1,1.915180421395815,1
4212,8160,XD_8160_MA_CHELMSFORDCMOP.YZER,2026,5,2026-05-11,182.78857421875,630.5371966075849,1,2.6812525899541413,1
4213,8160,XD_8160_MA_CHELMSFORDCMOP.YZER,2026,5,2026-05-12,182.78857421875,630.5371966075849,1,2.6812525899541413,1
4214,8160,XD_8160_MA_CHELMSFORDCMOP.YZER,2026,5,2026-05-13,183.63856724330358,633.4692847926847,1,2.6812525899541413,1
4215,8160,XD_8160_MA_CHELMSFORDCMOP.YZER,2026,5,2026-05-14,183.63856724330358,633.4692847926847,1,2.6812525899541413,1
4216,8160,XD_8160_MA_CHELMSFORDCMOP.YZER,2026,5,2026-05-15,183.63856724330358,633.4692847926847,1,2.6812525899541413,1
4217,8160,XD_8160_MA_CHELMSFORDCMOP.YZER,2026,5,2026-05-18,183.63856724330358,633.4692847926847,1,2.6812525899541413,1
4218,8160,XD_8160_MA_CHELMSFORDCMOP.YZER,2026,5,2026-05-19,183.63856724330358,633.4692847926847,1,2.6812525899541413,1
4219,8160,XD_8160_MA_CHELMSFORDCMOP.YZER,2026,5,2026-05-20,183.63856724330358,633.4692847926847,1,2.6812525899541413,1
4220,8160,XD_8160_MA_CHELMSFORDCMOP.YZER,2026,5,2026-05-21,183.63856724330358,633.4692847926847,1,2.6812525899541413,1
4221,8160,XD_8160_MA_CHELMSFORDCMOP.YZER,2026,5,2026-05-22,214.2449951171875,739.0474989247988,1,2.2982165056749784,1
4222,8160,XD_8160_MA_CHELMSFORDCMOP.YZER,2026,5,2026-05-26,183.63856724330358,633.4692847926847,1,2.6812525899541413,1
4223,8160,XD_8160_MA_CHELMSFORDCMOP.YZER,2026,5,2026-05-27,160.68374633789062,554.2856241935991,1,3.064288674233304,1
4224,8160,XD_8160_MA_CHELMSFORDCMOP.YZER,2026,5,2026-05-28,182.78857421875,630.5371966075849,1,2.6812525899541413,1
4225,8160,XD_8160_MA_CHELMSFORDCMOP.YZER,2026,5,2026-05-29,182.78857421875,630.5371966075849,1,2.6812525899541413,1
4226,8160,XD_8160_MA_CHELMSFORDCMOP.YZER,2026,6,2026-06-01,182.78857421875,614.039335416296,1,2.940905517798285,1
4227,8160,XD_8160_MA_CHELMSFORDCMOP.YZER,2026,6,2026-06-02,182.78857421875,614.039335416296,1,2.940905517798285,1
4228,8160,XD_8160_MA_CHELMSFORDCMOP.YZER,2026,6,2026-06-03,181.93856375558036,611.1839060650229,1,2.940905517798285,1
4229,8160,XD_8160_MA_CHELMSFORDCMOP.YZER,2026,6,2026-06-04,181.93856375558036,611.1839060650229,1,2.940905517798285,1
4230,8160,XD_8160_MA_CHELMSFORDCMOP.YZER,2026,6,2026-06-05,181.93856375558036,611.1839060650229,1,2.940905517798285,1
4231,8160,XD_8160_MA_CHELMSFORDCMOP.YZER,2026,6,2026-06-08,212.26165771484375,713.0478904091934,1,2.520776158112816,1
4232,8160,XD_8160_MA_CHELMSFORDCMOP.YZER,2026,6,2026-06-09,181.93856375558036,611.1839060650229,1,2.940905517798285,1
4233,8160,XD_8160_MA_CHELMSFORDCMOP.YZER,2026,6,2026-06-10,181.08857073102678,608.3285352950712,1,2.940905517798285,1
4234,8160,XD_8160_MA_CHELMSFORDCMOP.YZER,2026,6,2026-06-11,181.08857073102678,608.3285352950712,1,2.940905517798285,1
4235,8160,XD_8160_MA_CHELMSFORDCMOP.YZER,2026,6,2026-06-12,211.2699991861979,709.7166245109164,1,2.520776158112816,1
4236,8160,XD_8160_MA_CHELMSFORDCMOP.YZER,2026,6,2026-06-15,181.08857073102678,608.3285352950712,1,2.940905517798285,1
4237,8160,XD_8160_MA_CHELMSFORDCMOP.YZER,2026,6,2026-06-22,180.23714773995536,605.4683608567609,1,2.940905517798285,1
4238,8160,XD_8160_MA_CHELMSFORDCMOP.YZER,2026,6,2026-06-23,179.38713727678572,602.6129315054878,1,2.940905517798285,1
4239,8160,XD_8160_MA_CHELMSFORDCMOP.YZER,2026,6,2026-06-24,179.38713727678572,602.6129315054878,1,2.940905517798285,1
4240,8160,XD_8160_MA_CHELMSFORDCMOP.YZER,2026,6,2026-06-25,179.38713727678572,602.6129315054878,1,2.940905517798285,1
4241,8160,XD_8160_MA_CHELMSFORDCMOP.YZER,2026,6,2026-06-26,209.28499348958334,703.0484200897358,1,2.520776158112816,1
4242,8160,XD_8160_MA_CHELMSFORDCMOP.YZER,2026,6,2026-06-29,179.38713727678572,602.6129315054878,1,2.940905517798285,1
4243,8160,XD_8160_MA_CHELMSFORDCMOP.YZER,2026,6,2026-06-30,178.53714425223214,599.7575607355362,1,2.940905517798285,1
4244,8160,XD_8160_NJ_CARLSTADT.YZER,2026,5,2026-05-01,103.49227765203038,131.01424718387045,99,37.92057234363714,10
4245,8160,XD_8160_NJ_CARLSTADT.YZER,2026,5,2026-05-04,166.31422159775389,210.54259344705466,95,36.771464090799654,10
4246,8160,XD_8160_NJ_CARLSTADT.YZER,2026,5,2026-05-05,180.1604529410619,228.07098896538074,82,31.408958910891368,10
4247,8160,XD_8160_NJ_CARLSTADT.YZER,2026,5,2026-05-06,156.07150096180845,197.57599957475566,119,45.964330113499564,10
4248,8160,XD_8160_NJ_CARLSTADT.YZER,2026,5,2026-05-07,159.73224287818846,202.21025207349322,110,42.5170053549871,10
4249,8160,XD_8160_NJ_CARLSTADT.YZER,2026,5,2026-05-08,167.61092835003288,212.18413678557582,95,36.388428006520485,10
4250,8160,XD_8160_NJ_CARLSTADT.YZER,2026,5,2026-05-11,149.36413214215332,189.0849227869172,104,40.98486101787044,10
4251,8160,XD_8160_NJ_CARLSTADT.YZER,2026,5,2026-05-12,151.4144501609515,191.68048718857762,100,38.686644512195464,10
4252,8160,XD_8160_NJ_CARLSTADT.YZER,2026,5,2026-05-13,148.58284130176463,188.09586124911496,107,41.75093318642877,10
4253,8160,XD_8160_NJ_CARLSTADT.YZER,2026,5,2026-05-14,142.8621329849021,180.8538301478935,125,48.645582703453705,10
4254,8160,XD_8160_NJ_CARLSTADT.YZER,2026,5,2026-05-15,152.02628475619838,192.45502854292718,105,40.21878884931212,10
4255,8160,XD_8160_NJ_CARLSTADT.YZER,2026,5,2026-05-18,156.24064626669735,197.79012612880848,102,39.452716680753795,10
4256,8160,XD_8160_NJ_CARLSTADT.YZER,2026,5,2026-05-19,150.91604479992003,191.0495395985797,114,44.43218577638291,10
4257,8160,XD_8160_NJ_CARLSTADT.YZER,2026,5,2026-05-20,156.39071834471088,197.9801072633465,103,39.83575276503296,10
4258,8160,XD_8160_NJ_CARLSTADT.YZER,2026,5,2026-05-21,156.22433474517555,197.76947684210722,109,42.13396927070793,10
4259,8160,XD_8160_NJ_CARLSTADT.YZER,2026,5,2026-05-22,159.86052273641428,202.37264572677446,96,36.771464090799654,10
4260,8160,XD_8160_NJ_CARLSTADT.YZER,2026,5,2026-05-26,171.73586882401102,217.40603336701534,102,39.452716680753795,10
4261,8160,XD_8160_NJ_CARLSTADT.YZER,2026,5,2026-05-27,163.0703597226022,206.43608297899445,111,42.90004143926626,10
4262,8160,XD_8160_NJ_CARLSTADT.YZER,2026,5,2026-05-28,170.47758687734358,215.81313324221597,108,41.75093318642877,10
4263,8160,XD_8160_NJ_CARLSTADT.YZER,2026,5,2026-05-29,169.92946763299122,215.11925122710304,102,39.069680596474626,10
4264,8160,XD_8160_NJ_CARLSTADT.YZER,2026,6,2026-06-01,158.60196768426277,175.82066771518313,107,45.37397084603068,10
4265,8160,XD_8160_NJ_CARLSTADT.YZER,2026,6,2026-06-02,104.00545115075928,115.29685371715486,105,44.95384148634521,10
4266,8160,XD_8160_NJ_CARLSTADT.YZER,2026,6,2026-06-03,93.00114279544715,103.09785725434658,119,50.83565252194178,10
4267,8160,XD_8160_NJ_CARLSTADT.YZER,2026,6,2026-06-04,108.51321928799914,120.29400990233236,98,41.59280660886146,10
4268,8160,XD_8160_NJ_CARLSTADT.YZER,2026,6,2026-06-05,93.39434927518876,103.53375238747465,108,45.79410020571615,10
4269,8160,XD_8160_NJ_CARLSTADT.YZER,2026,6,2026-06-08,122.75146061095643,136.0780328438123,99,42.01293596854693,10
4270,8160,XD_8160_NJ_CARLSTADT.YZER,2026,6,2026-06-09,123.12403397763538,136.4910548198876,102,43.27332404760333,10
4271,8160,XD_8160_NJ_CARLSTADT.YZER,2026,6,2026-06-10,115.16042774455086,127.6628757892901,115,48.73500572351443,10
4272,8160,XD_8160_NJ_CARLSTADT.YZER,2026,6,2026-06-11,124.37263392855883,137.8752096338905,104,44.113582766974275,10
4273,8160,XD_8160_NJ_CARLSTADT.YZER,2026,6,2026-06-12,122.14116921330276,135.40148486270581,100,42.01293596854693,10
4274,8160,XD_8160_NJ_CARLSTADT.YZER,2026,6,2026-06-15,99.82106352053914,110.65818600157482,103,44.113582766974275,10
4275,8160,XD_8160_NJ_CARLSTADT.YZER,2026,6,2026-06-22,116.73637502881408,129.40991655964606,98,41.59280660886146,10
4276,8160,XD_8160_NJ_CARLSTADT.YZER,2026,6,2026-06-23,116.21169204065295,128.82827110679182,106,44.95384148634521,10
4277,8160,XD_8160_NJ_CARLSTADT.YZER,2026,6,2026-06-24,109.90963161483391,121.84202441498057,118,49.995393802570845,10
4278,8160,XD_8160_NJ_CARLSTADT.YZER,2026,6,2026-06-25,115.4155683552344,127.94571586489965,107,45.37397084603068,10
4279,8160,XD_8160_NJ_CARLSTADT.YZER,2026,6,2026-06-26,116.65128018354005,129.31558335096238,99,41.59280660886146,10
4280,8160,XD_8160_NJ_CARLSTADT.YZER,2026,6,2026-06-29,114.55720824736838,126.99416747298108,99,42.01293596854693,10
4281,8160,XD_8160_NJ_CARLSTADT.YZER,2026,6,2026-06-30,126.37043288346536,140.08990060740746,100,42.433065328232395,10
4282,8160,XD_8160_NY_CHEEKTOWAGA.YZER,2026,5,2026-05-01,62.61507535080054,41.80363824006474,106,116.96762545710291,21
4283,8160,XD_8160_NY_CHEEKTOWAGA.YZER,2026,5,2026-05-04,84.02239630990236,56.09578587463286,113,125.47436185398313,21
4284,8160,XD_8160_NY_CHEEKTOWAGA.YZER,2026,5,2026-05-05,88.65989668016331,59.19191546851151,105,116.96762545710291,21
4285,8160,XD_8160_NY_CHEEKTOWAGA.YZER,2026,5,2026-05-06,77.54384277260739,51.77051585180427,144,160.564649491114,21
4286,8160,XD_8160_NY_CHEEKTOWAGA.YZER,2026,5,2026-05-07,86.61660402985478,57.82775410172352,108,121.22099365554303,21
4287,8160,XD_8160_NY_CHEEKTOWAGA.YZER,2026,5,2026-05-08,87.4949761833883,58.41418079754307,108,120.157651605933,21
4288,8160,XD_8160_NY_CHEEKTOWAGA.YZER,2026,5,2026-05-11,97.06894056804634,64.80603677499327,107,119.09430955632297,21
4289,8160,XD_8160_NY_CHEEKTOWAGA.YZER,2026,5,2026-05-12,95.77208882606581,63.94022098272562,107,120.157651605933,21
4290,8160,XD_8160_NY_CHEEKTOWAGA.YZER,2026,5,2026-05-13,88.00480326821295,58.7545561288765,138,153.12125514384383,21
4291,8160,XD_8160_NY_CHEEKTOWAGA.YZER,2026,5,2026-05-14,96.94618493467246,64.72408155796698,110,122.28433570515305,21
4292,8160,XD_8160_NY_CHEEKTOWAGA.YZER,2026,5,2026-05-15,105.95259131678779,70.73701937097155,100,111.65091520905278,21
4293,8160,XD_8160_NY_CHEEKTOWAGA.YZER,2026,5,2026-05-18,96.37806500922758,64.34478823751317,109,120.157651605933,21
4294,8160,XD_8160_NY_CHEEKTOWAGA.YZER,2026,5,2026-05-19,87.42588817517445,58.36805564180513,143,160.564649491114,21
4295,8160,XD_8160_NY_CHEEKTOWAGA.YZER,2026,5,2026-05-20,95.24144151950712,63.58594546820832,121,135.04444030047338,21
4296,8160,XD_8160_NY_CHEEKTOWAGA.YZER,2026,5,2026-05-21,97.62436199327371,65.17685220883094,100,110.58757315944275,19
4297,8160,XD_8160_NY_CHEEKTOWAGA.YZER,2026,5,2026-05-22,97.18372397111072,64.88266950011231,99,110.58757315944275,19
4298,8160,XD_8160_NY_CHEEKTOWAGA.YZER,2026,5,2026-05-26,105.38999244347404,70.36141206486336,100,110.58757315944275,19
4299,8160,XD_8160_NY_CHEEKTOWAGA.YZER,2026,5,2026-05-27,96.30403128495263,64.29536117845726,134,148.8678869454037,19
4300,8160,XD_8160_NY_CHEEKTOWAGA.YZER,2026,5,2026-05-28,108.21528773690996,72.24766105053423,98,109.52423110983273,19
4301,8160,XD_8160_NY_CHEEKTOWAGA.YZER,2026,5,2026-05-29,100.43650891650147,67.05432296164736,97,108.46088906022271,18
4302,8160,XD_8160_NY_CHEEKTOWAGA.YZER,2026,6,2026-06-01,100.34729769492775,70.05634924551332,94,100.98827560642351,18
4303,8160,XD_8160_NY_CHEEKTOWAGA.YZER,2026,6,2026-06-02,91.00946528744136,63.53724545934324,96,104.04852638237574,18
4304,8160,XD_8160_NY_CHEEKTOWAGA.YZER,2026,6,2026-06-03,81.11496229502978,56.62950829880184,129,137.71128491785024,18
4305,8160,XD_8160_NY_CHEEKTOWAGA.YZER,2026,6,2026-06-04,92.71956539226908,64.73113281795275,95,100.98827560642351,18
4306,8160,XD_8160_NY_CHEEKTOWAGA.YZER,2026,6,2026-06-05,89.67804505107756,62.6077292370448,101,108.12886075031204,18
4307,8160,XD_8160_NY_CHEEKTOWAGA.YZER,2026,6,2026-06-08,86.78507679599727,60.58803564200409,94,100.98827560642351,18
4308,8160,XD_8160_NY_CHEEKTOWAGA.YZER,2026,6,2026-06-09,87.53590584002342,61.11221858404888,96,103.02844279039167,18
4309,8160,XD_8160_NY_CHEEKTOWAGA.YZER,2026,6,2026-06-10,77.49838705073476,54.104636536362584,119,126.4903654060254,18
4310,8160,XD_8160_NY_CHEEKTOWAGA.YZER,2026,6,2026-06-11,87.53443077105449,61.111188781062424,97,103.02844279039167,18
4311,8160,XD_8160_NY_CHEEKTOWAGA.YZER,2026,6,2026-06-12,86.30677651107784,60.25411562049625,97,103.02844279039167,18
4312,8160,XD_8160_NY_CHEEKTOWAGA.YZER,2026,6,2026-06-15,52.49178247052698,36.64655381607383,100,106.08869356634389,18
4313,8160,XD_8160_NY_CHEEKTOWAGA.YZER,2026,6,2026-06-22,85.108309245642,59.417419035383006,96,102.00835919840759,18
4314,8160,XD_8160_NY_CHEEKTOWAGA.YZER,2026,6,2026-06-23,83.89936645383041,58.57340907809963,98,105.06860997435982,18
4315,8160,XD_8160_NY_CHEEKTOWAGA.YZER,2026,6,2026-06-24,73.90762149287323,51.59778351930298,124,132.61086695792986,17
4316,8160,XD_8160_NY_CHEEKTOWAGA.YZER,2026,6,2026-06-25,85.36915630102766,59.599526504458225,95,100.98827560642351,18
4317,8160,XD_8160_NY_CHEEKTOWAGA.YZER,2026,6,2026-06-26,83.60353352251498,58.36687660905831,99,105.06860997435982,18
4318,8160,XD_8160_NY_CHEEKTOWAGA.YZER,2026,6,2026-06-29,87.92165735160049,61.38152670930786,105,112.20919511824835,20
4319,8160,XD_8160_NY_CHEEKTOWAGA.YZER,2026,6,2026-06-30,89.05673546038258,62.173968860082354,102,108.12886075031204,20
4320,8160,XD_8160_NY_COLONIE.AXLG,2026,5,2026-05-01,72.69865633987244,60.537949140723015,69,120.27263213320788,24
4321,8160,XD_8160_NY_COLONIE.AXLG,2026,5,2026-05-04,73.98503138564881,61.609145102489286,70,120.27263213320788,24
4322,8160,XD_8160_NY_COLONIE.AXLG,2026,5,2026-05-05,71.78161612947783,59.7743073292798,70,121.9908125922537,24
4323,8160,XD_8160_NY_COLONIE.AXLG,2026,5,2026-05-06,70.01963962524657,58.30706640117205,88,152.9180608550786,24
4324,8160,XD_8160_NY_COLONIE.AXLG,2026,5,2026-05-07,73.73259794522845,61.398937602832866,69,120.27263213320788,24
4325,8160,XD_8160_NY_COLONIE.AXLG,2026,5,2026-05-08,73.73259794522845,61.398937602832866,70,120.27263213320788,24
4326,8160,XD_8160_NY_COLONIE.AXLG,2026,5,2026-05-11,75.03734800626361,62.48543488920679,70,120.27263213320788,24
4327,8160,XD_8160_NY_COLONIE.AXLG,2026,5,2026-05-12,73.67228544420666,61.34871390815635,72,125.42717351034537,24
4328,8160,XD_8160_NY_COLONIE.AXLG,2026,5,2026-05-13,69.73129571505955,58.066955375070954,92,159.7907826912619,24
4329,8160,XD_8160_NY_COLONIE.AXLG,2026,5,2026-05-14,73.21198034172967,60.96540659154389,68,118.55445167416205,24
4330,8160,XD_8160_NY_COLONIE.AXLG,2026,5,2026-05-15,74.08589696770623,61.6931383395595,69,120.27263213320788,24
4331,8160,XD_8160_NY_COLONIE.AXLG,2026,5,2026-05-18,75.39677190667108,62.78473596158292,70,120.27263213320788,24
4332,8160,XD_8160_NY_COLONIE.AXLG,2026,5,2026-05-19,69.6707079186326,58.016502435177586,89,154.63624131412442,24
4333,8160,XD_8160_NY_COLONIE.AXLG,2026,5,2026-05-20,74.08589696770623,61.6931383395595,76,132.29989534652867,24
4334,8160,XD_8160_NY_COLONIE.AXLG,2026,5,2026-05-21,73.21198034172967,60.96540659154389,70,121.9908125922537,24
4335,8160,XD_8160_NY_COLONIE.AXLG,2026,5,2026-05-22,74.08589696770623,61.6931383395595,70,121.99081259225372,24
4336,8160,XD_8160_NY_COLONIE.AXLG,2026,5,2026-05-26,75.33618411024412,62.73428302168955,68,116.83627121511623,24
4337,8160,XD_8160_NY_COLONIE.AXLG,2026,5,2026-05-27,69.26312609400068,57.67709908149116,91,158.07260223221607,24
4338,8160,XD_8160_NY_COLONIE.AXLG,2026,5,2026-05-28,74.08589696770623,61.6931383395595,67,116.83627121511623,24
4339,8160,XD_8160_NY_COLONIE.AXLG,2026,5,2026-05-29,73.21198034172967,60.96540659154389,71,123.70899305129953,24
4340,8160,XD_8160_NY_COLONIE.AXLG,2026,6,2026-06-01,75.39677190667108,59.22409461791093,69,121.73954825255436,24
4341,8160,XD_8160_NY_COLONIE.AXLG,2026,6,2026-06-02,74.02530917127928,58.146811907368296,69,123.50388953157689,24
4342,8160,XD_8160_NY_COLONIE.AXLG,2026,6,2026-06-03,73.38816886515845,57.646338786035024,88,155.26203255398238,24
4343,8160,XD_8160_NY_COLONIE.AXLG,2026,6,2026-06-04,74.68679392110734,58.66640756672379,68,119.97520697353184,24
4344,8160,XD_8160_NY_COLONIE.AXLG,2026,6,2026-06-05,73.38816886515845,57.646338786035024,70,123.50388953157689,24
4345,8160,XD_8160_NY_COLONIE.AXLG,2026,6,2026-06-08,74.68679392110734,58.66640756672379,68,119.97520697353184,24
4346,8160,XD_8160_NY_COLONIE.AXLG,2026,6,2026-06-09,73.32813910444578,57.59918546450107,70,123.50388953157689,24
4347,8160,XD_8160_NY_COLONIE.AXLG,2026,6,2026-06-10,71.22851343041374,55.949931438944226,85,151.73334999593732,24
4348,8160,XD_8160_NY_COLONIE.AXLG,2026,6,2026-06-11,73.98503138564881,58.115173743997985,64,112.91784185744173,24
4349,8160,XD_8160_NY_COLONIE.AXLG,2026,6,2026-06-12,73.98503138564881,58.115173743997985,69,121.73954825255436,24
4350,8160,XD_8160_NY_COLONIE.AXLG,2026,6,2026-06-15,111.53482399327414,87.61050111729325,70,123.50388953157689,24
4351,8160,XD_8160_NY_COLONIE.AXLG,2026,6,2026-06-16,81.93700670051196,64.36144300111823,70,135.85427848473458,24
4352,8160,XD_8160_NY_COLONIE.AXLG,2026,6,2026-06-17,71.84107297602154,56.43109639562284,82,144.67598487984722,24
4353,8160,XD_8160_NY_COLONIE.AXLG,2026,6,2026-06-18,73.98503138564881,58.115173743997985,68,119.97520697353184,24
4354,8160,XD_8160_NY_COLONIE.AXLG,2026,6,2026-06-19,73.00742400151601,57.34726404769537,65,114.68218313646426,23
4355,8160,XD_8160_NY_COLONIE.AXLG,2026,6,2026-06-22,75.22586474759238,59.089847202482,69,121.73954825255436,24
4356,8160,XD_8160_NY_COLONIE.AXLG,2026,6,2026-06-23,71.05448470976619,55.81323203978928,72,128.79691336864448,24
4357,8160,XD_8160_NY_COLONIE.AXLG,2026,6,2026-06-24,68.62375548614396,53.90389648218053,92,162.31939767007248,24
4358,8160,XD_8160_NY_COLONIE.AXLG,2026,6,2026-06-25,73.23009170388418,57.52216932201838,69,123.50388953157689,24
4359,8160,XD_8160_NY_COLONIE.AXLG,2026,6,2026-06-26,74.50421673948803,58.52299335937977,68,119.97520697353184,24
4360,8160,XD_8160_NY_COLONIE.AXLG,2026,6,2026-06-29,74.50421673948803,58.52299335937977,71,125.26823081059942,24
4361,8160,XD_8160_NY_COLONIE.AXLG,2026,6,2026-06-30,70.39473466939397,55.29499899310738,71,127.03257208962195,24
4362,8160,XD_8160_NY_FARMINGDALE.YZER,2026,5,2026-05-01,27.889928305597504,25.456371525261012,441,170.8340935885067,29
4363,8160,XD_8160_NY_FARMINGDALE.YZER,2026,5,2026-05-04,35.996849751094594,32.855917410836526,418,161.25819148152763,29
4364,8160,XD_8160_NY_FARMINGDALE.YZER,2026,5,2026-05-05,35.217037091581886,32.1441478945028,457,176.196598768415,29
4365,8160,XD_8160_NY_FARMINGDALE.YZER,2026,5,2026-05-06,35.26995143094912,32.192445153182945,464,179.26088744264828,29
4366,8160,XD_8160_NY_FARMINGDALE.YZER,2026,5,2026-05-07,45.053109497471056,41.12196636610602,437,168.53587708283172,29
4367,8160,XD_8160_NY_FARMINGDALE.YZER,2026,5,2026-05-08,36.1996537786189,33.041025619610295,438,168.9189131671109,29
4368,8160,XD_8160_NY_FARMINGDALE.YZER,2026,5,2026-05-11,45.40679056663927,41.44478672618528,420,162.02426365008597,29
4369,8160,XD_8160_NY_FARMINGDALE.YZER,2026,5,2026-05-12,35.02475055295956,31.96863946318518,436,168.53587708283172,28
4370,8160,XD_8160_NY_FARMINGDALE.YZER,2026,5,2026-05-13,34.741656494056436,31.710246990423403,449,173.51534617846085,29
4371,8160,XD_8160_NY_FARMINGDALE.YZER,2026,5,2026-05-14,35.07189739201301,32.0116724691519,453,175.43052659985668,29
4372,8160,XD_8160_NY_FARMINGDALE.YZER,2026,5,2026-05-15,35.47236844825835,32.37720012061055,449,173.1323100941817,29
4373,8160,XD_8160_NY_FARMINGDALE.YZER,2026,5,2026-05-18,36.81535170914633,33.603000361714415,427,164.7055162400401,29
4374,8160,XD_8160_NY_FARMINGDALE.YZER,2026,5,2026-05-19,35.21196080703932,32.13951454500589,459,177.72874310553163,29
4375,8160,XD_8160_NY_FARMINGDALE.YZER,2026,5,2026-05-20,35.704642145334,32.58920660063857,434,167.7698049142734,28
4376,8160,XD_8160_NY_FARMINGDALE.YZER,2026,5,2026-05-21,35.74368475089835,32.62484251413645,445,172.36623792562335,29
4377,8160,XD_8160_NY_FARMINGDALE.YZER,2026,5,2026-05-22,38.04400776257541,34.724449102282684,404,156.2787223858985,29
4378,8160,XD_8160_NY_FARMINGDALE.YZER,2026,5,2026-05-26,39.374914136663484,35.93922623447504,430,166.23766057715676,29
4379,8160,XD_8160_NY_FARMINGDALE.YZER,2026,5,2026-05-27,36.475238488890845,33.29256397763311,449,173.51534617846085,29
4380,8160,XD_8160_NY_FARMINGDALE.YZER,2026,5,2026-05-28,38.373842077255,35.025503474465424,428,165.47158840859842,29
4381,8160,XD_8160_NY_FARMINGDALE.YZER,2026,5,2026-05-29,36.14449409330524,32.99067893434186,455,176.196598768415,29
4382,8160,XD_8160_NY_FARMINGDALE.YZER,2026,6,2026-06-01,36.60767279379055,32.448910977086506,428,181.91601274380818,29
4383,8160,XD_8160_NY_FARMINGDALE.YZER,2026,6,2026-06-02,35.504400308774535,31.47097416992005,460,194.94002289405773,29
4384,8160,XD_8160_NY_FARMINGDALE.YZER,2026,6,2026-06-03,35.883039705388754,31.806598784529168,464,196.20041097311415,29
4385,8160,XD_8160_NY_FARMINGDALE.YZER,2026,6,2026-06-04,34.77491615305156,30.824362008540994,449,189.47834121814665,29
4386,8160,XD_8160_NY_FARMINGDALE.YZER,2026,6,2026-06-05,34.0665657520558,30.196482732194493,446,188.6380824987757,29
4387,8160,XD_8160_NY_FARMINGDALE.YZER,2026,6,2026-06-08,37.81534817934268,33.51939014400166,422,178.55497786632444,29
4388,8160,XD_8160_NY_FARMINGDALE.YZER,2026,6,2026-06-09,35.652099273399024,31.60189400690354,459,193.67963481500132,29
4389,8160,XD_8160_NY_FARMINGDALE.YZER,2026,6,2026-06-10,33.18105310350138,29.41156746965149,460,194.94002289405773,29
4390,8160,XD_8160_NY_FARMINGDALE.YZER,2026,6,2026-06-11,34.797617093955196,30.844484041826966,461,194.94002289405773,29
4391,8160,XD_8160_NY_FARMINGDALE.YZER,2026,6,2026-06-12,36.412827745976,32.27620101962827,439,185.69717698097742,29
4392,8160,XD_8160_NY_FARMINGDALE.YZER,2026,6,2026-06-15,30.620490538755483,27.141893918351794,416,176.0342017082116,29
4393,8160,XD_8160_NY_FARMINGDALE.YZER,2026,6,2026-06-22,35.128174530298494,31.137488977845102,425,179.81536594538085,29
4394,8160,XD_8160_NY_FARMINGDALE.YZER,2026,6,2026-06-23,34.76275242502421,30.81358012327525,455,191.99911737625945,29
4395,8160,XD_8160_NY_FARMINGDALE.YZER,2026,6,2026-06-24,34.580033402773964,30.65161863175361,461,195.36015225374322,29
4396,8160,XD_8160_NY_FARMINGDALE.YZER,2026,6,2026-06-25,35.41455089248045,31.391331966847137,452,191.15885865688853,29
4397,8160,XD_8160_NY_FARMINGDALE.YZER,2026,6,2026-06-26,36.01861758349408,31.926774533528107,438,185.69717698097742,29
4398,8160,XD_8160_NY_FARMINGDALE.YZER,2026,6,2026-06-29,38.57879637581104,34.196107910311596,423,178.97510722600992,29
4399,8160,XD_8160_NY_FARMINGDALE.YZER,2026,6,2026-06-30,34.89783179911382,30.933314000087485,461,195.36015225374322,29
4400,8160,XD_8160_NY_MIDDLETOWN.AXLG,2026,5,2026-05-01,35.06449976144014,33.41832202408605,64,64.0,18
4401,8160,XD_8160_NY_MIDDLETOWN.AXLG,2026,5,2026-05-04,37.162024432052796,35.41737392480879,61,61.0,18
4402,8160,XD_8160_NY_MIDDLETOWN.AXLG,2026,5,2026-05-05,36.76176302391186,35.035903642270284,65,65.0,19
4403,8160,XD_8160_NY_MIDDLETOWN.AXLG,2026,5,2026-05-06,37.35979961995725,35.605864134642985,76,76.0,18
4404,8160,XD_8160_NY_MIDDLETOWN.AXLG,2026,5,2026-05-07,36.993336605142666,35.2566055077608,67,67.0,18
4405,8160,XD_8160_NY_MIDDLETOWN.AXLG,2026,5,2026-05-08,36.443723877689294,34.732795522176154,67,67.0,19
4406,8160,XD_8160_NY_MIDDLETOWN.AXLG,2026,5,2026-05-11,36.34975636741261,34.643239517111425,65,65.0,18
4407,8160,XD_8160_NY_MIDDLETOWN.AXLG,2026,5,2026-05-12,36.68195046374672,34.9598380529902,68,68.0,19
4408,8160,XD_8160_NY_MIDDLETOWN.AXLG,2026,5,2026-05-13,38.11070946822932,36.3215209183228,78,78.0,18
4409,8160,XD_8160_NY_MIDDLETOWN.AXLG,2026,5,2026-05-14,37.863228032618395,36.08565802660905,65,65.0,18
4410,8160,XD_8160_NY_MIDDLETOWN.AXLG,2026,5,2026-05-15,36.10858292049832,34.41338847210939,65,65.0,18
4411,8160,XD_8160_NY_MIDDLETOWN.AXLG,2026,5,2026-05-18,36.75573108049087,35.03015488129992,63,63.0,18
4412,8160,XD_8160_NY_MIDDLETOWN.AXLG,2026,5,2026-05-19,37.21895326685022,35.4716301140218,78,78.0,18
4413,8160,XD_8160_NY_MIDDLETOWN.AXLG,2026,5,2026-05-20,35.5009206297802,33.83425418383291,69,69.0,19
4414,8160,XD_8160_NY_MIDDLETOWN.AXLG,2026,5,2026-05-21,36.32913849971912,34.62358959919676,65,65.0,18
4415,8160,XD_8160_NY_MIDDLETOWN.AXLG,2026,5,2026-05-22,31.685388565063477,30.197850410802385,59,59.0,18
4416,8160,XD_8160_NY_MIDDLETOWN.AXLG,2026,5,2026-05-26,37.589471864700315,35.82475392594293,62,62.0,18
4417,8160,XD_8160_NY_MIDDLETOWN.AXLG,2026,5,2026-05-27,36.14647906732838,34.44950550349027,82,82.0,19
4418,8160,XD_8160_NY_MIDDLETOWN.AXLG,2026,5,2026-05-28,37.52449037351726,35.76282312947543,66,66.0,18
4419,8160,XD_8160_NY_MIDDLETOWN.AXLG,2026,5,2026-05-29,38.02890706415529,36.24355890260066,64,64.0,18
4420,8160,XD_8160_NY_MIDDLETOWN.AXLG,2026,6,2026-06-01,36.75573108049087,29.98058476087395,63,76.76401850260632,18
4421,8160,XD_8160_NY_MIDDLETOWN.AXLG,2026,6,2026-06-02,37.67576277883429,30.73102795718725,66,80.41944795511138,19
4422,8160,XD_8160_NY_MIDDLETOWN.AXLG,2026,6,2026-06-03,36.75613833356786,29.98091694540776,78,95.04116576513162,18
4423,8160,XD_8160_NY_MIDDLETOWN.AXLG,2026,6,2026-06-04,36.5362932958101,29.801595718622185,67,81.63792443927973,19
4424,8160,XD_8160_NY_MIDDLETOWN.AXLG,2026,6,2026-06-05,35.22869527660615,28.73502590500467,67,81.63792443927973,19
4425,8160,XD_8160_NY_MIDDLETOWN.AXLG,2026,6,2026-06-08,36.42913372604935,29.714188762762287,64,77.98249498677467,18
4426,8160,XD_8160_NY_MIDDLETOWN.AXLG,2026,6,2026-06-09,36.563825460623576,29.824052907653016,66,80.41944795511138,19
4427,8160,XD_8160_NY_MIDDLETOWN.AXLG,2026,6,2026-06-10,36.47742564354414,29.753579080493882,78,95.04116576513162,18
4428,8160,XD_8160_NY_MIDDLETOWN.AXLG,2026,6,2026-06-11,36.95703214804332,30.144780208517048,63,76.76401850260632,18
4429,8160,XD_8160_NY_MIDDLETOWN.AXLG,2026,6,2026-06-12,36.97957382025542,30.163166797343884,65,79.20097147094302,18
4430,8160,XD_8160_NY_MIDDLETOWN.AXLG,2026,6,2026-06-15,37.629870128631595,30.693594652261552,62,75.54554201843796,18
4431,8160,XD_8160_NY_MIDDLETOWN.AXLG,2026,6,2026-06-16,45.56851716292532,37.1689189976568,66,81.63792443927973,19
4432,8160,XD_8160_NY_MIDDLETOWN.AXLG,2026,6,2026-06-17,36.40995960058989,29.698548984239203,80,97.47811873346834,18
4433,8160,XD_8160_NY_MIDDLETOWN.AXLG,2026,6,2026-06-18,38.551578658923766,31.445405591805404,66,80.41944795511138,19
4434,8160,XD_8160_NY_MIDDLETOWN.AXLG,2026,6,2026-06-19,38.587922607233494,31.475050297292512,58,70.67163608176455,18
4435,8160,XD_8160_NY_MIDDLETOWN.AXLG,2026,6,2026-06-22,35.16313561569026,28.68155078933689,59,71.8901125659329,18
4436,8160,XD_8160_NY_MIDDLETOWN.AXLG,2026,6,2026-06-23,36.55168968446073,29.81415410669889,64,77.98249498677467,19
4437,8160,XD_8160_NY_MIDDLETOWN.AXLG,2026,6,2026-06-24,36.332751132451996,29.635572274071304,78,95.04116576513162,19
4438,8160,XD_8160_NY_MIDDLETOWN.AXLG,2026,6,2026-06-25,34.56409612287555,28.192931633589094,65,79.20097147094302,19
4439,8160,XD_8160_NY_MIDDLETOWN.AXLG,2026,6,2026-06-26,37.84344403655441,30.867800700161094,64,77.98249498677467,18
4440,8160,XD_8160_NY_MIDDLETOWN.AXLG,2026,6,2026-06-29,36.32387925607187,29.628335741590963,61,75.54554201843796,18
4441,8160,XD_8160_NY_MIDDLETOWN.AXLG,2026,6,2026-06-30,36.291640003940515,29.602039117833584,66,80.41944795511138,19
4442,8160,XD_8160_NY_SYRACUSE.YZER,2026,5,2026-05-01,64.98064552394416,33.9783211949416,187,256.7139116753988,28
4443,8160,XD_8160_NY_SYRACUSE.YZER,2026,5,2026-05-04,81.72132319136425,42.73200651490331,199,274.0955827784206,28
4444,8160,XD_8160_NY_SYRACUSE.YZER,2026,5,2026-05-05,81.62445154886272,42.68135242002539,198,271.4214795318019,28
4445,8160,XD_8160_NY_SYRACUSE.YZER,2026,5,2026-05-06,72.97341367677322,38.1577324849303,252,344.95931881381716,28
4446,8160,XD_8160_NY_SYRACUSE.YZER,2026,5,2026-05-07,81.4477882170294,42.588975322445,201,275.43263440172996,28
4447,8160,XD_8160_NY_SYRACUSE.YZER,2026,5,2026-05-08,80.95561387848173,42.33161780276758,204,279.4437892716581,28
4448,8160,XD_8160_NY_SYRACUSE.YZER,2026,5,2026-05-11,80.59608303803395,42.14361944913903,201,275.43263440172996,28
4449,8160,XD_8160_NY_SYRACUSE.YZER,2026,5,2026-05-12,79.77819449514742,41.715946264488664,203,279.4437892716581,28
4450,8160,XD_8160_NY_SYRACUSE.YZER,2026,5,2026-05-13,72.74895439047174,38.040362925677016,249,340.948163943889,28
4451,8160,XD_8160_NY_SYRACUSE.YZER,2026,5,2026-05-14,81.24779666946206,42.48439992180494,199,272.7585311551112,28
4452,8160,XD_8160_NY_SYRACUSE.YZER,2026,5,2026-05-15,80.67554411052832,42.18516957259407,201,275.43263440172996,28
4453,8160,XD_8160_NY_SYRACUSE.YZER,2026,5,2026-05-18,81.2405655704822,42.480618786641564,201,275.43263440172996,28
4454,8160,XD_8160_NY_SYRACUSE.YZER,2026,5,2026-05-19,73.16545006933761,38.258148142162675,251,343.6222671905078,28
4455,8160,XD_8160_NY_SYRACUSE.YZER,2026,5,2026-05-20,74.54654510987896,38.98032149870409,237,324.9035444641766,28
4456,8160,XD_8160_NY_SYRACUSE.YZER,2026,5,2026-05-21,81.33986510664442,42.532542424934526,200,274.0955827784206,28
4457,8160,XD_8160_NY_SYRACUSE.YZER,2026,5,2026-05-22,80.01037794758933,41.83735478328085,206,282.1178925182768,28
4458,8160,XD_8160_NY_SYRACUSE.YZER,2026,5,2026-05-26,85.28139043617344,44.59356248044298,206,282.1178925182768,28
4459,8160,XD_8160_NY_SYRACUSE.YZER,2026,5,2026-05-27,78.75246858666756,41.17959510799763,251,342.2852155671984,28
4460,8160,XD_8160_NY_SYRACUSE.YZER,2026,5,2026-05-28,85.87961419796945,44.90637314830963,201,276.76968602503933,28
4461,8160,XD_8160_NY_SYRACUSE.YZER,2026,5,2026-05-29,85.25646709558578,44.580530088029676,203,278.1067376483487,28
4462,8160,XD_8160_NY_SYRACUSE.YZER,2026,6,2026-06-01,83.04643366852136,43.20658149905086,204,283.70134294818814,28
4463,8160,XD_8160_NY_SYRACUSE.YZER,2026,6,2026-06-02,82.44841090141573,42.895448097123314,204,285.05876564172013,28
4464,8160,XD_8160_NY_SYRACUSE.YZER,2026,6,2026-06-03,77.25959878873195,40.19586397861933,232,321.7091783670842,26
4465,8160,XD_8160_NY_SYRACUSE.YZER,2026,6,2026-06-04,83.49762904455994,43.44132499044048,200,278.27165217406014,28
4466,8160,XD_8160_NY_SYRACUSE.YZER,2026,6,2026-06-05,84.05239151043354,43.72995134843745,186,259.26773446461215,25
4467,8160,XD_8160_NY_SYRACUSE.YZER,2026,6,2026-06-08,83.70760624481055,43.550569862433214,201,279.6290748675921,28
4468,8160,XD_8160_NY_SYRACUSE.YZER,2026,6,2026-06-09,84.20186334774145,43.80771708544953,185,257.9103117710801,25
4469,8160,XD_8160_NY_SYRACUSE.YZER,2026,6,2026-06-10,76.77299260469802,39.94269730041707,239,331.21113722180814,27
4470,8160,XD_8160_NY_SYRACUSE.YZER,2026,6,2026-06-11,83.47894187806506,43.43160261530069,188,261.9825798516761,26
4471,8160,XD_8160_NY_SYRACUSE.YZER,2026,6,2026-06-12,82.93809002886792,43.150213536095634,202,280.9864975611241,28
4472,8160,XD_8160_NY_SYRACUSE.YZER,2026,6,2026-06-15,63.41789212954955,32.99443701255552,194,270.1271160128681,27
4473,8160,XD_8160_NY_SYRACUSE.YZER,2026,6,2026-06-22,83.89337858465925,43.64722166778322,199,276.91422948052815,28
4474,8160,XD_8160_NY_SYRACUSE.YZER,2026,6,2026-06-23,91.65527408591194,47.68550429772245,193,268.7696933193361,28
4475,8160,XD_8160_NY_SYRACUSE.YZER,2026,6,2026-06-24,89.82727314263175,46.734449950808155,231,320.35175567355213,28
4476,8160,XD_8160_NY_SYRACUSE.YZER,2026,6,2026-06-25,91.88693218683662,47.80602909542141,187,261.9825798516761,28
4477,8160,XD_8160_NY_SYRACUSE.YZER,2026,6,2026-06-26,96.38295207528517,50.14517409118344,181,252.48062099695213,27
4478,8160,XD_8160_NY_SYRACUSE.YZER,2026,6,2026-06-29,81.86962265924463,42.59432184459963,197,274.1993840934641,28
4479,8160,XD_8160_NY_SYRACUSE.YZER,2026,6,2026-06-30,81.2637932586285,42.279126884190816,200,278.27165217406014,28
4480,8162,XD_8162_IN_SOUTHBEND.YZER,2026,5,2026-05-01,30.08834369800709,27.737207153034284,89,98.8128184474032,9
4481,8162,XD_8162_IN_SOUTHBEND.YZER,2026,5,2026-05-04,37.84500284429127,34.88775235138008,91,101.0086588573455,9
4482,8162,XD_8162_IN_SOUTHBEND.YZER,2026,5,2026-05-05,38.76520331339667,35.736047335313884,89,97.71489824243206,9
4483,8162,XD_8162_IN_SOUTHBEND.YZER,2026,5,2026-05-06,39.377188322988935,36.30021115755634,88,97.71489824243206,9
4484,8162,XD_8162_IN_SOUTHBEND.YZER,2026,5,2026-05-07,40.18812042928216,37.04777612972831,87,95.51905783248976,9
4485,8162,XD_8162_IN_SOUTHBEND.YZER,2026,5,2026-05-08,39.62778312042877,36.531224199610946,88,96.61697803746091,9
4486,8162,XD_8162_IN_SOUTHBEND.YZER,2026,5,2026-05-11,38.92873957474237,35.886804691833945,88,97.71489824243206,9
4487,8162,XD_8162_IN_SOUTHBEND.YZER,2026,5,2026-05-12,38.82112469804431,35.78759896094752,89,98.8128184474032,9
4488,8162,XD_8162_IN_SOUTHBEND.YZER,2026,5,2026-05-13,38.72117419881049,35.69545870457039,90,98.8128184474032,9
4489,8162,XD_8162_IN_SOUTHBEND.YZER,2026,5,2026-05-14,38.470801397741944,35.464650311844416,90,99.91073865237435,9
4490,8162,XD_8162_IN_SOUTHBEND.YZER,2026,5,2026-05-15,38.432608319003506,35.429441682635286,90,99.91073865237435,9
4491,8162,XD_8162_IN_SOUTHBEND.YZER,2026,5,2026-05-18,39.11306624812957,36.0567278745417,91,99.91073865237435,9
4492,8162,XD_8162_IN_SOUTHBEND.YZER,2026,5,2026-05-19,40.68154745654608,37.50264622186408,86,94.42113762751862,9
4493,8162,XD_8162_IN_SOUTHBEND.YZER,2026,5,2026-05-20,39.45808267312608,36.37478433346075,90,98.8128184474032,9
4494,8162,XD_8162_IN_SOUTHBEND.YZER,2026,5,2026-05-21,39.18639697542542,36.12432845748181,90,98.8128184474032,9
4495,8162,XD_8162_IN_SOUTHBEND.YZER,2026,5,2026-05-22,38.9213135666898,35.87995896028614,91,99.91073865237435,9
4496,8162,XD_8162_IN_SOUTHBEND.YZER,2026,5,2026-05-26,46.42875245584088,42.800758248780106,92,101.0086588573455,9
4497,8162,XD_8162_IN_SOUTHBEND.YZER,2026,5,2026-05-27,46.703519934987256,43.05405509238485,89,98.8128184474032,9
4498,8162,XD_8162_IN_SOUTHBEND.YZER,2026,5,2026-05-28,47.58987966080506,43.871153686241435,87,95.51905783248976,9
4499,8162,XD_8162_IN_SOUTHBEND.YZER,2026,5,2026-05-29,47.62521440820646,43.90372733729414,87,95.51905783248976,9
4500,8162,XD_8162_IN_SOUTHBEND.YZER,2026,6,2026-06-01,45.19335329623488,42.041535720674155,89,94.61002301336917,9
4501,8162,XD_8162_IN_SOUTHBEND.YZER,2026,6,2026-06-02,43.642092623654236,40.59846110412851,94,100.98822681202327,9
4502,8162,XD_8162_IN_SOUTHBEND.YZER,2026,6,2026-06-03,44.359375735447074,41.26572036609585,90,96.73609094625388,9
4503,8162,XD_8162_IN_SOUTHBEND.YZER,2026,6,2026-06-04,44.7479325647038,41.627178957354424,88,94.61002301336917,9
4504,8162,XD_8162_IN_SOUTHBEND.YZER,2026,6,2026-06-05,45.40643122624397,42.23975343970565,87,92.48395508048448,9
4505,8162,XD_8162_IN_SOUTHBEND.YZER,2026,6,2026-06-08,43.69280369349631,40.64563554679985,89,94.61002301336917,9
4506,8162,XD_8162_IN_SOUTHBEND.YZER,2026,6,2026-06-09,43.65629351288442,40.61167161293767,89,94.61002301336917,9
4507,8162,XD_8162_IN_SOUTHBEND.YZER,2026,6,2026-06-10,43.08190067718489,40.07733735450209,89,95.67305697981152,9
4508,8162,XD_8162_IN_SOUTHBEND.YZER,2026,6,2026-06-11,43.8649692988522,40.8057941966791,87,92.48395508048448,9
4509,8162,XD_8162_IN_SOUTHBEND.YZER,2026,6,2026-06-12,43.27733940819011,40.259146045193866,88,94.61002301336917,9
4510,8162,XD_8162_IN_SOUTHBEND.YZER,2026,6,2026-06-15,30.301228526281932,28.1879986447946,89,95.67305697981152,9
4511,8162,XD_8162_IN_SOUTHBEND.YZER,2026,6,2026-06-22,40.971233112141206,38.11386929209468,88,94.61002301336917,9
4512,8162,XD_8162_IN_SOUTHBEND.YZER,2026,6,2026-06-23,39.9493156031339,37.163221059003895,91,97.79912491269623,9
4513,8162,XD_8162_IN_SOUTHBEND.YZER,2026,6,2026-06-24,40.59532731799279,37.764179443485546,90,95.67305697981152,9
4514,8162,XD_8162_IN_SOUTHBEND.YZER,2026,6,2026-06-25,40.54170510307475,37.71429688112905,89,94.61002301336917,9
4515,8162,XD_8162_IN_SOUTHBEND.YZER,2026,6,2026-06-26,40.411398042829944,37.59307753075183,90,95.67305697981152,9
4516,8162,XD_8162_IN_SOUTHBEND.YZER,2026,6,2026-06-29,41.153725424006765,38.28363445640443,89,95.67305697981152,9
4517,8162,XD_8162_IN_SOUTHBEND.YZER,2026,6,2026-06-30,40.2265131868089,37.421086680069195,92,98.86215887913858,9
4518,8162,XD_8162_MI_FLINT.YZER,2026,5,2026-05-01,27.231300847958295,25.153947124124315,63,59.63158440276463,6
4519,8162,XD_8162_MI_FLINT.YZER,2026,5,2026-05-04,45.21260580475077,41.76353902835478,63,59.631584402764624,6
4520,8162,XD_8162_MI_FLINT.YZER,2026,5,2026-05-05,44.706505889954684,41.296047204611845,64,60.57811748852279,6
4521,8162,XD_8162_MI_FLINT.YZER,2026,5,2026-05-06,47.12712165590316,43.532005057835555,60,56.791985145490116,6
4522,8162,XD_8162_MI_FLINT.YZER,2026,5,2026-05-07,46.605337468521064,43.05002544426899,62,58.685051317006454,6
4523,8162,XD_8162_MI_FLINT.YZER,2026,5,2026-05-08,47.85319378122742,44.202688399431274,61,57.73851823124829,6
4524,8162,XD_8162_MI_FLINT.YZER,2026,5,2026-05-11,44.83043047136828,41.41051813590011,61,57.738518231248285,6
4525,8162,XD_8162_MI_FLINT.YZER,2026,5,2026-05-12,44.48698524153713,41.09327280122294,62,58.685051317006454,6
4526,8162,XD_8162_MI_FLINT.YZER,2026,5,2026-05-13,43.958693616352384,40.60528217307742,62,58.685051317006454,6
4527,8162,XD_8162_MI_FLINT.YZER,2026,5,2026-05-14,43.6993712787372,40.36574237272426,63,59.63158440276463,6
4528,8162,XD_8162_MI_FLINT.YZER,2026,5,2026-05-15,44.22683421683399,40.8529675306005,62,58.685051317006454,6
4529,8162,XD_8162_MI_FLINT.YZER,2026,5,2026-05-18,45.04661964382054,41.610215206673,62,58.685051317006454,6
4530,8162,XD_8162_MI_FLINT.YZER,2026,5,2026-05-19,44.75419443927452,41.34009780853689,63,59.631584402764624,6
4531,8162,XD_8162_MI_FLINT.YZER,2026,5,2026-05-20,44.3354814809631,40.9533265825732,63,59.63158440276463,6
4532,8162,XD_8162_MI_FLINT.YZER,2026,5,2026-05-21,44.669271709065036,41.261653452270096,62,58.685051317006454,6
4533,8162,XD_8162_MI_FLINT.YZER,2026,5,2026-05-22,44.622980717014464,41.21889379224267,63,59.631584402764624,6
4534,8162,XD_8162_MI_FLINT.YZER,2026,5,2026-05-26,49.95289598058012,46.14221374175017,60,56.791985145490116,6
4535,8162,XD_8162_MI_FLINT.YZER,2026,5,2026-05-27,48.62584141242409,44.91639421059373,64,60.57811748852279,6
4536,8162,XD_8162_MI_FLINT.YZER,2026,5,2026-05-28,49.15085994902711,45.40136143939534,63,59.631584402764624,6
4537,8162,XD_8162_MI_FLINT.YZER,2026,5,2026-05-29,49.15085994902711,45.40136143939534,63,59.631584402764624,6
4538,8162,XD_8162_MI_FLINT.YZER,2026,6,2026-06-01,48.11498868340635,44.677466465541094,60,55.54750925821816,6
4539,8162,XD_8162_MI_FLINT.YZER,2026,6,2026-06-02,46.326570425301384,43.01681977436974,64,59.25067654209937,6
4540,8162,XD_8162_MI_FLINT.YZER,2026,6,2026-06-03,91.14466330503807,84.63293351512813,49,45.36379922754483,6
4541,8162,XD_8162_MI_FLINT.YZER,2026,6,2026-06-04,46.32945571768997,43.01949893023076,63,58.32488472112907,6
4542,8162,XD_8162_MI_FLINT.YZER,2026,6,2026-06-05,48.506483754215076,45.04099160346789,59,54.62171743724786,6
4543,8162,XD_8162_MI_FLINT.YZER,2026,6,2026-06-08,45.035590693791505,41.81807266373979,63,58.32488472112907,6
4544,8162,XD_8162_MI_FLINT.YZER,2026,6,2026-06-09,45.44927048510343,42.20219755931905,63,58.32488472112907,6
4545,8162,XD_8162_MI_FLINT.YZER,2026,6,2026-06-10,45.411098991722206,42.166753186117575,62,57.39909290015876,6
4546,8162,XD_8162_MI_FLINT.YZER,2026,6,2026-06-11,44.79464699159368,41.594342918195046,62,57.39909290015876,6
4547,8162,XD_8162_MI_FLINT.YZER,2026,6,2026-06-12,45.48964057855503,42.23968345603749,61,56.47330107918847,6
4548,8162,XD_8162_MI_FLINT.YZER,2026,6,2026-06-15,28.874451391571753,26.811548107102535,60,55.54750925821816,6
4549,8162,XD_8162_MI_FLINT.YZER,2026,6,2026-06-22,45.566696438919564,42.31123414557546,61,56.47330107918847,6
4550,8162,XD_8162_MI_FLINT.YZER,2026,6,2026-06-23,44.562960328376704,41.37920885270665,62,57.39909290015876,6
4551,8162,XD_8162_MI_FLINT.YZER,2026,6,2026-06-24,44.51797887143846,41.33744104627209,63,58.32488472112907,6
4552,8162,XD_8162_MI_FLINT.YZER,2026,6,2026-06-25,44.26396461753102,41.10157456014667,63,58.32488472112907,6
4553,8162,XD_8162_MI_FLINT.YZER,2026,6,2026-06-26,44.29057788793778,41.12628647484669,63,58.32488472112907,6
4554,8162,XD_8162_MI_FLINT.YZER,2026,6,2026-06-29,45.47209773096779,42.223393937817995,63,58.32488472112907,6
4555,8162,XD_8162_MI_FLINT.YZER,2026,6,2026-06-30,46.02287312640891,42.73481979352752,61,56.47330107918846,6
4556,8162,XD_8162_MI_GRANDRAPIDS.YZER,2026,5,2026-05-01,29.188122231619698,23.060080432432947,80,89.55519821306358,7
4557,8162,XD_8162_MI_GRANDRAPIDS.YZER,2026,5,2026-05-04,47.47004369981461,37.50371528398547,76,85.13271928896167,7
4558,8162,XD_8162_MI_GRANDRAPIDS.YZER,2026,5,2026-05-05,46.523978332794435,36.7562761961023,77,86.23833901998715,7
4559,8162,XD_8162_MI_GRANDRAPIDS.YZER,2026,5,2026-05-06,46.83687415163333,37.00347958562286,78,87.34395875101262,7
4560,8162,XD_8162_MI_GRANDRAPIDS.YZER,2026,5,2026-05-07,46.970541665367854,37.10908362528878,77,86.23833901998715,7
4561,8162,XD_8162_MI_GRANDRAPIDS.YZER,2026,5,2026-05-08,47.36588465495699,37.42142441466809,76,85.13271928896167,7
4562,8162,XD_8162_MI_GRANDRAPIDS.YZER,2026,5,2026-05-11,47.095263909880735,37.20762045363825,79,88.4495784820381,8
4563,8162,XD_8162_MI_GRANDRAPIDS.YZER,2026,5,2026-05-12,47.886210870329954,37.832508220689895,77,86.23833901998715,8
4564,8162,XD_8162_MI_GRANDRAPIDS.YZER,2026,5,2026-05-13,47.037477805616504,37.161966533127845,79,89.55519821306358,8
4565,8162,XD_8162_MI_GRANDRAPIDS.YZER,2026,5,2026-05-14,47.18439671252514,37.278039837997326,80,89.55519821306358,8
4566,8162,XD_8162_MI_GRANDRAPIDS.YZER,2026,5,2026-05-15,47.220315295094615,37.30641731964887,80,89.55519821306358,8
4567,8162,XD_8162_MI_GRANDRAPIDS.YZER,2026,5,2026-05-18,47.50454254554062,37.53097110232675,81,90.66081794408905,8
4568,8162,XD_8162_MI_GRANDRAPIDS.YZER,2026,5,2026-05-19,47.91976982867162,37.85902148085944,80,89.55519821306358,8
4569,8162,XD_8162_MI_GRANDRAPIDS.YZER,2026,5,2026-05-20,47.74833140857291,37.72357653084472,80,89.55519821306358,8
4570,8162,XD_8162_MI_GRANDRAPIDS.YZER,2026,5,2026-05-21,46.790049283707724,36.96648559155795,83,92.87205740614,8
4571,8162,XD_8162_MI_GRANDRAPIDS.YZER,2026,5,2026-05-22,47.370793536720846,37.42530267745627,81,90.66081794408905,8
4572,8162,XD_8162_MI_GRANDRAPIDS.YZER,2026,5,2026-05-26,50.702115872958245,40.057214398614356,82,91.76643767511453,8
4573,8162,XD_8162_MI_GRANDRAPIDS.YZER,2026,5,2026-05-27,50.9053222541193,40.21775763112423,81,90.66081794408905,8
4574,8162,XD_8162_MI_GRANDRAPIDS.YZER,2026,5,2026-05-28,51.09382037448597,40.366680599944374,81,90.66081794408905,8
4575,8162,XD_8162_MI_GRANDRAPIDS.YZER,2026,5,2026-05-29,50.883617667049876,40.200609918791045,81,90.66081794408905,8
4576,8162,XD_8162_MI_GRANDRAPIDS.YZER,2026,6,2026-06-01,46.38709967161465,36.96023127059598,81,86.09814242859102,8
4577,8162,XD_8162_MI_GRANDRAPIDS.YZER,2026,6,2026-06-02,46.78922330689335,37.28063462981631,81,86.09814242859102,8
4578,8162,XD_8162_MI_GRANDRAPIDS.YZER,2026,6,2026-06-03,46.28441153685783,36.87841160012238,81,86.09814242859102,8
4579,8162,XD_8162_MI_GRANDRAPIDS.YZER,2026,6,2026-06-04,45.878256239607374,36.55479590040359,82,87.14811977528115,8
4580,8162,XD_8162_MI_GRANDRAPIDS.YZER,2026,6,2026-06-05,46.492657449092775,37.04433740992396,81,86.09814242859102,8
4581,8162,XD_8162_MI_GRANDRAPIDS.YZER,2026,6,2026-06-08,46.1342477454444,36.75876435986807,83,88.19809712197127,8
4582,8162,XD_8162_MI_GRANDRAPIDS.YZER,2026,6,2026-06-09,46.914418186118226,37.38038718435848,81,86.09814242859102,8
4583,8162,XD_8162_MI_GRANDRAPIDS.YZER,2026,6,2026-06-10,46.625041319352356,37.149817996033654,80,85.04816508190088,8
4584,8162,XD_8162_MI_GRANDRAPIDS.YZER,2026,6,2026-06-11,46.80394576159489,37.29236516124622,80,85.04816508190088,8
4585,8162,XD_8162_MI_GRANDRAPIDS.YZER,2026,6,2026-06-12,46.43346279664571,36.99717239939487,81,86.09814242859102,8
4586,8162,XD_8162_MI_GRANDRAPIDS.YZER,2026,6,2026-06-15,28.35022761501791,22.588844239949132,83,88.19809712197129,8
4587,8162,XD_8162_MI_GRANDRAPIDS.YZER,2026,6,2026-06-22,45.33426819942814,36.12135807144258,83,88.19809712197127,8
4588,8162,XD_8162_MI_GRANDRAPIDS.YZER,2026,6,2026-06-23,45.96785517834049,36.626186384409266,81,86.09814242859102,8
4589,8162,XD_8162_MI_GRANDRAPIDS.YZER,2026,6,2026-06-24,45.54543893434432,36.28961431628945,81,86.09814242859102,8
4590,8162,XD_8162_MI_GRANDRAPIDS.YZER,2026,6,2026-06-25,45.92279837287433,36.59028610260392,81,86.09814242859102,8
4591,8162,XD_8162_MI_GRANDRAPIDS.YZER,2026,6,2026-06-26,45.71849184439102,36.42749910802368,81,86.09814242859102,8
4592,8162,XD_8162_MI_GRANDRAPIDS.YZER,2026,6,2026-06-29,46.07196210202775,36.709136515018656,82,87.14811977528115,8
4593,8162,XD_8162_MI_GRANDRAPIDS.YZER,2026,6,2026-06-30,46.090396050573986,36.723824283952744,82,87.14811977528115,8
4594,8162,XD_8162_MI_GRAYLING.YZER,2026,5,2026-05-01,60.38796590169271,54.36953858833046,22,44.84224351330617,5
4595,8162,XD_8162_MI_GRAYLING.YZER,2026,5,2026-05-04,74.56587250909885,67.13443684054177,24,48.918811105424915,5
4596,8162,XD_8162_MI_GRAYLING.YZER,2026,5,2026-05-05,75.28690593601942,67.78361013431115,24,48.91881110542492,5
4597,8162,XD_8162_MI_GRAYLING.YZER,2026,5,2026-05-06,78.20814032119195,70.41370643344388,24,48.91881110542492,5
4598,8162,XD_8162_MI_GRAYLING.YZER,2026,5,2026-05-07,78.18957368097385,70.39699019459195,23,46.88052730936555,5
4599,8162,XD_8162_MI_GRAYLING.YZER,2026,5,2026-05-08,76.60217367690484,68.96779474997562,24,48.91881110542492,5
4600,8162,XD_8162_MI_GRAYLING.YZER,2026,5,2026-05-11,76.64878766566925,69.00976306308304,24,48.91881110542492,5
4601,8162,XD_8162_MI_GRAYLING.YZER,2026,5,2026-05-12,76.64878766566925,69.00976306308304,24,48.91881110542492,5
4602,8162,XD_8162_MI_GRAYLING.YZER,2026,5,2026-05-13,74.53818723231964,67.10951075300595,25,50.95709490148429,5
4603,8162,XD_8162_MI_GRAYLING.YZER,2026,5,2026-05-14,76.9117872892858,69.24655143592233,24,48.91881110542492,5
4604,8162,XD_8162_MI_GRAYLING.YZER,2026,5,2026-05-15,76.9117872892858,69.24655143592233,24,48.91881110542492,5
4605,8162,XD_8162_MI_GRAYLING.YZER,2026,5,2026-05-18,83.96221348203463,75.59431316670928,23,46.88052730936555,5
4606,8162,XD_8162_MI_GRAYLING.YZER,2026,5,2026-05-19,81.57001346982759,73.44052625018311,23,46.88052730936555,5
4607,8162,XD_8162_MI_GRAYLING.YZER,2026,5,2026-05-20,78.93708047625663,71.06999844953678,24,48.91881110542492,5
4608,8162,XD_8162_MI_GRAYLING.YZER,2026,5,2026-05-21,81.29961384214204,73.19707537760938,23,46.88052730936555,5
4609,8162,XD_8162_MI_GRAYLING.YZER,2026,5,2026-05-22,81.29961384214204,73.19707537760938,23,46.88052730936555,5
4610,8162,XD_8162_MI_GRAYLING.YZER,2026,5,2026-05-26,85.95527195382626,77.38873806367103,24,48.918811105424915,5
4611,8162,XD_8162_MI_GRAYLING.YZER,2026,5,2026-05-27,84.33093855945776,75.92629010989825,25,50.95709490148429,5
4612,8162,XD_8162_MI_GRAYLING.YZER,2026,5,2026-05-28,92.24937193958472,83.05555109412802,22,44.84224351330617,5
4613,8162,XD_8162_MI_GRAYLING.YZER,2026,5,2026-05-29,90.66197193551571,81.62635564951168,23,46.88052730936555,5
4614,8162,XD_8162_MI_GRAYLING.YZER,2026,6,2026-06-01,84.77759509746843,77.0796366874545,23,44.397786278890635,5
4615,8162,XD_8162_MI_GRAYLING.YZER,2026,6,2026-06-02,80.80909508729592,73.4714836297206,24,46.32812481275545,5
4616,8162,XD_8162_MI_GRAYLING.YZER,2026,6,2026-06-03,79.51482811952249,72.2947384349807,24,46.32812481275545,5
4617,8162,XD_8162_MI_GRAYLING.YZER,2026,6,2026-06-04,84.21409488384539,76.56730330869527,23,44.397786278890635,5
4618,8162,XD_8162_MI_GRAYLING.YZER,2026,6,2026-06-05,84.21409488384539,76.56730330869527,23,44.397786278890635,5
4619,8162,XD_8162_MI_GRAYLING.YZER,2026,6,2026-06-08,83.99853957869048,76.3713208136942,23,44.397786278890635,5
4620,8162,XD_8162_MI_GRAYLING.YZER,2026,6,2026-06-09,81.63973952986237,74.22670406002254,23,44.397786278890635,5
4621,8162,XD_8162_MI_GRAYLING.YZER,2026,6,2026-06-10,77.2237069676065,70.21165521241947,25,48.25846334662026,5
4622,8162,XD_8162_MI_GRAYLING.YZER,2026,6,2026-06-11,83.43644042707916,75.86026127799121,23,44.397786278890635,5
4623,8162,XD_8162_MI_GRAYLING.YZER,2026,6,2026-06-12,83.43644042707916,75.86026127799121,23,44.397786278890635,5
4624,8162,XD_8162_MI_GRAYLING.YZER,2026,6,2026-06-15,59.120201110839844,53.75198031123267,23,44.397786278890635,5
4625,8162,XD_8162_MI_GRAYLING.YZER,2026,6,2026-06-22,78.68713130800064,71.54219798551267,24,46.32812481275545,5
4626,8162,XD_8162_MI_GRAYLING.YZER,2026,6,2026-06-23,83.82433126934504,76.21293093277288,22,42.46744774502582,5
4627,8162,XD_8162_MI_GRAYLING.YZER,2026,6,2026-06-24,79.98519786683853,72.72239776160123,24,46.32812481275545,5
4628,8162,XD_8162_MI_GRAYLING.YZER,2026,6,2026-06-25,80.02113134869074,72.75506841854661,24,46.32812481275545,5
4629,8162,XD_8162_MI_GRAYLING.YZER,2026,6,2026-06-26,78.42453131206966,71.3034425424358,24,46.32812481275545,5
4630,8162,XD_8162_MI_GRAYLING.YZER,2026,6,2026-06-29,81.72229365757534,74.30176212417086,23,44.397786278890635,5
4631,8162,XD_8162_MI_GRAYLING.YZER,2026,6,2026-06-30,85.29049408685594,77.5459635243257,22,42.46744774502582,5
4632,8162,XD_8162_MI_LIVONIA.YZER,2026,5,2026-05-01,22.173657106080466,20.36397009925453,315,161.0986631116595,27
4633,8162,XD_8162_MI_LIVONIA.YZER,2026,5,2026-05-04,39.67481769637037,36.43678611051977,318,162.62808079942843,27
4634,8162,XD_8162_MI_LIVONIA.YZER,2026,5,2026-05-05,39.697403679367895,36.457528754830705,322,164.15749848719733,27
4635,8162,XD_8162_MI_LIVONIA.YZER,2026,5,2026-05-06,39.79280983558985,36.54514840653245,320,163.64769259127436,27
4636,8162,XD_8162_MI_LIVONIA.YZER,2026,5,2026-05-07,39.84955154973087,36.59725918666314,318,163.1378866953514,27
4637,8162,XD_8162_MI_LIVONIA.YZER,2026,5,2026-05-08,40.018719239793604,36.752620377905366,319,163.64769259127436,27
4638,8162,XD_8162_MI_LIVONIA.YZER,2026,5,2026-05-11,40.311038319806556,37.02108204736958,317,161.60846900758247,27
4639,8162,XD_8162_MI_LIVONIA.YZER,2026,5,2026-05-12,40.19826341837428,36.91751118805095,317,161.60846900758247,27
4640,8162,XD_8162_MI_LIVONIA.YZER,2026,5,2026-05-13,40.0040390333674,36.73913828592189,323,165.1771102790433,27
4641,8162,XD_8162_MI_LIVONIA.YZER,2026,5,2026-05-14,40.48820006847779,37.18378486790176,314,160.07905131981354,27
4642,8162,XD_8162_MI_LIVONIA.YZER,2026,5,2026-05-15,40.186095860351166,36.90633667648625,317,162.11827490350544,27
4643,8162,XD_8162_MI_LIVONIA.YZER,2026,5,2026-05-18,41.001521061599796,37.65521153898479,319,162.6280807994284,27
4644,8162,XD_8162_MI_LIVONIA.YZER,2026,5,2026-05-19,40.67097618132361,37.35164384033214,325,165.68691617496626,27
4645,8162,XD_8162_MI_LIVONIA.YZER,2026,5,2026-05-20,40.79137262557344,37.46221421575694,320,163.64769259127436,27
4646,8162,XD_8162_MI_LIVONIA.YZER,2026,5,2026-05-21,43.95810800171398,40.37049877177155,313,160.07905131981354,27
4647,8162,XD_8162_MI_LIVONIA.YZER,2026,5,2026-05-22,41.04350699170259,37.693770817732194,321,163.64769259127436,27
4648,8162,XD_8162_MI_LIVONIA.YZER,2026,5,2026-05-26,45.40210912201325,41.69664878376037,319,162.6280807994284,27
4649,8162,XD_8162_MI_LIVONIA.YZER,2026,5,2026-05-27,46.943001668470686,43.11178249815421,297,151.92215698504597,27
4650,8162,XD_8162_MI_LIVONIA.YZER,2026,5,2026-05-28,46.92411961514738,43.09444148997281,300,152.94176877689193,27
4651,8162,XD_8162_MI_LIVONIA.YZER,2026,5,2026-05-29,45.19521548839919,41.50664062459714,320,163.1378866953514,27
4652,8162,XD_8162_MI_LIVONIA.YZER,2026,6,2026-06-01,41.76888689373475,38.672709011736735,310,155.9752632289359,27
4653,8162,XD_8162_MI_LIVONIA.YZER,2026,6,2026-06-02,40.7888366269287,37.76530635862101,318,160.50357732267918,27
4654,8162,XD_8162_MI_LIVONIA.YZER,2026,6,2026-06-03,40.74845487340146,37.72791795975092,319,160.50357732267918,27
4655,8162,XD_8162_MI_LIVONIA.YZER,2026,6,2026-06-04,40.49687907088502,37.4949905698048,322,162.01301535392696,27
4656,8162,XD_8162_MI_LIVONIA.YZER,2026,6,2026-06-05,41.30233975405494,38.24074533937461,310,156.4784092393518,27
4657,8162,XD_8162_MI_LIVONIA.YZER,2026,6,2026-06-08,41.12452469384984,38.07611107227741,312,156.98155524976772,27
4658,8162,XD_8162_MI_LIVONIA.YZER,2026,6,2026-06-09,40.45400006156269,37.45529002776132,313,157.48470126018367,26
4659,8162,XD_8162_MI_LIVONIA.YZER,2026,6,2026-06-10,39.66068295351621,36.7207786736147,325,164.02559939559063,27
4660,8162,XD_8162_MI_LIVONIA.YZER,2026,6,2026-06-11,40.41152179170377,37.415960519801125,315,158.99413929143142,27
4661,8162,XD_8162_MI_LIVONIA.YZER,2026,6,2026-06-12,41.460194234968185,38.38689863338237,306,153.9626791872722,27
4662,8162,XD_8162_MI_LIVONIA.YZER,2026,6,2026-06-15,22.949469059903738,21.248307171447237,309,155.47211721851997,27
4663,8162,XD_8162_MI_LIVONIA.YZER,2026,6,2026-06-22,41.51616141799317,38.43871716972111,307,154.46582519768813,27
4664,8162,XD_8162_MI_LIVONIA.YZER,2026,6,2026-06-23,39.81791606853874,36.866356661358196,320,161.0067233330951,27
4665,8162,XD_8162_MI_LIVONIA.YZER,2026,6,2026-06-24,39.82919630390369,36.87680073330492,319,161.0067233330951,27
4666,8162,XD_8162_MI_LIVONIA.YZER,2026,6,2026-06-25,40.55043754484836,37.54457894605161,308,154.96897120810405,27
4667,8162,XD_8162_MI_LIVONIA.YZER,2026,6,2026-06-26,40.628984046071665,37.61730307665693,308,154.96897120810405,27
4668,8162,XD_8162_MI_LIVONIA.YZER,2026,6,2026-06-29,41.25862183350411,38.20026807158528,307,154.46582519768813,27
4669,8162,XD_8162_MI_LIVONIA.YZER,2026,6,2026-06-30,40.40492442221745,37.40985218966926,312,156.98155524976772,27
4670,8162,XD_8162_OH_CLEVELAND.YZER,2026,5,2026-05-01,39.09704578166105,25.549785841422867,112,107.59647631221983,14
4671,8162,XD_8162_OH_CLEVELAND.YZER,2026,5,2026-05-04,108.59377580224067,70.96566147103046,108,106.65264757263897,14
4672,8162,XD_8162_OH_CLEVELAND.YZER,2026,5,2026-05-05,111.4651972705107,72.84212559019866,107,102.87733261431546,14
4673,8162,XD_8162_OH_CLEVELAND.YZER,2026,5,2026-05-06,109.90352531364462,71.82157830191223,109,106.65264757263897,14
4674,8162,XD_8162_OH_CLEVELAND.YZER,2026,5,2026-05-07,111.6074607516882,72.93509428909827,110,105.70881883305809,14
4675,8162,XD_8162_OH_CLEVELAND.YZER,2026,5,2026-05-08,110.43226219927035,72.16710605021424,110,106.65264757263897,14
4676,8162,XD_8162_OH_CLEVELAND.YZER,2026,5,2026-05-11,104.13064970358111,68.04902381403632,110,110.42796253096247,14
4677,8162,XD_8162_OH_CLEVELAND.YZER,2026,5,2026-05-12,106.19022084779587,69.39494652015914,112,109.4841337913816,14
4678,8162,XD_8162_OH_CLEVELAND.YZER,2026,5,2026-05-13,106.53411347429245,69.61967917664934,111,108.54030505180071,14
4679,8162,XD_8162_OH_CLEVELAND.YZER,2026,5,2026-05-14,109.60465384253473,71.62626681665033,108,104.76499009347721,14
4680,8162,XD_8162_OH_CLEVELAND.YZER,2026,5,2026-05-15,106.44838853595267,69.56365822232758,108,106.65264757263897,14
4681,8162,XD_8162_OH_CLEVELAND.YZER,2026,5,2026-05-18,110.83363426217564,72.42940132201635,111,108.54030505180071,14
4682,8162,XD_8162_OH_CLEVELAND.YZER,2026,5,2026-05-19,113.35217088870054,74.07525640275175,109,105.70881883305809,14
4683,8162,XD_8162_OH_CLEVELAND.YZER,2026,5,2026-05-20,111.32198607733073,72.74853756474332,108,105.70881883305809,14
4684,8162,XD_8162_OH_CLEVELAND.YZER,2026,5,2026-05-21,110.12793914465756,71.96823197375879,112,109.4841337913816,14
4685,8162,XD_8162_OH_CLEVELAND.YZER,2026,5,2026-05-22,111.75353834882694,73.03055549974748,108,105.70881883305809,14
4686,8162,XD_8162_OH_CLEVELAND.YZER,2026,5,2026-05-26,126.60585129624108,82.73649126725807,109,106.65264757263897,14
4687,8162,XD_8162_OH_CLEVELAND.YZER,2026,5,2026-05-27,125.74480015012924,82.17379728509567,111,108.54030505180071,14
4688,8162,XD_8162_OH_CLEVELAND.YZER,2026,5,2026-05-28,127.8269876734857,83.53449971771765,107,104.76499009347721,14
4689,8162,XD_8162_OH_CLEVELAND.YZER,2026,5,2026-05-29,125.23322984756227,81.8394878401721,109,107.59647631221983,14
4690,8162,XD_8162_OH_CLEVELAND.YZER,2026,6,2026-06-01,111.22237392840044,74.27884668510411,112,101.97591995567163,14
4691,8162,XD_8162_OH_CLEVELAND.YZER,2026,6,2026-06-02,112.26371415536983,74.97429624560246,111,100.21771443919452,14
4692,8162,XD_8162_OH_CLEVELAND.YZER,2026,6,2026-06-03,107.91922816684168,72.0728709543638,110,102.85502271391017,14
4693,8162,XD_8162_OH_CLEVELAND.YZER,2026,6,2026-06-04,110.95202163370519,74.09829437409552,110,100.21771443919452,14
4694,8162,XD_8162_OH_CLEVELAND.YZER,2026,6,2026-06-05,112.54383942604898,75.16137534936979,109,98.45950892271743,14
4695,8162,XD_8162_OH_CLEVELAND.YZER,2026,6,2026-06-08,111.30510931470995,74.33410075726654,107,98.45950892271743,14
4696,8162,XD_8162_OH_CLEVELAND.YZER,2026,6,2026-06-09,110.96816906237758,74.10907828686732,107,98.45950892271743,14
4697,8162,XD_8162_OH_CLEVELAND.YZER,2026,6,2026-06-10,110.28336245143512,73.65173644577439,111,101.09681719743307,14
4698,8162,XD_8162_OH_CLEVELAND.YZER,2026,6,2026-06-11,108.73695850369769,72.61898469187662,110,101.97591995567163,14
4699,8162,XD_8162_OH_CLEVELAND.YZER,2026,6,2026-06-12,110.34050333462353,73.68989746277025,111,101.09681719743307,14
4700,8162,XD_8162_OH_CLEVELAND.YZER,2026,6,2026-06-15,39.856815548332364,26.618010269920074,106,97.58040616447887,14
4701,8162,XD_8162_OH_CLEVELAND.YZER,2026,6,2026-06-22,109.95987379148973,73.43569749850356,110,101.09681719743307,14
4702,8162,XD_8162_OH_CLEVELAND.YZER,2026,6,2026-06-23,113.18966018351713,75.59268084425983,97,87.91027582385485,13
4703,8162,XD_8162_OH_CLEVELAND.YZER,2026,6,2026-06-24,108.32224065078732,72.34201916123855,107,100.21771443919452,14
4704,8162,XD_8162_OH_CLEVELAND.YZER,2026,6,2026-06-25,110.36728242180983,73.70778163158649,107,98.45950892271743,14
4705,8162,XD_8162_OH_CLEVELAND.YZER,2026,6,2026-06-26,111.68116045914084,74.5852430797719,107,97.58040616447887,14
4706,8162,XD_8162_OH_CLEVELAND.YZER,2026,6,2026-06-29,113.98823646671774,76.1260027219641,106,96.70130340624033,14
4707,8162,XD_8162_OH_CLEVELAND.YZER,2026,6,2026-06-30,112.20904476054965,74.93778578954235,108,99.33861168095598,14
4708,8162,XD_8162_OH_TOLEDO.KBDL,2026,5,2026-05-01,55.21688887013329,49.36781991658576,61,58.64059470733982,10
4709,8162,XD_8162_OH_TOLEDO.KBDL,2026,5,2026-05-04,53.92682589184154,48.214411999251794,61,58.64059470733983,11
4710,8162,XD_8162_OH_TOLEDO.KBDL,2026,5,2026-05-05,55.209333316485086,49.36106471506124,59,56.71795225791885,10
4711,8162,XD_8162_OH_TOLEDO.KBDL,2026,5,2026-05-06,56.61194366349114,50.61509797265734,57,54.79530980849787,10
4712,8162,XD_8162_OH_TOLEDO.KBDL,2026,5,2026-05-07,56.51771588961283,50.53085165115766,61,58.64059470733983,10
4713,8162,XD_8162_OH_TOLEDO.KBDL,2026,5,2026-05-08,55.21689319321604,49.36782378172873,61,58.64059470733983,11
4714,8162,XD_8162_OH_TOLEDO.KBDL,2026,5,2026-05-11,56.49058255831401,50.50659252608366,60,57.67927348262934,10
4715,8162,XD_8162_OH_TOLEDO.KBDL,2026,5,2026-05-12,55.2219942025464,49.372384446321895,60,57.679273482629334,11
4716,8162,XD_8162_OH_TOLEDO.KBDL,2026,5,2026-05-13,55.48595978652932,49.60838842410656,60,57.679273482629334,11
4717,8162,XD_8162_OH_TOLEDO.KBDL,2026,5,2026-05-14,56.76137518088022,50.7487003611888,59,56.717952257918846,10
4718,8162,XD_8162_OH_TOLEDO.KBDL,2026,5,2026-05-15,56.921891816457105,50.89221363259772,59,56.717952257918846,10
4719,8162,XD_8162_OH_TOLEDO.KBDL,2026,5,2026-05-18,55.49216685336389,49.61393798265594,61,58.64059470733983,11
4720,8162,XD_8162_OH_TOLEDO.KBDL,2026,5,2026-05-19,56.78864184220631,50.7730786927757,60,57.67927348262934,10
4721,8162,XD_8162_OH_TOLEDO.KBDL,2026,5,2026-05-20,55.26006995692398,49.40642687471225,62,59.60191593205032,11
4722,8162,XD_8162_OH_TOLEDO.KBDL,2026,5,2026-05-21,56.530340887705485,50.542139296025724,59,56.71795225791885,10
4723,8162,XD_8162_OH_TOLEDO.KBDL,2026,5,2026-05-22,38.0448146302023,34.01476605900597,60,57.67927348262934,9
4724,8162,XD_8162_OH_TOLEDO.KBDL,2026,5,2026-05-26,55.191160871525,49.3448172587378,59,56.717952257918846,11
4725,8162,XD_8162_OH_TOLEDO.KBDL,2026,5,2026-05-27,56.51094366709392,50.524796803291544,60,57.679273482629334,10
4726,8162,XD_8162_OH_TOLEDO.KBDL,2026,5,2026-05-28,56.49058255831401,50.50659252608366,60,57.67927348262934,10
4727,8162,XD_8162_OH_TOLEDO.KBDL,2026,5,2026-05-29,56.51795755492317,50.53106771710713,59,56.717952257918846,10
4728,8162,XD_8162_OH_TOLEDO.KBDL,2026,6,2026-06-01,55.180296875181654,49.16737882309303,57,53.38223200010982,11
4729,8162,XD_8162_OH_TOLEDO.KBDL,2026,6,2026-06-02,56.530340887705485,50.370310469904496,59,55.255292772043504,10
4730,8162,XD_8162_OH_TOLEDO.KBDL,2026,6,2026-06-03,54.74367872825776,48.77833833135007,62,58.06488392994402,11
4731,8162,XD_8162_OH_TOLEDO.KBDL,2026,6,2026-06-04,56.00240753173828,49.899905256882505,59,55.255292772043504,10
4732,8162,XD_8162_OH_TOLEDO.KBDL,2026,6,2026-06-05,56.00240753173828,49.899905256882505,59,55.255292772043504,10
4733,8162,XD_8162_OH_TOLEDO.KBDL,2026,6,2026-06-08,54.71334684276994,48.75131166805443,60,56.191823158010344,11
4734,8162,XD_8162_OH_TOLEDO.KBDL,2026,6,2026-06-09,55.99544919808706,49.89370516290003,60,56.191823158010344,10
4735,8162,XD_8162_OH_TOLEDO.KBDL,2026,6,2026-06-10,54.20936863350146,48.30225124364717,60,56.19182315801034,11
4736,8162,XD_8162_OH_TOLEDO.KBDL,2026,6,2026-06-11,55.46130563418071,49.41776645941849,59,55.2552927720435,10
4737,8162,XD_8162_OH_TOLEDO.KBDL,2026,6,2026-06-12,55.439944521586106,49.39873303672057,59,55.255292772043504,10
4738,8162,XD_8162_OH_TOLEDO.KBDL,2026,6,2026-06-15,55.428226268859135,49.38829170523817,57,53.38223200010982,10
4739,8162,XD_8162_OH_TOLEDO.KBDL,2026,6,2026-06-16,57.42603155173265,51.16839900295729,61,57.128353543977184,11
4740,8162,XD_8162_OH_TOLEDO.KBDL,2026,6,2026-06-17,55.22373609277937,49.20608453125978,60,56.19182315801034,10
4741,8162,XD_8162_OH_TOLEDO.KBDL,2026,6,2026-06-18,55.197008315722144,49.18226924185233,61,57.128353543977184,10
4742,8162,XD_8162_OH_TOLEDO.KBDL,2026,6,2026-06-19,37.243873169392714,33.1854615625015,57,53.38223200010982,9
4743,8162,XD_8162_OH_TOLEDO.KBDL,2026,6,2026-06-22,53.96212134939251,48.081946142566196,60,56.191823158010344,11
4744,8162,XD_8162_OH_TOLEDO.KBDL,2026,6,2026-06-23,54.95802449120415,48.96932714298602,60,56.19182315801034,10
4745,8162,XD_8162_OH_TOLEDO.KBDL,2026,6,2026-06-24,53.70244659077037,47.85056777110056,60,56.191823158010344,11
4746,8162,XD_8162_OH_TOLEDO.KBDL,2026,6,2026-06-25,54.924818939632836,48.93973995289116,60,56.19182315801034,10
4747,8162,XD_8162_OH_TOLEDO.KBDL,2026,6,2026-06-26,54.943691158294676,48.956555692869465,59,55.255292772043504,10
4748,8162,XD_8162_OH_TOLEDO.KBDL,2026,6,2026-06-29,53.6616933500612,47.81425535276128,58,54.31876238607666,11
4749,8162,XD_8162_OH_TOLEDO.KBDL,2026,6,2026-06-30,54.602950416141084,48.652944982187286,59,55.255292772043504,10
4750,8162,XD_8162_PA_PITTSBURGH.YZER,2026,5,2026-05-01,46.13186060587565,45.08270117772448,71,82.12115802959896,9
4751,8162,XD_8162_PA_PITTSBURGH.YZER,2026,5,2026-05-04,44.370521492565864,43.36141953256427,73,84.31105557705493,9
4752,8162,XD_8162_PA_PITTSBURGH.YZER,2026,5,2026-05-05,62.73572533861154,61.30895050541689,64,73.36156783977508,9
4753,8162,XD_8162_PA_PITTSBURGH.YZER,2026,5,2026-05-06,45.08323095302389,44.05792011178161,73,84.31105557705493,9
4754,8162,XD_8162_PA_PITTSBURGH.YZER,2026,5,2026-05-07,46.13391447484694,45.084708336331886,72,83.21610680332695,9
4755,8162,XD_8162_PA_PITTSBURGH.YZER,2026,5,2026-05-08,46.588414425320096,45.528871766624185,71,82.12115802959896,9
4756,8162,XD_8162_PA_PITTSBURGH.YZER,2026,5,2026-05-11,45.13476532921876,44.1082824611831,72,83.21610680332695,9
4757,8162,XD_8162_PA_PITTSBURGH.YZER,2026,5,2026-05-12,42.64583888014903,41.67596072338495,74,87.59590189823889,9
4758,8162,XD_8162_PA_PITTSBURGH.YZER,2026,5,2026-05-13,43.796553998576805,42.80050556383654,73,84.31105557705493,9
4759,8162,XD_8162_PA_PITTSBURGH.YZER,2026,5,2026-05-14,46.26569039529957,45.21348732695055,72,83.21610680332695,9
4760,8162,XD_8162_PA_PITTSBURGH.YZER,2026,5,2026-05-15,46.57470226180808,45.5154714536519,71,83.21610680332695,9
4761,8162,XD_8162_PA_PITTSBURGH.YZER,2026,5,2026-05-18,45.564728798009234,44.52846743369969,71,82.12115802959896,9
4762,8162,XD_8162_PA_PITTSBURGH.YZER,2026,5,2026-05-19,44.47106581322941,43.459677211835384,74,85.40600435078292,9
4763,8162,XD_8162_PA_PITTSBURGH.YZER,2026,5,2026-05-20,44.4454802750162,43.43467355582437,74,86.5009531245109,9
4764,8162,XD_8162_PA_PITTSBURGH.YZER,2026,5,2026-05-21,47.485128153962584,46.4051918746669,71,84.31105557705493,9
4765,8162,XD_8162_PA_PITTSBURGH.YZER,2026,5,2026-05-22,46.79706218573304,45.73277433007077,71,83.21610680332695,9
4766,8162,XD_8162_PA_PITTSBURGH.YZER,2026,5,2026-05-26,43.75459104081998,42.75949695372981,75,87.59590189823889,9
4767,8162,XD_8162_PA_PITTSBURGH.YZER,2026,5,2026-05-27,44.42431329626561,43.41398796965214,74,85.40600435078292,9
4768,8162,XD_8162_PA_PITTSBURGH.YZER,2026,5,2026-05-28,47.76192800862219,46.67569657510093,73,84.31105557705493,9
4769,8162,XD_8162_PA_PITTSBURGH.YZER,2026,5,2026-05-29,46.683062582304984,45.621367376433355,71,82.12115802959896,9
4770,8162,XD_8162_PA_PITTSBURGH.YZER,2026,6,2026-06-01,43.57118090748386,42.17846806096113,75,84.14023614730846,9
4771,8162,XD_8162_PA_PITTSBURGH.YZER,2026,6,2026-06-02,41.91300452426398,40.57329376541968,76,87.3354349883455,9
4772,8162,XD_8162_PA_PITTSBURGH.YZER,2026,6,2026-06-03,43.53601200433425,42.144423299553715,76,85.20530242765415,9
4773,8162,XD_8162_PA_PITTSBURGH.YZER,2026,6,2026-06-04,44.03606922344766,42.62849664816946,73,84.14023614730847,9
4774,8162,XD_8162_PA_PITTSBURGH.YZER,2026,6,2026-06-05,45.1883047427125,43.74390201556608,73,83.07516986696278,9
4775,8162,XD_8162_PA_PITTSBURGH.YZER,2026,6,2026-06-08,43.9010746295165,42.49781703265438,74,83.07516986696278,9
4776,8162,XD_8162_PA_PITTSBURGH.YZER,2026,6,2026-06-09,43.334504887108544,41.949357172564696,76,86.27036870799982,9
4777,8162,XD_8162_PA_PITTSBURGH.YZER,2026,6,2026-06-10,41.56263793284947,40.23412632084242,75,87.3354349883455,9
4778,8162,XD_8162_PA_PITTSBURGH.YZER,2026,6,2026-06-11,47.03782918886323,45.534308108657214,74,83.07516986696278,9
4779,8162,XD_8162_PA_PITTSBURGH.YZER,2026,6,2026-06-12,43.1394818709488,41.76056788829645,74,84.14023614730846,9
4780,8162,XD_8162_PA_PITTSBURGH.YZER,2026,6,2026-06-15,46.65543981567109,45.1641414611596,73,82.0101035866171,9
4781,8162,XD_8162_PA_PITTSBURGH.YZER,2026,6,2026-06-22,42.973273459454845,41.59967217627647,75,84.14023614730846,9
4782,8162,XD_8162_PA_PITTSBURGH.YZER,2026,6,2026-06-23,42.13369874108653,40.786933693959924,77,86.27036870799982,9
4783,8162,XD_8162_PA_PITTSBURGH.YZER,2026,6,2026-06-24,42.39791747380299,41.04270691715192,77,87.3354349883455,9
4784,8162,XD_8162_PA_PITTSBURGH.YZER,2026,6,2026-06-25,42.397885297463645,41.042675769299755,75,85.20530242765415,9
4785,8162,XD_8162_PA_PITTSBURGH.YZER,2026,6,2026-06-26,41.80329051627091,40.4670866650934,74,85.20530242765415,9
4786,8162,XD_8162_PA_PITTSBURGH.YZER,2026,6,2026-06-29,47.255340639536094,45.74486700524942,72,80.94503730627143,9
4787,8162,XD_8162_PA_PITTSBURGH.YZER,2026,6,2026-06-30,41.648448232265274,40.31719377271837,77,87.3354349883455,9
4788,8163,XD_8163_IN_EVANSVILLE.KBDL,2026,5,2026-05-01,20.888744965577736,24.813519429729503,52,45.85600991279924,13
4789,8163,XD_8163_IN_EVANSVILLE.KBDL,2026,5,2026-05-04,20.888744965577736,24.813519429729503,52,45.85600991279924,13
4790,8163,XD_8163_IN_EVANSVILLE.KBDL,2026,5,2026-05-05,20.888744965577736,24.813519429729503,52,45.85600991279924,13
4791,8163,XD_8163_IN_EVANSVILLE.KBDL,2026,5,2026-05-06,21.390609218960716,25.409678673519707,52,45.85600991279924,13
4792,8163,XD_8163_IN_EVANSVILLE.KBDL,2026,5,2026-05-07,21.390609218960716,25.409678673519707,52,45.85600991279924,13
4793,8163,XD_8163_IN_EVANSVILLE.KBDL,2026,5,2026-05-08,21.390609218960716,25.409678673519707,51,44.974163568322325,13
4794,8163,XD_8163_IN_EVANSVILLE.KBDL,2026,5,2026-05-11,21.390609218960716,25.409678673519707,52,45.85600991279924,13
4795,8163,XD_8163_IN_EVANSVILLE.KBDL,2026,5,2026-05-12,21.390609218960716,25.409678673519707,52,45.85600991279924,13
4796,8163,XD_8163_IN_EVANSVILLE.KBDL,2026,5,2026-05-13,21.48973912546486,25.527434042028503,52,45.85600991279924,13
4797,8163,XD_8163_IN_EVANSVILLE.KBDL,2026,5,2026-05-14,21.48973912546486,25.527434042028503,51,44.974163568322325,13
4798,8163,XD_8163_IN_EVANSVILLE.KBDL,2026,5,2026-05-15,21.48973912546486,25.527434042028503,52,45.85600991279924,13
4799,8163,XD_8163_IN_EVANSVILLE.KBDL,2026,5,2026-05-18,21.48973912546486,25.527434042028503,52,45.85600991279924,13
4800,8163,XD_8163_IN_EVANSVILLE.KBDL,2026,5,2026-05-19,21.48973912546486,25.527434042028503,52,45.85600991279924,13
4801,8163,XD_8163_IN_EVANSVILLE.KBDL,2026,5,2026-05-20,21.390609218960716,25.409678673519707,52,45.85600991279924,13
4802,8163,XD_8163_IN_EVANSVILLE.KBDL,2026,5,2026-05-21,21.390609218960716,25.409678673519707,52,45.85600991279924,13
4803,8163,XD_8163_IN_EVANSVILLE.KBDL,2026,5,2026-05-22,21.359198952769187,25.372366750198275,53,46.73785625727614,13
4804,8163,XD_8163_IN_EVANSVILLE.KBDL,2026,5,2026-05-26,21.390609218960716,25.409678673519707,52,45.85600991279924,13
4805,8163,XD_8163_IN_EVANSVILLE.KBDL,2026,5,2026-05-27,21.390609218960716,25.409678673519707,52,45.85600991279924,13
4806,8163,XD_8163_IN_EVANSVILLE.KBDL,2026,5,2026-05-28,21.390609218960716,25.409678673519707,52,45.85600991279924,13
4807,8163,XD_8163_IN_EVANSVILLE.KBDL,2026,5,2026-05-29,21.390609218960716,25.409678673519707,53,46.73785625727614,13
4808,8163,XD_8163_IN_EVANSVILLE.KBDL,2026,6,2026-06-01,21.390609218960716,24.91737245959471,52,47.567466338236265,13
4809,8163,XD_8163_IN_EVANSVILLE.KBDL,2026,6,2026-06-02,21.390609218960716,24.91737245959471,52,47.567466338236265,13
4810,8163,XD_8163_IN_EVANSVILLE.KBDL,2026,6,2026-06-03,21.192953174367492,24.687127998971583,52,47.567466338236265,13
4811,8163,XD_8163_IN_EVANSVILLE.KBDL,2026,6,2026-06-04,21.192953174367492,24.687127998971583,52,47.567466338236265,13
4812,8163,XD_8163_IN_EVANSVILLE.KBDL,2026,6,2026-06-05,21.192953174367492,24.687127998971583,52,47.567466338236265,13
4813,8163,XD_8163_IN_EVANSVILLE.KBDL,2026,6,2026-06-08,21.192953174367492,24.687127998971583,52,47.567466338236265,13
4814,8163,XD_8163_IN_EVANSVILLE.KBDL,2026,6,2026-06-09,21.192953174367492,24.687127998971583,52,47.567466338236265,13
4815,8163,XD_8163_IN_EVANSVILLE.KBDL,2026,6,2026-06-10,20.99355280442989,24.454851618460076,53,48.482225306279275,13
4816,8163,XD_8163_IN_EVANSVILLE.KBDL,2026,6,2026-06-11,20.99355280442989,24.454851618460076,52,47.567466338236265,13
4817,8163,XD_8163_IN_EVANSVILLE.KBDL,2026,6,2026-06-12,20.99355280442989,24.454851618460076,53,48.482225306279275,13
4818,8163,XD_8163_IN_EVANSVILLE.KBDL,2026,6,2026-06-15,20.99355280442989,24.454851618460076,53,48.482225306279275,13
4819,8163,XD_8163_IN_EVANSVILLE.KBDL,2026,6,2026-06-16,27.09463407076322,31.561844821100127,52,49.39698427432228,13
4820,8163,XD_8163_IN_EVANSVILLE.KBDL,2026,6,2026-06-17,20.888744965577736,24.332763653099587,53,48.482225306279275,13
4821,8163,XD_8163_IN_EVANSVILLE.KBDL,2026,6,2026-06-18,20.888744965577736,24.332763653099587,52,47.567466338236265,13
4822,8163,XD_8163_IN_EVANSVILLE.KBDL,2026,6,2026-06-19,20.888744965577736,24.332763653099587,52,47.567466338236265,13
4823,8163,XD_8163_IN_EVANSVILLE.KBDL,2026,6,2026-06-22,21.035307115978664,24.503490145862685,51,46.65270737019326,12
4824,8163,XD_8163_IN_EVANSVILLE.KBDL,2026,6,2026-06-23,20.789615873015407,24.217290713751616,52,47.567466338236265,13
4825,8163,XD_8163_IN_EVANSVILLE.KBDL,2026,6,2026-06-24,20.789615873015407,24.217290713751616,52,47.567466338236265,13
4826,8163,XD_8163_IN_EVANSVILLE.KBDL,2026,6,2026-06-25,20.789615873015407,24.217290713751616,52,47.567466338236265,13
4827,8163,XD_8163_IN_EVANSVILLE.KBDL,2026,6,2026-06-26,20.75910306326199,24.18174712368216,53,48.482225306279275,13
4828,8163,XD_8163_IN_EVANSVILLE.KBDL,2026,6,2026-06-29,20.789615873015407,24.217290713751616,52,47.567466338236265,13
4829,8163,XD_8163_IN_EVANSVILLE.KBDL,2026,6,2026-06-30,20.690114819523178,24.10138448664939,52,47.567466338236265,13
4830,8163,XD_8163_IN_INDIANAPOLIS.KBDL,2026,5,2026-05-01,63.69415158398789,60.45537845347887,90,75.62803575354563,14
4831,8163,XD_8163_IN_INDIANAPOLIS.KBDL,2026,5,2026-05-04,63.68922283135844,60.450700322157445,92,77.30865877029109,14
4832,8163,XD_8163_IN_INDIANAPOLIS.KBDL,2026,5,2026-05-05,63.73208992800205,60.49138767706119,92,77.30865877029109,14
4833,8163,XD_8163_IN_INDIANAPOLIS.KBDL,2026,5,2026-05-06,65.22417893107958,61.90760569903109,89,74.78772424517291,14
4834,8163,XD_8163_IN_INDIANAPOLIS.KBDL,2026,5,2026-05-07,65.21746510724091,61.90123326528415,91,76.46834726191837,14
4835,8163,XD_8163_IN_INDIANAPOLIS.KBDL,2026,5,2026-05-08,65.24603653581234,61.928351870121276,90,75.62803575354563,14
4836,8163,XD_8163_IN_INDIANAPOLIS.KBDL,2026,5,2026-05-11,65.21746510724091,61.90123326528415,91,76.46834726191837,14
4837,8163,XD_8163_IN_INDIANAPOLIS.KBDL,2026,5,2026-05-12,65.23568732592524,61.91852890545561,89,74.78772424517291,14
4838,8163,XD_8163_IN_INDIANAPOLIS.KBDL,2026,5,2026-05-13,65.58253361046387,62.247738461992626,91,76.46834726191837,14
4839,8163,XD_8163_IN_INDIANAPOLIS.KBDL,2026,5,2026-05-14,65.52406504911089,62.19224295861719,91,76.46834726191837,14
4840,8163,XD_8163_IN_INDIANAPOLIS.KBDL,2026,5,2026-05-15,65.5232533607992,62.19147254370704,90,75.62803575354563,14
4841,8163,XD_8163_IN_INDIANAPOLIS.KBDL,2026,5,2026-05-18,65.55196764978324,62.218726744671834,88,73.94741273680017,14
4842,8163,XD_8163_IN_INDIANAPOLIS.KBDL,2026,5,2026-05-19,65.44848965387496,62.12051048385873,91,76.46834726191837,14
4843,8163,XD_8163_IN_INDIANAPOLIS.KBDL,2026,5,2026-05-20,65.21665341892923,61.900462850374005,90,75.62803575354563,14
4844,8163,XD_8163_IN_INDIANAPOLIS.KBDL,2026,5,2026-05-21,65.21746510724091,61.90123326528415,91,76.46834726191837,14
4845,8163,XD_8163_IN_INDIANAPOLIS.KBDL,2026,5,2026-05-22,65.21665341892923,61.900462850374005,89,74.78772424517291,14
4846,8163,XD_8163_IN_INDIANAPOLIS.KBDL,2026,5,2026-05-26,65.23937167138372,61.92202590625562,90,75.62803575354563,14
4847,8163,XD_8163_IN_INDIANAPOLIS.KBDL,2026,5,2026-05-27,65.19651272680754,61.88134628889621,89,74.78772424517291,14
4848,8163,XD_8163_IN_INDIANAPOLIS.KBDL,2026,5,2026-05-28,65.21080024281228,61.89490730141849,90,75.62803575354563,14
4849,8163,XD_8163_IN_INDIANAPOLIS.KBDL,2026,5,2026-05-29,65.2156793929552,61.899538352481834,89,74.78772424517291,14
4850,8163,XD_8163_IN_INDIANAPOLIS.KBDL,2026,6,2026-06-01,65.21172087912558,62.33966534856936,89,74.2512363854649,14
4851,8163,XD_8163_IN_INDIANAPOLIS.KBDL,2026,6,2026-06-02,65.21080024281228,62.33878525893355,90,75.08551994035777,14
4852,8163,XD_8163_IN_INDIANAPOLIS.KBDL,2026,6,2026-06-03,64.60876349700011,61.763263423970194,90,75.08551994035777,14
4853,8163,XD_8163_IN_INDIANAPOLIS.KBDL,2026,6,2026-06-04,64.60796804282622,61.762503003200244,89,74.2512363854649,14
4854,8163,XD_8163_IN_INDIANAPOLIS.KBDL,2026,6,2026-06-05,64.6029500043311,61.7577059692273,91,75.91980349525063,14
4855,8163,XD_8163_IN_INDIANAPOLIS.KBDL,2026,6,2026-06-08,64.55564660880522,61.71248591051422,90,75.08551994035777,14
4856,8163,XD_8163_IN_INDIANAPOLIS.KBDL,2026,6,2026-06-09,64.60796804282622,61.762503003200244,90,75.08551994035777,14
4857,8163,XD_8163_IN_INDIANAPOLIS.KBDL,2026,6,2026-06-10,63.99950114712964,61.18083421510437,91,75.91980349525063,14
4858,8163,XD_8163_IN_INDIANAPOLIS.KBDL,2026,6,2026-06-11,63.99374717963256,61.175333663924924,92,76.7540870501435,14
4859,8163,XD_8163_IN_INDIANAPOLIS.KBDL,2026,6,2026-06-12,64.01676304962089,61.19733586864267,90,75.08551994035777,14
4860,8163,XD_8163_IN_INDIANAPOLIS.KBDL,2026,6,2026-06-15,73.05938031558915,69.84169805746667,91,75.91980349525063,14
4861,8163,XD_8163_IN_INDIANAPOLIS.KBDL,2026,6,2026-06-16,64.30160346186007,61.46963133542927,88,74.2512363854649,14
4862,8163,XD_8163_IN_INDIANAPOLIS.KBDL,2026,6,2026-06-17,63.712119658571794,60.906109586118156,88,73.41695283057204,14
4863,8163,XD_8163_IN_INDIANAPOLIS.KBDL,2026,6,2026-06-18,63.71628450369299,60.9100910030718,89,74.2512363854649,14
4864,8163,XD_8163_IN_INDIANAPOLIS.KBDL,2026,6,2026-06-19,38.18618901034512,36.504392335460345,82,68.41125150121485,12
4865,8163,XD_8163_IN_INDIANAPOLIS.KBDL,2026,6,2026-06-22,63.73281862124834,60.92589692478862,86,71.74838572078632,14
4866,8163,XD_8163_IN_INDIANAPOLIS.KBDL,2026,6,2026-06-23,63.38413703674092,60.59257197954308,90,75.08551994035777,14
4867,8163,XD_8163_IN_INDIANAPOLIS.KBDL,2026,6,2026-06-24,63.3890360267844,60.597255208197986,89,74.2512363854649,14
4868,8163,XD_8163_IN_INDIANAPOLIS.KBDL,2026,6,2026-06-25,63.417962431204835,60.62490763550702,89,74.2512363854649,14
4869,8163,XD_8163_IN_INDIANAPOLIS.KBDL,2026,6,2026-06-26,63.3898314809583,60.59801562896793,88,73.41695283057204,14
4870,8163,XD_8163_IN_INDIANAPOLIS.KBDL,2026,6,2026-06-29,63.3890360267844,60.597255208197986,88,73.41695283057204,14
4871,8163,XD_8163_IN_INDIANAPOLIS.KBDL,2026,6,2026-06-30,63.086358639091046,60.3079083422817,89,74.2512363854649,14
4872,8163,XD_8163_KY_LEXINGTON.KBDL,2026,5,2026-05-01,56.843778080792696,35.15180115121507,104,169.559808655795,18
4873,8163,XD_8163_KY_LEXINGTON.KBDL,2026,5,2026-05-04,55.51274347944827,34.328698514276596,112,182.47865122004603,18
4874,8163,XD_8163_KY_LEXINGTON.KBDL,2026,5,2026-05-05,53.20085711289201,32.89904389621294,113,184.09350654057744,18
4875,8163,XD_8163_KY_LEXINGTON.KBDL,2026,5,2026-05-06,58.67451954486971,36.2839190729523,112,182.47865122004603,17
4876,8163,XD_8163_KY_LEXINGTON.KBDL,2026,5,2026-05-07,55.43894854007823,34.28306423164649,112,182.47865122004603,18
4877,8163,XD_8163_KY_LEXINGTON.KBDL,2026,5,2026-05-08,57.082154699967454,35.29921161194167,109,177.6340852584519,18
4878,8163,XD_8163_KY_LEXINGTON.KBDL,2026,5,2026-05-11,56.72605622693555,35.07900276698281,111,182.47865122004603,18
4879,8163,XD_8163_KY_LEXINGTON.KBDL,2026,5,2026-05-12,58.85389405894832,36.39484303795557,109,177.6340852584519,17
4880,8163,XD_8163_KY_LEXINGTON.KBDL,2026,5,2026-05-13,57.076812493906246,35.295908028479886,112,184.0935065405774,18
4881,8163,XD_8163_KY_LEXINGTON.KBDL,2026,5,2026-05-14,58.38313487121887,36.10372879615318,113,185.7083618611088,17
4882,8163,XD_8163_KY_LEXINGTON.KBDL,2026,5,2026-05-15,55.899718348268514,34.56800110989142,109,179.24894057898328,19
4883,8163,XD_8163_KY_LEXINGTON.KBDL,2026,5,2026-05-18,56.12041758458469,34.7044799987187,111,180.86379589951466,18
4884,8163,XD_8163_KY_LEXINGTON.KBDL,2026,5,2026-05-19,59.31944017217235,36.68273355036156,106,174.40437461738912,18
4885,8163,XD_8163_KY_LEXINGTON.KBDL,2026,5,2026-05-20,54.12039317682011,33.467678669655164,112,182.47865122004603,19
4886,8163,XD_8163_KY_LEXINGTON.KBDL,2026,5,2026-05-21,55.71534445823644,34.453985565205556,110,180.86379589951466,18
4887,8163,XD_8163_KY_LEXINGTON.KBDL,2026,5,2026-05-22,57.90236147734835,35.80642183819358,107,174.40437461738912,18
4888,8163,XD_8163_KY_LEXINGTON.KBDL,2026,5,2026-05-26,56.597960934265124,34.99978951958118,112,184.09350654057744,18
4889,8163,XD_8163_KY_LEXINGTON.KBDL,2026,5,2026-05-27,60.83419015868371,37.6194445171093,106,174.40437461738912,17
4890,8163,XD_8163_KY_LEXINGTON.KBDL,2026,5,2026-05-28,57.502413089529746,35.559096507717356,110,180.86379589951466,17
4891,8163,XD_8163_KY_LEXINGTON.KBDL,2026,5,2026-05-29,55.27076403524498,34.17906009134795,111,182.47865122004603,19
4892,8163,XD_8163_KY_LEXINGTON.KBDL,2026,6,2026-06-01,56.78242346575689,35.459254881949455,111,169.72744053627304,18
4893,8163,XD_8163_KY_LEXINGTON.KBDL,2026,6,2026-06-02,60.79882531795464,37.96740103515655,107,165.18116980762287,17
4894,8163,XD_8163_KY_LEXINGTON.KBDL,2026,6,2026-06-03,55.56494750335122,34.69897048708519,109,166.69659338383957,18
4895,8163,XD_8163_KY_LEXINGTON.KBDL,2026,6,2026-06-04,54.64138350503575,34.122227029916445,109,169.727440536273,18
4896,8163,XD_8163_KY_LEXINGTON.KBDL,2026,6,2026-06-05,58.23309301505854,36.365163051388386,106,163.66574623140613,18
4897,8163,XD_8163_KY_LEXINGTON.KBDL,2026,6,2026-06-08,59.23278833668884,36.98944868504682,107,165.18116980762287,17
4898,8163,XD_8163_KY_LEXINGTON.KBDL,2026,6,2026-06-09,56.58077028956344,35.33332733367018,110,169.727440536273,18
4899,8163,XD_8163_KY_LEXINGTON.KBDL,2026,6,2026-06-10,56.103413494761924,35.03522952059066,109,168.2120169600563,17
4900,8163,XD_8163_KY_LEXINGTON.KBDL,2026,6,2026-06-11,60.276115826687786,37.640981556227054,106,163.66574623140613,17
4901,8163,XD_8163_KY_LEXINGTON.KBDL,2026,6,2026-06-12,57.52121450749654,35.920612081142366,107,165.18116980762287,18
4902,8163,XD_8163_KY_LEXINGTON.KBDL,2026,6,2026-06-15,115.07999115645053,71.86468081430056,108,166.69659338383957,18
4903,8163,XD_8163_KY_LEXINGTON.KBDL,2026,6,2026-06-16,55.45753311475959,34.63189279031594,109,168.2120169600563,18
4904,8163,XD_8163_KY_LEXINGTON.KBDL,2026,6,2026-06-17,55.70602962677896,34.787072872798404,110,169.72744053627304,17
4905,8163,XD_8163_KY_LEXINGTON.KBDL,2026,6,2026-06-18,57.286270441652704,35.77389517465488,107,165.18116980762287,18
4906,8163,XD_8163_KY_LEXINGTON.KBDL,2026,6,2026-06-19,60.80134745098726,37.96897604644685,100,153.05778119788906,16
4907,8163,XD_8163_KY_LEXINGTON.KBDL,2026,6,2026-06-22,52.478130017580064,32.77132736582908,111,168.2120169600563,16
4908,8163,XD_8163_KY_LEXINGTON.KBDL,2026,6,2026-06-23,56.845386807165866,35.4985739711142,108,166.69659338383957,18
4909,8163,XD_8163_KY_LEXINGTON.KBDL,2026,6,2026-06-24,55.597091342406294,34.71904353984289,109,168.2120169600563,18
4910,8163,XD_8163_KY_LEXINGTON.KBDL,2026,6,2026-06-25,58.499000750578844,36.53121602330112,110,169.72744053627304,17
4911,8163,XD_8163_KY_LEXINGTON.KBDL,2026,6,2026-06-26,57.12700119742182,35.67443537034687,107,163.66574623140613,18
4912,8163,XD_8163_KY_LEXINGTON.KBDL,2026,6,2026-06-29,57.08828943874356,35.650260810084774,107,163.66574623140613,18
4913,8163,XD_8163_KY_LEXINGTON.KBDL,2026,6,2026-06-30,56.48286784355392,35.27218961578621,108,166.69659338383957,18
4914,8163,XD_8163_KY_LOUISVILLE.KBDL,2026,5,2026-05-01,26.118440086346805,24.980628536185296,100,101.63459070525312,27
4915,8163,XD_8163_KY_LOUISVILLE.KBDL,2026,5,2026-05-04,26.114806927378776,24.977153650461144,103,103.64715685783239,27
4916,8163,XD_8163_KY_LOUISVILLE.KBDL,2026,5,2026-05-05,26.16285009372942,25.023103886705726,107,107.67228916299094,27
4917,8163,XD_8163_KY_LOUISVILLE.KBDL,2026,5,2026-05-06,26.811452077151326,25.643450475634108,105,105.65972301041165,27
4918,8163,XD_8163_KY_LOUISVILLE.KBDL,2026,5,2026-05-07,27.153610210542045,25.970702991581113,103,103.64715685783239,27
4919,8163,XD_8163_KY_LOUISVILLE.KBDL,2026,5,2026-05-08,26.894600228125178,25.722976399314145,100,100.62830762896348,27
4920,8163,XD_8163_KY_LOUISVILLE.KBDL,2026,5,2026-05-11,26.941571116629664,25.76790106992487,106,106.6660060867013,27
4921,8163,XD_8163_KY_LOUISVILLE.KBDL,2026,5,2026-05-12,26.727535411850415,25.563189516826952,106,106.66600608670129,27
4922,8163,XD_8163_KY_LOUISVILLE.KBDL,2026,5,2026-05-13,26.938207528031903,25.764684011133024,105,105.65972301041165,27
4923,8163,XD_8163_KY_LOUISVILLE.KBDL,2026,5,2026-05-14,27.071160199122172,25.89184479402893,104,104.65343993412202,27
4924,8163,XD_8163_KY_LOUISVILLE.KBDL,2026,5,2026-05-15,27.079210167671217,25.899544077500178,101,101.63459070525312,27
4925,8163,XD_8163_KY_LOUISVILLE.KBDL,2026,5,2026-05-18,26.968210173746478,25.793379635573867,105,105.65972301041165,27
4926,8163,XD_8163_KY_LOUISVILLE.KBDL,2026,5,2026-05-19,26.960278075922947,25.785793087962787,105,105.65972301041165,27
4927,8163,XD_8163_KY_LOUISVILLE.KBDL,2026,5,2026-05-20,27.727003197498984,26.519116953711748,100,100.62830762896348,27
4928,8163,XD_8163_KY_LOUISVILLE.KBDL,2026,5,2026-05-21,26.66546955854314,25.50382747142437,107,107.67228916299092,27
4929,8163,XD_8163_KY_LOUISVILLE.KBDL,2026,5,2026-05-22,26.91170207286568,25.739333227261515,102,102.64087378154275,27
4930,8163,XD_8163_KY_LOUISVILLE.KBDL,2026,5,2026-05-26,26.774115361780506,25.607740279529125,101,101.63459070525312,27
4931,8163,XD_8163_KY_LOUISVILLE.KBDL,2026,5,2026-05-27,26.840552606588247,25.67128328317035,103,103.64715685783239,27
4932,8163,XD_8163_KY_LOUISVILLE.KBDL,2026,5,2026-05-28,26.897139310640565,25.72540487042229,102,102.64087378154275,27
4933,8163,XD_8163_KY_LOUISVILLE.KBDL,2026,5,2026-05-29,26.840552606588247,25.67128328317035,101,101.63459070525312,27
4934,8163,XD_8163_KY_LOUISVILLE.KBDL,2026,6,2026-06-01,26.836875955558117,24.644951894911408,102,113.59013169822242,27
4935,8163,XD_8163_KY_LOUISVILLE.KBDL,2026,6,2026-06-02,27.11198469197869,24.89759089753536,104,115.8173891825013,27
4936,8163,XD_8163_KY_LOUISVILLE.KBDL,2026,6,2026-06-03,26.69653815191539,24.516076297560208,101,112.47650295608298,27
4937,8163,XD_8163_KY_LOUISVILLE.KBDL,2026,6,2026-06-04,26.39956428823858,24.243358020049776,106,118.04464666678017,27
4938,8163,XD_8163_KY_LOUISVILLE.KBDL,2026,6,2026-06-05,26.80154873255349,24.612510052091416,100,111.36287421394356,27
4939,8163,XD_8163_KY_LOUISVILLE.KBDL,2026,6,2026-06-08,26.521939375651435,24.35573802088966,104,115.8173891825013,27
4940,8163,XD_8163_KY_LOUISVILLE.KBDL,2026,6,2026-06-09,26.479814152266265,24.317053409997943,107,119.15827540891961,27
4941,8163,XD_8163_KY_LOUISVILLE.KBDL,2026,6,2026-06-10,26.403230068222484,24.246724394418774,100,111.36287421394356,27
4942,8163,XD_8163_KY_LOUISVILLE.KBDL,2026,6,2026-06-11,26.278467454635557,24.132151870581605,103,114.70376044036186,27
4943,8163,XD_8163_KY_LOUISVILLE.KBDL,2026,6,2026-06-12,26.25312691362797,24.108881039239048,100,111.36287421394356,27
4944,8163,XD_8163_KY_LOUISVILLE.KBDL,2026,6,2026-06-15,27.952112194427947,25.66910029072037,102,113.59013169822242,27
4945,8163,XD_8163_KY_LOUISVILLE.KBDL,2026,6,2026-06-16,30.560186896584863,28.064158332477295,102,122.49916163533791,27
4946,8163,XD_8163_KY_LOUISVILLE.KBDL,2026,6,2026-06-17,26.345732855306238,24.19392331396668,100,111.36287421394356,27
4947,8163,XD_8163_KY_LOUISVILLE.KBDL,2026,6,2026-06-18,26.03881633137339,23.912074451207673,104,115.8173891825013,27
4948,8163,XD_8163_KY_LOUISVILLE.KBDL,2026,6,2026-06-19,25.931973610787722,23.81395819827586,98,109.13561672966469,27
4949,8163,XD_8163_KY_LOUISVILLE.KBDL,2026,6,2026-06-22,25.919899541752816,23.802870288824934,97,108.02198798752525,27
4950,8163,XD_8163_KY_LOUISVILLE.KBDL,2026,6,2026-06-23,26.04295214017232,23.91587246439911,103,114.70376044036186,27
4951,8163,XD_8163_KY_LOUISVILLE.KBDL,2026,6,2026-06-24,26.298605508594726,24.150645132312317,100,111.36287421394356,26
4952,8163,XD_8163_KY_LOUISVILLE.KBDL,2026,6,2026-06-25,25.956676429191244,23.83664339353598,103,114.70376044036186,27
4953,8163,XD_8163_KY_LOUISVILLE.KBDL,2026,6,2026-06-26,26.012051198427848,23.88749538265304,99,110.24924547180412,27
4954,8163,XD_8163_KY_LOUISVILLE.KBDL,2026,6,2026-06-29,26.224202144293137,24.08231872438508,101,112.47650295608298,27
4955,8163,XD_8163_KY_LOUISVILLE.KBDL,2026,6,2026-06-30,25.880110267244458,23.766330836251694,104,115.8173891825013,27
4956,8163,XD_8163_KY_PADUCAH.KBDL,2026,5,2026-05-01,26.00269266275259,23.46157348175249,54,93.928773659449,13
4957,8163,XD_8163_KY_PADUCAH.KBDL,2026,5,2026-05-04,26.00346188667493,23.462267533088326,55,95.66819539388325,13
4958,8163,XD_8163_KY_PADUCAH.KBDL,2026,5,2026-05-05,26.00346188667493,23.462267533088326,54,93.928773659449,13
4959,8163,XD_8163_KY_PADUCAH.KBDL,2026,5,2026-05-06,26.62801312177609,24.0257843536534,53,92.18935192501476,13
4960,8163,XD_8163_KY_PADUCAH.KBDL,2026,5,2026-05-07,26.62801312177609,24.0257843536534,54,93.928773659449,13
4961,8163,XD_8163_KY_PADUCAH.KBDL,2026,5,2026-05-08,26.62801312177609,24.0257843536534,55,95.66819539388325,13
4962,8163,XD_8163_KY_PADUCAH.KBDL,2026,5,2026-05-11,26.62801312177609,24.0257843536534,55,95.66819539388325,13
4963,8163,XD_8163_KY_PADUCAH.KBDL,2026,5,2026-05-12,26.62801312177609,24.0257843536534,54,93.928773659449,13
4964,8163,XD_8163_KY_PADUCAH.KBDL,2026,5,2026-05-13,26.750576361631737,24.136370072422206,53,92.18935192501476,13
4965,8163,XD_8163_KY_PADUCAH.KBDL,2026,5,2026-05-14,26.750576361631737,24.136370072422206,55,95.66819539388325,13
4966,8163,XD_8163_KY_PADUCAH.KBDL,2026,5,2026-05-15,26.750576361631737,24.136370072422206,55,95.66819539388325,13
4967,8163,XD_8163_KY_PADUCAH.KBDL,2026,5,2026-05-18,26.750576361631737,24.136370072422206,55,95.66819539388325,13
4968,8163,XD_8163_KY_PADUCAH.KBDL,2026,5,2026-05-19,26.750576361631737,24.136370072422206,55,95.66819539388325,13
4969,8163,XD_8163_KY_PADUCAH.KBDL,2026,5,2026-05-20,26.62801312177609,24.0257843536534,54,93.928773659449,13
4970,8163,XD_8163_KY_PADUCAH.KBDL,2026,5,2026-05-21,26.62801312177609,24.0257843536534,54,93.928773659449,13
4971,8163,XD_8163_KY_PADUCAH.KBDL,2026,5,2026-05-22,26.62801312177609,24.0257843536534,55,95.66819539388325,13
4972,8163,XD_8163_KY_PADUCAH.KBDL,2026,5,2026-05-26,26.62801312177609,24.0257843536534,55,95.66819539388325,13
4973,8163,XD_8163_KY_PADUCAH.KBDL,2026,5,2026-05-27,26.62801312177609,24.0257843536534,53,92.18935192501476,13
4974,8163,XD_8163_KY_PADUCAH.KBDL,2026,5,2026-05-28,26.62801312177609,24.0257843536534,54,93.928773659449,13
4975,8163,XD_8163_KY_PADUCAH.KBDL,2026,5,2026-05-29,26.62801312177609,24.0257843536534,54,93.928773659449,13
4976,8163,XD_8163_KY_PADUCAH.KBDL,2026,6,2026-06-01,26.62801312177609,24.217210864449257,55,94.2038803599816,13
4977,8163,XD_8163_KY_PADUCAH.KBDL,2026,6,2026-06-02,26.62801312177609,24.217210864449257,54,92.49108253525466,13
4978,8163,XD_8163_KY_PADUCAH.KBDL,2026,6,2026-06-03,26.377307317195797,23.989203040256875,54,92.49108253525466,13
4979,8163,XD_8163_KY_PADUCAH.KBDL,2026,6,2026-06-04,26.377307317195797,23.989203040256875,54,92.49108253525466,13
4980,8163,XD_8163_KY_PADUCAH.KBDL,2026,6,2026-06-05,26.377307317195797,23.989203040256875,53,90.77828471052773,13
4981,8163,XD_8163_KY_PADUCAH.KBDL,2026,6,2026-06-08,26.377307317195797,23.989203040256875,55,94.2038803599816,13
4982,8163,XD_8163_KY_PADUCAH.KBDL,2026,6,2026-06-09,26.377307317195797,23.989203040256875,55,94.2038803599816,13
4983,8163,XD_8163_KY_PADUCAH.KBDL,2026,6,2026-06-10,26.125384954305794,23.760088800464487,53,90.77828471052773,13
4984,8163,XD_8163_KY_PADUCAH.KBDL,2026,6,2026-06-11,26.125384954305794,23.760088800464487,54,92.49108253525466,13
4985,8163,XD_8163_KY_PADUCAH.KBDL,2026,6,2026-06-12,26.125384954305794,23.760088800464487,55,94.2038803599816,13
4986,8163,XD_8163_KY_PADUCAH.KBDL,2026,6,2026-06-15,30.326923333681545,27.581235366041675,55,94.2038803599816,13
4987,8163,XD_8163_KY_PADUCAH.KBDL,2026,6,2026-06-16,29.16968548446348,26.52876957046502,54,94.2038803599816,13
4988,8163,XD_8163_KY_PADUCAH.KBDL,2026,6,2026-06-17,26.00346188667493,23.649204198426997,54,92.49108253525466,13
4989,8163,XD_8163_KY_PADUCAH.KBDL,2026,6,2026-06-18,26.00346188667493,23.649204198426997,55,94.2038803599816,13
4990,8163,XD_8163_KY_PADUCAH.KBDL,2026,6,2026-06-19,26.00346188667493,23.649204198426997,55,94.2038803599816,13
4991,8163,XD_8163_KY_PADUCAH.KBDL,2026,6,2026-06-22,25.441923386011368,23.138505325894332,55,95.91667818470854,13
4992,8163,XD_8163_KY_PADUCAH.KBDL,2026,6,2026-06-23,25.881089345002785,23.53791081607286,55,94.2038803599816,13
4993,8163,XD_8163_KY_PADUCAH.KBDL,2026,6,2026-06-24,25.881089345002785,23.53791081607286,54,92.49108253525466,13
4994,8163,XD_8163_KY_PADUCAH.KBDL,2026,6,2026-06-25,25.881089345002785,23.53791081607286,55,94.2038803599816,13
4995,8163,XD_8163_KY_PADUCAH.KBDL,2026,6,2026-06-26,25.322371421716152,23.029777156227453,55,95.91667818470854,13
4996,8163,XD_8163_KY_PADUCAH.KBDL,2026,6,2026-06-29,25.881089345002785,23.53791081607286,54,92.49108253525466,13
4997,8163,XD_8163_KY_PADUCAH.KBDL,2026,6,2026-06-30,25.75230717047667,23.420788105421536,55,94.2038803599816,13
4998,8163,XD_8163_OH_CADIZ.KBDL,2026,5,2026-05-01,84.12512356701696,54.87723027139083,69,131.5600594629645,10
4999,8163,XD_8163_OH_CADIZ.KBDL,2026,5,2026-05-04,84.78479153769356,55.307550603706815,69,129.73283641486776,10
5000,8163,XD_8163_OH_CADIZ.KBDL,2026,5,2026-05-05,80.93119903553443,52.79374171824795,71,135.21450555915794,10
5001,8163,XD_8163_OH_CADIZ.KBDL,2026,5,2026-05-06,90.59751542833116,59.09935706918461,67,126.0783903186743,10
5002,8163,XD_8163_OH_CADIZ.KBDL,2026,5,2026-05-07,91.12490573216999,59.44338888654778,67,127.90561336677102,10
5003,8163,XD_8163_OH_CADIZ.KBDL,2026,5,2026-05-08,88.21035719129775,57.542145302790345,67,126.0783903186743,10
5004,8163,XD_8163_OH_CADIZ.KBDL,2026,5,2026-05-11,88.21035719129775,57.542145302790345,67,126.0783903186743,10
5005,8163,XD_8163_OH_CADIZ.KBDL,2026,5,2026-05-12,84.2069039662679,54.9305779707592,71,133.38728251106122,10
5006,8163,XD_8163_OH_CADIZ.KBDL,2026,5,2026-05-13,91.25353211781335,59.52729556608216,67,126.0783903186743,10
5007,8163,XD_8163_OH_CADIZ.KBDL,2026,5,2026-05-14,86.63870739043705,56.51691307285954,68,127.90561336677102,10
5008,8163,XD_8163_OH_CADIZ.KBDL,2026,5,2026-05-15,83.91381890653359,54.73939018249604,71,135.21450555915794,10
5009,8163,XD_8163_OH_CADIZ.KBDL,2026,5,2026-05-18,88.68893145243327,57.85433301576735,67,127.90561336677102,10
5010,8163,XD_8163_OH_CADIZ.KBDL,2026,5,2026-05-19,80.63475466751605,52.60036255686767,73,137.04172860725467,10
5011,8163,XD_8163_OH_CADIZ.KBDL,2026,5,2026-05-20,87.09679176451668,56.81573464499153,67,126.0783903186743,10
5012,8163,XD_8163_OH_CADIZ.KBDL,2026,5,2026-05-21,84.98611918615916,55.43888240158575,69,129.73283641486776,10
5013,8163,XD_8163_OH_CADIZ.KBDL,2026,5,2026-05-22,85.33838611784435,55.66867622187873,70,131.5600594629645,10
5014,8163,XD_8163_OH_CADIZ.KBDL,2026,5,2026-05-26,88.76164881146143,57.90176863412857,67,126.0783903186743,10
5015,8163,XD_8163_OH_CADIZ.KBDL,2026,5,2026-05-27,80.8776966688368,52.75884059034659,72,135.21450555915794,10
5016,8163,XD_8163_OH_CADIZ.KBDL,2026,5,2026-05-28,91.43882438478016,59.648167024817624,67,126.0783903186743,10
5017,8163,XD_8163_OH_CADIZ.KBDL,2026,5,2026-05-29,91.61916085561117,59.76580567563326,67,124.25116727057757,10
5018,8163,XD_8163_OH_CADIZ.KBDL,2026,6,2026-06-01,95.8711969587538,64.67177818311542,65,124.27060436038428,10
5019,8163,XD_8163_OH_CADIZ.KBDL,2026,6,2026-06-02,80.79213240156957,54.49990227892026,72,135.23565768630056,10
5020,8163,XD_8163_OH_CADIZ.KBDL,2026,6,2026-06-03,90.18492122347394,60.83599043136487,66,126.098113248037,10
5021,8163,XD_8163_OH_CADIZ.KBDL,2026,6,2026-06-04,87.27655175224183,58.874093310178544,67,126.098113248037,10
5022,8163,XD_8163_OH_CADIZ.KBDL,2026,6,2026-06-05,88.49354416278877,59.69503918049336,68,127.92562213568971,10
5023,8163,XD_8163_OH_CADIZ.KBDL,2026,6,2026-06-08,90.04817552233499,60.743745962409754,66,124.27060436038428,10
5024,8163,XD_8163_OH_CADIZ.KBDL,2026,6,2026-06-09,77.58179296000867,52.334305448555696,74,138.89067546160598,10
5025,8163,XD_8163_OH_CADIZ.KBDL,2026,6,2026-06-10,84.91856890178863,57.283470175164304,70,129.7531310233424,10
5026,8163,XD_8163_OH_CADIZ.KBDL,2026,6,2026-06-11,83.18921253374988,56.116899244778665,69,129.75313102334243,10
5027,8163,XD_8163_OH_CADIZ.KBDL,2026,6,2026-06-12,86.67112912484922,58.46569371668418,67,126.098113248037,10
5028,8163,XD_8163_OH_CADIZ.KBDL,2026,6,2026-06-15,173.179056162153,116.82129629505387,68,129.7531310233424,10
5029,8163,XD_8163_OH_CADIZ.KBDL,2026,6,2026-06-16,79.23972937899063,53.45269866499003,71,135.23565768630056,10
5030,8163,XD_8163_OH_CADIZ.KBDL,2026,6,2026-06-17,85.65422784290617,57.77972320389042,67,127.92562213568971,10
5031,8163,XD_8163_OH_CADIZ.KBDL,2026,6,2026-06-18,87.30280319907449,58.891801733567455,68,127.92562213568971,10
5032,8163,XD_8163_OH_CADIZ.KBDL,2026,6,2026-06-19,85.63773895172845,57.76860030205381,67,127.92562213568971,10
5033,8163,XD_8163_OH_CADIZ.KBDL,2026,6,2026-06-22,88.60160563695999,59.7679341469633,67,127.92562213568971,10
5034,8163,XD_8163_OH_CADIZ.KBDL,2026,6,2026-06-23,78.78371462322417,53.1450850535125,70,131.58063991099513,10
5035,8163,XD_8163_OH_CADIZ.KBDL,2026,6,2026-06-24,88.34562368241568,59.595256547138476,66,124.27060436038428,10
5036,8163,XD_8163_OH_CADIZ.KBDL,2026,6,2026-06-25,84.64415577358669,57.09835946912769,68,127.92562213568971,10
5037,8163,XD_8163_OH_CADIZ.KBDL,2026,6,2026-06-26,83.49211936950684,56.321230934729826,68,127.92562213568971,10
5038,8163,XD_8163_OH_CADIZ.KBDL,2026,6,2026-06-29,86.70586523752364,58.48912563622921,66,124.27060436038428,10
5039,8163,XD_8163_OH_CADIZ.KBDL,2026,6,2026-06-30,80.78025043426999,54.491887067074,69,129.7531310233424,10
5040,8163,XD_8163_OH_CINCINNATI.KBDL,2026,5,2026-05-01,36.96581357376645,34.066158743450224,93,67.09685247794408,19
5041,8163,XD_8163_OH_CINCINNATI.KBDL,2026,5,2026-05-04,37.937247701766914,34.96139209594309,91,65.65390941390227,18
5042,8163,XD_8163_OH_CINCINNATI.KBDL,2026,5,2026-05-05,38.8027503490448,35.75900339472346,95,68.53979554198588,20
5043,8163,XD_8163_OH_CINCINNATI.KBDL,2026,5,2026-05-06,38.861930004274,35.81354090748231,93,67.09685247794408,18
5044,8163,XD_8163_OH_CINCINNATI.KBDL,2026,5,2026-05-07,40.79835555427953,37.59807028216313,92,66.37538094592317,19
5045,8163,XD_8163_OH_CINCINNATI.KBDL,2026,5,2026-05-08,40.79972317800568,37.59933062739706,92,66.37538094592317,19
5046,8163,XD_8163_OH_CINCINNATI.KBDL,2026,5,2026-05-11,38.38630194869338,35.37522184243821,91,65.65390941390227,19
5047,8163,XD_8163_OH_CINCINNATI.KBDL,2026,5,2026-05-12,40.803933700306,37.60321086990246,94,67.81832400996498,19
5048,8163,XD_8163_OH_CINCINNATI.KBDL,2026,5,2026-05-13,38.03151167788954,35.04826186192225,95,68.5397955419859,19
5049,8163,XD_8163_OH_CINCINNATI.KBDL,2026,5,2026-05-14,37.63048433695578,34.67869171761983,92,66.37538094592317,18
5050,8163,XD_8163_OH_CINCINNATI.KBDL,2026,5,2026-05-15,38.03151167788954,35.04826186192225,89,64.21096634986046,19
5051,8163,XD_8163_OH_CINCINNATI.KBDL,2026,5,2026-05-18,39.93143603295991,36.79915325110316,92,66.37538094592318,20
5052,8163,XD_8163_OH_CINCINNATI.KBDL,2026,5,2026-05-19,40.98381624723736,37.768983155333466,92,66.37538094592318,19
5053,8163,XD_8163_OH_CINCINNATI.KBDL,2026,5,2026-05-20,39.7507370038466,36.632628529598584,96,69.2612670740068,20
5054,8163,XD_8163_OH_CINCINNATI.KBDL,2026,5,2026-05-21,39.749437761306766,36.63143120162634,94,67.81832400996498,20
5055,8163,XD_8163_OH_CINCINNATI.KBDL,2026,5,2026-05-22,37.85835552215576,34.88868833929812,96,69.2612670740068,19
5056,8163,XD_8163_OH_CINCINNATI.KBDL,2026,5,2026-05-26,40.79972317800568,37.59933062739706,90,64.93243788188137,19
5057,8163,XD_8163_OH_CINCINNATI.KBDL,2026,5,2026-05-27,39.7507370038466,36.632628529598584,95,68.53979554198588,20
5058,8163,XD_8163_OH_CINCINNATI.KBDL,2026,5,2026-05-28,37.44137446567266,34.50441591324104,90,64.93243788188137,18
5059,8163,XD_8163_OH_CINCINNATI.KBDL,2026,5,2026-05-29,40.77993458195736,37.581094279022196,91,65.65390941390227,19
5060,8163,XD_8163_OH_CINCINNATI.KBDL,2026,6,2026-06-01,40.78130220568352,36.722401280367805,91,65.69540070429491,19
5061,8163,XD_8163_OH_CINCINNATI.KBDL,2026,6,2026-06-02,37.83572402753328,34.06999201410233,91,65.69540070429491,19
5062,8163,XD_8163_OH_CINCINNATI.KBDL,2026,6,2026-06-03,39.33431270122528,35.4194284384709,95,68.58311062536282,20
5063,8163,XD_8163_OH_CINCINNATI.KBDL,2026,6,2026-06-04,33.98645853996277,30.603838060599223,94,67.86118314509584,18
5064,8163,XD_8163_OH_CINCINNATI.KBDL,2026,6,2026-06-05,37.07067159610967,33.38108408650448,91,65.69540070429491,18
5065,8163,XD_8163_OH_CINCINNATI.KBDL,2026,6,2026-06-08,37.795886416799924,34.03411938011867,91,65.69540070429491,18
5066,8163,XD_8163_OH_CINCINNATI.KBDL,2026,6,2026-06-09,37.04145858022902,33.35477859762214,95,68.58311062536282,18
5067,8163,XD_8163_OH_CINCINNATI.KBDL,2026,6,2026-06-10,38.96933860562065,35.09077965898527,92,66.41732818456188,20
5068,8163,XD_8163_OH_CINCINNATI.KBDL,2026,6,2026-06-11,40.00322329370599,36.02176337799478,93,67.13925566482887,19
5069,8163,XD_8163_OH_CINCINNATI.KBDL,2026,6,2026-06-12,40.004566993439596,36.02297334133947,91,65.69540070429491,19
5070,8163,XD_8163_OH_CINCINNATI.KBDL,2026,6,2026-06-15,40.006179433119925,36.02442529735311,91,65.69540070429491,19
5071,8163,XD_8163_OH_CINCINNATI.KBDL,2026,6,2026-06-16,39.283884571702174,35.37401934391021,94,71.47082054643073,20
5072,8163,XD_8163_OH_CINCINNATI.KBDL,2026,6,2026-06-17,38.78252315665736,34.92255766725972,93,67.13925566482887,20
5073,8163,XD_8163_OH_CINCINNATI.KBDL,2026,6,2026-06-18,38.781250429153445,34.921411612386734,94,67.86118314509584,20
5074,8163,XD_8163_OH_CINCINNATI.KBDL,2026,6,2026-06-19,25.019621385984436,22.529456557935664,72,51.97877857922235,12
5075,8163,XD_8163_OH_CINCINNATI.KBDL,2026,6,2026-06-22,30.43919219071616,27.40962573092955,89,67.13925566482887,18
5076,8163,XD_8163_OH_CINCINNATI.KBDL,2026,6,2026-06-23,36.06988968694908,32.479908477227205,93,71.47082054643073,19
5077,8163,XD_8163_OH_CINCINNATI.KBDL,2026,6,2026-06-24,38.49270519018173,34.66158484178444,93,67.86118314509584,20
5078,8163,XD_8163_OH_CINCINNATI.KBDL,2026,6,2026-06-25,33.51748936946946,30.181544677712186,90,67.13925566482887,18
5079,8163,XD_8163_OH_CINCINNATI.KBDL,2026,6,2026-06-26,37.685229019323984,33.934475544954765,93,68.58311062536282,20
5080,8163,XD_8163_OH_CINCINNATI.KBDL,2026,6,2026-06-29,29.835675153290314,26.866175825477484,85,62.807690783227,17
5081,8163,XD_8163_OH_CINCINNATI.KBDL,2026,6,2026-06-30,38.35050727237355,34.533539666261404,93,67.13925566482887,20
5082,8163,XD_8163_OH_CLEVELAND.YZER,2026,5,2026-05-01,109.38857232956659,109.9324146958123,10,10.645142418095572,2
5083,8163,XD_8163_OH_CLEVELAND.YZER,2026,5,2026-05-04,138.58857182094027,139.27758654367236,9,9.580628176286016,2
5084,8163,XD_8163_OH_CLEVELAND.YZER,2026,5,2026-05-05,109.38857232956659,109.9324146958123,10,10.645142418095572,2
5085,8163,XD_8163_OH_CLEVELAND.YZER,2026,5,2026-05-06,112.18857102167038,112.74633401857952,10,10.645142418095572,2
5086,8163,XD_8163_OH_CLEVELAND.YZER,2026,5,2026-05-07,112.18857102167038,112.74633401857952,10,10.645142418095572,2
5087,8163,XD_8163_OH_CLEVELAND.YZER,2026,5,2026-05-08,112.18857102167038,112.74633401857952,10,10.645142418095572,2
5088,8163,XD_8163_OH_CLEVELAND.YZER,2026,5,2026-05-11,112.18857102167038,112.74633401857952,10,10.645142418095572,2
5089,8163,XD_8163_OH_CLEVELAND.YZER,2026,5,2026-05-12,112.18857102167038,112.74633401857952,10,10.645142418095572,2
5090,8163,XD_8163_OH_CLEVELAND.YZER,2026,5,2026-05-13,112.69381277901786,113.25408766420736,10,10.645142418095572,2
5091,8163,XD_8163_OH_CLEVELAND.YZER,2026,5,2026-05-14,112.69381277901786,113.25408766420736,10,10.645142418095572,2
5092,8163,XD_8163_OH_CLEVELAND.YZER,2026,5,2026-05-15,112.69381277901786,113.25408766420736,10,10.645142418095572,2
5093,8163,XD_8163_OH_CLEVELAND.YZER,2026,5,2026-05-18,112.69381277901786,113.25408766420736,10,10.645142418095572,2
5094,8163,XD_8163_OH_CLEVELAND.YZER,2026,5,2026-05-19,112.69381277901786,113.25408766420736,10,10.645142418095572,2
5095,8163,XD_8163_OH_CLEVELAND.YZER,2026,5,2026-05-20,142.17857142857144,142.88543439486182,9,9.580628176286016,2
5096,8163,XD_8163_OH_CLEVELAND.YZER,2026,5,2026-05-21,112.18857102167038,112.74633401857952,10,10.645142418095572,2
5097,8163,XD_8163_OH_CLEVELAND.YZER,2026,5,2026-05-22,112.18857102167038,112.74633401857952,10,10.645142418095572,2
5098,8163,XD_8163_OH_CLEVELAND.YZER,2026,5,2026-05-26,112.18857102167038,112.74633401857952,10,10.645142418095572,2
5099,8163,XD_8163_OH_CLEVELAND.YZER,2026,5,2026-05-27,112.18857102167038,112.74633401857952,10,10.645142418095572,2
5100,8163,XD_8163_OH_CLEVELAND.YZER,2026,5,2026-05-28,111.92523484002976,112.48168861999702,10,10.645142418095572,2
5101,8163,XD_8163_OH_CLEVELAND.YZER,2026,5,2026-05-29,111.92523484002976,112.48168861999702,10,10.645142418095572,2
5102,8163,XD_8163_OH_CLEVELAND.YZER,2026,6,2026-06-01,111.92523484002976,113.11607395570957,10,10.104400056851624,2
5103,8163,XD_8163_OH_CLEVELAND.YZER,2026,6,2026-06-02,141.7835671561105,143.29208682079047,9,9.09396005116646,2
5104,8163,XD_8163_OH_CLEVELAND.YZER,2026,6,2026-06-03,110.64738246372768,111.82462574826235,10,10.104400056851624,2
5105,8163,XD_8163_OH_CLEVELAND.YZER,2026,6,2026-06-04,110.64738246372768,111.82462574826235,10,10.104400056851624,2
5106,8163,XD_8163_OH_CLEVELAND.YZER,2026,6,2026-06-05,110.64738246372768,111.82462574826235,10,10.104400056851624,2
5107,8163,XD_8163_OH_CLEVELAND.YZER,2026,6,2026-06-08,110.64738246372768,111.82462574826235,10,10.104400056851624,2
5108,8163,XD_8163_OH_CLEVELAND.YZER,2026,6,2026-06-09,140.1107155936105,141.60143679596695,9,9.09396005116646,2
5109,8163,XD_8163_OH_CLEVELAND.YZER,2026,6,2026-06-10,109.63285682314918,110.79930596623409,10,10.104400056851624,2
5110,8163,XD_8163_OH_CLEVELAND.YZER,2026,6,2026-06-11,138.83285631452287,140.30998161229138,9,9.09396005116646,2
5111,8163,XD_8163_OH_CLEVELAND.YZER,2026,6,2026-06-12,109.63285682314918,110.79930596623409,10,10.104400056851624,2
5112,8163,XD_8163_OH_CLEVELAND.YZER,2026,6,2026-06-15,109.63285682314918,110.79930596623409,10,10.104400056851624,2
5113,8163,XD_8163_OH_CLEVELAND.YZER,2026,6,2026-06-22,138.19357517787387,139.6638987835617,9,9.09396005116646,2
5114,8163,XD_8163_OH_CLEVELAND.YZER,2026,6,2026-06-23,108.09094892229353,109.24099279052027,10,10.104400056851624,2
5115,8163,XD_8163_OH_CLEVELAND.YZER,2026,6,2026-06-24,108.09094892229353,109.24099279052027,10,10.104400056851624,2
5116,8163,XD_8163_OH_CLEVELAND.YZER,2026,6,2026-06-25,108.09094892229353,109.24099279052027,10,10.104400056851624,2
5117,8163,XD_8163_OH_CLEVELAND.YZER,2026,6,2026-06-26,136.764281136649,138.2193976332829,9,9.09396005116646,2
5118,8163,XD_8163_OH_CLEVELAND.YZER,2026,6,2026-06-29,108.09094892229353,109.24099279052027,10,10.104400056851624,2
5119,8163,XD_8163_OH_CLEVELAND.YZER,2026,6,2026-06-30,107.32071722121466,108.46256613645255,10,10.104400056851624,2
5120,8163,XD_8163_OH_COLUMBUS.KBDL,2026,5,2026-05-01,32.44489951567216,19.71022979286138,129,185.01681978532633,20
5121,8163,XD_8163_OH_COLUMBUS.KBDL,2026,5,2026-05-04,32.44456607385115,19.71002722743468,130,186.45105869839088,20
5122,8163,XD_8163_OH_COLUMBUS.KBDL,2026,5,2026-05-05,32.47318352381389,19.727412287128846,129,185.01681978532633,20
5123,8163,XD_8163_OH_COLUMBUS.KBDL,2026,5,2026-05-06,33.22847758202326,20.186252341211876,129,185.01681978532633,20
5124,8163,XD_8163_OH_COLUMBUS.KBDL,2026,5,2026-05-07,33.23277520179748,20.188863139043796,126,180.7141030461327,20
5125,8163,XD_8163_OH_COLUMBUS.KBDL,2026,5,2026-05-08,33.22374073086363,20.18337471094504,128,183.5825808722618,20
5126,8163,XD_8163_OH_COLUMBUS.KBDL,2026,5,2026-05-11,33.22525436719259,20.184294242837936,128,183.5825808722618,20
5127,8163,XD_8163_OH_COLUMBUS.KBDL,2026,5,2026-05-12,33.23247757820856,20.18868233314157,130,186.45105869839088,20
5128,8163,XD_8163_OH_COLUMBUS.KBDL,2026,5,2026-05-13,33.37569000070745,20.275683673838653,132,189.31953652451998,20
5129,8163,XD_8163_OH_COLUMBUS.KBDL,2026,5,2026-05-14,33.3789400001625,20.277658043833377,129,185.01681978532633,20
5130,8163,XD_8163_OH_COLUMBUS.KBDL,2026,5,2026-05-15,33.374689496358236,20.275075868885448,128,183.5825808722618,20
5131,8163,XD_8163_OH_COLUMBUS.KBDL,2026,5,2026-05-18,33.376556163363986,20.276209866406766,126,180.7141030461327,20
5132,8163,XD_8163_OH_COLUMBUS.KBDL,2026,5,2026-05-19,33.371502512151544,20.27313978056347,131,187.88529761145543,20
5133,8163,XD_8163_OH_COLUMBUS.KBDL,2026,5,2026-05-20,33.22374073086363,20.18337471094504,132,189.31953652451998,20
5134,8163,XD_8163_OH_COLUMBUS.KBDL,2026,5,2026-05-21,33.226963945694294,20.185332809318975,128,183.5825808722618,20
5135,8163,XD_8163_OH_COLUMBUS.KBDL,2026,5,2026-05-22,33.22123378599533,20.18185174554308,130,186.45105869839088,20
5136,8163,XD_8163_OH_COLUMBUS.KBDL,2026,5,2026-05-26,33.22374073086363,20.18337471094504,129,185.01681978532633,20
5137,8163,XD_8163_OH_COLUMBUS.KBDL,2026,5,2026-05-27,33.22525436719259,20.184294242837936,130,186.45105869839088,20
5138,8163,XD_8163_OH_COLUMBUS.KBDL,2026,5,2026-05-28,33.22374073086363,20.18337471094504,132,189.31953652451998,20
5139,8163,XD_8163_OH_COLUMBUS.KBDL,2026,5,2026-05-29,33.22525436719259,20.184294242837936,129,185.01681978532633,20
5140,8163,XD_8163_OH_COLUMBUS.KBDL,2026,6,2026-06-01,33.22984500649687,20.137679903250167,125,166.22375576801312,20
5141,8163,XD_8163_OH_COLUMBUS.KBDL,2026,6,2026-06-02,33.22274742232429,20.13337868312332,130,172.87270599873364,20
5142,8163,XD_8163_OH_COLUMBUS.KBDL,2026,6,2026-06-03,32.91415096827916,19.946365574587183,130,172.87270599873364,20
5143,8163,XD_8163_OH_COLUMBUS.KBDL,2026,6,2026-06-04,32.90944106578827,19.943511317857478,130,172.87270599873366,20
5144,8163,XD_8163_OH_COLUMBUS.KBDL,2026,6,2026-06-05,32.91278449959225,19.945537478367978,129,171.54291595258954,20
5145,8163,XD_8163_OH_COLUMBUS.KBDL,2026,6,2026-06-08,30.749391823864443,18.6344958770507,121,160.9045955834367,19
5146,8163,XD_8163_OH_COLUMBUS.KBDL,2026,6,2026-06-09,32.90944106578827,19.943511317857478,130,172.87270599873366,20
5147,8163,XD_8163_OH_COLUMBUS.KBDL,2026,6,2026-06-10,32.60454885391962,19.758743023981765,131,174.20249604487776,20
5148,8163,XD_8163_OH_COLUMBUS.KBDL,2026,6,2026-06-11,32.6030579445166,19.75783951521376,130,172.87270599873366,20
5149,8163,XD_8163_OH_COLUMBUS.KBDL,2026,6,2026-06-12,32.59988830234065,19.755918674489568,126,167.55354581415725,20
5150,8163,XD_8163_OH_COLUMBUS.KBDL,2026,6,2026-06-15,37.95391385820177,23.000521615510582,127,168.88333586030134,20
5151,8163,XD_8163_OH_COLUMBUS.KBDL,2026,6,2026-06-16,36.17337725188997,21.921495329744996,127,168.88333586030134,20
5152,8163,XD_8163_OH_COLUMBUS.KBDL,2026,6,2026-06-17,32.4463858795166,19.662894386997415,129,171.54291595258954,20
5153,8163,XD_8163_OH_COLUMBUS.KBDL,2026,6,2026-06-18,32.4392804665999,19.658588422558847,131,174.20249604487776,20
5154,8163,XD_8163_OH_COLUMBUS.KBDL,2026,6,2026-06-19,30.30057022027802,18.36250466598969,120,159.5748055372926,19
5155,8163,XD_8163_OH_COLUMBUS.KBDL,2026,6,2026-06-22,32.4463858795166,19.662894386997415,126,167.55354581415722,20
5156,8163,XD_8163_OH_COLUMBUS.KBDL,2026,6,2026-06-23,32.29176196336746,19.569190461258682,126,167.55354581415722,20
5157,8163,XD_8163_OH_COLUMBUS.KBDL,2026,6,2026-06-24,32.29489589214325,19.571089659239114,129,171.54291595258954,20
5158,8163,XD_8163_OH_COLUMBUS.KBDL,2026,6,2026-06-25,32.29176196336746,19.569190461258682,129,171.54291595258954,20
5159,8163,XD_8163_OH_COLUMBUS.KBDL,2026,6,2026-06-26,32.29176196336746,19.569190461258682,128,170.21312590644544,20
5160,8163,XD_8163_OH_COLUMBUS.KBDL,2026,6,2026-06-29,32.26982446193695,19.55589607539566,123,163.56417567572493,20
5161,8163,XD_8163_OH_COLUMBUS.KBDL,2026,6,2026-06-30,32.13364003499349,19.473366698654395,129,171.54291595258954,20
5162,8163,XD_8163_OH_DAYTON.KBDL,2026,5,2026-05-01,27.06415553732868,21.183811837558878,59,71.48775330812634,11
5163,8163,XD_8163_OH_DAYTON.KBDL,2026,5,2026-05-04,27.05784060015823,21.178868973533422,61,73.91106697958826,11
5164,8163,XD_8163_OH_DAYTON.KBDL,2026,5,2026-05-05,29.184658765792847,22.843584348501032,62,75.1227238153192,11
5165,8163,XD_8163_OH_DAYTON.KBDL,2026,5,2026-05-06,27.727045239824236,21.702672686823245,63,76.33438065105017,11
5166,8163,XD_8163_OH_DAYTON.KBDL,2026,5,2026-05-07,29.911590641195122,23.412572656523654,61,73.91106697958826,11
5167,8163,XD_8163_OH_DAYTON.KBDL,2026,5,2026-05-08,27.727045239824236,21.702672686823245,60,72.69941014385729,11
5168,8163,XD_8163_OH_DAYTON.KBDL,2026,5,2026-05-11,27.727045239824236,21.70267268682325,62,75.1227238153192,11
5169,8163,XD_8163_OH_DAYTON.KBDL,2026,5,2026-05-12,29.911590641195122,23.412572656523654,61,73.91106697958826,11
5170,8163,XD_8163_OH_DAYTON.KBDL,2026,5,2026-05-13,27.859090400464606,21.806027836153795,62,75.1227238153192,11
5171,8163,XD_8163_OH_DAYTON.KBDL,2026,5,2026-05-14,30.05318121476607,23.523399246489188,61,73.91106697958826,11
5172,8163,XD_8163_OH_DAYTON.KBDL,2026,5,2026-05-15,27.859090400464606,21.806027836153795,61,73.91106697958826,11
5173,8163,XD_8163_OH_DAYTON.KBDL,2026,5,2026-05-18,27.865583906958115,21.811110470989185,60,72.69941014385729,11
5174,8163,XD_8163_OH_DAYTON.KBDL,2026,5,2026-05-19,30.05318121476607,23.523399246489188,61,73.91106697958826,11
5175,8163,XD_8163_OH_DAYTON.KBDL,2026,5,2026-05-20,27.727045239824236,21.702672686823245,61,73.91106697958826,11
5176,8163,XD_8163_OH_DAYTON.KBDL,2026,5,2026-05-21,29.911590641195122,23.412572656523654,61,73.91106697958826,11
5177,8163,XD_8163_OH_DAYTON.KBDL,2026,5,2026-05-22,27.727045239824236,21.70267268682325,61,73.91106697958826,11
5178,8163,XD_8163_OH_DAYTON.KBDL,2026,5,2026-05-26,27.7335062811385,21.707729910326385,61,73.91106697958826,11
5179,8163,XD_8163_OH_DAYTON.KBDL,2026,5,2026-05-27,29.911590641195122,23.412572656523654,61,73.91106697958826,11
5180,8163,XD_8163_OH_DAYTON.KBDL,2026,5,2026-05-28,29.86795449256897,23.37841751872387,62,75.1227238153192,11
5181,8163,XD_8163_OH_DAYTON.KBDL,2026,5,2026-05-29,27.69310599384886,21.676107564565527,62,75.1227238153192,11
5182,8163,XD_8163_OH_DAYTON.KBDL,2026,6,2026-06-01,27.69310599384886,21.705862611936286,59,67.71656108971655,11
5183,8163,XD_8163_OH_DAYTON.KBDL,2026,6,2026-06-02,29.86795449256897,23.410509346956914,63,72.30751438393462,11
5184,8163,XD_8163_OH_DAYTON.KBDL,2026,6,2026-06-03,27.403371045083713,21.478768294918552,64,73.45525270748914,11
5185,8163,XD_8163_OH_DAYTON.KBDL,2026,6,2026-06-04,29.54943175749345,23.160851156652686,61,70.01203773682559,11
5186,8163,XD_8163_OH_DAYTON.KBDL,2026,6,2026-06-05,27.403371045083713,21.478768294918556,64,73.45525270748914,11
5187,8163,XD_8163_OH_DAYTON.KBDL,2026,6,2026-06-08,27.403371045083713,21.478768294918556,60,68.86429941327107,11
5188,8163,XD_8163_OH_DAYTON.KBDL,2026,6,2026-06-09,29.54943175749345,23.160851156652686,60,68.86429941327107,11
5189,8163,XD_8163_OH_DAYTON.KBDL,2026,6,2026-06-10,27.147158377098318,21.277948749001098,63,72.30751438393462,11
5190,8163,XD_8163_OH_DAYTON.KBDL,2026,6,2026-06-11,29.27397654273293,22.944949298310714,60,68.86429941327107,11
5191,8163,XD_8163_OH_DAYTON.KBDL,2026,6,2026-06-12,27.147158377098318,21.277948749001098,62,71.1597760603801,11
5192,8163,XD_8163_OH_DAYTON.KBDL,2026,6,2026-06-15,27.147158377098318,21.2779487490011,60,68.86429941327107,11
5193,8163,XD_8163_OH_DAYTON.KBDL,2026,6,2026-06-16,30.56491469304799,23.956786906467403,60,70.01203773682559,11
5194,8163,XD_8163_OH_DAYTON.KBDL,2026,6,2026-06-17,27.022688974033702,21.18038960330938,61,70.01203773682559,11
5195,8163,XD_8163_OH_DAYTON.KBDL,2026,6,2026-06-18,29.140113158659503,22.840027148223534,60,68.86429941327107,11
5196,8163,XD_8163_OH_DAYTON.KBDL,2026,6,2026-06-19,27.022688974033702,21.18038960330938,58,66.56882276616203,11
5197,8163,XD_8163_OH_DAYTON.KBDL,2026,6,2026-06-22,26.24079817533493,20.567543422102315,62,71.1597760603801,12
5198,8163,XD_8163_OH_DAYTON.KBDL,2026,6,2026-06-23,28.918863123113457,22.666611321356186,62,71.1597760603801,11
5199,8163,XD_8163_OH_DAYTON.KBDL,2026,6,2026-06-24,26.830226724798028,21.029537649728525,62,71.1597760603801,11
5200,8163,XD_8163_OH_DAYTON.KBDL,2026,6,2026-06-25,28.918863123113457,22.666611321356186,60,68.86429941327107,11
5201,8163,XD_8163_OH_DAYTON.KBDL,2026,6,2026-06-26,26.05770778656006,20.42403713482648,64,73.45525270748914,12
5202,8163,XD_8163_OH_DAYTON.KBDL,2026,6,2026-06-29,26.830226724798028,21.029537649728525,62,71.1597760603801,11
5203,8163,XD_8163_OH_DAYTON.KBDL,2026,6,2026-06-30,28.732840386303987,22.520806659041327,61,70.01203773682559,11
5204,8163,XD_8163_PA_PITTSBURGH.YZER,2026,5,2026-05-01,107.56329506116036,60.033247129696115,96,142.29543699880386,13
5205,8163,XD_8163_PA_PITTSBURGH.YZER,2026,5,2026-05-04,173.74308859373863,96.96952634905713,89,132.02669412260153,13
5206,8163,XD_8163_PA_PITTSBURGH.YZER,2026,5,2026-05-05,143.1872970504837,79.91572203861197,96,142.29543699880386,13
5207,8163,XD_8163_PA_PITTSBURGH.YZER,2026,5,2026-05-06,143.27481991664882,79.9645703176741,97,143.76240026683277,13
5208,8163,XD_8163_PA_PITTSBURGH.YZER,2026,5,2026-05-07,142.26721579134298,79.40220610756887,98,145.22936353486168,13
5209,8163,XD_8163_PA_PITTSBURGH.YZER,2026,5,2026-05-08,144.6444624841643,80.72899549345789,94,139.36151046274605,13
5210,8163,XD_8163_PA_PITTSBURGH.YZER,2026,5,2026-05-11,144.50940081335332,80.65361484751416,96,142.29543699880386,13
5211,8163,XD_8163_PA_PITTSBURGH.YZER,2026,5,2026-05-12,142.01786622980674,79.2630390818574,100,148.1632900709195,13
5212,8163,XD_8163_PA_PITTSBURGH.YZER,2026,5,2026-05-13,144.07924137572473,80.41353417864244,97,143.76240026683277,13
5213,8163,XD_8163_PA_PITTSBURGH.YZER,2026,5,2026-05-14,143.63922297009202,80.16795102063352,97,143.76240026683277,13
5214,8163,XD_8163_PA_PITTSBURGH.YZER,2026,5,2026-05-15,145.70359551279859,81.32011902509636,93,137.89454719471715,13
5215,8163,XD_8163_PA_PITTSBURGH.YZER,2026,5,2026-05-18,146.67257653299674,81.86092690027779,95,140.82847373077496,13
5216,8163,XD_8163_PA_PITTSBURGH.YZER,2026,5,2026-05-19,145.4031870357752,81.15245498755691,97,143.76240026683277,13
5217,8163,XD_8163_PA_PITTSBURGH.YZER,2026,5,2026-05-20,144.72769251686637,80.77544785547389,99,146.69632680289058,13
5218,8163,XD_8163_PA_PITTSBURGH.YZER,2026,5,2026-05-21,145.3649234317035,81.13109929742114,97,143.76240026683277,13
5219,8163,XD_8163_PA_PITTSBURGH.YZER,2026,5,2026-05-22,147.29855009709132,82.21029538744232,94,139.36151046274605,13
5220,8163,XD_8163_PA_PITTSBURGH.YZER,2026,5,2026-05-26,151.47016188343858,84.53855616781854,96,142.29543699880386,13
5221,8163,XD_8163_PA_PITTSBURGH.YZER,2026,5,2026-05-27,151.37667821866583,84.48638104667985,97,143.76240026683277,13
5222,8163,XD_8163_PA_PITTSBURGH.YZER,2026,5,2026-05-28,151.28744367137313,84.43657744381436,96,142.29543699880386,13
5223,8163,XD_8163_PA_PITTSBURGH.YZER,2026,5,2026-05-29,153.05066012072237,85.42066415096427,93,137.89454719471715,13
5224,8163,XD_8163_PA_PITTSBURGH.YZER,2026,6,2026-06-01,142.02144102242912,81.77920874404026,96,140.1231157145667,13
5225,8163,XD_8163_PA_PITTSBURGH.YZER,2026,6,2026-06-02,139.73629898584971,80.46337145726258,100,145.90138852753853,13
5226,8163,XD_8163_PA_PITTSBURGH.YZER,2026,6,2026-06-03,140.11502519839857,80.68145071184486,98,143.0122521210526,13
5227,8163,XD_8163_PA_PITTSBURGH.YZER,2026,6,2026-06-04,140.24937300603054,80.75881126617766,97,141.56768391780966,13
5228,8163,XD_8163_PA_PITTSBURGH.YZER,2026,6,2026-06-05,141.5865424639733,81.52878416210108,95,138.67854751132376,13
5229,8163,XD_8163_PA_PITTSBURGH.YZER,2026,6,2026-06-08,144.5237726556945,83.22010879061355,93,135.78941110483782,13
5230,8163,XD_8163_PA_PITTSBURGH.YZER,2026,6,2026-06-09,142.7101452896456,82.17578048437848,96,140.1231157145667,13
5231,8163,XD_8163_PA_PITTSBURGH.YZER,2026,6,2026-06-10,141.32986259397822,81.38098199562816,98,143.0122521210526,13
5232,8163,XD_8163_PA_PITTSBURGH.YZER,2026,6,2026-06-11,140.9766534183577,81.17759603717406,98,143.0122521210526,13
5233,8163,XD_8163_PA_PITTSBURGH.YZER,2026,6,2026-06-12,143.00318271630653,82.34451816731,95,138.67854751132373,13
5234,8163,XD_8163_PA_PITTSBURGH.YZER,2026,6,2026-06-15,107.05746479184742,61.64614791816935,95,138.67854751132376,13
5235,8163,XD_8163_PA_PITTSBURGH.YZER,2026,6,2026-06-22,142.93106521878056,82.30299125530422,94,137.2339793080808,13
5236,8163,XD_8163_PA_PITTSBURGH.YZER,2026,6,2026-06-23,139.2226841650199,80.16762024290868,99,144.45682032429556,13
5237,8163,XD_8163_PA_PITTSBURGH.YZER,2026,6,2026-06-24,140.75015800326796,81.0471747733364,96,140.1231157145667,13
5238,8163,XD_8163_PA_PITTSBURGH.YZER,2026,6,2026-06-25,141.45361642500032,81.45224229482785,94,137.2339793080808,13
5239,8163,XD_8163_PA_PITTSBURGH.YZER,2026,6,2026-06-26,140.69602275879916,81.01600245579085,97,141.56768391780966,13
5240,8163,XD_8163_PA_PITTSBURGH.YZER,2026,6,2026-06-29,142.62513327667588,82.12682861412318,95,138.67854751132373,13
5241,8163,XD_8163_PA_PITTSBURGH.YZER,2026,6,2026-06-30,139.84405440893244,80.52541950560052,99,144.45682032429556,13
5242,8163,XD_8163_TN_NASHVILLE.YZER,2026,5,2026-05-01,56.770916710645146,37.22137058372101,130,119.79688760468562,20
5243,8163,XD_8163_TN_NASHVILLE.YZER,2026,5,2026-05-04,65.85547048751104,43.17758130407852,181,164.49721880046383,21
5244,8163,XD_8163_TN_NASHVILLE.YZER,2026,5,2026-05-05,53.74813571391659,35.239509831918745,184,167.17923867221052,20
5245,8163,XD_8163_TN_NASHVILLE.YZER,2026,5,2026-05-06,56.8876992639138,37.29793807540132,166,151.98112606564592,20
5246,8163,XD_8163_TN_NASHVILLE.YZER,2026,5,2026-05-07,56.20224188924677,36.848523754828236,173,157.3451658091393,20
5247,8163,XD_8163_TN_NASHVILLE.YZER,2026,5,2026-05-08,76.59584812037511,50.21941890764465,131,120.69089422860118,21
5248,8163,XD_8163_TN_NASHVILLE.YZER,2026,5,2026-05-11,52.942960181647265,34.71160331555414,197,178.80132478311285,20
5249,8163,XD_8163_TN_NASHVILLE.YZER,2026,5,2026-05-12,52.32584361184333,34.30699606471298,201,182.3773512787751,20
5250,8163,XD_8163_TN_NASHVILLE.YZER,2026,5,2026-05-13,58.043964099963134,38.05603331939529,158,143.93506645040586,20
5251,8163,XD_8163_TN_NASHVILLE.YZER,2026,5,2026-05-14,54.39943819122347,35.66653078339458,181,165.3912254243794,20
5252,8163,XD_8163_TN_NASHVILLE.YZER,2026,5,2026-05-15,62.65616712276203,41.079985157163755,135,123.37291410034787,20
5253,8163,XD_8163_TN_NASHVILLE.YZER,2026,5,2026-05-18,55.31352218171311,36.2658422077296,185,168.0732452961261,20
5254,8163,XD_8163_TN_NASHVILLE.YZER,2026,5,2026-05-19,55.07622614035911,36.11026106856453,195,177.01331153528173,20
5255,8163,XD_8163_TN_NASHVILLE.YZER,2026,5,2026-05-20,64.5171241540966,42.30010586891363,175,160.92119230480156,21
5256,8163,XD_8163_TN_NASHVILLE.YZER,2026,5,2026-05-21,55.160376178107626,36.165433327903514,180,164.49721880046383,20
5257,8163,XD_8163_TN_NASHVILLE.YZER,2026,5,2026-05-22,76.3547098509308,50.06131864418315,132,120.69089422860118,21
5258,8163,XD_8163_TN_NASHVILLE.YZER,2026,5,2026-05-26,57.4148893898726,37.64358581518339,200,181.48334465485954,20
5259,8163,XD_8163_TN_NASHVILLE.YZER,2026,5,2026-05-27,67.91781070587044,44.52973719630271,163,149.29910619389923,21
5260,8163,XD_8163_TN_NASHVILLE.YZER,2026,5,2026-05-28,74.64142514235043,48.93801803978169,156,142.1470532025747,21
5261,8163,XD_8163_TN_NASHVILLE.YZER,2026,5,2026-05-29,66.95591214351631,43.89907655300508,137,126.05493397209456,20
5262,8163,XD_8163_TN_NASHVILLE.YZER,2026,6,2026-06-01,54.545743923542794,34.61588027438579,190,182.4796032590662,20
5263,8163,XD_8163_TN_NASHVILLE.YZER,2026,6,2026-06-02,55.118091697939825,34.97910425134007,195,187.18268581728958,20
5264,8163,XD_8163_TN_NASHVILLE.YZER,2026,6,2026-06-03,54.69724974889268,34.712029068662666,185,177.77652070084287,20
5265,8163,XD_8163_TN_NASHVILLE.YZER,2026,6,2026-06-04,54.07032882944994,34.314171822103575,173,167.42973907275146,20
5266,8163,XD_8163_TN_NASHVILLE.YZER,2026,6,2026-06-05,64.05332921467131,40.64959455643018,127,123.22076302545193,20
5267,8163,XD_8163_TN_NASHVILLE.YZER,2026,6,2026-06-08,53.31081995447266,33.83217146071151,181,174.95467116590885,20
5268,8163,XD_8163_TN_NASHVILLE.YZER,2026,6,2026-06-09,55.66614751818795,35.32691204151306,183,174.95467116590885,20
5269,8163,XD_8163_TN_NASHVILLE.YZER,2026,6,2026-06-10,56.37909481818449,35.77936344474665,157,152.37987488643674,20
5270,8163,XD_8163_TN_NASHVILLE.YZER,2026,6,2026-06-11,51.933002868254256,32.95777965915513,160,155.20172442137076,20
5271,8163,XD_8163_TN_NASHVILLE.YZER,2026,6,2026-06-12,62.725333557083715,39.80682048495739,130,126.04261256038595,20
5272,8163,XD_8163_TN_NASHVILLE.YZER,2026,6,2026-06-15,49.62132765783069,31.490741783029485,148,142.97370976999002,20
5273,8163,XD_8163_TN_NASHVILLE.YZER,2026,6,2026-06-22,51.075895751916406,32.413841393998034,193,185.30145279400023,20
5274,8163,XD_8163_TN_NASHVILLE.YZER,2026,6,2026-06-23,49.42530017748286,31.36633860686744,202,195.6482344220916,20
5275,8163,XD_8163_TN_NASHVILLE.YZER,2026,6,2026-06-24,51.17203408471708,32.474852808979776,186,178.71713721248753,20
5276,8163,XD_8163_TN_NASHVILLE.YZER,2026,6,2026-06-25,50.2864939706789,31.9128703634075,193,185.30145279400023,20
5277,8163,XD_8163_TN_NASHVILLE.YZER,2026,6,2026-06-26,63.13545461293687,40.0670919625509,128,125.10199604874127,20
5278,8163,XD_8163_TN_NASHVILLE.YZER,2026,6,2026-06-29,51.25530346769413,32.527697316806005,192,184.36083628235556,20
5279,8163,XD_8163_TN_NASHVILLE.YZER,2026,6,2026-06-30,49.38977283984552,31.343792208603155,202,194.70761791044694,20
5280,8163,XD_8163_WV_NITRO.KBDL,2026,5,2026-05-01,69.33975508813144,47.39479995547974,80,169.17755507292785,14
5281,8163,XD_8163_WV_NITRO.KBDL,2026,5,2026-05-04,68.58169307232984,46.876652789440584,77,161.02441988869037,14
5282,8163,XD_8163_WV_NITRO.KBDL,2026,5,2026-05-05,69.32264120227356,47.38310234859225,81,167.13927127686847,14
5283,8163,XD_8163_WV_NITRO.KBDL,2026,5,2026-05-06,68.82529805328299,47.043160578886315,79,165.1009874808091,14
5284,8163,XD_8163_WV_NITRO.KBDL,2026,5,2026-05-07,71.36215296981015,48.77714033021457,79,165.1009874808091,14
5285,8163,XD_8163_WV_NITRO.KBDL,2026,5,2026-05-08,65.92041259644523,45.057626235053974,81,169.17755507292785,14
5286,8163,XD_8163_WV_NITRO.KBDL,2026,5,2026-05-11,68.25857867978327,46.65579908180898,77,161.02441988869037,14
5287,8163,XD_8163_WV_NITRO.KBDL,2026,5,2026-05-12,72.01860533041749,49.2258357181885,78,163.06270368474972,14
5288,8163,XD_8163_WV_NITRO.KBDL,2026,5,2026-05-13,70.57930576212011,48.24205210042464,79,165.1009874808091,14
5289,8163,XD_8163_WV_NITRO.KBDL,2026,5,2026-05-14,68.35597946616798,46.722374032648396,81,167.13927127686847,14
5290,8163,XD_8163_WV_NITRO.KBDL,2026,5,2026-05-15,68.62247944526932,46.90453090905493,80,167.13927127686847,14
5291,8163,XD_8163_WV_NITRO.KBDL,2026,5,2026-05-18,68.89134057146622,47.08830166618712,77,161.02441988869035,14
5292,8163,XD_8163_WV_NITRO.KBDL,2026,5,2026-05-19,72.62251005453858,49.63861398017558,78,163.06270368474972,14
5293,8163,XD_8163_WV_NITRO.KBDL,2026,5,2026-05-20,69.70562235600825,47.6448759176639,81,169.17755507292785,14
5294,8163,XD_8163_WV_NITRO.KBDL,2026,5,2026-05-21,67.88324815486294,46.39925483640207,80,165.1009874808091,14
5295,8163,XD_8163_WV_NITRO.KBDL,2026,5,2026-05-22,72.84191135484345,49.7885781778383,79,165.1009874808091,14
5296,8163,XD_8163_WV_NITRO.KBDL,2026,5,2026-05-26,67.12127508219677,45.87843440222871,81,167.13927127686847,14
5297,8163,XD_8163_WV_NITRO.KBDL,2026,5,2026-05-27,70.49011039820388,48.18108568333255,81,169.17755507292785,14
5298,8163,XD_8163_WV_NITRO.KBDL,2026,5,2026-05-28,71.60854890697938,48.94555578159791,79,163.06270368474972,14
5299,8163,XD_8163_WV_NITRO.KBDL,2026,5,2026-05-29,64.64144516856221,44.18343212639227,83,173.2541226650466,14
5300,8163,XD_8163_WV_NITRO.KBDL,2026,6,2026-06-01,71.91548341504571,49.9406947200406,80,156.35742124304963,14
5301,8163,XD_8163_WV_NITRO.KBDL,2026,6,2026-06-02,71.95864101418563,49.97066490700378,79,154.42708270918482,14
5302,8163,XD_8163_WV_NITRO.KBDL,2026,6,2026-06-03,66.19497824255842,45.96817046104589,79,156.35742124304963,14
5303,8163,XD_8163_WV_NITRO.KBDL,2026,6,2026-06-04,70.32544863261873,48.836517456778004,80,158.28775977691444,14
5304,8163,XD_8163_WV_NITRO.KBDL,2026,6,2026-06-05,65.4576324013085,45.456131025137026,82,162.14843684464407,14
5305,8163,XD_8163_WV_NITRO.KBDL,2026,6,2026-06-08,71.59889648939206,49.720845387801845,77,152.49674417532,14
5306,8163,XD_8163_WV_NITRO.KBDL,2026,6,2026-06-09,66.19497824255842,45.96817046104589,79,156.35742124304963,14
5307,8163,XD_8163_WV_NITRO.KBDL,2026,6,2026-06-10,70.91679080521979,49.24716670106545,78,152.49674417532,14
5308,8163,XD_8163_WV_NITRO.KBDL,2026,6,2026-06-11,70.91679080521979,49.24716670106545,78,152.49674417532,14
5309,8163,XD_8163_WV_NITRO.KBDL,2026,6,2026-06-12,69.39056825010685,48.18730294043627,82,160.21809831077925,14
5310,8163,XD_8163_WV_NITRO.KBDL,2026,6,2026-06-15,130.65807124373595,90.73365760519354,82,160.21809831077925,14
5311,8163,XD_8163_WV_NITRO.KBDL,2026,6,2026-06-16,71.28251782890891,49.50114068237788,78,152.49674417532,14
5312,8163,XD_8163_WV_NITRO.KBDL,2026,6,2026-06-17,68.6305435898623,47.659514518047175,82,160.21809831077925,14
5313,8163,XD_8163_WV_NITRO.KBDL,2026,6,2026-06-18,65.83436217275606,45.71774570968598,80,156.35742124304963,14
5314,8163,XD_8163_WV_NITRO.KBDL,2026,6,2026-06-19,72.09107223822146,50.06262990559532,77,152.49674417532,14
5315,8163,XD_8163_WV_NITRO.KBDL,2026,6,2026-06-22,69.0346626273088,47.940149292664444,80,158.28775977691444,14
5316,8163,XD_8163_WV_NITRO.KBDL,2026,6,2026-06-23,69.39266962064367,48.18876220761337,79,156.35742124304963,14
5317,8163,XD_8163_WV_NITRO.KBDL,2026,6,2026-06-24,69.3859195986032,48.1840747498634,79,156.35742124304963,14
5318,8163,XD_8163_WV_NITRO.KBDL,2026,6,2026-06-25,64.93372813460508,45.092313084917365,80,156.35742124304963,14
5319,8163,XD_8163_WV_NITRO.KBDL,2026,6,2026-06-26,69.12835237325724,48.00521081736845,79,156.35742124304963,14
5320,8163,XD_8163_WV_NITRO.KBDL,2026,6,2026-06-29,66.57851891636578,46.234514880825245,78,154.42708270918482,14
5321,8163,XD_8163_WV_NITRO.KBDL,2026,6,2026-06-30,70.24783970579809,48.78262303046189,77,152.49674417532,14
5322,8165,XD_8165_AR_FORTSMITH.CAPL,2026,5,2026-05-01,31.385868125491672,25.714635700617826,73,66.09217489617595,8
5323,8165,XD_8165_AR_FORTSMITH.CAPL,2026,5,2026-05-04,32.28430562549167,26.450731096160176,69,62.470685860769045,8
5324,8165,XD_8165_AR_FORTSMITH.CAPL,2026,5,2026-05-05,31.385868125491672,25.714635700617826,72,65.18680263732422,8
5325,8165,XD_8165_AR_FORTSMITH.CAPL,2026,5,2026-05-06,32.75277725855509,26.834552799996217,68,61.56531360191732,8
5326,8165,XD_8165_AR_FORTSMITH.CAPL,2026,5,2026-05-07,32.75277725855509,26.834552799996217,74,66.99754715502768,8
5327,8165,XD_8165_AR_FORTSMITH.CAPL,2026,5,2026-05-08,32.75277725855509,26.834552799996217,70,63.376058119620765,8
5328,8165,XD_8165_AR_FORTSMITH.CAPL,2026,5,2026-05-11,32.75277725855509,26.834552799996217,69,62.470685860769045,8
5329,8165,XD_8165_AR_FORTSMITH.CAPL,2026,5,2026-05-12,31.841214776039124,26.087704025174194,72,65.18680263732422,8
5330,8165,XD_8165_AR_FORTSMITH.CAPL,2026,5,2026-05-13,32.75277725855509,26.834552799996217,71,64.28143037847249,8
5331,8165,XD_8165_AR_FORTSMITH.CAPL,2026,5,2026-05-14,33.41163146495819,27.37435612261691,73,66.09217489617595,8
5332,8165,XD_8165_AR_FORTSMITH.CAPL,2026,5,2026-05-15,32.75277725855509,26.834552799996217,66,59.75456908421387,8
5333,8165,XD_8165_AR_FORTSMITH.CAPL,2026,5,2026-05-18,31.841214776039124,26.087704025174194,71,64.28143037847249,8
5334,8165,XD_8165_AR_FORTSMITH.CAPL,2026,5,2026-05-19,32.75277725855509,26.834552799996217,71,64.28143037847249,8
5335,8165,XD_8165_AR_FORTSMITH.CAPL,2026,5,2026-05-20,33.42944395542145,27.388950006123714,68,61.56531360191732,8
5336,8165,XD_8165_AR_FORTSMITH.CAPL,2026,5,2026-05-21,33.41163146495819,27.37435612261691,75,67.9029194138794,8
5337,8165,XD_8165_AR_FORTSMITH.CAPL,2026,5,2026-05-22,31.841214776039124,26.087704025174194,72,65.18680263732422,8
5338,8165,XD_8165_AR_FORTSMITH.CAPL,2026,5,2026-05-26,32.51788147290548,26.64210123130169,70,63.376058119620765,8
5339,8165,XD_8165_AR_FORTSMITH.CAPL,2026,5,2026-05-27,32.75277725855509,26.834552799996217,71,64.28143037847249,8
5340,8165,XD_8165_AR_FORTSMITH.CAPL,2026,5,2026-05-28,32.75277725855509,26.834552799996217,73,66.09217489617595,8
5341,8165,XD_8165_AR_FORTSMITH.CAPL,2026,5,2026-05-29,31.841214776039124,26.087704025174194,69,62.470685860769045,8
5342,8165,XD_8165_AR_FORTSMITH.CAPL,2026,6,2026-06-01,31.841214776039124,25.34309031387617,73,67.8646552545072,8
5343,8165,XD_8165_AR_FORTSMITH.CAPL,2026,6,2026-06-02,32.75277725855509,26.068622002401064,72,66.93500244280162,8
5344,8165,XD_8165_AR_FORTSMITH.CAPL,2026,6,2026-06-03,32.596527894337974,25.944259858032748,69,64.14604400768489,8
5345,8165,XD_8165_AR_FORTSMITH.CAPL,2026,6,2026-06-04,32.596527894337974,25.944259858032748,72,66.93500244280162,8
5346,8165,XD_8165_AR_FORTSMITH.CAPL,2026,6,2026-06-05,31.689340432484943,25.222210340165162,73,67.8646552545072,8
5347,8165,XD_8165_AR_FORTSMITH.CAPL,2026,6,2026-06-08,33.26986122131348,26.480179967768137,68,63.216391195979305,8
5348,8165,XD_8165_AR_FORTSMITH.CAPL,2026,6,2026-06-09,33.25236117839813,26.466251316765977,72,66.93500244280162,8
5349,8165,XD_8165_AR_FORTSMITH.CAPL,2026,6,2026-06-10,31.385868125491672,24.980670369470374,72,66.93500244280162,8
5350,8165,XD_8165_AR_FORTSMITH.CAPL,2026,6,2026-06-11,32.28430562549167,25.69575560927747,72,66.93500244280162,8
5351,8165,XD_8165_AR_FORTSMITH.CAPL,2026,6,2026-06-12,31.385868125491672,24.980670369470374,74,68.79430806621278,8
5352,8165,XD_8165_AR_FORTSMITH.CAPL,2026,6,2026-06-15,32.28430562549167,25.69575560927747,69,64.14604400768489,8
5353,8165,XD_8165_AR_FORTSMITH.CAPL,2026,6,2026-06-16,28.14080172456228,22.397853996045914,69,67.8646552545072,8
5354,8165,XD_8165_AR_FORTSMITH.CAPL,2026,6,2026-06-17,32.129306422339546,25.572388494307372,72,66.93500244280162,8
5355,8165,XD_8165_AR_FORTSMITH.CAPL,2026,6,2026-06-18,31.235035604900784,24.860619604495135,74,68.79430806621278,8
5356,8165,XD_8165_AR_FORTSMITH.CAPL,2026,6,2026-06-19,31.235035604900784,24.860619604495135,69,64.14604400768489,8
5357,8165,XD_8165_AR_FORTSMITH.CAPL,2026,6,2026-06-22,32.77555639213986,26.08675239233031,71,66.00534963109605,8
5358,8165,XD_8165_AR_FORTSMITH.CAPL,2026,6,2026-06-23,31.08315951294369,24.739738239193592,71,66.00534963109604,8
5359,8165,XD_8165_AR_FORTSMITH.CAPL,2026,6,2026-06-24,31.97305530971951,25.448024958348526,73,67.8646552545072,8
5360,8165,XD_8165_AR_FORTSMITH.CAPL,2026,6,2026-06-25,31.97305530971951,25.448024958348526,73,67.8646552545072,8
5361,8165,XD_8165_AR_FORTSMITH.CAPL,2026,6,2026-06-26,31.08315951294369,24.739738239193592,74,68.79430806621278,8
5362,8165,XD_8165_AR_FORTSMITH.CAPL,2026,6,2026-06-29,31.08315951294369,24.739738239193592,71,66.00534963109604,8
5363,8165,XD_8165_AR_FORTSMITH.CAPL,2026,6,2026-06-30,30.93170216348436,24.61919015982394,72,66.93500244280162,8
5364,8165,XD_8165_AR_SPRINGDALE.CAPL,2026,5,2026-05-01,37.814222194530345,29.423886251107465,91,121.77289604385417,9
5365,8165,XD_8165_AR_SPRINGDALE.CAPL,2026,5,2026-05-04,37.814222194530345,29.423886251107465,92,123.11105973664378,9
5366,8165,XD_8165_AR_SPRINGDALE.CAPL,2026,5,2026-05-05,37.85755546004684,29.457604598370754,90,120.43473235106457,9
5367,8165,XD_8165_AR_SPRINGDALE.CAPL,2026,5,2026-05-06,38.37174562423948,29.857704667197,92,123.11105973664378,9
5368,8165,XD_8165_AR_SPRINGDALE.CAPL,2026,5,2026-05-07,38.363629221033165,29.85138915650152,93,124.44922342943339,9
5369,8165,XD_8165_AR_SPRINGDALE.CAPL,2026,5,2026-05-08,38.363629221033165,29.85138915650152,93,124.44922342943339,9
5370,8165,XD_8165_AR_SPRINGDALE.CAPL,2026,5,2026-05-11,38.363629221033165,29.85138915650152,92,123.11105973664378,9
5371,8165,XD_8165_AR_SPRINGDALE.CAPL,2026,5,2026-05-12,38.37174562423948,29.857704667197,90,120.43473235106457,9
5372,8165,XD_8165_AR_SPRINGDALE.CAPL,2026,5,2026-05-13,38.363629221033165,29.85138915650152,93,124.44922342943339,9
5373,8165,XD_8165_AR_SPRINGDALE.CAPL,2026,5,2026-05-14,38.363629221033165,29.85138915650152,91,121.77289604385417,9
5374,8165,XD_8165_AR_SPRINGDALE.CAPL,2026,5,2026-05-15,38.363629221033165,29.85138915650152,89,119.09656865827496,9
5375,8165,XD_8165_AR_SPRINGDALE.CAPL,2026,5,2026-05-18,38.363629221033165,29.85138915650152,92,123.11105973664378,9
5376,8165,XD_8165_AR_SPRINGDALE.CAPL,2026,5,2026-05-19,38.363629221033165,29.85138915650152,90,120.43473235106457,9
5377,8165,XD_8165_AR_SPRINGDALE.CAPL,2026,5,2026-05-20,38.363629221033165,29.85138915650152,92,123.11105973664378,9
5378,8165,XD_8165_AR_SPRINGDALE.CAPL,2026,5,2026-05-21,38.363629221033165,29.85138915650152,92,123.11105973664378,9
5379,8165,XD_8165_AR_SPRINGDALE.CAPL,2026,5,2026-05-22,38.363629221033165,29.85138915650152,91,121.77289604385417,9
5380,8165,XD_8165_AR_SPRINGDALE.CAPL,2026,5,2026-05-26,38.363629221033165,29.85138915650152,92,123.11105973664378,9
5381,8165,XD_8165_AR_SPRINGDALE.CAPL,2026,5,2026-05-27,38.363629221033165,29.85138915650152,91,121.77289604385417,9
5382,8165,XD_8165_AR_SPRINGDALE.CAPL,2026,5,2026-05-28,38.363629221033165,29.85138915650152,92,123.11105973664378,9
5383,8165,XD_8165_AR_SPRINGDALE.CAPL,2026,5,2026-05-29,38.363629221033165,29.85138915650152,94,125.787387122223,9
5384,8165,XD_8165_AR_SPRINGDALE.CAPL,2026,6,2026-06-01,38.363629221033165,32.51900778911201,92,92.75896010968773,9
5385,8165,XD_8165_AR_SPRINGDALE.CAPL,2026,6,2026-06-02,38.3202961674443,32.48227643872116,92,92.75896010968773,9
5386,8165,XD_8165_AR_SPRINGDALE.CAPL,2026,6,2026-06-03,38.17977845933702,32.36316631965183,90,90.74246097686844,9
5387,8165,XD_8165_AR_SPRINGDALE.CAPL,2026,6,2026-06-04,38.17977845933702,32.36316631965183,93,93.7672096760974,9
5388,8165,XD_8165_AR_SPRINGDALE.CAPL,2026,6,2026-06-05,38.17977845933702,32.36316631965183,92,92.75896010968773,9
5389,8165,XD_8165_AR_SPRINGDALE.CAPL,2026,6,2026-06-08,38.17977845933702,32.36316631965183,92,92.75896010968773,9
5390,8165,XD_8165_AR_SPRINGDALE.CAPL,2026,6,2026-06-09,38.17977845933702,32.36316631965183,89,89.73421141045878,9
5391,8165,XD_8165_AR_SPRINGDALE.CAPL,2026,6,2026-06-10,37.814222194530345,32.053301813504184,92,92.75896010968773,9
5392,8165,XD_8165_AR_SPRINGDALE.CAPL,2026,6,2026-06-11,37.814222194530345,32.053301813504184,92,92.75896010968773,9
5393,8165,XD_8165_AR_SPRINGDALE.CAPL,2026,6,2026-06-12,37.814222194530345,32.053301813504184,91,91.75071054327809,9
5394,8165,XD_8165_AR_SPRINGDALE.CAPL,2026,6,2026-06-15,37.814222194530345,32.053301813504184,90,90.74246097686844,9
5395,8165,XD_8165_AR_SPRINGDALE.CAPL,2026,6,2026-06-16,37.77545930620224,32.02044437292661,89,89.73421141045878,9
5396,8165,XD_8165_AR_SPRINGDALE.CAPL,2026,6,2026-06-17,37.633705054389104,31.900286095087672,90,90.74246097686844,9
5397,8165,XD_8165_AR_SPRINGDALE.CAPL,2026,6,2026-06-18,37.633705054389104,31.900286095087672,93,93.7672096760974,9
5398,8165,XD_8165_AR_SPRINGDALE.CAPL,2026,6,2026-06-19,37.9804181098938,32.19417811681439,89,89.7342114104588,8
5399,8165,XD_8165_AR_SPRINGDALE.CAPL,2026,6,2026-06-22,35.9944457160102,30.510764606231962,90,91.75071054327809,9
5400,8165,XD_8165_AR_SPRINGDALE.CAPL,2026,6,2026-06-23,34.92829553816054,29.60704025476085,90,92.75896010968773,9
5401,8165,XD_8165_AR_SPRINGDALE.CAPL,2026,6,2026-06-24,34.26085114655671,29.04127966823469,89,91.75071054327809,9
5402,8165,XD_8165_AR_SPRINGDALE.CAPL,2026,6,2026-06-25,35.35102061667638,29.965364021308275,91,92.75896010968773,9
5403,8165,XD_8165_AR_SPRINGDALE.CAPL,2026,6,2026-06-26,34.855073300114384,29.54497327680003,89,90.74246097686844,9
5404,8165,XD_8165_AR_SPRINGDALE.CAPL,2026,6,2026-06-29,36.211171059096756,30.694472281001836,90,91.75071054327809,9
5405,8165,XD_8165_AR_SPRINGDALE.CAPL,2026,6,2026-06-30,35.12461936717979,29.7734545449283,91,92.75896010968773,9
5406,8165,XD_8165_KS_DODGECITY.CAPL,2026,5,2026-05-01,31.530000686645508,30.7978831840442,26,52.995378697543664,7
5407,8165,XD_8165_KS_DODGECITY.CAPL,2026,5,2026-05-04,31.530000686645508,30.7978831840442,26,52.995378697543664,7
5408,8165,XD_8165_KS_DODGECITY.CAPL,2026,5,2026-05-05,31.530000686645508,30.7978831840442,24,48.91881110542492,7
5409,8165,XD_8165_KS_DODGECITY.CAPL,2026,5,2026-05-06,32.279998779296875,31.530466537761537,26,52.995378697543664,7
5410,8165,XD_8165_KS_DODGECITY.CAPL,2026,5,2026-05-07,32.279998779296875,31.530466537761537,27,55.03366249360303,7
5411,8165,XD_8165_KS_DODGECITY.CAPL,2026,5,2026-05-08,32.279998779296875,31.530466537761537,27,55.03366249360303,7
5412,8165,XD_8165_KS_DODGECITY.CAPL,2026,5,2026-05-11,32.279998779296875,31.530466537761537,26,52.995378697543664,7
5413,8165,XD_8165_KS_DODGECITY.CAPL,2026,5,2026-05-12,32.279998779296875,31.530466537761537,26,52.995378697543664,7
5414,8165,XD_8165_KS_DODGECITY.CAPL,2026,5,2026-05-13,32.43000030517578,31.676985071565554,26,52.995378697543664,7
5415,8165,XD_8165_KS_DODGECITY.CAPL,2026,5,2026-05-14,32.43000030517578,31.676985071565554,24,48.91881110542492,7
5416,8165,XD_8165_KS_DODGECITY.CAPL,2026,5,2026-05-15,32.43000030517578,31.676985071565554,24,48.91881110542492,7
5417,8165,XD_8165_KS_DODGECITY.CAPL,2026,5,2026-05-18,32.43000030517578,31.676985071565554,24,48.91881110542492,7
5418,8165,XD_8165_KS_DODGECITY.CAPL,2026,5,2026-05-19,32.43000030517578,31.676985071565554,26,52.995378697543664,7
5419,8165,XD_8165_KS_DODGECITY.CAPL,2026,5,2026-05-20,32.279998779296875,31.530466537761537,26,52.99537869754366,7
5420,8165,XD_8165_KS_DODGECITY.CAPL,2026,5,2026-05-21,32.279998779296875,31.530466537761537,26,52.995378697543664,7
5421,8165,XD_8165_KS_DODGECITY.CAPL,2026,5,2026-05-22,32.279998779296875,31.530466537761537,27,55.03366249360303,7
5422,8165,XD_8165_KS_DODGECITY.CAPL,2026,5,2026-05-26,32.279998779296875,31.530466537761537,22,44.84224351330617,7
5423,8165,XD_8165_KS_DODGECITY.CAPL,2026,5,2026-05-27,32.279998779296875,31.530466537761537,26,52.995378697543664,7
5424,8165,XD_8165_KS_DODGECITY.CAPL,2026,5,2026-05-28,32.279998779296875,31.530466537761537,25,50.95709490148429,7
5425,8165,XD_8165_KS_DODGECITY.CAPL,2026,5,2026-05-29,32.279998779296875,31.530466537761537,27,55.03366249360303,7
5426,8165,XD_8165_KS_DODGECITY.CAPL,2026,6,2026-06-01,32.279998779296875,31.79344690604251,24,46.32812481275545,7
5427,8165,XD_8165_KS_DODGECITY.CAPL,2026,6,2026-06-02,32.23714174543108,31.751235850209497,25,48.25846334662025,7
5428,8165,XD_8165_KS_DODGECITY.CAPL,2026,6,2026-06-03,31.979999542236328,31.497969515211405,24,46.32812481275545,7
5429,8165,XD_8165_KS_DODGECITY.CAPL,2026,6,2026-06-04,31.979999542236328,31.497969515211405,27,52.11914041434988,7
5430,8165,XD_8165_KS_DODGECITY.CAPL,2026,6,2026-06-05,31.979999542236328,31.497969515211413,29,55.9798174820795,7
5431,8165,XD_8165_KS_DODGECITY.CAPL,2026,6,2026-06-08,31.979999542236328,31.497969515211413,28,54.049478948214684,7
5432,8165,XD_8165_KS_DODGECITY.CAPL,2026,6,2026-06-09,31.979999542236328,31.497969515211405,28,54.049478948214684,7
5433,8165,XD_8165_KS_DODGECITY.CAPL,2026,6,2026-06-10,31.68000030517578,31.20249212438031,27,52.11914041434988,7
5434,8165,XD_8165_KS_DODGECITY.CAPL,2026,6,2026-06-11,31.68000030517578,31.20249212438031,26,50.188801880485066,7
5435,8165,XD_8165_KS_DODGECITY.CAPL,2026,6,2026-06-12,31.68000030517578,31.20249212438031,25,48.25846334662025,7
5436,8165,XD_8165_KS_DODGECITY.CAPL,2026,6,2026-06-15,31.68000030517578,31.20249212438031,23,44.397786278890635,7
5437,8165,XD_8165_KS_DODGECITY.CAPL,2026,6,2026-06-16,37.70387821586765,37.13557297210628,24,46.32812481275545,7
5438,8165,XD_8165_KS_DODGECITY.CAPL,2026,6,2026-06-17,31.530000686645508,31.054753428964762,29,55.9798174820795,7
5439,8165,XD_8165_KS_DODGECITY.CAPL,2026,6,2026-06-18,31.530000686645508,31.054753428964762,27,52.11914041434987,7
5440,8165,XD_8165_KS_DODGECITY.CAPL,2026,6,2026-06-19,31.530000686645508,31.054753428964762,25,48.25846334662025,7
5441,8165,XD_8165_KS_DODGECITY.CAPL,2026,6,2026-06-22,30.886531284877233,30.420982950822623,25,48.25846334662025,7
5442,8165,XD_8165_KS_DODGECITY.CAPL,2026,6,2026-06-23,30.099182868490413,29.645502126176314,24,46.32812481275545,7
5443,8165,XD_8165_KS_DODGECITY.CAPL,2026,6,2026-06-24,31.3799991607666,30.907012854949773,25,48.25846334662025,7
5444,8165,XD_8165_KS_DODGECITY.CAPL,2026,6,2026-06-25,30.819642032895768,30.355101911111383,25,48.25846334662025,7
5445,8165,XD_8165_KS_DODGECITY.CAPL,2026,6,2026-06-26,31.3799991607666,30.907012854949773,26,50.188801880485066,7
5446,8165,XD_8165_KS_DODGECITY.CAPL,2026,6,2026-06-29,31.3799991607666,30.907012854949773,27,52.11914041434988,7
5447,8165,XD_8165_KS_DODGECITY.CAPL,2026,6,2026-06-30,31.229999542236328,30.759274159534222,25,48.25846334662025,7
5448,8165,XD_8165_KS_EMPORIA.CAPL,2026,5,2026-05-01,48.93000030517578,82.73767801727536,4,4.781644052172712,2
5449,8165,XD_8165_KS_EMPORIA.CAPL,2026,5,2026-05-04,48.93000030517578,82.73767801727536,5,5.9770550652158905,2
5450,8165,XD_8165_KS_EMPORIA.CAPL,2026,5,2026-05-05,48.93000030517578,82.73767801727536,3,3.5862330391295343,2
5451,8165,XD_8165_KS_EMPORIA.CAPL,2026,5,2026-05-06,50.099998474121094,84.71607432177649,5,5.9770550652158905,2
5452,8165,XD_8165_KS_EMPORIA.CAPL,2026,5,2026-05-07,50.099998474121094,84.71607432177649,5,5.9770550652158905,2
5453,8165,XD_8165_KS_EMPORIA.CAPL,2026,5,2026-05-08,50.099998474121094,84.71607432177649,5,5.9770550652158905,2
5454,8165,XD_8165_KS_EMPORIA.CAPL,2026,5,2026-05-11,50.099998474121094,84.71607432177649,4,4.781644052172712,2
5455,8165,XD_8165_KS_EMPORIA.CAPL,2026,5,2026-05-12,50.099998474121094,84.71607432177649,5,5.9770550652158905,2
5456,8165,XD_8165_KS_EMPORIA.CAPL,2026,5,2026-05-13,50.33000183105469,85.10499611965457,5,5.9770550652158905,2
5457,8165,XD_8165_KS_EMPORIA.CAPL,2026,5,2026-05-14,50.33000183105469,85.10499611965457,5,5.9770550652158905,2
5458,8165,XD_8165_KS_EMPORIA.CAPL,2026,5,2026-05-15,50.33000183105469,85.10499611965457,5,5.9770550652158905,2
5459,8165,XD_8165_KS_EMPORIA.CAPL,2026,5,2026-05-18,50.33000183105469,85.10499611965457,5,5.9770550652158905,2
5460,8165,XD_8165_KS_EMPORIA.CAPL,2026,5,2026-05-19,50.33000183105469,85.10499611965457,5,5.9770550652158905,2
5461,8165,XD_8165_KS_EMPORIA.CAPL,2026,5,2026-05-20,50.099998474121094,84.71607432177649,4,4.781644052172712,2
5462,8165,XD_8165_KS_EMPORIA.CAPL,2026,5,2026-05-21,50.099998474121094,84.71607432177649,4,4.781644052172712,2
5463,8165,XD_8165_KS_EMPORIA.CAPL,2026,5,2026-05-22,50.099998474121094,84.71607432177649,5,5.9770550652158905,2
5464,8165,XD_8165_KS_EMPORIA.CAPL,2026,5,2026-05-26,50.099998474121094,84.71607432177649,4,4.781644052172712,2
5465,8165,XD_8165_KS_EMPORIA.CAPL,2026,5,2026-05-27,50.099998474121094,84.71607432177649,5,5.9770550652158905,2
5466,8165,XD_8165_KS_EMPORIA.CAPL,2026,5,2026-05-28,50.099998474121094,84.71607432177649,5,5.9770550652158905,2
5467,8165,XD_8165_KS_EMPORIA.CAPL,2026,5,2026-05-29,50.099998474121094,84.71607432177649,5,5.9770550652158905,2
5468,8165,XD_8165_KS_EMPORIA.CAPL,2026,6,2026-06-01,50.099998474121094,70.08355138986035,5,5.771105522389362,2
5469,8165,XD_8165_KS_EMPORIA.CAPL,2026,6,2026-06-02,50.099998474121094,70.08355138986035,5,5.771105522389362,2
5470,8165,XD_8165_KS_EMPORIA.CAPL,2026,6,2026-06-03,49.630001068115234,69.42608455632487,5,5.771105522389362,2
5471,8165,XD_8165_KS_EMPORIA.CAPL,2026,6,2026-06-04,49.630001068115234,69.42608455632487,5,5.771105522389362,2
5472,8165,XD_8165_KS_EMPORIA.CAPL,2026,6,2026-06-05,49.630001068115234,69.42608455632487,5,5.771105522389362,2
5473,8165,XD_8165_KS_EMPORIA.CAPL,2026,6,2026-06-08,49.630001068115234,69.42608455632487,3,3.4626633134336178,1
5474,8165,XD_8165_KS_EMPORIA.CAPL,2026,6,2026-06-09,49.630001068115234,69.42608455632487,5,5.771105522389362,2
5475,8165,XD_8165_KS_EMPORIA.CAPL,2026,6,2026-06-10,49.15999984741211,68.76861238651114,4,4.61688441791149,2
5476,8165,XD_8165_KS_EMPORIA.CAPL,2026,6,2026-06-11,49.15999984741211,68.76861238651114,5,5.771105522389362,2
5477,8165,XD_8165_KS_EMPORIA.CAPL,2026,6,2026-06-12,49.15999984741211,68.76861238651114,5,5.771105522389362,2
5478,8165,XD_8165_KS_EMPORIA.CAPL,2026,6,2026-06-15,49.15999984741211,68.76861238651114,5,5.771105522389362,2
5479,8165,XD_8165_KS_EMPORIA.CAPL,2026,6,2026-06-16,57.18083349863688,79.98874261616567,5,5.771105522389362,2
5480,8165,XD_8165_KS_EMPORIA.CAPL,2026,6,2026-06-17,48.93000030517578,68.44687216238138,5,5.771105522389362,2
5481,8165,XD_8165_KS_EMPORIA.CAPL,2026,6,2026-06-18,48.93000030517578,68.44687216238138,5,5.771105522389362,2
5482,8165,XD_8165_KS_EMPORIA.CAPL,2026,6,2026-06-19,48.93000030517578,68.44687216238138,5,5.771105522389362,2
5483,8165,XD_8165_KS_EMPORIA.CAPL,2026,6,2026-06-22,48.93000030517578,68.44687216238138,4,4.61688441791149,2
5484,8165,XD_8165_KS_EMPORIA.CAPL,2026,6,2026-06-23,48.689998626708984,68.11114021669742,5,5.771105522389362,2
5485,8165,XD_8165_KS_EMPORIA.CAPL,2026,6,2026-06-24,48.689998626708984,68.11114021669742,4,4.61688441791149,2
5486,8165,XD_8165_KS_EMPORIA.CAPL,2026,6,2026-06-25,48.689998626708984,68.11114021669742,5,5.771105522389362,2
5487,8165,XD_8165_KS_EMPORIA.CAPL,2026,6,2026-06-26,48.689998626708984,68.11114021669742,5,5.771105522389362,2
5488,8165,XD_8165_KS_EMPORIA.CAPL,2026,6,2026-06-29,48.689998626708984,68.11114021669742,4,4.61688441791149,2
5489,8165,XD_8165_KS_EMPORIA.CAPL,2026,6,2026-06-30,48.459999084472656,67.78939999256767,3,3.4626633134336178,1
5490,8165,XD_8165_KS_HAYS.CAPL,2026,5,2026-05-01,31.530000686645508,36.49027656105159,12,24.45940555271246,6
5491,8165,XD_8165_KS_HAYS.CAPL,2026,5,2026-05-04,31.530000686645508,36.49027656105159,12,24.45940555271246,6
5492,8165,XD_8165_KS_HAYS.CAPL,2026,5,2026-05-05,31.530000686645508,36.49027656105159,12,24.45940555271246,6
5493,8165,XD_8165_KS_HAYS.CAPL,2026,5,2026-05-06,32.279998779296875,37.35826378671318,12,24.45940555271246,6
5494,8165,XD_8165_KS_HAYS.CAPL,2026,5,2026-05-07,32.279998779296875,37.35826378671318,12,24.45940555271246,6
5495,8165,XD_8165_KS_HAYS.CAPL,2026,5,2026-05-08,32.279998779296875,37.35826378671318,12,24.45940555271246,6
5496,8165,XD_8165_KS_HAYS.CAPL,2026,5,2026-05-11,32.279998779296875,37.35826378671318,12,24.45940555271246,6
5497,8165,XD_8165_KS_HAYS.CAPL,2026,5,2026-05-12,32.279998779296875,37.35826378671318,12,24.45940555271246,6
5498,8165,XD_8165_KS_HAYS.CAPL,2026,5,2026-05-13,32.43000030517578,37.53186343925678,12,24.45940555271246,6
5499,8165,XD_8165_KS_HAYS.CAPL,2026,5,2026-05-14,32.43000030517578,37.53186343925678,11,22.421121756653086,6
5500,8165,XD_8165_KS_HAYS.CAPL,2026,5,2026-05-15,32.43000030517578,37.53186343925678,11,22.421121756653086,6
5501,8165,XD_8165_KS_HAYS.CAPL,2026,5,2026-05-18,32.43000030517578,37.53186343925678,11,22.421121756653086,6
5502,8165,XD_8165_KS_HAYS.CAPL,2026,5,2026-05-19,32.43000030517578,37.53186343925678,12,24.45940555271246,6
5503,8165,XD_8165_KS_HAYS.CAPL,2026,5,2026-05-20,32.279998779296875,37.35826378671318,11,22.421121756653086,6
5504,8165,XD_8165_KS_HAYS.CAPL,2026,5,2026-05-21,32.279998779296875,37.35826378671318,12,24.45940555271246,6
5505,8165,XD_8165_KS_HAYS.CAPL,2026,5,2026-05-22,32.279998779296875,37.35826378671318,12,24.45940555271246,6
5506,8165,XD_8165_KS_HAYS.CAPL,2026,5,2026-05-26,32.279998779296875,37.35826378671318,12,24.45940555271246,6
5507,8165,XD_8165_KS_HAYS.CAPL,2026,5,2026-05-27,32.279998779296875,37.35826378671318,12,24.45940555271246,6
5508,8165,XD_8165_KS_HAYS.CAPL,2026,5,2026-05-28,32.279998779296875,37.35826378671318,12,24.45940555271246,6
5509,8165,XD_8165_KS_HAYS.CAPL,2026,5,2026-05-29,32.279998779296875,37.35826378671318,12,24.45940555271246,6
5510,8165,XD_8165_KS_HAYS.CAPL,2026,6,2026-06-01,32.279998779296875,38.042035066569994,12,23.164062406377724,6
5511,8165,XD_8165_KS_HAYS.CAPL,2026,6,2026-06-02,32.279998779296875,38.042035066569994,12,23.164062406377724,6
5512,8165,XD_8165_KS_HAYS.CAPL,2026,6,2026-06-03,31.979999542236328,37.68848544055449,12,23.164062406377724,6
5513,8165,XD_8165_KS_HAYS.CAPL,2026,6,2026-06-04,31.979999542236328,37.68848544055449,12,23.164062406377724,6
5514,8165,XD_8165_KS_HAYS.CAPL,2026,6,2026-06-05,31.979999542236328,37.68848544055449,12,23.164062406377724,6
5515,8165,XD_8165_KS_HAYS.CAPL,2026,6,2026-06-08,31.979999542236328,37.68848544055449,12,23.164062406377724,6
5516,8165,XD_8165_KS_HAYS.CAPL,2026,6,2026-06-09,31.929999669392902,37.629560502885234,12,23.164062406377724,6
5517,8165,XD_8165_KS_HAYS.CAPL,2026,6,2026-06-10,31.68000030517578,37.33493581453897,12,23.164062406377724,6
5518,8165,XD_8165_KS_HAYS.CAPL,2026,6,2026-06-11,31.68000030517578,37.33493581453897,13,25.094400940242533,6
5519,8165,XD_8165_KS_HAYS.CAPL,2026,6,2026-06-12,31.68000030517578,37.33493581453897,12,23.164062406377724,6
5520,8165,XD_8165_KS_HAYS.CAPL,2026,6,2026-06-15,31.68000030517578,37.33493581453897,12,23.164062406377724,6
5521,8165,XD_8165_KS_HAYS.CAPL,2026,6,2026-06-16,44.760000737508136,52.74973922019068,13,25.094400940242533,6
5522,8165,XD_8165_KS_HAYS.CAPL,2026,6,2026-06-17,31.530000686645508,37.15816100153122,13,25.094400940242533,6
5523,8165,XD_8165_KS_HAYS.CAPL,2026,6,2026-06-18,31.530000686645508,37.15816100153122,13,25.094400940242533,6
5524,8165,XD_8165_KS_HAYS.CAPL,2026,6,2026-06-19,31.530000686645508,37.15816100153122,12,23.164062406377724,6
5525,8165,XD_8165_KS_HAYS.CAPL,2026,6,2026-06-22,31.530000686645508,37.15816100153122,13,25.094400940242533,6
5526,8165,XD_8165_KS_HAYS.CAPL,2026,6,2026-06-23,31.3799991607666,36.98138394070976,13,25.094400940242533,6
5527,8165,XD_8165_KS_HAYS.CAPL,2026,6,2026-06-24,31.3799991607666,36.98138394070976,13,25.094400940242533,6
5528,8165,XD_8165_KS_HAYS.CAPL,2026,6,2026-06-25,31.3799991607666,36.98138394070976,12,23.164062406377724,6
5529,8165,XD_8165_KS_HAYS.CAPL,2026,6,2026-06-26,31.3799991607666,36.98138394070976,13,25.094400940242533,6
5530,8165,XD_8165_KS_HAYS.CAPL,2026,6,2026-06-29,33.99499909083048,40.06316593576891,13,25.094400940242533,6
5531,8165,XD_8165_KS_HAYS.CAPL,2026,6,2026-06-30,36.43499946594238,42.938710648985676,13,25.094400940242533,6
5532,8165,XD_8165_KS_PARSONS.CAPL,2026,5,2026-05-01,31.530000686645508,38.7255721580672,13,20.54248948882491,6
5533,8165,XD_8165_KS_PARSONS.CAPL,2026,5,2026-05-04,31.530000686645508,38.7255721580672,14,22.122680987965285,6
5534,8165,XD_8165_KS_PARSONS.CAPL,2026,5,2026-05-05,31.530000686645508,38.7255721580672,14,22.122680987965285,6
5535,8165,XD_8165_KS_PARSONS.CAPL,2026,5,2026-05-06,32.279998779296875,39.646729932341685,12,18.96229798968453,6
5536,8165,XD_8165_KS_PARSONS.CAPL,2026,5,2026-05-07,32.279998779296875,39.646729932341685,15,23.702872487105665,6
5537,8165,XD_8165_KS_PARSONS.CAPL,2026,5,2026-05-08,32.279998779296875,39.646729932341685,12,18.96229798968453,6
5538,8165,XD_8165_KS_PARSONS.CAPL,2026,5,2026-05-11,32.279998779296875,39.646729932341685,14,22.122680987965285,6
5539,8165,XD_8165_KS_PARSONS.CAPL,2026,5,2026-05-12,32.304999033610024,39.67743558192272,14,22.122680987965285,6
5540,8165,XD_8165_KS_PARSONS.CAPL,2026,5,2026-05-13,32.43000030517578,39.8309638298279,13,20.54248948882491,6
5541,8165,XD_8165_KS_PARSONS.CAPL,2026,5,2026-05-14,32.43000030517578,39.8309638298279,14,22.122680987965285,6
5542,8165,XD_8165_KS_PARSONS.CAPL,2026,5,2026-05-15,32.43000030517578,39.8309638298279,13,20.542489488824906,6
5543,8165,XD_8165_KS_PARSONS.CAPL,2026,5,2026-05-18,32.43000030517578,39.8309638298279,15,23.702872487105665,6
5544,8165,XD_8165_KS_PARSONS.CAPL,2026,5,2026-05-19,32.43000030517578,39.8309638298279,15,23.702872487105665,6
5545,8165,XD_8165_KS_PARSONS.CAPL,2026,5,2026-05-20,32.279998779296875,39.646729932341685,14,22.122680987965285,6
5546,8165,XD_8165_KS_PARSONS.CAPL,2026,5,2026-05-21,32.279998779296875,39.646729932341685,13,20.542489488824906,6
5547,8165,XD_8165_KS_PARSONS.CAPL,2026,5,2026-05-22,32.279998779296875,39.646729932341685,14,22.122680987965285,6
5548,8165,XD_8165_KS_PARSONS.CAPL,2026,5,2026-05-26,32.279998779296875,39.646729932341685,11,17.382106490544153,6
5549,8165,XD_8165_KS_PARSONS.CAPL,2026,5,2026-05-27,32.279998779296875,39.646729932341685,14,22.122680987965285,6
5550,8165,XD_8165_KS_PARSONS.CAPL,2026,5,2026-05-28,32.279998779296875,39.646729932341685,14,22.122680987965285,6
5551,8165,XD_8165_KS_PARSONS.CAPL,2026,5,2026-05-29,32.279998779296875,39.646729932341685,14,22.122680987965285,6
5552,8165,XD_8165_KS_PARSONS.CAPL,2026,6,2026-06-01,32.279998779296875,41.063126638938684,14,21.47412661668009,6
5553,8165,XD_8165_KS_PARSONS.CAPL,2026,6,2026-06-02,32.279998779296875,41.063126638938684,15,23.007992803585807,6
5554,8165,XD_8165_KS_PARSONS.CAPL,2026,6,2026-06-03,31.979999542236328,40.68150002404231,13,19.940260429774366,6
5555,8165,XD_8165_KS_PARSONS.CAPL,2026,6,2026-06-04,31.979999542236328,40.68150002404231,14,21.47412661668009,6
5556,8165,XD_8165_KS_PARSONS.CAPL,2026,6,2026-06-05,31.979999542236328,40.68150002404231,14,21.47412661668009,6
5557,8165,XD_8165_KS_PARSONS.CAPL,2026,6,2026-06-08,31.979999542236328,40.68150002404231,12,18.406394242868647,6
5558,8165,XD_8165_KS_PARSONS.CAPL,2026,6,2026-06-09,31.979999542236328,40.68150002404231,14,21.47412661668009,6
5559,8165,XD_8165_KS_PARSONS.CAPL,2026,6,2026-06-10,31.68000030517578,40.29987340914593,12,18.406394242868647,6
5560,8165,XD_8165_KS_PARSONS.CAPL,2026,6,2026-06-11,31.68000030517578,40.29987340914593,13,19.94026042977437,6
5561,8165,XD_8165_KS_PARSONS.CAPL,2026,6,2026-06-12,31.68000030517578,40.29987340914593,13,19.940260429774366,6
5562,8165,XD_8165_KS_PARSONS.CAPL,2026,6,2026-06-15,31.68000030517578,40.29987340914593,13,19.940260429774366,6
5563,8165,XD_8165_KS_PARSONS.CAPL,2026,6,2026-06-16,49.570000860426155,63.05759912635028,14,21.47412661668009,6
5564,8165,XD_8165_KS_PARSONS.CAPL,2026,6,2026-06-17,31.530000686645508,40.10906010169774,14,21.47412661668009,6
5565,8165,XD_8165_KS_PARSONS.CAPL,2026,6,2026-06-18,31.530000686645508,40.10906010169774,15,23.007992803585807,6
5566,8165,XD_8165_KS_PARSONS.CAPL,2026,6,2026-06-19,31.530000686645508,40.10906010169774,12,18.406394242868647,6
5567,8165,XD_8165_KS_PARSONS.CAPL,2026,6,2026-06-22,31.530000686645508,40.10906010169774,11,16.872528055962928,6
5568,8165,XD_8165_KS_PARSONS.CAPL,2026,6,2026-06-23,31.3799991607666,39.91824436792671,13,19.94026042977437,6
5569,8165,XD_8165_KS_PARSONS.CAPL,2026,6,2026-06-24,31.3799991607666,39.91824436792671,14,21.47412661668009,6
5570,8165,XD_8165_KS_PARSONS.CAPL,2026,6,2026-06-25,31.3799991607666,39.91824436792671,15,23.007992803585807,6
5571,8165,XD_8165_KS_PARSONS.CAPL,2026,6,2026-06-26,31.3799991607666,39.91824436792671,13,19.94026042977437,6
5572,8165,XD_8165_KS_PARSONS.CAPL,2026,6,2026-06-29,31.3799991607666,39.91824436792671,13,19.94026042977437,5
5573,8165,XD_8165_KS_PARSONS.CAPL,2026,6,2026-06-30,31.229999542236328,39.72743106047852,12,18.406394242868647,6
5574,8165,XD_8165_KS_SALINA.CAPL,2026,5,2026-05-01,31.530000686645508,45.779385525416565,12,12.387038446833715,4
5575,8165,XD_8165_KS_SALINA.CAPL,2026,5,2026-05-04,31.530000686645508,45.779385525416565,13,13.419291650736525,5
5576,8165,XD_8165_KS_SALINA.CAPL,2026,5,2026-05-05,31.530000686645508,45.779385525416565,12,12.387038446833715,4
5577,8165,XD_8165_KS_SALINA.CAPL,2026,5,2026-05-06,32.279998779296875,46.86833100841988,12,12.387038446833715,4
5578,8165,XD_8165_KS_SALINA.CAPL,2026,5,2026-05-07,32.279998779296875,46.86833100841988,14,14.451544854639335,4
5579,8165,XD_8165_KS_SALINA.CAPL,2026,5,2026-05-08,32.279998779296875,46.86833100841988,12,12.387038446833715,4
5580,8165,XD_8165_KS_SALINA.CAPL,2026,5,2026-05-11,32.279998779296875,46.86833100841988,12,12.387038446833715,4
5581,8165,XD_8165_KS_SALINA.CAPL,2026,5,2026-05-12,32.279998779296875,46.86833100841988,13,13.419291650736525,5
5582,8165,XD_8165_KS_SALINA.CAPL,2026,5,2026-05-13,32.43000030517578,47.086122874359155,12,12.387038446833715,4
5583,8165,XD_8165_KS_SALINA.CAPL,2026,5,2026-05-14,32.43000030517578,47.086122874359155,14,14.451544854639335,4
5584,8165,XD_8165_KS_SALINA.CAPL,2026,5,2026-05-15,32.43000030517578,47.086122874359155,12,12.387038446833715,4
5585,8165,XD_8165_KS_SALINA.CAPL,2026,5,2026-05-18,32.43000030517578,47.086122874359155,12,12.387038446833715,4
5586,8165,XD_8165_KS_SALINA.CAPL,2026,5,2026-05-19,32.43000030517578,47.086122874359155,12,12.387038446833715,4
5587,8165,XD_8165_KS_SALINA.CAPL,2026,5,2026-05-20,32.279998779296875,46.86833100841988,12,12.387038446833715,4
5588,8165,XD_8165_KS_SALINA.CAPL,2026,5,2026-05-21,32.279998779296875,46.86833100841988,14,14.451544854639335,4
5589,8165,XD_8165_KS_SALINA.CAPL,2026,5,2026-05-22,32.279998779296875,46.86833100841988,12,12.387038446833715,4
5590,8165,XD_8165_KS_SALINA.CAPL,2026,5,2026-05-26,32.279998779296875,46.86833100841988,13,13.419291650736525,5
5591,8165,XD_8165_KS_SALINA.CAPL,2026,5,2026-05-27,32.279998779296875,46.86833100841988,12,12.387038446833715,4
5592,8165,XD_8165_KS_SALINA.CAPL,2026,5,2026-05-28,32.279998779296875,46.86833100841988,14,14.451544854639335,4
5593,8165,XD_8165_KS_SALINA.CAPL,2026,5,2026-05-29,32.279998779296875,46.86833100841988,11,11.354785242930907,4
5594,8165,XD_8165_KS_SALINA.CAPL,2026,6,2026-06-01,32.279998779296875,45.34017688207337,12,13.68221217052382,4
5595,8165,XD_8165_KS_SALINA.CAPL,2026,6,2026-06-02,32.279998779296875,45.34017688207337,12,13.68221217052382,4
5596,8165,XD_8165_KS_SALINA.CAPL,2026,6,2026-06-03,31.979999542236328,44.91880082918653,12,13.68221217052382,4
5597,8165,XD_8165_KS_SALINA.CAPL,2026,6,2026-06-04,31.979999542236328,44.91880082918653,13,14.822396518067473,4
5598,8165,XD_8165_KS_SALINA.CAPL,2026,6,2026-06-05,31.979999542236328,44.91880082918653,13,14.822396518067473,5
5599,8165,XD_8165_KS_SALINA.CAPL,2026,6,2026-06-08,31.979999542236328,44.91880082918653,13,14.822396518067473,5
5600,8165,XD_8165_KS_SALINA.CAPL,2026,6,2026-06-09,31.979999542236328,44.91880082918653,12,13.68221217052382,4
5601,8165,XD_8165_KS_SALINA.CAPL,2026,6,2026-06-10,31.68000030517578,44.49742477629969,12,13.68221217052382,4
5602,8165,XD_8165_KS_SALINA.CAPL,2026,6,2026-06-11,31.68000030517578,44.49742477629969,14,15.962580865611125,5
5603,8165,XD_8165_KS_SALINA.CAPL,2026,6,2026-06-12,31.68000030517578,44.49742477629969,11,12.542027822980168,4
5604,8165,XD_8165_KS_SALINA.CAPL,2026,6,2026-06-15,31.68000030517578,44.49742477629969,13,14.822396518067473,5
5605,8165,XD_8165_KS_SALINA.CAPL,2026,6,2026-06-16,39.48562567234039,55.4611313502115,12,13.68221217052382,4
5606,8165,XD_8165_KS_SALINA.CAPL,2026,6,2026-06-17,31.530000686645508,44.28673674985627,12,13.68221217052382,4
5607,8165,XD_8165_KS_SALINA.CAPL,2026,6,2026-06-18,31.530000686645508,44.28673674985627,14,15.962580865611125,5
5608,8165,XD_8165_KS_SALINA.CAPL,2026,6,2026-06-19,31.530000686645508,44.28673674985627,13,14.822396518067473,5
5609,8165,XD_8165_KS_SALINA.CAPL,2026,6,2026-06-22,31.530000686645508,44.28673674985627,13,14.822396518067473,5
5610,8165,XD_8165_KS_SALINA.CAPL,2026,6,2026-06-23,31.3799991607666,44.076046044369235,12,13.68221217052382,4
5611,8165,XD_8165_KS_SALINA.CAPL,2026,6,2026-06-24,31.3799991607666,44.076046044369235,13,14.822396518067473,5
5612,8165,XD_8165_KS_SALINA.CAPL,2026,6,2026-06-25,31.3799991607666,44.076046044369235,13,14.822396518067473,4
5613,8165,XD_8165_KS_SALINA.CAPL,2026,6,2026-06-26,31.3799991607666,44.076046044369235,12,13.68221217052382,4
5614,8165,XD_8165_KS_SALINA.CAPL,2026,6,2026-06-29,31.3799991607666,44.076046044369235,13,14.822396518067473,5
5615,8165,XD_8165_KS_SALINA.CAPL,2026,6,2026-06-30,31.229999542236328,43.865358017925814,13,14.822396518067473,5
5616,8165,XD_8165_KS_WICHITA.CAPL,2026,5,2026-05-01,21.865956292432898,21.572458440545773,61,57.71465405215878,17
5617,8165,XD_8165_KS_WICHITA.CAPL,2026,5,2026-05-04,21.865956292432898,21.572458440545773,62,58.6607959218663,17
5618,8165,XD_8165_KS_WICHITA.CAPL,2026,5,2026-05-05,21.854044529970952,21.560706564834174,66,62.44536340069639,17
5619,8165,XD_8165_KS_WICHITA.CAPL,2026,5,2026-05-06,22.390661267673266,22.090120513978054,61,57.71465405215878,17
5620,8165,XD_8165_KS_WICHITA.CAPL,2026,5,2026-05-07,22.390661267673266,22.090120513978054,69,65.28378900981895,17
5621,8165,XD_8165_KS_WICHITA.CAPL,2026,5,2026-05-08,22.505839844711687,22.203753095749125,62,58.6607959218663,17
5622,8165,XD_8165_KS_WICHITA.CAPL,2026,5,2026-05-11,22.505839844711687,22.203753095749125,61,57.71465405215878,17
5623,8165,XD_8165_KS_WICHITA.CAPL,2026,5,2026-05-12,22.505839844711687,22.203753095749125,64,60.553079661281345,17
5624,8165,XD_8165_KS_WICHITA.CAPL,2026,5,2026-05-13,22.61130213537136,22.307799808907873,62,58.6607959218663,17
5625,8165,XD_8165_KS_WICHITA.CAPL,2026,5,2026-05-14,22.49558785382439,22.193638713172334,68,64.33764714011143,17
5626,8165,XD_8165_KS_WICHITA.CAPL,2026,5,2026-05-15,22.405587857065637,22.104846749822467,62,58.6607959218663,17
5627,8165,XD_8165_KS_WICHITA.CAPL,2026,5,2026-05-18,22.49558785382439,22.193638713172334,61,57.71465405215878,17
5628,8165,XD_8165_KS_WICHITA.CAPL,2026,5,2026-05-19,22.61130213537136,22.307799808907873,62,58.6607959218663,17
5629,8165,XD_8165_KS_WICHITA.CAPL,2026,5,2026-05-20,22.390661267673266,22.090120513978054,61,57.71465405215878,17
5630,8165,XD_8165_KS_WICHITA.CAPL,2026,5,2026-05-21,22.30107792997672,22.001739617044997,68,64.33764714011143,17
5631,8165,XD_8165_KS_WICHITA.CAPL,2026,5,2026-05-22,22.505839844711687,22.203753095749125,59,55.82237031274374,17
5632,8165,XD_8165_KS_WICHITA.CAPL,2026,5,2026-05-26,22.30107792997672,22.001739617044997,65,61.49922153098886,17
5633,8165,XD_8165_KS_WICHITA.CAPL,2026,5,2026-05-27,22.505839844711687,22.203753095749125,61,57.71465405215878,17
5634,8165,XD_8165_KS_WICHITA.CAPL,2026,5,2026-05-28,22.30107792997672,22.001739617044997,67,63.39150527040391,17
5635,8165,XD_8165_KS_WICHITA.CAPL,2026,5,2026-05-29,22.505839844711687,22.203753095749125,61,57.71465405215878,17
5636,8165,XD_8165_KS_WICHITA.CAPL,2026,6,2026-06-01,22.30107792997672,21.556786252838503,64,59.76036284184607,17
5637,8165,XD_8165_KS_WICHITA.CAPL,2026,6,2026-06-02,22.505839844711687,21.754714301093536,63,58.82660717244222,17
5638,8165,XD_8165_KS_WICHITA.CAPL,2026,6,2026-06-03,22.180808319764978,21.44053060420182,61,56.95909583363453,17
5639,8165,XD_8165_KS_WICHITA.CAPL,2026,6,2026-06-04,22.02105831819422,21.28611221023161,73,68.16416386648066,17
5640,8165,XD_8165_KS_WICHITA.CAPL,2026,6,2026-06-05,22.447058322382908,21.697894594152164,59,55.09158449482684,17
5641,8165,XD_8165_KS_WICHITA.CAPL,2026,6,2026-06-08,22.180808319764978,21.44053060420182,62,57.89285150303838,17
5642,8165,XD_8165_KS_WICHITA.CAPL,2026,6,2026-06-09,22.294915463744093,21.55082945703768,63,58.82660717244222,17
5643,8165,XD_8165_KS_WICHITA.CAPL,2026,6,2026-06-10,21.97088293468251,21.237611414847983,65,60.69411851124991,17
5644,8165,XD_8165_KS_WICHITA.CAPL,2026,6,2026-06-11,21.812647640003878,21.084657174889156,73,68.16416386648066,17
5645,8165,XD_8165_KS_WICHITA.CAPL,2026,6,2026-06-12,21.882974437638826,21.15263683709308,65,60.69411851124991,17
5646,8165,XD_8165_KS_WICHITA.CAPL,2026,6,2026-06-15,22.083908145167246,21.346864443390004,61,56.95909583363453,17
5647,8165,XD_8165_KS_WICHITA.CAPL,2026,6,2026-06-16,30.6754585885868,29.651674510006753,64,59.76036284184607,17
5648,8165,XD_8165_KS_WICHITA.CAPL,2026,6,2026-06-17,21.865956292432898,21.136186667295195,63,58.82660717244222,17
5649,8165,XD_8165_KS_WICHITA.CAPL,2026,6,2026-06-18,21.708470995285932,20.98395739392906,72,67.23040819707683,17
5650,8165,XD_8165_KS_WICHITA.CAPL,2026,6,2026-06-19,22.338412183873793,21.592874487393598,59,55.09158449482684,17
5651,8165,XD_8165_KS_WICHITA.CAPL,2026,6,2026-06-22,21.978445790395014,21.24492186255672,60,56.025340164230684,17
5652,8165,XD_8165_KS_WICHITA.CAPL,2026,6,2026-06-23,21.76102936969084,21.034761648611312,64,59.76036284184607,17
5653,8165,XD_8165_KS_WICHITA.CAPL,2026,6,2026-06-24,21.87298314711627,21.14297900284574,62,57.89285150303838,17
5654,8165,XD_8165_KS_WICHITA.CAPL,2026,6,2026-06-25,21.673954209471063,20.950592595317868,71,66.29665252767298,17
5655,8165,XD_8165_KS_WICHITA.CAPL,2026,6,2026-06-26,21.87298314711627,21.14297900284574,60,56.025340164230684,17
5656,8165,XD_8165_KS_WICHITA.CAPL,2026,6,2026-06-29,21.87298314711627,21.14297900284574,62,57.89285150303838,17
5657,8165,XD_8165_KS_WICHITA.CAPL,2026,6,2026-06-30,21.644309226204367,20.92193700433004,65,60.69411851124991,17
5658,8165,XD_8165_OK_TULSA.CAPL,2026,5,2026-05-01,48.27066558137038,40.43506628405282,164,126.59014900004156,16
5659,8165,XD_8165_OK_TULSA.CAPL,2026,5,2026-05-04,48.17435207707541,40.35438699605644,166,128.1339313049201,16
5660,8165,XD_8165_OK_TULSA.CAPL,2026,5,2026-05-05,48.30729726047227,40.465751677650395,164,126.59014900004156,16
5661,8165,XD_8165_OK_TULSA.CAPL,2026,5,2026-05-06,48.90760642404376,40.96861486645435,181,139.7122985915093,16
5662,8165,XD_8165_OK_TULSA.CAPL,2026,5,2026-05-07,48.91812582736123,40.97742669378857,179,138.16851628663073,16
5663,8165,XD_8165_OK_TULSA.CAPL,2026,5,2026-05-08,48.9726218012663,41.023076537032416,163,125.8182578476023,16
5664,8165,XD_8165_OK_TULSA.CAPL,2026,5,2026-05-11,48.926544126073324,40.98447848108677,164,126.59014900004156,16
5665,8165,XD_8165_OK_TULSA.CAPL,2026,5,2026-05-12,48.966222498253885,41.01771600930066,166,128.13393130492014,16
5666,8165,XD_8165_OK_TULSA.CAPL,2026,5,2026-05-13,48.72009294275884,40.81153975771926,193,148.97499242078064,16
5667,8165,XD_8165_OK_TULSA.CAPL,2026,5,2026-05-14,48.84813337718684,40.9187958601736,180,138.94040743907001,16
5668,8165,XD_8165_OK_TULSA.CAPL,2026,5,2026-05-15,49.06971046460636,41.10440515536206,158,121.9588020854059,16
5669,8165,XD_8165_OK_TULSA.CAPL,2026,5,2026-05-18,49.00734987743807,41.05216733254995,162,125.04636669516302,16
5670,8165,XD_8165_OK_TULSA.CAPL,2026,5,2026-05-19,48.98992800104729,41.037573485165225,163,125.81825784760228,16
5671,8165,XD_8165_OK_TULSA.CAPL,2026,5,2026-05-20,48.7408846096387,40.828956389918496,193,148.97499242078064,16
5672,8165,XD_8165_OK_TULSA.CAPL,2026,5,2026-05-21,48.940817655552,40.996435041114,175,135.0809516768736,16
5673,8165,XD_8165_OK_TULSA.CAPL,2026,5,2026-05-22,48.99653657624772,41.04310931470173,162,125.04636669516302,16
5674,8165,XD_8165_OK_TULSA.CAPL,2026,5,2026-05-26,49.01875698340662,41.0617227650345,162,125.04636669516302,16
5675,8165,XD_8165_OK_TULSA.CAPL,2026,5,2026-05-27,48.74420455308187,40.83173741917441,192,148.20310126834136,16
5676,8165,XD_8165_OK_TULSA.CAPL,2026,5,2026-05-28,48.86821922941158,40.935621250010215,177,136.62473398175217,16
5677,8165,XD_8165_OK_TULSA.CAPL,2026,5,2026-05-29,48.95786040015035,41.0107112997733,164,126.59014900004156,16
5678,8165,XD_8165_OK_TULSA.CAPL,2026,6,2026-06-01,48.98726803237027,40.00625888267025,163,128.65287718824212,16
5679,8165,XD_8165_OK_TULSA.CAPL,2026,6,2026-06-02,48.9059712039811,39.93986648943191,168,132.5992844639551,16
5680,8165,XD_8165_OK_TULSA.CAPL,2026,6,2026-06-03,48.55237866640091,39.65109932266388,187,147.5956321116643,16
5681,8165,XD_8165_OK_TULSA.CAPL,2026,6,2026-06-04,48.71717893664653,39.785686176354595,178,140.49209901538097,16
5682,8165,XD_8165_OK_TULSA.CAPL,2026,6,2026-06-05,48.793342208862306,39.84788616643369,162,127.86359573309954,16
5683,8165,XD_8165_OK_TULSA.CAPL,2026,6,2026-06-08,48.762694504363836,39.822857214022726,163,128.65287718824212,16
5684,8165,XD_8165_OK_TULSA.CAPL,2026,6,2026-06-09,48.756120652053,39.81748856931223,163,128.65287718824212,16
5685,8165,XD_8165_OK_TULSA.CAPL,2026,6,2026-06-10,48.07423668889554,39.26061680540834,192,151.54203938737723,16
5686,8165,XD_8165_OK_TULSA.CAPL,2026,6,2026-06-11,48.173665263331856,39.34181678754667,173,136.54569173966803,16
5687,8165,XD_8165_OK_TULSA.CAPL,2026,6,2026-06-12,48.30273930061861,39.44722722495489,163,128.65287718824212,16
5688,8165,XD_8165_OK_TULSA.CAPL,2026,6,2026-06-15,66.36547723290248,54.198459511909014,162,127.86359573309954,16
5689,8165,XD_8165_OK_TULSA.CAPL,2026,6,2026-06-16,48.562065667619926,39.6590103716799,162,132.5992844639551,16
5690,8165,XD_8165_OK_TULSA.CAPL,2026,6,2026-06-17,47.81669801941105,39.050293611290094,196,154.69916520794757,16
5691,8165,XD_8165_OK_TULSA.CAPL,2026,6,2026-06-18,47.97828231540501,39.182254086665786,174,137.3349731948106,16
5692,8165,XD_8165_OK_TULSA.CAPL,2026,6,2026-06-19,47.91655874649683,39.13184651800385,152,119.97078118167364,16
5693,8165,XD_8165_OK_TULSA.CAPL,2026,6,2026-06-22,48.03862708215114,39.23153563384382,164,129.44215864338472,16
5694,8165,XD_8165_OK_TULSA.CAPL,2026,6,2026-06-23,47.77423161548626,39.01561272342942,167,131.8100030088125,16
5695,8165,XD_8165_OK_TULSA.CAPL,2026,6,2026-06-24,47.62527978929699,38.893968762479474,195,153.909883752805,16
5696,8165,XD_8165_OK_TULSA.CAPL,2026,6,2026-06-25,47.755758585212945,39.0005264191478,180,142.07066192566614,16
5697,8165,XD_8165_OK_TULSA.CAPL,2026,6,2026-06-26,47.80065126299779,39.03718876349838,161,127.07431427795694,16
5698,8165,XD_8165_OK_TULSA.CAPL,2026,6,2026-06-29,47.58760573012488,38.86320162185419,156,123.127907002244,16
5699,8165,XD_8165_OK_TULSA.CAPL,2026,6,2026-06-30,47.58621415644338,38.86206517029866,161,127.07431427795694,16
5700,8165,XD_8165_TX_ABILENE.HDSD,2026,5,2026-05-01,32.62366730179449,23.25140334043513,70,142.679865724156,12
5701,8165,XD_8165_TX_ABILENE.HDSD,2026,5,2026-05-04,32.002207833623125,22.80847935459035,66,134.52673053991853,12
5702,8165,XD_8165_TX_ABILENE.HDSD,2026,5,2026-05-05,32.9381550345758,23.47554371842736,69,140.64158192809663,12
5703,8165,XD_8165_TX_ABILENE.HDSD,2026,5,2026-05-06,31.928973443012733,22.756284046848858,71,144.71814952021538,12
5704,8165,XD_8165_TX_ABILENE.HDSD,2026,5,2026-05-07,31.33807835000934,22.335143774291268,67,136.5650143359779,12
5705,8165,XD_8165_TX_ABILENE.HDSD,2026,5,2026-05-08,31.97574428720736,22.789618366773155,70,142.679865724156,12
5706,8165,XD_8165_TX_ABILENE.HDSD,2026,5,2026-05-11,31.037807765495554,22.121136182587616,69,140.64158192809663,12
5707,8165,XD_8165_TX_ABILENE.HDSD,2026,5,2026-05-12,33.26774503795959,23.710447723386682,68,138.60329813203728,12
5708,8165,XD_8165_TX_ABILENE.HDSD,2026,5,2026-05-13,32.33220929483659,23.043676612048433,69,140.64158192809663,12
5709,8165,XD_8165_TX_ABILENE.HDSD,2026,5,2026-05-14,32.7483952754389,23.34029893872005,64,130.45016294779978,12
5710,8165,XD_8165_TX_ABILENE.HDSD,2026,5,2026-05-15,32.029744994726364,22.828105524565007,70,142.679865724156,12
5711,8165,XD_8165_TX_ABILENE.HDSD,2026,5,2026-05-18,32.37512969630105,23.07426666057829,65,132.48844674385916,12
5712,8165,XD_8165_TX_ABILENE.HDSD,2026,5,2026-05-19,32.65699461599543,23.275156244042524,69,140.64158192809663,11
5713,8165,XD_8165_TX_ABILENE.HDSD,2026,5,2026-05-20,31.880236058661776,22.72154814267172,71,144.71814952021538,12
5714,8165,XD_8165_TX_ABILENE.HDSD,2026,5,2026-05-21,32.22887921904417,22.97003163378092,69,140.64158192809663,12
5715,8165,XD_8165_TX_ABILENE.HDSD,2026,5,2026-05-22,31.073576613112447,22.146629205651795,68,138.60329813203728,12
5716,8165,XD_8165_TX_ABILENE.HDSD,2026,5,2026-05-26,32.50918851872371,23.169812502272226,68,138.60329813203728,12
5717,8165,XD_8165_TX_ABILENE.HDSD,2026,5,2026-05-27,31.845651675692654,22.696899306283825,70,142.679865724156,12
5718,8165,XD_8165_TX_ABILENE.HDSD,2026,5,2026-05-28,32.32715993567462,23.040077853962796,65,132.48844674385916,11
5719,8165,XD_8165_TX_ABILENE.HDSD,2026,5,2026-05-29,33.300407485734844,23.733726766183523,67,136.5650143359779,12
5720,8165,XD_8165_TX_ABILENE.HDSD,2026,6,2026-06-01,34.05515535471712,22.35333160053334,67,115.21606430842537,11
5721,8165,XD_8165_TX_ABILENE.HDSD,2026,6,2026-06-02,33.37175298597217,21.904755765067957,67,115.21606430842539,12
5722,8165,XD_8165_TX_ABILENE.HDSD,2026,6,2026-06-03,31.82189809426257,20.88745251197048,70,120.37499256104145,12
5723,8165,XD_8165_TX_ABILENE.HDSD,2026,6,2026-06-04,31.928349576677594,20.95732578845406,68,116.9357070592974,12
5724,8165,XD_8165_TX_ABILENE.HDSD,2026,6,2026-06-05,33.06515662652934,21.70351016748495,68,116.9357070592974,12
5725,8165,XD_8165_TX_ABILENE.HDSD,2026,6,2026-06-08,32.237592578335644,21.160308605275926,65,111.77677880668134,12
5726,8165,XD_8165_TX_ABILENE.HDSD,2026,6,2026-06-09,33.20072541181831,21.79249563769295,65,111.77677880668134,12
5727,8165,XD_8165_TX_ABILENE.HDSD,2026,6,2026-06-10,31.41338021562557,20.619307042927588,69,118.65534981016943,12
5728,8165,XD_8165_TX_ABILENE.HDSD,2026,6,2026-06-11,30.695092515873185,20.14783296007847,67,115.21606430842539,12
5729,8165,XD_8165_TX_ABILENE.HDSD,2026,6,2026-06-12,31.517963532004696,20.687954081138272,70,120.37499256104145,12
5730,8165,XD_8165_TX_ABILENE.HDSD,2026,6,2026-06-15,31.62050321514988,20.75525970684115,70,120.37499256104144,12
5731,8165,XD_8165_TX_ABILENE.HDSD,2026,6,2026-06-16,32.22890248622438,21.15460454935315,68,130.69284906627357,12
5732,8165,XD_8165_TX_ABILENE.HDSD,2026,6,2026-06-17,31.366670936733097,20.588647720160452,70,120.37499256104145,12
5733,8165,XD_8165_TX_ABILENE.HDSD,2026,6,2026-06-18,30.737704065179756,20.175802589984457,67,115.21606430842539,12
5734,8165,XD_8165_TX_ABILENE.HDSD,2026,6,2026-06-19,30.98678003944646,20.339292604595077,70,120.37499256104144,12
5735,8165,XD_8165_TX_ABILENE.HDSD,2026,6,2026-06-22,32.088642916603696,21.062540113375025,65,111.77677880668134,12
5736,8165,XD_8165_TX_ABILENE.HDSD,2026,6,2026-06-23,32.680003921706955,21.45070127443891,68,116.9357070592974,12
5737,8165,XD_8165_TX_ABILENE.HDSD,2026,6,2026-06-24,32.45632834429349,21.3038837279974,68,116.93570705929741,12
5738,8165,XD_8165_TX_ABILENE.HDSD,2026,6,2026-06-25,32.680003921706955,21.45070127443891,68,116.9357070592974,12
5739,8165,XD_8165_TX_ABILENE.HDSD,2026,6,2026-06-26,31.666352372177524,20.78535445754684,65,111.77677880668135,12
5740,8165,XD_8165_TX_ABILENE.HDSD,2026,6,2026-06-29,31.92103208360218,20.952522687499282,65,111.77677880668134,12
5741,8165,XD_8165_TX_ABILENE.HDSD,2026,6,2026-06-30,32.418297142521475,21.278920574679734,69,118.65534981016943,12
5742,8165,XD_8165_TX_AMARILLO.HDSD,2026,5,2026-05-01,41.04050195454519,38.4528774419202,64,85.44279959399672,11
5743,8165,XD_8165_TX_AMARILLO.HDSD,2026,5,2026-05-04,41.54961951277817,38.92989487927867,66,88.11288708130913,11
5744,8165,XD_8165_TX_AMARILLO.HDSD,2026,5,2026-05-05,41.50330133094072,38.88649708235356,69,92.11801831227771,11
5745,8165,XD_8165_TX_AMARILLO.HDSD,2026,5,2026-05-06,42.15239422042649,39.49466433516791,66,88.11288708130913,11
5746,8165,XD_8165_TX_AMARILLO.HDSD,2026,5,2026-05-07,42.10350533550092,39.4488579192913,69,92.11801831227771,11
5747,8165,XD_8165_TX_AMARILLO.HDSD,2026,5,2026-05-08,42.189060884120664,39.529019147075374,65,86.77784333765293,11
5748,8165,XD_8165_TX_AMARILLO.HDSD,2026,5,2026-05-11,42.09271745282678,39.43875021810417,64,85.44279959399672,11
5749,8165,XD_8165_TX_AMARILLO.HDSD,2026,5,2026-05-12,41.750323525410884,39.1179444018799,68,90.78297456862151,11
5750,8165,XD_8165_TX_AMARILLO.HDSD,2026,5,2026-05-13,42.12938411652096,39.47310503001163,63,84.10775585034052,11
5751,8165,XD_8165_TX_AMARILLO.HDSD,2026,5,2026-05-14,41.775919477454515,39.141926516134575,66,88.11288708130913,11
5752,8165,XD_8165_TX_AMARILLO.HDSD,2026,5,2026-05-15,42.189060884120664,39.529019147075374,66,88.11288708130913,11
5753,8165,XD_8165_TX_AMARILLO.HDSD,2026,5,2026-05-18,42.17799017247012,39.51864644942258,65,86.77784333765293,11
5754,8165,XD_8165_TX_AMARILLO.HDSD,2026,5,2026-05-19,41.750323525410884,39.1179444018799,67,89.44793082496531,11
5755,8165,XD_8165_TX_AMARILLO.HDSD,2026,5,2026-05-20,42.15239422042649,39.49466433516791,67,89.44793082496533,11
5756,8165,XD_8165_TX_AMARILLO.HDSD,2026,5,2026-05-21,42.018232615857585,39.368961687972885,67,89.44793082496531,11
5757,8165,XD_8165_TX_AMARILLO.HDSD,2026,5,2026-05-22,42.21465683616429,39.553001261330046,64,85.44279959399672,11
5758,8165,XD_8165_TX_AMARILLO.HDSD,2026,5,2026-05-26,42.27712654111017,39.61153221962041,67,89.44793082496533,11
5759,8165,XD_8165_TX_AMARILLO.HDSD,2026,5,2026-05-27,41.77171241256582,39.13798470882592,67,89.44793082496533,11
5760,8165,XD_8165_TX_AMARILLO.HDSD,2026,5,2026-05-28,42.150490174699485,39.492880340491986,66,88.11288708130913,11
5761,8165,XD_8165_TX_AMARILLO.HDSD,2026,5,2026-05-29,41.778270267755296,39.144129087911786,66,88.11288708130913,11
5762,8165,XD_8165_TX_AMARILLO.HDSD,2026,6,2026-06-01,42.17799017247012,40.24556092413437,65,84.2218280431743,11
5763,8165,XD_8165_TX_AMARILLO.HDSD,2026,6,2026-06-02,42.31541442155494,40.3766889358386,70,90.70043020034156,11
5764,8165,XD_8165_TX_AMARILLO.HDSD,2026,6,2026-06-03,41.955307441149955,40.03308063777052,66,85.51754847460775,11
5765,8165,XD_8165_TX_AMARILLO.HDSD,2026,6,2026-06-04,41.51888318577886,39.6166516214403,65,84.2218280431743,11
5766,8165,XD_8165_TX_AMARILLO.HDSD,2026,6,2026-06-05,42.01727569767235,40.09220975305165,64,82.92610761174085,11
5767,8165,XD_8165_TX_AMARILLO.HDSD,2026,6,2026-06-08,41.955307441149955,40.03308063777052,66,85.51754847460775,11
5768,8165,XD_8165_TX_AMARILLO.HDSD,2026,6,2026-06-09,41.90664943073047,39.9866519455835,69,89.4047097689081,11
5769,8165,XD_8165_TX_AMARILLO.HDSD,2026,6,2026-06-10,41.81717937580951,39.90128105589712,65,84.2218280431743,11
5770,8165,XD_8165_TX_AMARILLO.HDSD,2026,6,2026-06-11,41.73744272504534,39.82519762415716,68,88.10898933747465,11
5771,8165,XD_8165_TX_AMARILLO.HDSD,2026,6,2026-06-12,41.61287708420086,39.70633908995104,64,82.92610761174085,11
5772,8165,XD_8165_TX_AMARILLO.HDSD,2026,6,2026-06-15,41.20331579348742,39.31554228312894,65,84.2218280431743,11
5773,8165,XD_8165_TX_AMARILLO.HDSD,2026,6,2026-06-16,42.156855780600125,40.22539482679022,66,90.70043020034154,11
5774,8165,XD_8165_TX_AMARILLO.HDSD,2026,6,2026-06-17,41.374536787586294,39.47891860621403,65,84.2218280431743,11
5775,8165,XD_8165_TX_AMARILLO.HDSD,2026,6,2026-06-18,41.32247149232146,39.42923873754211,68,88.10898933747465,11
5776,8165,XD_8165_TX_AMARILLO.HDSD,2026,6,2026-06-19,41.24271138591684,39.35313292480668,64,82.92610761174085,11
5777,8165,XD_8165_TX_AMARILLO.HDSD,2026,6,2026-06-22,40.92018646321302,39.04538482270056,67,88.10898933747465,11
5778,8165,XD_8165_TX_AMARILLO.HDSD,2026,6,2026-06-23,40.11360805340831,38.27576065618268,69,91.99615063177501,11
5779,8165,XD_8165_TX_AMARILLO.HDSD,2026,6,2026-06-24,39.92956113113469,38.1001460383933,67,89.4047097689081,11
5780,8165,XD_8165_TX_AMARILLO.HDSD,2026,6,2026-06-25,40.61471913022569,38.75391279878941,68,89.4047097689081,11
5781,8165,XD_8165_TX_AMARILLO.HDSD,2026,6,2026-06-26,40.80636562908882,38.93677881052574,64,84.2218280431743,11
5782,8165,XD_8165_TX_AMARILLO.HDSD,2026,6,2026-06-29,40.7705864026949,38.90263884724709,65,85.51754847460775,11
5783,8165,XD_8165_TX_AMARILLO.HDSD,2026,6,2026-06-30,40.51888005062615,38.662464688029175,68,89.4047097689081,11
5784,8165,XD_8165_TX_CARROLLTON.DSOA,2026,5,2026-05-01,45.346195691021386,36.095311431355405,651,349.17121967179577,65
5785,8165,XD_8165_TX_CARROLLTON.DSOA,2026,5,2026-05-04,44.65784167678824,35.54738558796016,649,348.098497030715,65
5786,8165,XD_8165_TX_CARROLLTON.DSOA,2026,5,2026-05-05,44.42191613405918,35.35959021042856,667,357.75300080044207,64
5787,8165,XD_8165_TX_CARROLLTON.DSOA,2026,5,2026-05-06,45.00669295929981,35.825069206036545,659,353.4621102361189,64
5788,8165,XD_8165_TX_CARROLLTON.DSOA,2026,5,2026-05-07,44.86849352090804,35.71506324649853,660,353.9984715566593,64
5789,8165,XD_8165_TX_CARROLLTON.DSOA,2026,5,2026-05-08,45.368472746168585,36.11304383935696,646,346.4894130690938,65
5790,8165,XD_8165_TX_CARROLLTON.DSOA,2026,5,2026-05-11,45.29701574785316,36.05616447894226,652,349.70758099233615,65
5791,8165,XD_8165_TX_CARROLLTON.DSOA,2026,5,2026-05-12,45.06401707554554,35.87069887346257,665,356.68027815936125,64
5792,8165,XD_8165_TX_CARROLLTON.DSOA,2026,5,2026-05-13,45.35632031685139,36.10337057538923,648,347.5621357101746,65
5793,8165,XD_8165_TX_CARROLLTON.DSOA,2026,5,2026-05-14,44.97848510865184,35.802615918865875,656,351.8530262744977,63
5794,8165,XD_8165_TX_CARROLLTON.DSOA,2026,5,2026-05-15,45.38554390190049,36.12663238131172,644,345.416690428013,65
5795,8165,XD_8165_TX_CARROLLTON.DSOA,2026,5,2026-05-18,41.58526430909247,33.101631643360285,650,348.6348583512554,63
5796,8165,XD_8165_TX_CARROLLTON.DSOA,2026,5,2026-05-19,45.90955446875545,36.54374178411209,663,355.6075555182805,65
5797,8165,XD_8165_TX_CARROLLTON.DSOA,2026,5,2026-05-20,44.96394385775137,35.79104116663241,643,344.8803291074726,64
5798,8165,XD_8165_TX_CARROLLTON.DSOA,2026,5,2026-05-21,45.2782191022667,36.04120245696954,654,350.78030363341696,65
5799,8165,XD_8165_TX_CARROLLTON.DSOA,2026,5,2026-05-22,42.40832688835603,33.75678473113949,646,346.4894130690938,63
5800,8165,XD_8165_TX_CARROLLTON.DSOA,2026,5,2026-05-26,44.98763976706452,35.80990297440423,644,345.416690428013,64
5801,8165,XD_8165_TX_CARROLLTON.DSOA,2026,5,2026-05-27,45.558321243607665,36.26416215337234,650,348.6348583512554,64
5802,8165,XD_8165_TX_CARROLLTON.DSOA,2026,5,2026-05-28,44.73438785829528,35.60831590897768,654,350.78030363341696,64
5803,8165,XD_8165_TX_CARROLLTON.DSOA,2026,5,2026-05-29,44.954008785346794,35.783132906036975,646,346.4894130690938,64
5804,8165,XD_8165_TX_CARROLLTON.DSOA,2026,6,2026-06-01,44.99348909785767,37.07829858620372,645,311.7716329052399,64
5805,8165,XD_8165_TX_CARROLLTON.DSOA,2026,6,2026-06-02,45.368281071431795,37.38715768965467,655,316.60530163245295,65
5806,8165,XD_8165_TX_CARROLLTON.DSOA,2026,6,2026-06-03,45.17696801028253,37.22950014970917,653,315.6385678870103,65
5807,8165,XD_8165_TX_CARROLLTON.DSOA,2026,6,2026-06-04,44.64758808556362,36.79324798727786,656,317.0886685051742,64
5808,8165,XD_8165_TX_CARROLLTON.DSOA,2026,6,2026-06-05,44.86154162496232,36.96956312478912,649,313.70510039612515,64
5809,8165,XD_8165_TX_CARROLLTON.DSOA,2026,6,2026-06-08,41.35040451439959,34.076100253319034,638,308.3880647961908,63
5810,8165,XD_8165_TX_CARROLLTON.DSOA,2026,6,2026-06-09,45.71689768201807,37.6744461626894,664,320.95560348694465,65
5811,8165,XD_8165_TX_CARROLLTON.DSOA,2026,6,2026-06-10,44.24597565076196,36.46228663993445,655,316.60530163245295,64
5812,8165,XD_8165_TX_CARROLLTON.DSOA,2026,6,2026-06-11,44.12259150934162,36.360608060919695,659,318.53876912333817,64
5813,8165,XD_8165_TX_CARROLLTON.DSOA,2026,6,2026-06-12,44.23670767415241,36.45464907256839,655,316.60530163245295,64
5814,8165,XD_8165_TX_CARROLLTON.DSOA,2026,6,2026-06-15,54.046469950474425,44.538691942639204,645,311.7716329052399,65
5815,8165,XD_8165_TX_CARROLLTON.DSOA,2026,6,2026-06-16,44.1641950806434,36.39489279121978,660,321.92233723238724,65
5816,8165,XD_8165_TX_CARROLLTON.DSOA,2026,6,2026-06-17,44.22300472183047,36.443356724099914,643,310.8048991597973,63
5817,8165,XD_8165_TX_CARROLLTON.DSOA,2026,6,2026-06-18,45.17819379620346,37.230510297116936,659,318.53876912333817,66
5818,8165,XD_8165_TX_CARROLLTON.DSOA,2026,6,2026-06-19,42.21547404193296,34.78898798180674,642,310.321532287076,63
5819,8165,XD_8165_TX_CARROLLTON.DSOA,2026,6,2026-06-22,42.181191217531435,34.76073614304017,631,305.97123043258426,64
5820,8165,XD_8165_TX_CARROLLTON.DSOA,2026,6,2026-06-23,44.27716510949091,36.48798929351125,663,320.95560348694465,64
5821,8165,XD_8165_TX_CARROLLTON.DSOA,2026,6,2026-06-24,41.67944740622908,34.34725838831911,651,316.12193475973163,63
5822,8165,XD_8165_TX_CARROLLTON.DSOA,2026,6,2026-06-25,42.488890469845764,35.0143053811859,656,318.05540225061685,63
5823,8165,XD_8165_TX_CARROLLTON.DSOA,2026,6,2026-06-26,42.07005700868054,34.66915250590652,655,317.57203537789553,63
5824,8165,XD_8165_TX_CARROLLTON.DSOA,2026,6,2026-06-29,42.11075685909978,34.70269249661443,651,316.12193475973163,63
5825,8165,XD_8165_TX_CARROLLTON.DSOA,2026,6,2026-06-30,43.73273875353922,36.03933764659693,666,322.40570410510855,63
5826,8165,XD_8165_TX_LUBBOCK.HDSD,2026,5,2026-05-01,27.749595298085897,25.20873096713515,71,95.11171713802239,14
5827,8165,XD_8165_TX_LUBBOCK.HDSD,2026,5,2026-05-04,27.79807148244646,25.252768477474735,70,93.77211548819108,14
5828,8165,XD_8165_TX_LUBBOCK.HDSD,2026,5,2026-05-05,27.764381010191784,25.222162840091528,70,93.77211548819109,14
5829,8165,XD_8165_TX_LUBBOCK.HDSD,2026,5,2026-05-06,28.14274974777585,25.565886617309616,72,96.4513187878537,14
5830,8165,XD_8165_TX_LUBBOCK.HDSD,2026,5,2026-05-07,28.50170213608515,25.891971884128765,78,104.48892868684149,14
5831,8165,XD_8165_TX_LUBBOCK.HDSD,2026,5,2026-05-08,28.215987852641515,25.632418747319768,69,92.43251383835978,14
5832,8165,XD_8165_TX_LUBBOCK.HDSD,2026,5,2026-05-11,28.220987853549776,25.636960928075123,70,93.77211548819109,14
5833,8165,XD_8165_TX_LUBBOCK.HDSD,2026,5,2026-05-12,28.163964042209443,25.585158445791773,70,93.77211548819109,14
5834,8165,XD_8165_TX_LUBBOCK.HDSD,2026,5,2026-05-13,28.156804183064676,25.57865417208961,70,93.77211548819109,14
5835,8165,XD_8165_TX_LUBBOCK.HDSD,2026,5,2026-05-14,28.512096135686587,25.90141416740571,77,103.1493270370102,14
5836,8165,XD_8165_TX_LUBBOCK.HDSD,2026,5,2026-05-15,28.111804174890324,25.537774545291438,72,96.4513187878537,14
5837,8165,XD_8165_TX_LUBBOCK.HDSD,2026,5,2026-05-18,28.131804178523367,25.55594326831285,72,96.4513187878537,14
5838,8165,XD_8165_TX_LUBBOCK.HDSD,2026,5,2026-05-19,28.163964042209443,25.585158445791773,70,93.77211548819109,14
5839,8165,XD_8165_TX_LUBBOCK.HDSD,2026,5,2026-05-20,28.163964042209443,25.585158445791773,70,93.77211548819109,14
5840,8165,XD_8165_TX_LUBBOCK.HDSD,2026,5,2026-05-21,28.512617954104936,25.901888206035125,78,104.48892868684149,14
5841,8165,XD_8165_TX_LUBBOCK.HDSD,2026,5,2026-05-22,28.126804177615107,25.551401087557498,71,95.11171713802239,14
5842,8165,XD_8165_TX_LUBBOCK.HDSD,2026,5,2026-05-26,28.14680418124815,25.56956981057891,71,95.11171713802239,14
5843,8165,XD_8165_TX_LUBBOCK.HDSD,2026,5,2026-05-27,28.111804174890324,25.537774545291438,72,96.4513187878537,14
5844,8165,XD_8165_TX_LUBBOCK.HDSD,2026,5,2026-05-28,28.388332233461394,25.78898258485024,79,105.8285303366728,14
5845,8165,XD_8165_TX_LUBBOCK.HDSD,2026,5,2026-05-29,28.14274974777585,25.565886617309616,72,96.4513187878537,14
5846,8165,XD_8165_TX_LUBBOCK.HDSD,2026,6,2026-06-01,28.18396404584249,25.868019540283168,70,93.15224881567632,14
5847,8165,XD_8165_TX_LUBBOCK.HDSD,2026,6,2026-06-02,28.200987849916732,25.883644457194293,70,93.15224881567632,14
5848,8165,XD_8165_TX_LUBBOCK.HDSD,2026,6,2026-06-03,28.03441663810185,25.730760804807165,70,93.15224881567632,14
5849,8165,XD_8165_TX_LUBBOCK.HDSD,2026,6,2026-06-04,28.372674289528202,26.04122300673571,77,102.46747369724395,14
5850,8165,XD_8165_TX_LUBBOCK.HDSD,2026,6,2026-06-05,28.127329348382496,25.81603865291863,69,91.82150240402379,14
5851,8165,XD_8165_TX_LUBBOCK.HDSD,2026,6,2026-06-08,28.102460295164665,25.79321314996451,68,90.49075599237128,14
5852,8165,XD_8165_TX_LUBBOCK.HDSD,2026,6,2026-06-09,27.991212557286634,25.691106907827653,72,95.81374163898134,14
5853,8165,XD_8165_TX_LUBBOCK.HDSD,2026,6,2026-06-10,27.743452443395345,25.46370584185205,72,95.81374163898134,14
5854,8165,XD_8165_TX_LUBBOCK.HDSD,2026,6,2026-06-11,28.084648572452487,25.776865059595984,78,103.79822010889646,14
5855,8165,XD_8165_TX_LUBBOCK.HDSD,2026,6,2026-06-12,27.712962646711443,25.435721465519624,72,95.81374163898134,14
5856,8165,XD_8165_TX_LUBBOCK.HDSD,2026,6,2026-06-15,27.808738146509445,25.523626860808424,69,91.82150240402379,14
5857,8165,XD_8165_TX_LUBBOCK.HDSD,2026,6,2026-06-16,29.052030229568484,26.66475462575087,71,98.47523446228638,14
5858,8165,XD_8165_TX_LUBBOCK.HDSD,2026,6,2026-06-17,27.62254208042508,25.352730975901675,71,94.48299522732883,14
5859,8165,XD_8165_TX_LUBBOCK.HDSD,2026,6,2026-06-18,27.947269406826855,25.650774672344166,78,103.79822010889646,14
5860,8165,XD_8165_TX_LUBBOCK.HDSD,2026,6,2026-06-19,27.64336349510011,25.371841444563717,70,93.15224881567632,14
5861,8165,XD_8165_TX_LUBBOCK.HDSD,2026,6,2026-06-22,26.970550552517377,24.754315169076822,71,97.14448805063387,14
5862,8165,XD_8165_TX_LUBBOCK.HDSD,2026,6,2026-06-23,27.082131115595498,24.856726887361937,71,95.81374163898136,14
5863,8165,XD_8165_TX_LUBBOCK.HDSD,2026,6,2026-06-24,26.84299844560169,24.637244327348082,71,97.14448805063387,14
5864,8165,XD_8165_TX_LUBBOCK.HDSD,2026,6,2026-06-25,27.87490668572536,25.584358171088457,76,101.13672728559142,14
5865,8165,XD_8165_TX_LUBBOCK.HDSD,2026,6,2026-06-26,26.8783555939084,24.669696093245847,68,94.48299522732883,14
5866,8165,XD_8165_TX_LUBBOCK.HDSD,2026,6,2026-06-29,26.88895083154951,24.679420694579015,70,95.81374163898134,14
5867,8165,XD_8165_TX_LUBBOCK.HDSD,2026,6,2026-06-30,26.461708118802026,24.287285549082124,70,95.81374163898136,14
5868,8165,XD_8165_TX_MIDLAND.HDSD,2026,5,2026-05-01,42.489223339292735,42.369872436872654,37,36.84664659706976,10
5869,8165,XD_8165_TX_MIDLAND.HDSD,2026,5,2026-05-04,44.532031518040284,44.40694243119499,38,37.84250191050407,10
5870,8165,XD_8165_TX_MIDLAND.HDSD,2026,5,2026-05-05,44.53186788400014,44.40677925679776,38,37.84250191050407,10
5871,8165,XD_8165_TX_MIDLAND.HDSD,2026,5,2026-05-06,43.94957313227338,43.826120152857214,42,41.825923164241345,11
5872,8165,XD_8165_TX_MIDLAND.HDSD,2026,5,2026-05-07,45.13747217390272,45.01068242314879,42,41.82592316424134,10
5873,8165,XD_8165_TX_MIDLAND.HDSD,2026,5,2026-05-08,44.047583334373705,43.923855047358394,39,38.83835722393839,11
5874,8165,XD_8165_TX_MIDLAND.HDSD,2026,5,2026-05-11,32.573148367982924,32.48165141071124,36,35.85079128363543,8
5875,8165,XD_8165_TX_MIDLAND.HDSD,2026,5,2026-05-12,44.35601882790074,44.23142415520931,39,38.83835722393839,10
5876,8165,XD_8165_TX_MIDLAND.HDSD,2026,5,2026-05-13,45.175518892750596,45.04862226995073,38,37.84250191050407,10
5877,8165,XD_8165_TX_MIDLAND.HDSD,2026,5,2026-05-14,42.17101898048863,42.05256190418238,39,38.83835722393839,10
5878,8165,XD_8165_TX_MIDLAND.HDSD,2026,5,2026-05-15,45.184891621271774,45.057968670769974,37,36.84664659706975,10
5879,8165,XD_8165_TX_MIDLAND.HDSD,2026,5,2026-05-18,45.184891621271774,45.057968670769974,37,36.84664659706975,10
5880,8165,XD_8165_TX_MIDLAND.HDSD,2026,5,2026-05-19,44.03456565587208,43.91087393510944,39,38.83835722393839,11
5881,8165,XD_8165_TX_MIDLAND.HDSD,2026,5,2026-05-20,45.161022175682916,45.0341662737089,39,38.83835722393839,10
5882,8165,XD_8165_TX_MIDLAND.HDSD,2026,5,2026-05-21,43.302583275419295,43.18094767032074,40,39.83421253737271,11
5883,8165,XD_8165_TX_MIDLAND.HDSD,2026,5,2026-05-22,44.047583334373705,43.923855047358394,39,38.83835722393839,11
5884,8165,XD_8165_TX_MIDLAND.HDSD,2026,5,2026-05-26,44.12593525427359,44.00198687916037,37,36.84664659706975,9
5885,8165,XD_8165_TX_MIDLAND.HDSD,2026,5,2026-05-27,45.165968893513536,45.0390990963635,39,38.83835722393839,10
5886,8165,XD_8165_TX_MIDLAND.HDSD,2026,5,2026-05-28,44.32069382523046,44.19619837936915,42,41.825923164241345,10
5887,8165,XD_8165_TX_MIDLAND.HDSD,2026,5,2026-05-29,44.03472681106834,43.91103463762578,40,39.83421253737271,11
5888,8165,XD_8165_TX_MIDLAND.HDSD,2026,6,2026-06-01,44.120635868590554,44.300558615894666,37,33.57703001947972,9
5889,8165,XD_8165_TX_MIDLAND.HDSD,2026,6,2026-06-02,43.302744430615554,43.47933183898767,40,36.29949191295105,11
5890,8165,XD_8165_TX_MIDLAND.HDSD,2026,6,2026-06-03,44.95576661321852,45.139095000876026,38,34.48451731730349,10
5891,8165,XD_8165_TX_MIDLAND.HDSD,2026,6,2026-06-04,44.970016608238225,45.15340310698598,37,33.57703001947972,10
5892,8165,XD_8165_TX_MIDLAND.HDSD,2026,6,2026-06-05,44.94643934375108,45.1297296950586,39,35.39200461512727,10
5893,8165,XD_8165_TX_MIDLAND.HDSD,2026,6,2026-06-08,43.92668505244785,44.10581687362419,36,32.669542721655944,9
5894,8165,XD_8165_TX_MIDLAND.HDSD,2026,6,2026-06-09,44.039796416308796,44.21938950253576,41,37.206979210774826,10
5895,8165,XD_8165_TX_MIDLAND.HDSD,2026,6,2026-06-10,43.709756688012014,43.888003881246604,40,36.29949191295105,10
5896,8165,XD_8165_TX_MIDLAND.HDSD,2026,6,2026-06-11,44.50646788914999,44.68796404888958,40,36.29949191295105,10
5897,8165,XD_8165_TX_MIDLAND.HDSD,2026,6,2026-06-12,43.709756688012014,43.888003881246604,40,36.29949191295105,10
5898,8165,XD_8165_TX_MIDLAND.HDSD,2026,6,2026-06-15,43.723867796262105,43.90217253421049,39,35.39200461512727,10
5899,8165,XD_8165_TX_MIDLAND.HDSD,2026,6,2026-06-16,37.306353662884426,37.45848795358044,40,39.021953806422374,10
5900,8165,XD_8165_TX_MIDLAND.HDSD,2026,6,2026-06-17,44.303159275921914,44.48382634869296,39,35.39200461512727,10
5901,8165,XD_8165_TX_MIDLAND.HDSD,2026,6,2026-06-18,42.1742009155678,42.34618615432739,38,34.48451731730349,10
5902,8165,XD_8165_TX_MIDLAND.HDSD,2026,6,2026-06-19,43.50835028648377,43.68577614991713,39,35.39200461512727,10
5903,8165,XD_8165_TX_MIDLAND.HDSD,2026,6,2026-06-22,42.518475109509055,42.69186428902292,38,35.39200461512727,10
5904,8165,XD_8165_TX_MIDLAND.HDSD,2026,6,2026-06-23,42.35135156265413,42.52405921691121,40,37.206979210774826,10
5905,8165,XD_8165_TX_MIDLAND.HDSD,2026,6,2026-06-24,42.35135156265413,42.52405921691121,39,36.29949191295105,10
5906,8165,XD_8165_TX_MIDLAND.HDSD,2026,6,2026-06-25,36.629005955590145,36.77837804084697,39,37.206979210774826,10
5907,8165,XD_8165_TX_MIDLAND.HDSD,2026,6,2026-06-26,34.500837526899396,34.64153099946451,38,36.29949191295105,10
5908,8165,XD_8165_TX_MIDLAND.HDSD,2026,6,2026-06-29,32.24594584164261,32.37744392753892,39,36.29949191295105,9
5909,8165,XD_8165_TX_MIDLAND.HDSD,2026,6,2026-06-30,35.64161674817403,35.78696228722727,42,39.92944110424615,10
5910,8165,XD_8165_TX_WICHITAFALLS.CAPL,2026,5,2026-05-01,37.37706212997436,43.68518411627514,29,20.981635011552818,4
5911,8165,XD_8165_TX_WICHITAFALLS.CAPL,2026,5,2026-05-04,37.35509054010565,43.659504383999646,29,20.981635011552818,4
5912,8165,XD_8165_TX_WICHITAFALLS.CAPL,2026,5,2026-05-05,37.37706212997436,43.68518411627514,29,20.981635011552818,4
5913,8165,XD_8165_TX_WICHITAFALLS.CAPL,2026,5,2026-05-06,37.90382372351254,44.30084719645724,30,21.705139667123603,4
5914,8165,XD_8165_TX_WICHITAFALLS.CAPL,2026,5,2026-05-07,37.90382372351254,44.30084719645724,30,21.705139667123603,4
5915,8165,XD_8165_TX_WICHITAFALLS.CAPL,2026,5,2026-05-08,37.915625190734865,44.31464039579047,29,20.981635011552818,4
5916,8165,XD_8165_TX_WICHITAFALLS.CAPL,2026,5,2026-05-11,37.915625190734865,44.31464039579047,29,20.981635011552818,4
5917,8165,XD_8165_TX_WICHITAFALLS.CAPL,2026,5,2026-05-12,37.915625190734865,44.31464039579047,29,20.981635011552818,4
5918,8165,XD_8165_TX_WICHITAFALLS.CAPL,2026,5,2026-05-13,37.915625190734865,44.31464039579047,29,20.981635011552818,4
5919,8165,XD_8165_TX_WICHITAFALLS.CAPL,2026,5,2026-05-14,37.89333353042603,44.28858657482769,31,22.428644322694392,4
5920,8165,XD_8165_TX_WICHITAFALLS.CAPL,2026,5,2026-05-15,37.915625190734865,44.31464039579047,29,20.981635011552818,4
5921,8165,XD_8165_TX_WICHITAFALLS.CAPL,2026,5,2026-05-18,37.90382372351254,44.30084719645724,30,21.705139667123603,4
5922,8165,XD_8165_TX_WICHITAFALLS.CAPL,2026,5,2026-05-19,37.915625190734865,44.31464039579047,29,20.981635011552818,4
5923,8165,XD_8165_TX_WICHITAFALLS.CAPL,2026,5,2026-05-20,37.90382372351254,44.30084719645724,30,21.705139667123603,4
5924,8165,XD_8165_TX_WICHITAFALLS.CAPL,2026,5,2026-05-21,37.90382372351254,44.30084719645724,30,21.705139667123603,4
5925,8165,XD_8165_TX_WICHITAFALLS.CAPL,2026,5,2026-05-22,37.90382372351254,44.30084719645724,30,21.705139667123603,4
5926,8165,XD_8165_TX_WICHITAFALLS.CAPL,2026,5,2026-05-26,37.92900018692016,44.33027268836814,28,20.25813035598203,4
5927,8165,XD_8165_TX_WICHITAFALLS.CAPL,2026,5,2026-05-27,37.915625190734865,44.31464039579047,29,20.981635011552818,4
5928,8165,XD_8165_TX_WICHITAFALLS.CAPL,2026,5,2026-05-28,37.89333353042603,44.28858657482769,31,22.428644322694392,4
5929,8165,XD_8165_TX_WICHITAFALLS.CAPL,2026,5,2026-05-29,37.915625190734865,44.31464039579047,29,20.981635011552818,4
5930,8165,XD_8165_TX_WICHITAFALLS.CAPL,2026,6,2026-06-01,37.915625190734865,43.606912955816696,29,21.439695734150035,4
5931,8165,XD_8165_TX_WICHITAFALLS.CAPL,2026,6,2026-06-02,37.915625190734865,43.606912955816696,29,21.439695734150035,4
5932,8165,XD_8165_TX_WICHITAFALLS.CAPL,2026,6,2026-06-03,37.7234419037314,43.38588218484129,30,22.178995587051762,4
5933,8165,XD_8165_TX_WICHITAFALLS.CAPL,2026,6,2026-06-04,37.7234419037314,43.38588218484129,30,22.178995587051762,4
5934,8165,XD_8165_TX_WICHITAFALLS.CAPL,2026,6,2026-06-05,37.735188227891925,43.3993916794795,29,21.439695734150035,4
5935,8165,XD_8165_TX_WICHITAFALLS.CAPL,2026,6,2026-06-08,37.735188227891925,43.3993916794795,29,21.439695734150035,4
5936,8165,XD_8165_TX_WICHITAFALLS.CAPL,2026,6,2026-06-09,37.735188227891925,43.3993916794795,29,21.439695734150035,4
5937,8165,XD_8165_TX_WICHITAFALLS.CAPL,2026,6,2026-06-10,37.37706212997436,42.98750941456795,29,21.439695734150035,4
5938,8165,XD_8165_TX_WICHITAFALLS.CAPL,2026,6,2026-06-11,37.35508295694987,42.962231079314385,31,22.918295439953486,4
5939,8165,XD_8165_TX_WICHITAFALLS.CAPL,2026,6,2026-06-12,37.39024963378906,43.00267641572009,28,20.700395881248312,4
5940,8165,XD_8165_TX_WICHITAFALLS.CAPL,2026,6,2026-06-15,50.25089805578095,57.79375986672443,29,21.439695734150035,4
5941,8165,XD_8165_TX_WICHITAFALLS.CAPL,2026,6,2026-06-16,39.3852266848831,45.29710754215627,29,23.657595292855213,4
5942,8165,XD_8165_TX_WICHITAFALLS.CAPL,2026,6,2026-06-17,37.18504363228293,42.76666816844278,30,22.178995587051762,4
5943,8165,XD_8165_TX_WICHITAFALLS.CAPL,2026,6,2026-06-18,37.18504363228293,42.76666816844278,30,22.178995587051762,4
5944,8165,XD_8165_TX_WICHITAFALLS.CAPL,2026,6,2026-06-19,37.20974950790405,42.79508249531429,28,20.700395881248312,4
5945,8165,XD_8165_TX_WICHITAFALLS.CAPL,2026,6,2026-06-22,37.19662451148033,42.7799873841638,29,21.439695734150035,4
5946,8165,XD_8165_TX_WICHITAFALLS.CAPL,2026,6,2026-06-23,37.010906130075455,42.56639192710678,29,21.439695734150035,4
5947,8165,XD_8165_TX_WICHITAFALLS.CAPL,2026,6,2026-06-24,37.010906130075455,42.56639192710678,29,21.439695734150035,4
5948,8165,XD_8165_TX_WICHITAFALLS.CAPL,2026,6,2026-06-25,36.98908321062724,42.54129329971944,31,22.918295439953486,4
5949,8165,XD_8165_TX_WICHITAFALLS.CAPL,2026,6,2026-06-26,37.010906130075455,42.56639192710678,29,21.439695734150035,4
5950,8165,XD_8165_TX_WICHITAFALLS.CAPL,2026,6,2026-06-29,37.010906130075455,42.56639192710678,29,21.439695734150035,4
5951,8165,XD_8165_TX_WICHITAFALLS.CAPL,2026,6,2026-06-30,36.843499755859376,42.37385718313338,28,20.700395881248312,4
5952,8170,XD_8170_AZ_CHANDLER.AVBV,2026,5,2026-05-01,19.669442074105184,21.52644676315679,231,88.48133546848666,16
5953,8170,XD_8170_AZ_CHANDLER.AVBV,2026,5,2026-05-04,21.090184063038496,23.081321917913602,235,90.01347980560331,16
5954,8170,XD_8170_AZ_CHANDLER.AVBV,2026,5,2026-05-05,21.137385684120467,23.13297987442948,230,88.0982993842075,16
5955,8170,XD_8170_AZ_CHANDLER.AVBV,2026,5,2026-05-06,21.27989996449477,23.28894901976207,236,90.77955197416163,16
5956,8170,XD_8170_AZ_CHANDLER.AVBV,2026,5,2026-05-07,21.21263724065914,23.21533597886658,253,96.90812932262824,16
5957,8170,XD_8170_AZ_CHANDLER.AVBV,2026,5,2026-05-08,21.217073730443836,23.22019132050798,229,87.71526329992834,16
5958,8170,XD_8170_AZ_CHANDLER.AVBV,2026,5,2026-05-11,21.296403814179673,23.307011008520607,231,88.48133546848666,16
5959,8170,XD_8170_AZ_CHANDLER.AVBV,2026,5,2026-05-12,21.245618016775964,23.251430491289025,232,88.86437155276582,16
5960,8170,XD_8170_AZ_CHANDLER.AVBV,2026,5,2026-05-13,21.35196783878446,23.367820868459457,241,92.31169631127828,16
5961,8170,XD_8170_AZ_CHANDLER.AVBV,2026,5,2026-05-14,21.28603141406126,23.29565934342945,256,98.05723757546573,16
5962,8170,XD_8170_AZ_CHANDLER.AVBV,2026,5,2026-05-15,21.316475454121797,23.328977624911428,238,91.1625880584408,16
5963,8170,XD_8170_AZ_CHANDLER.AVBV,2026,5,2026-05-18,21.320660561861786,23.33355785136745,228,87.33222721564917,16
5964,8170,XD_8170_AZ_CHANDLER.AVBV,2026,5,2026-05-19,21.279102001844624,23.28807572094441,235,90.01347980560331,16
5965,8170,XD_8170_AZ_CHANDLER.AVBV,2026,5,2026-05-20,21.289637916012364,23.29960633755156,233,89.24740763704499,16
5966,8170,XD_8170_AZ_CHANDLER.AVBV,2026,5,2026-05-21,21.284889333861702,23.294409438703,257,98.4402736597449,16
5967,8170,XD_8170_AZ_CHANDLER.AVBV,2026,5,2026-05-22,21.34217444233035,23.3571028711413,228,87.33222721564917,16
5968,8170,XD_8170_AZ_CHANDLER.AVBV,2026,5,2026-05-26,21.34220185479192,23.357132871631016,237,90.77955197416163,16
5969,8170,XD_8170_AZ_CHANDLER.AVBV,2026,5,2026-05-27,21.29268277370386,23.302938662217933,231,88.48133546848666,16
5970,8170,XD_8170_AZ_CHANDLER.AVBV,2026,5,2026-05-28,21.180857464521225,23.180555853604233,258,98.82330974402406,16
5971,8170,XD_8170_AZ_CHANDLER.AVBV,2026,5,2026-05-29,21.274016809981077,23.282510432843267,228,87.71526329992834,16
5972,8170,XD_8170_AZ_CHANDLER.AVBV,2026,6,2026-06-01,21.269523625018024,22.744703547022624,231,97.0498820873434,16
5973,8170,XD_8170_AZ_CHANDLER.AVBV,2026,6,2026-06-02,21.20720908670595,22.678067089828517,229,96.20962336797247,16
5974,8170,XD_8170_AZ_CHANDLER.AVBV,2026,6,2026-06-03,21.267060906122314,22.74207002253989,233,97.89014080671434,16
5975,8170,XD_8170_AZ_CHANDLER.AVBV,2026,6,2026-06-04,20.954973748707626,22.408337589158982,251,105.45246928105279,17
5976,8170,XD_8170_AZ_CHANDLER.AVBV,2026,6,2026-06-05,21.264717093412216,22.73956365116079,229,96.20962336797247,16
5977,8170,XD_8170_AZ_CHANDLER.AVBV,2026,6,2026-06-08,21.210289084740854,22.68136070577706,229,96.20962336797247,16
5978,8170,XD_8170_AZ_CHANDLER.AVBV,2026,6,2026-06-09,21.155555888701727,22.622831406294925,235,98.73039952608528,16
5979,8170,XD_8170_AZ_CHANDLER.AVBV,2026,6,2026-06-10,21.081734211187737,22.543889714887,230,96.62975272765793,16
5980,8170,XD_8170_AZ_CHANDLER.AVBV,2026,6,2026-06-11,21.02566019378392,22.48392659935017,247,103.77195184231091,16
5981,8170,XD_8170_AZ_CHANDLER.AVBV,2026,6,2026-06-12,21.10788211581136,22.571851146911772,228,95.789494008287,16
5982,8170,XD_8170_AZ_CHANDLER.AVBV,2026,6,2026-06-15,21.21796661558969,22.689570723368828,229,98.31027016639982,16
5983,8170,XD_8170_AZ_CHANDLER.AVBV,2026,6,2026-06-16,19.081460932740097,20.404884463363224,235,100.83104632451263,16
5984,8170,XD_8170_AZ_CHANDLER.AVBV,2026,6,2026-06-17,21.007331074124437,22.46432623592489,230,96.62975272765793,16
5985,8170,XD_8170_AZ_CHANDLER.AVBV,2026,6,2026-06-18,20.967183101585626,22.421393740138516,243,102.09143440356904,16
5986,8170,XD_8170_AZ_CHANDLER.AVBV,2026,6,2026-06-19,20.99580354139955,22.451999193764543,218,91.5882004114323,16
5987,8170,XD_8170_AZ_CHANDLER.AVBV,2026,6,2026-06-22,20.719602608240542,22.15664192790066,229,96.20962336797247,17
5988,8170,XD_8170_AZ_CHANDLER.AVBV,2026,6,2026-06-23,20.768880266986734,22.20933731306458,238,99.99078760514169,16
5989,8170,XD_8170_AZ_CHANDLER.AVBV,2026,6,2026-06-24,20.541095547455715,21.9657542404197,234,98.3102701663998,16
5990,8170,XD_8170_AZ_CHANDLER.AVBV,2026,6,2026-06-25,20.77152719237764,22.212167819962083,250,105.03233992136732,16
5991,8170,XD_8170_AZ_CHANDLER.AVBV,2026,6,2026-06-26,20.91771670715502,22.36849652924185,230,96.62975272765793,16
5992,8170,XD_8170_AZ_CHANDLER.AVBV,2026,6,2026-06-29,20.78614214899058,22.227796418955386,230,96.62975272765793,16
5993,8170,XD_8170_AZ_CHANDLER.AVBV,2026,6,2026-06-30,20.693922347233446,22.12918057362145,234,98.31027016639982,16
5994,8170,XD_8170_AZ_FLAGSTAFF.AVBV,2026,5,2026-05-01,77.16161528329054,73.07514028505636,31,56.96969397893794,4
5995,8170,XD_8170_AZ_FLAGSTAFF.AVBV,2026,5,2026-05-04,80.33130992949009,76.07696807315327,31,56.96969397893794,4
5996,8170,XD_8170_AZ_FLAGSTAFF.AVBV,2026,5,2026-05-05,85.43958053475335,80.91470494171358,32,56.96969397893794,4
5997,8170,XD_8170_AZ_FLAGSTAFF.AVBV,2026,5,2026-05-06,84.09912789414972,79.64524260091164,33,58.696048341936056,4
5998,8170,XD_8170_AZ_FLAGSTAFF.AVBV,2026,5,2026-05-07,85.34895757039388,80.82888136467592,30,55.24333961593982,4
5999,8170,XD_8170_AZ_FLAGSTAFF.AVBV,2026,5,2026-05-08,82.67763806297665,78.29903479479736,31,55.24333961593982,4
6000,8170,XD_8170_AZ_FLAGSTAFF.AVBV,2026,5,2026-05-11,78.92069052493933,74.74105499645162,33,60.42240270493417,4
6001,8170,XD_8170_AZ_FLAGSTAFF.AVBV,2026,5,2026-05-12,84.64270751589821,80.16003427510785,30,53.516985252941694,4
6002,8170,XD_8170_AZ_FLAGSTAFF.AVBV,2026,5,2026-05-13,79.26188332953237,75.06417824845131,33,60.42240270493417,4
6003,8170,XD_8170_AZ_FLAGSTAFF.AVBV,2026,5,2026-05-14,80.98354248702526,76.6946584294966,32,58.696048341936056,4
6004,8170,XD_8170_AZ_FLAGSTAFF.AVBV,2026,5,2026-05-15,79.80779251754284,75.58117611520548,30,55.24333961593982,4
6005,8170,XD_8170_AZ_FLAGSTAFF.AVBV,2026,5,2026-05-18,86.18452458722251,81.62019679720213,32,56.96969397893794,4
6006,8170,XD_8170_AZ_FLAGSTAFF.AVBV,2026,5,2026-05-19,85.00877461774007,80.50671448291101,30,53.516985252941694,4
6007,8170,XD_8170_AZ_FLAGSTAFF.AVBV,2026,5,2026-05-20,82.73003395928276,78.3486558072512,31,56.96969397893794,4
6008,8170,XD_8170_AZ_FLAGSTAFF.AVBV,2026,5,2026-05-21,77.49920069376627,73.39484719033734,31,56.96969397893794,4
6009,8170,XD_8170_AZ_FLAGSTAFF.AVBV,2026,5,2026-05-22,75.92714513142903,71.90604760608896,32,58.696048341936056,4
6010,8170,XD_8170_AZ_FLAGSTAFF.AVBV,2026,5,2026-05-26,82.67763806297665,78.29903479479736,31,55.24333961593982,4
6011,8170,XD_8170_AZ_FLAGSTAFF.AVBV,2026,5,2026-05-27,81.10558250063941,76.81023521054898,32,56.96969397893794,4
6012,8170,XD_8170_AZ_FLAGSTAFF.AVBV,2026,5,2026-05-28,78.92069052493933,74.74105499645162,33,60.42240270493417,4
6013,8170,XD_8170_AZ_FLAGSTAFF.AVBV,2026,5,2026-05-29,84.64270751589821,80.16003427510785,30,53.516985252941694,4
6014,8170,XD_8170_AZ_FLAGSTAFF.AVBV,2026,6,2026-06-01,89.51376884097144,83.33895565570863,31,59.45147528149825,4
6015,8170,XD_8170_AZ_FLAGSTAFF.AVBV,2026,6,2026-06-02,92.64946321759905,86.25834446021634,32,61.30933388404507,4
6016,8170,XD_8170_AZ_FLAGSTAFF.AVBV,2026,6,2026-06-03,92.24565170833043,85.88238856091786,32,61.30933388404507,4
6017,8170,XD_8170_AZ_FLAGSTAFF.AVBV,2026,6,2026-06-04,89.12362373897008,82.97572343148234,31,59.45147528149825,4
6018,8170,XD_8170_AZ_FLAGSTAFF.AVBV,2026,6,2026-06-05,91.08015144893102,84.7972865068711,30,57.59361667895143,4
6019,8170,XD_8170_AZ_FLAGSTAFF.AVBV,2026,6,2026-06-08,94.33167944711353,87.82451853120072,31,59.45147528149825,4
6020,8170,XD_8170_AZ_FLAGSTAFF.AVBV,2026,6,2026-06-09,87.55840157100133,81.51847297117132,32,61.30933388404507,4
6021,8170,XD_8170_AZ_FLAGSTAFF.AVBV,2026,6,2026-06-10,90.14449400179313,83.92617231398656,33,63.16719248659189,4
6022,8170,XD_8170_AZ_FLAGSTAFF.AVBV,2026,6,2026-06-11,88.7352013376024,82.61409507304762,31,59.45147528149825,4
6023,8170,XD_8170_AZ_FLAGSTAFF.AVBV,2026,6,2026-06-12,93.18774117515201,86.759491081745,29,55.73575807640461,4
6024,8170,XD_8170_AZ_FLAGSTAFF.AVBV,2026,6,2026-06-15,153.5434816042582,142.9517890970919,31,61.30933388404507,4
6025,8170,XD_8170_AZ_FLAGSTAFF.AVBV,2026,6,2026-06-16,81.98414662679036,76.32873968628944,31,63.16719248659189,4
6026,8170,XD_8170_AZ_FLAGSTAFF.AVBV,2026,6,2026-06-17,89.74855414345151,83.55754506564352,33,63.16719248659189,4
6027,8170,XD_8170_AZ_FLAGSTAFF.AVBV,2026,6,2026-06-18,88.33866778328306,82.2449150828929,33,65.02505108913871,4
6028,8170,XD_8170_AZ_FLAGSTAFF.AVBV,2026,6,2026-06-19,203.2737544907464,189.25158253106426,18,33.44145484584276,4
6029,8170,XD_8170_AZ_FLAGSTAFF.AVBV,2026,6,2026-06-22,89.74855414345151,83.55754506564352,33,63.16719248659189,4
6030,8170,XD_8170_AZ_FLAGSTAFF.AVBV,2026,6,2026-06-23,89.09197771435691,82.94626040388262,30,57.59361667895143,4
6031,8170,XD_8170_AZ_FLAGSTAFF.AVBV,2026,6,2026-06-24,87.17145693188621,81.15822043641636,33,65.02505108913871,4
6032,8170,XD_8170_AZ_FLAGSTAFF.AVBV,2026,6,2026-06-25,92.27263732637678,85.90751266478284,31,59.45147528149825,4
6033,8170,XD_8170_AZ_FLAGSTAFF.AVBV,2026,6,2026-06-26,87.17819305147444,81.16449188693088,31,59.45147528149825,4
6034,8170,XD_8170_AZ_FLAGSTAFF.AVBV,2026,6,2026-06-29,90.23216516858056,84.00779577343624,32,61.30933388404507,4
6035,8170,XD_8170_AZ_FLAGSTAFF.AVBV,2026,6,2026-06-30,90.23216516858056,84.00779577343624,32,61.30933388404507,4
6036,8170,XD_8170_AZ_KINGMAN.AVBV,2026,5,2026-05-01,35.049955532767555,40.6123884596642,26,23.407906758232023,4
6037,8170,XD_8170_AZ_KINGMAN.AVBV,2026,5,2026-05-04,35.049955532767555,40.6123884596642,26,23.407906758232023,4
6038,8170,XD_8170_AZ_KINGMAN.AVBV,2026,5,2026-05-05,35.049955532767555,40.6123884596642,26,23.407906758232023,4
6039,8170,XD_8170_AZ_KINGMAN.AVBV,2026,5,2026-05-06,35.208862720836294,40.79651424107489,26,23.407906758232023,4
6040,8170,XD_8170_AZ_KINGMAN.AVBV,2026,5,2026-05-07,35.208862720836294,40.79651424107489,26,23.407906758232023,4
6041,8170,XD_8170_AZ_KINGMAN.AVBV,2026,5,2026-05-08,35.208862720836294,40.79651424107489,26,23.407906758232023,4
6042,8170,XD_8170_AZ_KINGMAN.AVBV,2026,5,2026-05-11,35.208862720836294,40.79651424107489,26,23.407906758232023,4
6043,8170,XD_8170_AZ_KINGMAN.AVBV,2026,5,2026-05-12,35.208862720836294,40.79651424107489,26,23.407906758232023,4
6044,8170,XD_8170_AZ_KINGMAN.AVBV,2026,5,2026-05-13,35.38400039672852,40.999446291034495,25,22.507602652146176,4
6045,8170,XD_8170_AZ_KINGMAN.AVBV,2026,5,2026-05-14,35.35777313059027,40.96905675403078,26,23.407906758232023,4
6046,8170,XD_8170_AZ_KINGMAN.AVBV,2026,5,2026-05-15,35.35777313059027,40.96905675403078,26,23.407906758232023,4
6047,8170,XD_8170_AZ_KINGMAN.AVBV,2026,5,2026-05-18,35.35777313059027,40.96905675403078,26,23.407906758232023,4
6048,8170,XD_8170_AZ_KINGMAN.AVBV,2026,5,2026-05-19,35.38400039672852,40.999446291034495,25,22.507602652146176,4
6049,8170,XD_8170_AZ_KINGMAN.AVBV,2026,5,2026-05-20,35.11302938750296,40.685472144114755,27,24.308210864317868,4
6050,8170,XD_8170_AZ_KINGMAN.AVBV,2026,5,2026-05-21,35.11302938750296,40.685472144114755,27,24.308210864317868,4
6051,8170,XD_8170_AZ_KINGMAN.AVBV,2026,5,2026-05-22,35.208862720836294,40.79651424107489,26,23.407906758232023,4
6052,8170,XD_8170_AZ_KINGMAN.AVBV,2026,5,2026-05-26,35.16094605416963,40.74099319259482,27,24.308210864317868,4
6053,8170,XD_8170_AZ_KINGMAN.AVBV,2026,5,2026-05-27,35.208862720836294,40.79651424107489,26,23.407906758232023,4
6054,8170,XD_8170_AZ_KINGMAN.AVBV,2026,5,2026-05-28,35.11302938750296,40.685472144114755,27,24.308210864317868,4
6055,8170,XD_8170_AZ_KINGMAN.AVBV,2026,5,2026-05-29,35.208862720836294,40.79651424107489,26,23.407906758232023,4
6056,8170,XD_8170_AZ_KINGMAN.AVBV,2026,6,2026-06-01,35.208862720836294,41.67382917104249,26,22.765191752677,4
6057,8170,XD_8170_AZ_KINGMAN.AVBV,2026,6,2026-06-02,35.11302938750296,41.56039915218927,27,23.640776050856886,4
6058,8170,XD_8170_AZ_KINGMAN.AVBV,2026,6,2026-06-03,35.049955532767555,41.48574382837937,26,22.765191752677,4
6059,8170,XD_8170_AZ_KINGMAN.AVBV,2026,6,2026-06-04,34.95445554039695,41.372708357752444,27,23.640776050856886,4
6060,8170,XD_8170_AZ_KINGMAN.AVBV,2026,6,2026-06-05,34.95445554039695,41.372708357752444,27,23.640776050856886,4
6061,8170,XD_8170_AZ_KINGMAN.AVBV,2026,6,2026-06-08,35.049955532767555,41.48574382837937,26,22.765191752677,4
6062,8170,XD_8170_AZ_KINGMAN.AVBV,2026,6,2026-06-09,35.049955532767555,41.48574382837937,26,22.765191752677,4
6063,8170,XD_8170_AZ_KINGMAN.AVBV,2026,6,2026-06-10,34.80409089290735,41.19473411636528,27,23.640776050856886,4
6064,8170,XD_8170_AZ_KINGMAN.AVBV,2026,6,2026-06-11,34.970340915159746,41.3915105667142,25,21.889607454497117,4
6065,8170,XD_8170_AZ_KINGMAN.AVBV,2026,6,2026-06-12,34.899090905623005,41.30717780227895,26,22.765191752677,4
6066,8170,XD_8170_AZ_KINGMAN.AVBV,2026,6,2026-06-15,34.899090905623005,41.30717780227895,26,22.765191752677,4
6067,8170,XD_8170_AZ_KINGMAN.AVBV,2026,6,2026-06-16,37.367012002251364,44.228252618127456,25,21.889607454497117,4
6068,8170,XD_8170_AZ_KINGMAN.AVBV,2026,6,2026-06-17,34.74418266469782,41.12382568378855,26,22.765191752677,4
6069,8170,XD_8170_AZ_KINGMAN.AVBV,2026,6,2026-06-18,34.74418266469782,41.12382568378855,26,22.765191752677,4
6070,8170,XD_8170_AZ_KINGMAN.AVBV,2026,6,2026-06-19,34.841000819206236,41.23842135430567,23,20.13843885813735,4
6071,8170,XD_8170_AZ_KINGMAN.AVBV,2026,6,2026-06-22,34.74418266469782,41.12382568378855,26,22.765191752677,4
6072,8170,XD_8170_AZ_KINGMAN.AVBV,2026,6,2026-06-23,34.237879036412096,40.52455580446434,27,23.640776050856886,4
6073,8170,XD_8170_AZ_KINGMAN.AVBV,2026,6,2026-06-24,34.2845456903631,40.57979127685543,26,22.765191752677,4
6074,8170,XD_8170_AZ_KINGMAN.AVBV,2026,6,2026-06-25,34.2845456903631,40.57979127685543,26,22.765191752677,4
6075,8170,XD_8170_AZ_KINGMAN.AVBV,2026,6,2026-06-26,34.2845456903631,40.57979127685543,26,22.765191752677,4
6076,8170,XD_8170_AZ_KINGMAN.AVBV,2026,6,2026-06-29,34.2845456903631,40.57979127685543,26,22.765191752677,4
6077,8170,XD_8170_AZ_KINGMAN.AVBV,2026,6,2026-06-30,34.237879036412096,40.52455580446434,27,23.640776050856886,4
6078,8170,XD_8170_AZ_PRESCOTTVALLEY.AVBV,2026,5,2026-05-01,35.42761453715238,50.90446059584238,23,13.402795204992529,2
6079,8170,XD_8170_AZ_PRESCOTTVALLEY.AVBV,2026,5,2026-05-04,35.42761453715238,50.90446059584238,23,13.402795204992529,2
6080,8170,XD_8170_AZ_PRESCOTTVALLEY.AVBV,2026,5,2026-05-05,35.42761453715238,50.90446059584238,23,13.402795204992529,2
6081,8170,XD_8170_AZ_PRESCOTTVALLEY.AVBV,2026,5,2026-05-06,35.58783999356356,51.1346818664216,23,13.402795204992529,2
6082,8170,XD_8170_AZ_PRESCOTTVALLEY.AVBV,2026,5,2026-05-07,35.58783999356356,51.1346818664216,23,13.402795204992529,2
6083,8170,XD_8170_AZ_PRESCOTTVALLEY.AVBV,2026,5,2026-05-08,35.58783999356356,51.1346818664216,23,13.402795204992529,2
6084,8170,XD_8170_AZ_PRESCOTTVALLEY.AVBV,2026,5,2026-05-11,35.58783999356356,51.1346818664216,23,13.402795204992529,2
6085,8170,XD_8170_AZ_PRESCOTTVALLEY.AVBV,2026,5,2026-05-12,35.58783999356356,51.1346818664216,23,13.402795204992529,2
6086,8170,XD_8170_AZ_PRESCOTTVALLEY.AVBV,2026,5,2026-05-13,35.738068558953024,51.35053902155741,23,13.402795204992529,2
6087,8170,XD_8170_AZ_PRESCOTTVALLEY.AVBV,2026,5,2026-05-14,35.738068558953024,51.35053902155741,23,13.402795204992529,2
6088,8170,XD_8170_AZ_PRESCOTTVALLEY.AVBV,2026,5,2026-05-15,35.738068558953024,51.35053902155741,23,13.402795204992529,2
6089,8170,XD_8170_AZ_PRESCOTTVALLEY.AVBV,2026,5,2026-05-18,35.738068558953024,51.35053902155741,23,13.402795204992529,2
6090,8170,XD_8170_AZ_PRESCOTTVALLEY.AVBV,2026,5,2026-05-19,35.738068558953024,51.35053902155741,23,13.402795204992529,2
6091,8170,XD_8170_AZ_PRESCOTTVALLEY.AVBV,2026,5,2026-05-20,35.58783999356356,51.1346818664216,23,13.402795204992529,2
6092,8170,XD_8170_AZ_PRESCOTTVALLEY.AVBV,2026,5,2026-05-21,35.58783999356356,51.1346818664216,23,13.402795204992529,2
6093,8170,XD_8170_AZ_PRESCOTTVALLEY.AVBV,2026,5,2026-05-22,35.58783999356356,51.1346818664216,23,13.402795204992529,2
6094,8170,XD_8170_AZ_PRESCOTTVALLEY.AVBV,2026,5,2026-05-26,35.58783999356356,51.1346818664216,23,13.402795204992529,2
6095,8170,XD_8170_AZ_PRESCOTTVALLEY.AVBV,2026,5,2026-05-27,35.58783999356356,51.1346818664216,23,13.402795204992529,2
6096,8170,XD_8170_AZ_PRESCOTTVALLEY.AVBV,2026,5,2026-05-28,35.58783999356356,51.1346818664216,23,13.402795204992529,2
6097,8170,XD_8170_AZ_PRESCOTTVALLEY.AVBV,2026,5,2026-05-29,35.58783999356356,51.1346818664216,23,13.402795204992529,2
6098,8170,XD_8170_AZ_PRESCOTTVALLEY.AVBV,2026,6,2026-06-01,35.58783999356356,50.551696808297294,23,13.656835780705899,2
6099,8170,XD_8170_AZ_PRESCOTTVALLEY.AVBV,2026,6,2026-06-02,35.58783999356356,50.551696808297294,23,13.656835780705899,2
6100,8170,XD_8170_AZ_PRESCOTTVALLEY.AVBV,2026,6,2026-06-03,35.42761453715238,50.32410028389642,23,13.656835780705899,2
6101,8170,XD_8170_AZ_PRESCOTTVALLEY.AVBV,2026,6,2026-06-04,35.42761453715238,50.32410028389642,23,13.656835780705899,2
6102,8170,XD_8170_AZ_PRESCOTTVALLEY.AVBV,2026,6,2026-06-05,35.42761453715238,50.32410028389642,23,13.656835780705899,2
6103,8170,XD_8170_AZ_PRESCOTTVALLEY.AVBV,2026,6,2026-06-08,35.42761453715238,50.32410028389642,23,13.656835780705899,2
6104,8170,XD_8170_AZ_PRESCOTTVALLEY.AVBV,2026,6,2026-06-09,35.42761453715238,50.32410028389642,23,13.656835780705899,2
6105,8170,XD_8170_AZ_PRESCOTTVALLEY.AVBV,2026,6,2026-06-10,35.27477277408947,50.10699212371026,23,13.656835780705899,2
6106,8170,XD_8170_AZ_PRESCOTTVALLEY.AVBV,2026,6,2026-06-11,35.27477277408947,50.10699212371026,23,13.656835780705899,2
6107,8170,XD_8170_AZ_PRESCOTTVALLEY.AVBV,2026,6,2026-06-12,35.27477277408947,50.10699212371026,23,13.656835780705899,2
6108,8170,XD_8170_AZ_PRESCOTTVALLEY.AVBV,2026,6,2026-06-15,35.27477277408947,50.10699212371026,23,13.656835780705899,2
6109,8170,XD_8170_AZ_PRESCOTTVALLEY.AVBV,2026,6,2026-06-16,36.91496281190352,52.43684382346394,23,13.656835780705899,2
6110,8170,XD_8170_AZ_PRESCOTTVALLEY.AVBV,2026,6,2026-06-17,35.11818255077709,49.88455936315322,23,13.656835780705899,2
6111,8170,XD_8170_AZ_PRESCOTTVALLEY.AVBV,2026,6,2026-06-18,35.11818255077709,49.88455936315322,23,13.656835780705899,2
6112,8170,XD_8170_AZ_PRESCOTTVALLEY.AVBV,2026,6,2026-06-19,35.26004614396529,50.08607328904146,21,12.469284843253213,2
6113,8170,XD_8170_AZ_PRESCOTTVALLEY.AVBV,2026,6,2026-06-22,35.11818255077709,49.88455936315322,23,13.656835780705899,2
6114,8170,XD_8170_AZ_PRESCOTTVALLEY.AVBV,2026,6,2026-06-23,34.65363649888472,49.22468252957742,23,13.656835780705899,2
6115,8170,XD_8170_AZ_PRESCOTTVALLEY.AVBV,2026,6,2026-06-24,34.65363649888472,49.22468252957742,23,13.656835780705899,2
6116,8170,XD_8170_AZ_PRESCOTTVALLEY.AVBV,2026,6,2026-06-25,34.65363649888472,49.22468252957742,23,13.656835780705899,2
6117,8170,XD_8170_AZ_PRESCOTTVALLEY.AVBV,2026,6,2026-06-26,34.65363649888472,49.22468252957742,23,13.656835780705899,2
6118,8170,XD_8170_AZ_PRESCOTTVALLEY.AVBV,2026,6,2026-06-29,34.65363649888472,49.22468252957742,23,13.656835780705899,2
6119,8170,XD_8170_AZ_PRESCOTTVALLEY.AVBV,2026,6,2026-06-30,34.65363649888472,49.22468252957742,23,13.656835780705899,2
6120,8170,XD_8170_AZ_TUCSON.DSOA,2026,5,2026-05-01,33.822063569192785,29.955404828816157,139,75.54137851450027,13
6121,8170,XD_8170_AZ_TUCSON.DSOA,2026,5,2026-05-04,34.19012743435103,30.28139032231268,139,74.49219270179887,13
6122,8170,XD_8170_AZ_TUCSON.DSOA,2026,5,2026-05-05,33.488707894928055,29.660159562241745,139,74.49219270179887,13
6123,8170,XD_8170_AZ_TUCSON.DSOA,2026,5,2026-05-06,33.93856843395151,30.058590442586713,137,73.96759979544818,13
6124,8170,XD_8170_AZ_TUCSON.DSOA,2026,5,2026-05-07,33.41750220170573,29.597094357416868,136,74.49219270179887,13
6125,8170,XD_8170_AZ_TUCSON.DSOA,2026,5,2026-05-08,33.78085335529491,29.918905913311853,139,75.01678560814958,13
6126,8170,XD_8170_AZ_TUCSON.DSOA,2026,5,2026-05-11,34.243436421987674,30.328604836660773,140,75.54137851450027,13
6127,8170,XD_8170_AZ_TUCSON.DSOA,2026,5,2026-05-12,34.41473884163322,30.480323353721108,141,75.01678560814958,13
6128,8170,XD_8170_AZ_TUCSON.DSOA,2026,5,2026-05-13,33.84605625727631,29.97665458736513,141,76.06597142085097,13
6129,8170,XD_8170_AZ_TUCSON.DSOA,2026,5,2026-05-14,34.77659039827871,30.80080675193475,140,75.01678560814958,13
6130,8170,XD_8170_AZ_TUCSON.DSOA,2026,5,2026-05-15,34.43481192145791,30.49810160758428,140,75.01678560814958,13
6131,8170,XD_8170_AZ_TUCSON.DSOA,2026,5,2026-05-18,34.063612685657155,30.169339190181493,141,76.59056432720166,13
6132,8170,XD_8170_AZ_TUCSON.DSOA,2026,5,2026-05-19,33.63788722888738,29.79228418354708,139,75.54137851450027,13
6133,8170,XD_8170_AZ_TUCSON.DSOA,2026,5,2026-05-20,33.77250797894831,29.9115146101053,139,75.01678560814958,13
6134,8170,XD_8170_AZ_TUCSON.DSOA,2026,5,2026-05-21,34.49987337017366,30.555724999812927,140,74.49219270179887,13
6135,8170,XD_8170_AZ_TUCSON.DSOA,2026,5,2026-05-22,33.71389745310444,29.85960464827547,139,76.06597142085097,13
6136,8170,XD_8170_AZ_TUCSON.DSOA,2026,5,2026-05-26,33.79411070347056,29.93064763423748,139,75.01678560814958,13
6137,8170,XD_8170_AZ_TUCSON.DSOA,2026,5,2026-05-27,33.255648664973506,29.453744493329754,141,76.06597142085097,13
6138,8170,XD_8170_AZ_TUCSON.DSOA,2026,5,2026-05-28,34.14610570917543,30.242401317511117,139,75.01678560814958,13
6139,8170,XD_8170_AZ_TUCSON.DSOA,2026,5,2026-05-29,32.8111087197905,29.060025937591888,141,75.54137851450027,13
6140,8170,XD_8170_AZ_TUCSON.DSOA,2026,6,2026-06-01,34.157425493902394,30.608179271763657,138,73.83182917471308,13
6141,8170,XD_8170_AZ_TUCSON.DSOA,2026,6,2026-06-02,34.25745975272357,30.697819122631902,138,73.31188671573622,13
6142,8170,XD_8170_AZ_TUCSON.DSOA,2026,6,2026-06-03,33.2376506438728,29.783976829914195,140,73.83182917471308,13
6143,8170,XD_8170_AZ_TUCSON.DSOA,2026,6,2026-06-04,33.47087511805172,29.99296730308395,138,73.31188671573622,13
6144,8170,XD_8170_AZ_TUCSON.DSOA,2026,6,2026-06-05,34.25836709018361,30.69863218003407,137,72.79194425675936,13
6145,8170,XD_8170_AZ_TUCSON.DSOA,2026,6,2026-06-08,33.637222421938695,30.14202971118775,139,74.35177163368994,13
6146,8170,XD_8170_AZ_TUCSON.DSOA,2026,6,2026-06-09,34.79367267340037,31.178314972848757,137,71.75205933880567,13
6147,8170,XD_8170_AZ_TUCSON.DSOA,2026,6,2026-06-10,32.63700638733988,29.24574460612448,138,73.83182917471308,13
6148,8170,XD_8170_AZ_TUCSON.DSOA,2026,6,2026-06-11,33.07493331560166,29.63816721217136,140,74.87171409266678,13
6149,8170,XD_8170_AZ_TUCSON.DSOA,2026,6,2026-06-12,34.02006545806251,30.48509210869531,140,73.83182917471308,13
6150,8170,XD_8170_AZ_TUCSON.DSOA,2026,6,2026-06-15,33.2941433098859,29.83459942877422,138,73.83182917471308,13
6151,8170,XD_8170_AZ_TUCSON.DSOA,2026,6,2026-06-16,32.039651266122476,28.710459748593504,140,80.0711386824353,13
6152,8170,XD_8170_AZ_TUCSON.DSOA,2026,6,2026-06-17,32.679138882142304,29.28349917736139,134,71.75205933880567,13
6153,8170,XD_8170_AZ_TUCSON.DSOA,2026,6,2026-06-18,33.048611114143945,29.614580110702335,139,75.39165655164363,13
6154,8170,XD_8170_AZ_TUCSON.DSOA,2026,6,2026-06-19,33.55927911171546,30.072185371989136,126,67.072577208014,13
6155,8170,XD_8170_AZ_TUCSON.DSOA,2026,6,2026-06-22,31.306283764571994,28.0532953506634,134,73.31188671573622,13
6156,8170,XD_8170_AZ_TUCSON.DSOA,2026,6,2026-06-23,33.035172785521496,29.60253813840375,124,68.1124621259677,13
6157,8170,XD_8170_AZ_TUCSON.DSOA,2026,6,2026-06-24,32.89193015313588,29.47417963046523,137,72.79194425675936,13
6158,8170,XD_8170_AZ_TUCSON.DSOA,2026,6,2026-06-25,32.298973093340884,28.9428358384718,138,74.87171409266678,13
6159,8170,XD_8170_AZ_TUCSON.DSOA,2026,6,2026-06-26,32.76387517475264,29.359430650460993,140,75.39165655164363,13
6160,8170,XD_8170_AZ_TUCSON.DSOA,2026,6,2026-06-29,33.33191376890589,29.868445216744018,137,74.87171409266678,13
6161,8170,XD_8170_AZ_TUCSON.DSOA,2026,6,2026-06-30,30.581341854270356,27.403681053587984,136,76.43154146959733,13
6162,8170,XD_8170_AZ_WHITEMOUNTAIN.DSOA,2026,5,2026-05-01,31.051665987287247,24.89942772203238,27,59.11023008572178,6
6163,8170,XD_8170_AZ_WHITEMOUNTAIN.DSOA,2026,5,2026-05-04,30.613521152072483,24.548092123463263,28,61.14851388178115,6
6164,8170,XD_8170_AZ_WHITEMOUNTAIN.DSOA,2026,5,2026-05-05,31.339166086186808,25.129965688515643,29,61.14851388178115,6
6165,8170,XD_8170_AZ_WHITEMOUNTAIN.DSOA,2026,5,2026-05-06,30.04764509957934,24.09433257721378,28,59.11023008572178,6
6166,8170,XD_8170_AZ_WHITEMOUNTAIN.DSOA,2026,5,2026-05-07,33.045721726947356,26.498403016423932,29,61.14851388178115,6
6167,8170,XD_8170_AZ_WHITEMOUNTAIN.DSOA,2026,5,2026-05-08,31.83542282366879,25.527899531149497,28,59.11023008572178,6
6168,8170,XD_8170_AZ_WHITEMOUNTAIN.DSOA,2026,5,2026-05-11,31.70264504447816,25.421428892266466,28,59.11023008572178,6
6169,8170,XD_8170_AZ_WHITEMOUNTAIN.DSOA,2026,5,2026-05-12,31.284205864346216,25.085894685308702,29,61.14851388178115,6
6170,8170,XD_8170_AZ_WHITEMOUNTAIN.DSOA,2026,5,2026-05-13,30.02400757206811,24.075378331472688,27,59.110230085721774,6
6171,8170,XD_8170_AZ_WHITEMOUNTAIN.DSOA,2026,5,2026-05-14,30.865340821705164,24.750018991592402,28,61.14851388178115,6
6172,8170,XD_8170_AZ_WHITEMOUNTAIN.DSOA,2026,5,2026-05-15,32.07382219809073,25.719065054919696,27,55.03366249360303,6
6173,8170,XD_8170_AZ_WHITEMOUNTAIN.DSOA,2026,5,2026-05-18,31.325951949629204,25.11936965678389,28,59.11023008572178,6
6174,8170,XD_8170_AZ_WHITEMOUNTAIN.DSOA,2026,5,2026-05-19,30.33821717015019,24.32733386842251,29,63.18679767784052,6
6175,8170,XD_8170_AZ_WHITEMOUNTAIN.DSOA,2026,5,2026-05-20,32.47851802684642,26.04357886817647,29,59.11023008572178,6
6176,8170,XD_8170_AZ_WHITEMOUNTAIN.DSOA,2026,5,2026-05-21,30.30866031293516,24.303633084373843,28,61.14851388178115,6
6177,8170,XD_8170_AZ_WHITEMOUNTAIN.DSOA,2026,5,2026-05-22,31.836904308783314,25.52908749096929,28,59.11023008572178,6
6178,8170,XD_8170_AZ_WHITEMOUNTAIN.DSOA,2026,5,2026-05-26,30.389863375903797,24.368747458527647,28,59.11023008572178,7
6179,8170,XD_8170_AZ_WHITEMOUNTAIN.DSOA,2026,5,2026-05-27,32.93513831827376,26.409729397666997,28,57.07194628966241,6
6180,8170,XD_8170_AZ_WHITEMOUNTAIN.DSOA,2026,5,2026-05-28,29.503846613566083,23.658276389330613,30,65.22508147389989,6
6181,8170,XD_8170_AZ_WHITEMOUNTAIN.DSOA,2026,5,2026-05-29,30.68259528831199,24.60348066408011,29,61.14851388178115,6
6182,8170,XD_8170_AZ_WHITEMOUNTAIN.DSOA,2026,6,2026-06-01,31.252803610746195,25.832749559116206,28,55.9798174820795,6
6183,8170,XD_8170_AZ_WHITEMOUNTAIN.DSOA,2026,6,2026-06-02,30.789748292751412,25.450000151710626,29,57.91015601594431,6
6184,8170,XD_8170_AZ_WHITEMOUNTAIN.DSOA,2026,6,2026-06-03,29.732367826517294,24.575997130633336,28,57.91015601594431,6
6185,8170,XD_8170_AZ_WHITEMOUNTAIN.DSOA,2026,6,2026-06-04,30.49347890937139,25.205111632964798,28,57.91015601594431,6
6186,8170,XD_8170_AZ_WHITEMOUNTAIN.DSOA,2026,6,2026-06-05,30.741058314288107,25.409754289760215,28,55.9798174820795,6
6187,8170,XD_8170_AZ_WHITEMOUNTAIN.DSOA,2026,6,2026-06-08,31.754391680318843,26.247349130549708,28,55.9798174820795,6
6188,8170,XD_8170_AZ_WHITEMOUNTAIN.DSOA,2026,6,2026-06-09,33.54421299475211,27.726768588310758,29,55.9798174820795,6
6189,8170,XD_8170_AZ_WHITEMOUNTAIN.DSOA,2026,6,2026-06-10,31.295635465591673,25.868153249394897,28,55.9798174820795,6
6190,8170,XD_8170_AZ_WHITEMOUNTAIN.DSOA,2026,6,2026-06-11,30.918413227828093,25.556351219802732,28,55.9798174820795,6
6191,8170,XD_8170_AZ_WHITEMOUNTAIN.DSOA,2026,6,2026-06-12,31.927460872307027,26.390403595317533,28,55.9798174820795,6
6192,8170,XD_8170_AZ_WHITEMOUNTAIN.DSOA,2026,6,2026-06-15,30.482202914026047,25.195791190312224,27,55.9798174820795,6
6193,8170,XD_8170_AZ_WHITEMOUNTAIN.DSOA,2026,6,2026-06-16,37.790397492666095,31.236553568967555,28,55.9798174820795,6
6194,8170,XD_8170_AZ_WHITEMOUNTAIN.DSOA,2026,6,2026-06-17,29.96650846168478,24.76953165205509,28,55.9798174820795,6
6195,8170,XD_8170_AZ_WHITEMOUNTAIN.DSOA,2026,6,2026-06-18,37.18738167374222,30.738116474348328,28,55.9798174820795,6
6196,8170,XD_8170_AZ_WHITEMOUNTAIN.DSOA,2026,6,2026-06-19,37.71980215254284,31.17820130834613,23,46.32812481275545,6
6197,8170,XD_8170_AZ_WHITEMOUNTAIN.DSOA,2026,6,2026-06-22,31.217857698914866,25.80386418295292,28,55.9798174820795,6
6198,8170,XD_8170_AZ_WHITEMOUNTAIN.DSOA,2026,6,2026-06-23,31.151666685386942,25.749152423431195,29,55.9798174820795,6
6199,8170,XD_8170_AZ_WHITEMOUNTAIN.DSOA,2026,6,2026-06-24,30.199603176621533,24.96220164318652,28,55.9798174820795,6
6200,8170,XD_8170_AZ_WHITEMOUNTAIN.DSOA,2026,6,2026-06-25,31.44000001433034,25.987481207271248,29,55.9798174820795,6
6201,8170,XD_8170_AZ_WHITEMOUNTAIN.DSOA,2026,6,2026-06-26,30.267103202128535,25.01799539775249,28,57.91015601594431,6
6202,8170,XD_8170_AZ_WHITEMOUNTAIN.DSOA,2026,6,2026-06-29,29.850343971656113,24.673513124695162,29,59.84049454980912,6
6203,8170,XD_8170_AZ_WHITEMOUNTAIN.DSOA,2026,6,2026-06-30,30.63414655412946,25.321383826761082,29,57.91015601594431,6
6204,8170,XD_8170_AZ_YUMA.AVBV,2026,5,2026-05-01,46.97482228279114,55.5399748099652,22,16.269443233466305,4
6205,8170,XD_8170_AZ_YUMA.AVBV,2026,5,2026-05-04,46.96800085703532,55.531909599790154,22,16.269443233466305,4
6206,8170,XD_8170_AZ_YUMA.AVBV,2026,5,2026-05-05,46.97482228279114,55.5399748099652,21,15.529923086490564,4
6207,8170,XD_8170_AZ_YUMA.AVBV,2026,5,2026-05-06,47.173333676656085,55.774681771672846,22,16.269443233466305,4
6208,8170,XD_8170_AZ_YUMA.AVBV,2026,5,2026-05-07,47.15736145443387,55.75579725488764,26,19.22752382136927,4
6209,8170,XD_8170_AZ_YUMA.AVBV,2026,5,2026-05-08,47.18017891475132,55.782775136009356,21,15.529923086490564,4
6210,8170,XD_8170_AZ_YUMA.AVBV,2026,5,2026-05-11,47.173333676656085,55.774681771672846,22,16.269443233466305,4
6211,8170,XD_8170_AZ_YUMA.AVBV,2026,5,2026-05-12,47.173333676656085,55.774681771672846,22,16.269443233466305,4
6212,8170,XD_8170_AZ_YUMA.AVBV,2026,5,2026-05-13,47.3855345249176,56.02557425395085,21,15.529923086490564,4
6213,8170,XD_8170_AZ_YUMA.AVBV,2026,5,2026-05-14,47.3626377052731,55.99850254352205,26,19.22752382136927,4
6214,8170,XD_8170_AZ_YUMA.AVBV,2026,5,2026-05-15,47.3855345249176,56.02557425395085,22,16.269443233466305,4
6215,8170,XD_8170_AZ_YUMA.AVBV,2026,5,2026-05-18,47.37866547902425,56.01745274082221,22,16.269443233466305,4
6216,8170,XD_8170_AZ_YUMA.AVBV,2026,5,2026-05-19,47.3855345249176,56.02557425395085,22,16.269443233466305,4
6217,8170,XD_8170_AZ_YUMA.AVBV,2026,5,2026-05-20,47.18017891475132,55.782775136009356,21,15.529923086490564,4
6218,8170,XD_8170_AZ_YUMA.AVBV,2026,5,2026-05-21,47.15736145443387,55.75579725488764,25,18.48800367439353,4
6219,8170,XD_8170_AZ_YUMA.AVBV,2026,5,2026-05-22,47.18017891475132,55.782775136009356,22,16.269443233466305,4
6220,8170,XD_8170_AZ_YUMA.AVBV,2026,5,2026-05-26,47.173333676656085,55.774681771672846,22,16.269443233466305,4
6221,8170,XD_8170_AZ_YUMA.AVBV,2026,5,2026-05-27,47.18017891475132,55.782775136009356,22,16.269443233466305,4
6222,8170,XD_8170_AZ_YUMA.AVBV,2026,5,2026-05-28,47.15736145443387,55.75579725488764,25,18.48800367439353,4
6223,8170,XD_8170_AZ_YUMA.AVBV,2026,5,2026-05-29,47.18017891475132,55.782775136009356,22,16.269443233466305,4
6224,8170,XD_8170_AZ_YUMA.AVBV,2026,6,2026-06-01,47.173333676656085,56.73875121856415,22,15.916809588193466,4
6225,8170,XD_8170_AZ_YUMA.AVBV,2026,6,2026-06-02,47.18017891475132,56.74698447729416,21,15.193318243275582,4
6226,8170,XD_8170_AZ_YUMA.AVBV,2026,6,2026-06-03,46.97482228279114,56.49998732988592,21,15.193318243275582,4
6227,8170,XD_8170_AZ_YUMA.AVBV,2026,6,2026-06-04,46.95208419693841,56.472638603479865,26,18.810774967865008,4
6228,8170,XD_8170_AZ_YUMA.AVBV,2026,6,2026-06-05,46.97482228279114,56.49998732988592,21,15.193318243275582,4
6229,8170,XD_8170_AZ_YUMA.AVBV,2026,6,2026-06-08,46.97482228279114,56.49998732988592,21,15.193318243275582,4
6230,8170,XD_8170_AZ_YUMA.AVBV,2026,6,2026-06-09,46.97482228279114,56.49998732988592,21,15.193318243275582,4
6231,8170,XD_8170_AZ_YUMA.AVBV,2026,6,2026-06-10,46.76928527014596,56.25277322569272,22,15.916809588193468,4
6232,8170,XD_8170_AZ_YUMA.AVBV,2026,6,2026-06-11,46.746666219499375,56.22556767146512,25,18.087283622947123,4
6233,8170,XD_8170_AZ_YUMA.AVBV,2026,6,2026-06-12,46.76928527014596,56.25277322569272,21,15.193318243275582,4
6234,8170,XD_8170_AZ_YUMA.AVBV,2026,6,2026-06-15,46.76928527014596,56.25277322569272,21,15.193318243275582,4
6235,8170,XD_8170_AZ_YUMA.AVBV,2026,6,2026-06-16,76.95312401226589,92.55704056768649,20,14.469826898357699,4
6236,8170,XD_8170_AZ_YUMA.AVBV,2026,6,2026-06-17,46.561428104128154,56.00276850665976,21,15.193318243275582,4
6237,8170,XD_8170_AZ_YUMA.AVBV,2026,6,2026-06-18,46.538888427946304,55.97565842179286,25,18.087283622947123,4
6238,8170,XD_8170_AZ_YUMA.AVBV,2026,6,2026-06-19,46.56923029972957,56.012152766806004,19,13.746335553439813,4
6239,8170,XD_8170_AZ_YUMA.AVBV,2026,6,2026-06-22,46.554666201273605,55.994635481199694,22,15.916809588193466,4
6240,8170,XD_8170_AZ_YUMA.AVBV,2026,6,2026-06-23,45.950000354221885,55.26736050628718,21,15.193318243275582,4
6241,8170,XD_8170_AZ_YUMA.AVBV,2026,6,2026-06-24,45.950000354221885,55.26736050628718,21,15.193318243275582,4
6242,8170,XD_8170_AZ_YUMA.AVBV,2026,6,2026-06-25,45.92777813805474,55.24063225334506,25,18.087283622947123,4
6243,8170,XD_8170_AZ_YUMA.AVBV,2026,6,2026-06-26,45.950000354221885,55.26736050628718,22,15.916809588193468,4
6244,8170,XD_8170_AZ_YUMA.AVBV,2026,6,2026-06-29,45.94333368937174,55.25934203040455,22,15.916809588193466,4
6245,8170,XD_8170_AZ_YUMA.AVBV,2026,6,2026-06-30,45.94333368937174,55.25934203040455,22,15.916809588193466,4
6246,8170,XD_8170_NV_LASVEGAS.YZER,2026,5,2026-05-01,44.783491442685225,48.06681139863401,133,60.23626507434514,12
6247,8170,XD_8170_NV_LASVEGAS.YZER,2026,5,2026-05-04,85.5896916341149,91.864734814378,118,53.097152176644975,12
6248,8170,XD_8170_NV_LASVEGAS.YZER,2026,5,2026-05-05,56.050751647901166,60.16013538514309,137,62.02104329877018,12
6249,8170,XD_8170_NV_LASVEGAS.YZER,2026,5,2026-05-06,56.808813858011405,60.973775235632054,134,61.12865418655766,12
6250,8170,XD_8170_NV_LASVEGAS.YZER,2026,5,2026-05-07,55.96193088061585,60.0648026870472,137,62.02104329877018,12
6251,8170,XD_8170_NV_LASVEGAS.YZER,2026,5,2026-05-08,55.323402257773445,59.379460077570776,137,62.02104329877018,12
6252,8170,XD_8170_NV_LASVEGAS.YZER,2026,5,2026-05-11,55.55510552932872,59.62815076906247,129,58.4514868499201,12
6253,8170,XD_8170_NV_LASVEGAS.YZER,2026,5,2026-05-12,52.65358799839067,56.51390729593083,140,64.25201607930148,12
6254,8170,XD_8170_NV_LASVEGAS.YZER,2026,5,2026-05-13,53.48450175533588,57.4057398341493,137,62.9134324109827,12
6255,8170,XD_8170_NV_LASVEGAS.YZER,2026,5,2026-05-14,53.00484249418387,56.890914158466806,138,62.467237854876444,12
6256,8170,XD_8170_NV_LASVEGAS.YZER,2026,5,2026-05-15,54.927829248326994,58.95488547146203,133,60.6824596304514,12
6257,8170,XD_8170_NV_LASVEGAS.YZER,2026,5,2026-05-18,57.3552482654728,61.56027170473354,130,58.89768140602636,12
6258,8170,XD_8170_NV_LASVEGAS.YZER,2026,5,2026-05-19,55.77707706317719,59.86639623652484,135,61.57484874266392,12
6259,8170,XD_8170_NV_LASVEGAS.YZER,2026,5,2026-05-20,55.70990540891893,59.79429986501486,132,60.23626507434514,12
6260,8170,XD_8170_NV_LASVEGAS.YZER,2026,5,2026-05-21,56.73706465314266,60.896765708520014,135,61.12865418655766,12
6261,8170,XD_8170_NV_LASVEGAS.YZER,2026,5,2026-05-22,56.98446123658132,61.1623002734619,128,58.89768140602636,12
6262,8170,XD_8170_NV_LASVEGAS.YZER,2026,5,2026-05-26,62.44541455024552,67.02362560850379,124,56.2205140693888,12
6263,8170,XD_8170_NV_LASVEGAS.YZER,2026,5,2026-05-27,82.53130551734687,88.58212187101175,132,60.23626507434514,12
6264,8170,XD_8170_NV_LASVEGAS.YZER,2026,5,2026-05-28,59.18711582241755,63.526443379392504,138,62.467237854876444,12
6265,8170,XD_8170_NV_LASVEGAS.YZER,2026,5,2026-05-29,59.70916566920746,64.08676752380298,135,61.12865418655766,12
6266,8170,XD_8170_NV_LASVEGAS.YZER,2026,6,2026-06-01,57.227146415742176,62.69001549071212,130,55.45707547848195,12
6267,8170,XD_8170_NV_LASVEGAS.YZER,2026,6,2026-06-02,56.69148766254866,62.103223074199114,137,58.8181103559657,12
6268,8170,XD_8170_NV_LASVEGAS.YZER,2026,6,2026-06-03,56.66747557300163,62.07691880498513,135,57.55772227690929,12
6269,8170,XD_8170_NV_LASVEGAS.YZER,2026,6,2026-06-04,71.7829431103165,78.63529980793795,128,54.61681675911101,12
6270,8170,XD_8170_NV_LASVEGAS.YZER,2026,6,2026-06-05,57.74450865993864,63.25676482445251,128,55.03694611879648,12
6271,8170,XD_8170_NV_LASVEGAS.YZER,2026,6,2026-06-08,56.581881853628886,61.98315436049574,134,57.13759291722382,12
6272,8170,XD_8170_NV_LASVEGAS.YZER,2026,6,2026-06-09,55.85968989798338,61.19202239389762,142,60.49862779470758,12
6273,8170,XD_8170_NV_LASVEGAS.YZER,2026,6,2026-06-10,56.54368282203242,61.941308872252876,132,56.71746355753835,12
6274,8170,XD_8170_NV_LASVEGAS.YZER,2026,6,2026-06-11,58.938560955469036,64.56480063598356,128,54.61681675911101,12
6275,8170,XD_8170_NV_LASVEGAS.YZER,2026,6,2026-06-12,56.65330850983543,62.06139936246575,131,56.71746355753835,12
6276,8170,XD_8170_NV_LASVEGAS.YZER,2026,6,2026-06-15,43.46737752286268,47.61674731171467,134,57.13759291722382,12
6277,8170,XD_8170_NV_LASVEGAS.YZER,2026,6,2026-06-22,58.22298738585349,63.780918842576455,129,54.61681675911101,12
6278,8170,XD_8170_NV_LASVEGAS.YZER,2026,6,2026-06-23,55.492802337951694,60.79011196742545,139,60.078498435022105,12
6279,8170,XD_8170_NV_LASVEGAS.YZER,2026,6,2026-06-24,56.97986890662716,62.41913301888122,133,56.71746355753835,12
6280,8170,XD_8170_NV_LASVEGAS.YZER,2026,6,2026-06-25,57.016734779281364,62.45951808562876,138,58.8181103559657,12
6281,8170,XD_8170_NV_LASVEGAS.YZER,2026,6,2026-06-26,57.01714671688175,62.459969346545414,133,56.71746355753835,12
6282,8170,XD_8170_NV_LASVEGAS.YZER,2026,6,2026-06-29,55.61320269786413,60.92200567348524,138,59.65836907533664,12
6283,8170,XD_8170_NV_LASVEGAS.YZER,2026,6,2026-06-30,55.1052277874328,60.36553978276117,142,61.33888651407852,12
6284,8173,XD_8173_OR_BEND.DSOA,2026,5,2026-05-01,103.92957756973448,139.5447078620465,30,22.81588596533837,8
6285,8173,XD_8173_OR_BEND.DSOA,2026,5,2026-05-04,64.28632743991152,86.31630178720866,28,21.294826900982482,7
6286,8173,XD_8173_OR_BEND.DSOA,2026,5,2026-05-05,104.59062500794728,140.43228648793348,37,28.139592690583992,8
6287,8173,XD_8173_OR_BEND.DSOA,2026,5,2026-05-06,104.4104160308838,140.19032255767917,29,22.055356433160426,8
6288,8173,XD_8173_OR_BEND.DSOA,2026,5,2026-05-07,104.37433919349274,140.14188272128183,31,23.576415497516315,8
6289,8173,XD_8173_OR_BEND.DSOA,2026,5,2026-05-08,105.45229858415468,141.5892428643185,33,25.097474561872207,8
6290,8173,XD_8173_OR_BEND.DSOA,2026,5,2026-05-11,104.41714222090584,140.19935371361765,29,22.055356433160426,8
6291,8173,XD_8173_OR_BEND.DSOA,2026,5,2026-05-12,65.30440312340146,87.683256961627,36,27.379063158406048,7
6292,8173,XD_8173_OR_BEND.DSOA,2026,5,2026-05-13,104.87393036910466,140.8126764094833,29,22.055356433160426,8
6293,8173,XD_8173_OR_BEND.DSOA,2026,5,2026-05-14,104.8502637091137,140.78089953487518,30,22.81588596533837,8
6294,8173,XD_8173_OR_BEND.DSOA,2026,5,2026-05-15,104.85702561196827,140.78997864190606,30,22.81588596533837,8
6295,8173,XD_8173_OR_BEND.DSOA,2026,5,2026-05-18,104.87393036910466,140.8126764094833,29,22.055356433160426,8
6296,8173,XD_8173_OR_BEND.DSOA,2026,5,2026-05-19,105.5129551101517,141.67068548535195,36,27.379063158406044,8
6297,8173,XD_8173_OR_BEND.DSOA,2026,5,2026-05-20,104.83090007821203,140.7549002738322,31,23.576415497516315,8
6298,8173,XD_8173_OR_BEND.DSOA,2026,5,2026-05-21,64.82744284389781,87.04284944317557,29,22.055356433160426,7
6299,8173,XD_8173_OR_BEND.DSOA,2026,5,2026-05-22,104.87393036910466,140.8126764094833,29,22.055356433160426,8
6300,8173,XD_8173_OR_BEND.DSOA,2026,5,2026-05-26,64.82744284389781,87.04284944317557,29,22.055356433160426,7
6301,8173,XD_8173_OR_BEND.DSOA,2026,5,2026-05-27,105.5300667436866,141.6936610228121,35,26.6185336262281,8
6302,8173,XD_8173_OR_BEND.DSOA,2026,5,2026-05-28,104.44656930225236,140.2388650208485,28,21.29482690098248,8
6303,8173,XD_8173_OR_BEND.DSOA,2026,5,2026-05-29,104.41714222090584,140.19935371361765,29,22.055356433160426,8
6304,8173,XD_8173_OR_BEND.DSOA,2026,6,2026-06-01,64.60750672768573,83.72994922598592,27,20.969254600360195,7
6305,8173,XD_8173_OR_BEND.DSOA,2026,6,2026-06-02,105.44564882811014,136.6553094161642,33,25.629088955995794,8
6306,8173,XD_8173_OR_BEND.DSOA,2026,6,2026-06-03,104.41714222090584,135.3223868137988,29,22.522532718905396,8
6307,8173,XD_8173_OR_BEND.DSOA,2026,6,2026-06-04,104.35752371843759,135.2451225075683,32,24.852449896723193,8
6308,8173,XD_8173_OR_BEND.DSOA,2026,6,2026-06-05,64.5469710174872,83.65149623812111,29,22.522532718905396,7
6309,8173,XD_8173_OR_BEND.DSOA,2026,6,2026-06-08,104.41714222090584,135.3223868137988,29,22.522532718905396,8
6310,8173,XD_8173_OR_BEND.DSOA,2026,6,2026-06-09,105.39079275039526,136.58421711072725,37,28.735645193086192,8
6311,8173,XD_8173_OR_BEND.DSOA,2026,6,2026-06-10,103.51791496362004,134.15700748856787,28,21.745893659632795,8
6312,8173,XD_8173_OR_BEND.DSOA,2026,6,2026-06-11,103.51791496362004,134.15700748856787,28,21.745893659632795,8
6313,8173,XD_8173_OR_BEND.DSOA,2026,6,2026-06-12,103.51791496362004,134.15700748856787,28,21.745893659632795,8
6314,8173,XD_8173_OR_BEND.DSOA,2026,6,2026-06-15,93.77928376976324,121.53594939961968,26,20.192615541087594,7
6315,8173,XD_8173_OR_BEND.DSOA,2026,6,2026-06-16,110.38005733253463,143.0501974788959,36,30.288923311631393,8
6316,8173,XD_8173_OR_BEND.DSOA,2026,6,2026-06-17,102.98914434951105,133.47173206294048,31,24.075810837450597,8
6317,8173,XD_8173_OR_BEND.DSOA,2026,6,2026-06-18,103.0313413313457,133.5264184504124,29,22.522532718905396,8
6318,8173,XD_8173_OR_BEND.DSOA,2026,6,2026-06-19,103.0711270570755,133.57797990145733,27,20.969254600360195,8
6319,8173,XD_8173_OR_BEND.DSOA,2026,6,2026-06-22,63.717245666348205,82.57618989925861,28,21.745893659632795,7
6320,8173,XD_8173_OR_BEND.DSOA,2026,6,2026-06-23,102.73029346718933,133.13626684640997,36,27.959006133813595,8
6321,8173,XD_8173_OR_BEND.DSOA,2026,6,2026-06-24,102.10374988828387,132.32427974604502,29,22.522532718905396,8
6322,8173,XD_8173_OR_BEND.DSOA,2026,6,2026-06-25,102.10374988828387,132.32427974604502,29,22.522532718905396,8
6323,8173,XD_8173_OR_BEND.DSOA,2026,6,2026-06-26,102.10374988828387,132.32427974604502,30,23.299171778177993,8
6324,8173,XD_8173_OR_BEND.DSOA,2026,6,2026-06-29,102.10374988828387,132.32427974604502,29,22.522532718905396,8
6325,8173,XD_8173_OR_BEND.DSOA,2026,6,2026-06-30,102.25187667210896,132.51624889509392,37,28.735645193086192,8
6326,8173,XD_8173_OR_CENTRALPOINT.DSOA,2026,5,2026-05-01,42.6621346923696,47.706995402253035,38,31.793393052432393,11
6327,8173,XD_8173_OR_CENTRALPOINT.DSOA,2026,5,2026-05-04,39.0888471966698,43.71116135978146,39,31.793393052432393,11
6328,8173,XD_8173_OR_CENTRALPOINT.DSOA,2026,5,2026-05-05,39.31796815054757,43.96737620631987,39,33.383062705054016,11
6329,8173,XD_8173_OR_CENTRALPOINT.DSOA,2026,5,2026-05-06,42.161267989848085,47.14690046920203,38,31.793393052432393,11
6330,8173,XD_8173_OR_CENTRALPOINT.DSOA,2026,5,2026-05-07,42.844505988777456,47.910932374980014,39,32.588227878743204,11
6331,8173,XD_8173_OR_CENTRALPOINT.DSOA,2026,5,2026-05-08,39.34511165866604,43.997729474536435,38,30.99855822612158,11
6332,8173,XD_8173_OR_CENTRALPOINT.DSOA,2026,5,2026-05-11,41.60150599293895,46.52094578584025,38,31.793393052432393,11
6333,8173,XD_8173_OR_CENTRALPOINT.DSOA,2026,5,2026-05-12,40.58883915195218,45.38852958877613,39,32.588227878743204,11
6334,8173,XD_8173_OR_CENTRALPOINT.DSOA,2026,5,2026-05-13,40.72941280876919,45.54572628903049,39,32.588227878743204,11
6335,8173,XD_8173_OR_CENTRALPOINT.DSOA,2026,5,2026-05-14,41.46259450210637,46.365607805163556,39,30.99855822612158,11
6336,8173,XD_8173_OR_CENTRALPOINT.DSOA,2026,5,2026-05-15,43.6236551965986,48.7822171323703,39,31.793393052432393,11
6337,8173,XD_8173_OR_CENTRALPOINT.DSOA,2026,5,2026-05-18,43.474003940846494,48.614869393641605,37,30.99855822612158,11
6338,8173,XD_8173_OR_CENTRALPOINT.DSOA,2026,5,2026-05-19,43.45597339853064,48.59470671295144,39,32.588227878743204,11
6339,8173,XD_8173_OR_CENTRALPOINT.DSOA,2026,5,2026-05-20,40.34418544067449,45.11494521323488,39,31.793393052432393,11
6340,8173,XD_8173_OR_CENTRALPOINT.DSOA,2026,5,2026-05-21,42.797291633061,47.858134851665085,38,30.99855822612158,11
6341,8173,XD_8173_OR_CENTRALPOINT.DSOA,2026,5,2026-05-22,42.62960983499304,47.67062443224623,38,31.793393052432393,11
6342,8173,XD_8173_OR_CENTRALPOINT.DSOA,2026,5,2026-05-26,42.04347152214546,47.0151743944612,40,33.383062705054016,11
6343,8173,XD_8173_OR_CENTRALPOINT.DSOA,2026,5,2026-05-27,42.10251914391786,47.08120448509597,40,32.588227878743204,11
6344,8173,XD_8173_OR_CENTRALPOINT.DSOA,2026,5,2026-05-28,42.44296051619889,47.46190355464001,38,31.793393052432393,11
6345,8173,XD_8173_OR_CENTRALPOINT.DSOA,2026,5,2026-05-29,42.02223325456892,46.99142467024013,38,31.793393052432393,11
6346,8173,XD_8173_OR_CENTRALPOINT.DSOA,2026,6,2026-06-01,39.64277868229589,43.10885244642652,39,33.78679182863702,11
6347,8173,XD_8173_OR_CENTRALPOINT.DSOA,2026,6,2026-06-02,42.60982414840104,46.335314603008065,38,32.13865564187424,11
6348,8173,XD_8173_OR_CENTRALPOINT.DSOA,2026,6,2026-06-03,40.458611629535625,43.99601584194292,38,31.314587548492845,11
6349,8173,XD_8173_OR_CENTRALPOINT.DSOA,2026,6,2026-06-04,39.34511165866604,42.78515960181881,38,32.13865564187424,11
6350,8173,XD_8173_OR_CENTRALPOINT.DSOA,2026,6,2026-06-05,42.44296051619889,46.15386163885221,38,32.96272373525563,11
6351,8173,XD_8173_OR_CENTRALPOINT.DSOA,2026,6,2026-06-08,43.13573322543851,46.90720531187932,38,32.13865564187424,11
6352,8173,XD_8173_OR_CENTRALPOINT.DSOA,2026,6,2026-06-09,40.17815734070617,43.691040687400694,38,32.96272373525563,11
6353,8173,XD_8173_OR_CENTRALPOINT.DSOA,2026,6,2026-06-10,42.75807632636198,46.496528863890184,38,32.13865564187424,11
6354,8173,XD_8173_OR_CENTRALPOINT.DSOA,2026,6,2026-06-11,39.00075837874309,42.41069859713977,38,32.13865564187424,11
6355,8173,XD_8173_OR_CENTRALPOINT.DSOA,2026,6,2026-06-12,42.07148542073898,45.749907486040634,38,32.96272373525563,11
6356,8173,XD_8173_OR_CENTRALPOINT.DSOA,2026,6,2026-06-15,42.23671267786067,45.929581002482806,38,32.13865564187424,11
6357,8173,XD_8173_OR_CENTRALPOINT.DSOA,2026,6,2026-06-16,40.839409527152476,44.41010791434362,38,41.203404669069535,11
6358,8173,XD_8173_OR_CENTRALPOINT.DSOA,2026,6,2026-06-17,39.18805433165976,42.614370334249934,39,33.78679182863702,11
6359,8173,XD_8173_OR_CENTRALPOINT.DSOA,2026,6,2026-06-18,39.72522965881216,43.19851233150139,38,32.96272373525563,11
6360,8173,XD_8173_OR_CENTRALPOINT.DSOA,2026,6,2026-06-19,43.787260023340004,47.61569683364471,36,31.314587548492845,11
6361,8173,XD_8173_OR_CENTRALPOINT.DSOA,2026,6,2026-06-22,40.445911456186536,43.98220525859967,38,31.314587548492845,11
6362,8173,XD_8173_OR_CENTRALPOINT.DSOA,2026,6,2026-06-23,38.0657874198187,41.39398063614664,38,32.13865564187424,11
6363,8173,XD_8173_OR_CENTRALPOINT.DSOA,2026,6,2026-06-24,42.698347846357336,46.4315781637386,38,32.13865564187424,11
6364,8173,XD_8173_OR_CENTRALPOINT.DSOA,2026,6,2026-06-25,39.566151029826244,43.02552503413528,38,31.314587548492845,11
6365,8173,XD_8173_OR_CENTRALPOINT.DSOA,2026,6,2026-06-26,41.09512060380085,44.68817649173814,38,32.96272373525563,11
6366,8173,XD_8173_OR_CENTRALPOINT.DSOA,2026,6,2026-06-29,41.585923631676344,45.22189173603288,39,32.96272373525563,11
6367,8173,XD_8173_OR_CENTRALPOINT.DSOA,2026,6,2026-06-30,42.506108781476044,46.22253112521433,38,32.13865564187424,11
6368,8173,XD_8173_OR_EUGENE.DSOA,2026,5,2026-05-01,35.78610041867431,30.206956740954272,55,84.0500284202777,9
6369,8173,XD_8173_OR_EUGENE.DSOA,2026,5,2026-05-04,35.27495597810609,29.77550101306037,54,82.64919461327307,9
6370,8173,XD_8173_OR_EUGENE.DSOA,2026,5,2026-05-05,36.19555430437522,30.552575728999386,56,84.0500284202777,9
6371,8173,XD_8173_OR_EUGENE.DSOA,2026,5,2026-05-06,35.27944023325903,29.779286161479327,56,85.45086222728233,9
6372,8173,XD_8173_OR_EUGENE.DSOA,2026,5,2026-05-07,36.83510159379648,31.092415976450923,55,81.24836080626844,9
6373,8173,XD_8173_OR_EUGENE.DSOA,2026,5,2026-05-08,37.17099710072733,31.375944523250787,53,81.24836080626844,9
6374,8173,XD_8173_OR_EUGENE.DSOA,2026,5,2026-05-11,33.7947552974778,28.526067366908258,56,89.6533636482962,9
6375,8173,XD_8173_OR_EUGENE.DSOA,2026,5,2026-05-12,34.55914151706922,29.171283839182244,56,88.25252984129158,9
6376,8173,XD_8173_OR_EUGENE.DSOA,2026,5,2026-05-13,36.50521245093725,30.81395738635377,54,82.64919461327307,9
6377,8173,XD_8173_OR_EUGENE.DSOA,2026,5,2026-05-14,34.660415940814545,29.256769323804754,54,84.0500284202777,9
6378,8173,XD_8173_OR_EUGENE.DSOA,2026,5,2026-05-15,36.59262549596202,30.887742516299934,53,84.0500284202777,9
6379,8173,XD_8173_OR_EUGENE.DSOA,2026,5,2026-05-18,35.3126007644301,29.807276881867196,56,86.85169603428695,9
6380,8173,XD_8173_OR_EUGENE.DSOA,2026,5,2026-05-19,35.044954290844146,29.58135717128423,55,85.45086222728233,9
6381,8173,XD_8173_OR_EUGENE.DSOA,2026,5,2026-05-20,36.973843217029845,31.209527429281724,55,82.64919461327307,9
6382,8173,XD_8173_OR_EUGENE.DSOA,2026,5,2026-05-21,36.24356877885225,30.59310462531664,56,85.45086222728233,9
6383,8173,XD_8173_OR_EUGENE.DSOA,2026,5,2026-05-22,36.55333699961398,30.85457919602424,55,84.0500284202777,9
6384,8173,XD_8173_OR_EUGENE.DSOA,2026,5,2026-05-26,35.827973043855536,30.24230131783417,55,82.64919461327307,9
6385,8173,XD_8173_OR_EUGENE.DSOA,2026,5,2026-05-27,36.31575177595972,30.654034110383414,56,85.45086222728233,9
6386,8173,XD_8173_OR_EUGENE.DSOA,2026,5,2026-05-28,35.49226128361212,29.95892787114785,55,85.45086222728233,9
6387,8173,XD_8173_OR_EUGENE.DSOA,2026,5,2026-05-29,35.58869025499675,30.040323321703013,54,82.64919461327307,9
6388,8173,XD_8173_OR_EUGENE.DSOA,2026,6,2026-06-01,36.90733702404101,32.13610491489348,56,71.48442116240368,9
6389,8173,XD_8173_OR_EUGENE.DSOA,2026,6,2026-06-02,35.38114535504663,30.807213167350383,55,75.11922223845811,9
6390,8173,XD_8173_OR_EUGENE.DSOA,2026,6,2026-06-03,34.52493966273702,30.061694303746986,54,73.9076218797733,9
6391,8173,XD_8173_OR_EUGENE.DSOA,2026,6,2026-06-04,36.64076127047261,31.903991002723096,55,70.27282080371887,9
6392,8173,XD_8173_OR_EUGENE.DSOA,2026,6,2026-06-05,34.46770621997453,30.011859770302927,55,75.11922223845811,9
6393,8173,XD_8173_OR_EUGENE.DSOA,2026,6,2026-06-08,35.865618432261954,31.229055513431643,55,70.27282080371887,9
6394,8173,XD_8173_OR_EUGENE.DSOA,2026,6,2026-06-09,35.18488130748358,30.636321346588584,55,72.69602152108848,9
6395,8173,XD_8173_OR_EUGENE.DSOA,2026,6,2026-06-10,36.17333294601037,31.496989932303773,56,71.48442116240368,9
6396,8173,XD_8173_OR_EUGENE.DSOA,2026,6,2026-06-11,34.58333295287278,30.11253874416019,56,72.69602152108848,9
6397,8173,XD_8173_OR_EUGENE.DSOA,2026,6,2026-06-12,34.5787586318122,30.108555772930874,55,72.69602152108848,9
6398,8173,XD_8173_OR_EUGENE.DSOA,2026,6,2026-06-15,33.9473444977192,29.55876831888774,54,72.69602152108848,9
6399,8173,XD_8173_OR_EUGENE.DSOA,2026,6,2026-06-16,36.4980611276833,31.7797385605309,54,76.33082259714291,9
6400,8173,XD_8173_OR_EUGENE.DSOA,2026,6,2026-06-17,36.184007169421676,31.506284235038418,55,73.9076218797733,9
6401,8173,XD_8173_OR_EUGENE.DSOA,2026,6,2026-06-18,33.54404321220683,29.207604201707074,55,73.90762187977329,9
6402,8173,XD_8173_OR_EUGENE.DSOA,2026,6,2026-06-19,36.16144643881123,31.48664006495425,51,65.42641936897964,9
6403,8173,XD_8173_OR_EUGENE.DSOA,2026,6,2026-06-22,35.38888427954712,30.813951634813222,52,67.84962008634925,9
6404,8173,XD_8173_OR_EUGENE.DSOA,2026,6,2026-06-23,34.795546014455276,30.297317754547294,56,76.33082259714291,9
6405,8173,XD_8173_OR_EUGENE.DSOA,2026,6,2026-06-24,34.3794736067454,29.935033514488268,56,76.33082259714291,9
6406,8173,XD_8173_OR_EUGENE.DSOA,2026,6,2026-06-25,34.30355050641412,29.868925447246227,55,72.69602152108848,9
6407,8173,XD_8173_OR_EUGENE.DSOA,2026,6,2026-06-26,34.96949708356638,30.44878112898071,54,71.48442116240368,9
6408,8173,XD_8173_OR_EUGENE.DSOA,2026,6,2026-06-29,35.029206046351675,30.50077115717423,55,72.69602152108848,9
6409,8173,XD_8173_OR_EUGENE.DSOA,2026,6,2026-06-30,35.03235861175963,30.503516171604147,57,75.11922223845811,9
6410,8173,XD_8173_OR_PENDLETON.DSOA,2026,5,2026-05-01,59.64033923924915,58.46177290664934,40,46.279381211014496,8
6411,8173,XD_8173_OR_PENDLETON.DSOA,2026,5,2026-05-04,41.92948936734881,41.10091117443775,36,41.651443089913045,7
6412,8173,XD_8173_OR_PENDLETON.DSOA,2026,5,2026-05-05,59.463570875780924,58.288497703087806,39,45.12239668073913,8
6413,8173,XD_8173_OR_PENDLETON.DSOA,2026,5,2026-05-06,42.19791729109628,41.36403463282346,38,43.96541215046376,7
6414,8173,XD_8173_OR_PENDLETON.DSOA,2026,5,2026-05-07,42.396873649718266,41.55905936951104,42,48.593350271565214,7
6415,8173,XD_8173_OR_PENDLETON.DSOA,2026,5,2026-05-08,59.72474036472184,58.54450616225099,39,45.12239668073913,8
6416,8173,XD_8173_OR_PENDLETON.DSOA,2026,5,2026-05-11,59.77692785859108,58.595662367163094,39,45.12239668073913,8
6417,8173,XD_8173_OR_PENDLETON.DSOA,2026,5,2026-05-12,59.77661535995347,58.59535604388227,38,43.96541215046376,8
6418,8173,XD_8173_OR_PENDLETON.DSOA,2026,5,2026-05-13,59.99015626311302,58.80467711659975,40,46.279381211014496,8
6419,8173,XD_8173_OR_PENDLETON.DSOA,2026,5,2026-05-14,42.47019851775396,41.63093524812261,41,47.436365741289855,7
6420,8173,XD_8173_OR_PENDLETON.DSOA,2026,5,2026-05-15,60.04187502605574,58.85537385328398,38,43.96541215046376,8
6421,8173,XD_8173_OR_PENDLETON.DSOA,2026,5,2026-05-18,42.38500011697107,41.54742047234982,37,42.808427620188404,7
6422,8173,XD_8173_OR_PENDLETON.DSOA,2026,5,2026-05-19,60.31022324732372,59.118419184209046,37,42.808427620188404,8
6423,8173,XD_8173_OR_PENDLETON.DSOA,2026,5,2026-05-20,42.241607277733934,41.406861251680525,38,43.96541215046377,7
6424,8173,XD_8173_OR_PENDLETON.DSOA,2026,5,2026-05-21,42.58540486683921,41.74386497829413,42,48.593350271565214,7
6425,8173,XD_8173_OR_PENDLETON.DSOA,2026,5,2026-05-22,60.16788197036774,58.97889074565907,39,45.12239668073913,8
6426,8173,XD_8173_OR_PENDLETON.DSOA,2026,5,2026-05-26,42.44540265076825,41.606629377914075,39,45.12239668073913,7
6427,8173,XD_8173_OR_PENDLETON.DSOA,2026,5,2026-05-27,60.042209850890295,58.855702061568685,39,45.12239668073913,8
6428,8173,XD_8173_OR_PENDLETON.DSOA,2026,5,2026-05-28,42.13863158226013,41.30592048238771,39,45.12239668073913,7
6429,8173,XD_8173_OR_PENDLETON.DSOA,2026,5,2026-05-29,59.85013967279404,58.66742742602447,40,46.279381211014496,8
6430,8173,XD_8173_OR_PENDLETON.DSOA,2026,6,2026-06-01,42.19791729109628,40.803653597928246,38,44.7799939730193,7
6431,8173,XD_8173_OR_PENDLETON.DSOA,2026,6,2026-06-02,59.72474036472184,57.75137195177438,39,45.95841486704612,8
6432,8173,XD_8173_OR_PENDLETON.DSOA,2026,6,2026-06-03,59.77692785859108,57.801835115804366,39,45.95841486704612,8
6433,8173,XD_8173_OR_PENDLETON.DSOA,2026,6,2026-06-04,42.396873649718266,40.99603622862338,42,49.493677549126595,7
6434,8173,XD_8173_OR_PENDLETON.DSOA,2026,6,2026-06-05,59.950459119251796,57.96963272059055,41,48.31525665509977,8
6435,8173,XD_8173_OR_PENDLETON.DSOA,2026,6,2026-06-08,60.644115347237815,58.64036981520918,36,42.42315218496565,8
6436,8173,XD_8173_OR_PENDLETON.DSOA,2026,6,2026-06-09,59.77661535995347,57.80153294245133,38,44.7799939730193,8
6437,8173,XD_8173_OR_PENDLETON.DSOA,2026,6,2026-06-10,41.76720258167812,40.38717015678127,39,45.95841486704612,7
6438,8173,XD_8173_OR_PENDLETON.DSOA,2026,6,2026-06-11,41.767738301413395,40.38768817577149,41,48.31525665509977,7
6439,8173,XD_8173_OR_PENDLETON.DSOA,2026,6,2026-06-12,41.825978094217724,40.444003664396426,38,44.7799939730193,7
6440,8173,XD_8173_OR_PENDLETON.DSOA,2026,6,2026-06-15,41.82559543726395,40.44363365083199,37,43.60157307899248,7
6441,8173,XD_8173_OR_PENDLETON.DSOA,2026,6,2026-06-16,58.487630362359305,56.55513736866181,39,50.672098443153416,8
6442,8173,XD_8173_OR_PENDLETON.DSOA,2026,6,2026-06-17,58.98574445361183,57.036793244981645,39,45.95841486704612,8
6443,8173,XD_8173_OR_PENDLETON.DSOA,2026,6,2026-06-18,59.11797960996628,57.16465921230258,45,53.028940231207066,8
6444,8173,XD_8173_OR_PENDLETON.DSOA,2026,6,2026-06-19,59.053623909041995,57.102429891612374,37,43.60157307899248,8
6445,8173,XD_8173_OR_PENDLETON.DSOA,2026,6,2026-06-22,41.02404754880875,39.66856974999872,38,47.136835761072945,7
6446,8173,XD_8173_OR_PENDLETON.DSOA,2026,6,2026-06-23,58.09104051192602,56.17165126516758,39,47.136835761072945,8
6447,8173,XD_8173_OR_PENDLETON.DSOA,2026,6,2026-06-24,40.21296787489028,38.884289003946996,39,49.493677549126595,7
6448,8173,XD_8173_OR_PENDLETON.DSOA,2026,6,2026-06-25,57.68123181949962,55.77538308416154,45,57.74262380731436,8
6449,8173,XD_8173_OR_PENDLETON.DSOA,2026,6,2026-06-26,40.29642818844508,38.96499170071689,37,47.136835761072945,7
6450,8173,XD_8173_OR_PENDLETON.DSOA,2026,6,2026-06-29,57.42344125159203,55.52611018850765,38,48.31525665509977,8
6451,8173,XD_8173_OR_PENDLETON.DSOA,2026,6,2026-06-30,57.49486525995391,55.59517427230281,38,47.136835761072945,8
6452,8173,XD_8173_OR_PORTLAND.DSOA,2026,5,2026-05-01,46.805498671968806,45.593916886601626,179,98.20676327625203,23
6453,8173,XD_8173_OR_PORTLAND.DSOA,2026,5,2026-05-04,46.814013700039894,45.60221149926843,166,93.09182768894723,23
6454,8173,XD_8173_OR_PORTLAND.DSOA,2026,5,2026-05-05,50.375172544795184,49.071188115150505,164,89.51137277783387,23
6455,8173,XD_8173_OR_PORTLAND.DSOA,2026,5,2026-05-06,47.85347342664757,46.614764334439975,167,92.06884057148628,23
6456,8173,XD_8173_OR_PORTLAND.DSOA,2026,5,2026-05-07,44.3413278024058,43.19353220939434,201,109.45962156832258,23
6457,8173,XD_8173_OR_PORTLAND.DSOA,2026,5,2026-05-08,47.415271696336795,46.18790565675816,172,96.67228260006058,22
6458,8173,XD_8173_OR_PORTLAND.DSOA,2026,5,2026-05-11,47.37716310366551,46.15078352247439,166,93.09182768894723,23
6459,8173,XD_8173_OR_PORTLAND.DSOA,2026,5,2026-05-12,50.19805742751111,48.89865770385404,165,90.02286633656436,23
6460,8173,XD_8173_OR_PORTLAND.DSOA,2026,5,2026-05-13,47.689814168179254,46.455341470886644,167,92.06884057148628,22
6461,8173,XD_8173_OR_PORTLAND.DSOA,2026,5,2026-05-14,45.29628878283721,44.123773587162475,203,109.97111512705305,23
6462,8173,XD_8173_OR_PORTLAND.DSOA,2026,5,2026-05-15,50.94998430470253,49.631120609200664,165,91.04585345402532,22
6463,8173,XD_8173_OR_PORTLAND.DSOA,2026,5,2026-05-18,48.93381343771005,47.66713924916667,165,94.11481480640819,22
6464,8173,XD_8173_OR_PORTLAND.DSOA,2026,5,2026-05-19,48.95481206282642,47.68759431524765,165,92.06884057148628,23
6465,8173,XD_8173_OR_PORTLAND.DSOA,2026,5,2026-05-20,47.99806467440139,46.755612771475555,168,92.06884057148628,23
6466,8173,XD_8173_OR_PORTLAND.DSOA,2026,5,2026-05-21,46.5173712538945,45.313247778800886,203,112.01708936197497,23
6467,8173,XD_8173_OR_PORTLAND.DSOA,2026,5,2026-05-22,47.615358963105486,46.38281357292107,184,100.25273751117395,23
6468,8173,XD_8173_OR_PORTLAND.DSOA,2026,5,2026-05-26,49.87032973513014,48.57941339299693,167,93.09182768894723,22
6469,8173,XD_8173_OR_PORTLAND.DSOA,2026,5,2026-05-27,49.238923756279696,47.96435164729971,170,93.09182768894723,23
6470,8173,XD_8173_OR_PORTLAND.DSOA,2026,5,2026-05-28,46.03349037382165,44.8418923770846,203,110.99410224451401,23
6471,8173,XD_8173_OR_PORTLAND.DSOA,2026,5,2026-05-29,46.380589213106184,45.18000640382933,182,100.76423106990443,23
6472,8173,XD_8173_OR_PORTLAND.DSOA,2026,6,2026-06-01,49.83592085579909,48.596198975494715,166,92.07689672361373,23
6473,8173,XD_8173_OR_PORTLAND.DSOA,2026,6,2026-06-02,48.40349018407196,47.19940155013414,166,90.04204817723551,23
6474,8173,XD_8173_OR_PORTLAND.DSOA,2026,6,2026-06-03,49.66945899582682,48.43387803248555,167,90.55076031383007,23
6475,8173,XD_8173_OR_PORTLAND.DSOA,2026,6,2026-06-04,47.667620714224675,46.4818376210926,200,108.86439723123391,22
6476,8173,XD_8173_OR_PORTLAND.DSOA,2026,6,2026-06-05,51.00277520430267,49.734026572969576,179,98.18144236274833,24
6477,8173,XD_8173_OR_PORTLAND.DSOA,2026,6,2026-06-08,48.57125352287505,47.36299159629498,164,90.04204817723551,23
6478,8173,XD_8173_OR_PORTLAND.DSOA,2026,6,2026-06-09,48.116473592669266,46.919524803691914,169,91.56818458701918,23
6479,8173,XD_8173_OR_PORTLAND.DSOA,2026,6,2026-06-10,47.70543440681234,46.51871065759784,169,92.58560886020827,22
6480,8173,XD_8173_OR_PORTLAND.DSOA,2026,6,2026-06-11,45.7581504053523,44.61986743022849,195,105.30341227507205,23
6481,8173,XD_8173_OR_PORTLAND.DSOA,2026,6,2026-06-12,47.04820027144542,45.877825924912884,171,93.60303313339737,23
6482,8173,XD_8173_OR_PORTLAND.DSOA,2026,6,2026-06-15,51.16572849495954,49.89292622608096,161,89.02462390404642,22
6483,8173,XD_8173_OR_PORTLAND.DSOA,2026,6,2026-06-16,51.82715492701338,50.53789896758493,166,96.65530595296468,23
6484,8173,XD_8173_OR_PORTLAND.DSOA,2026,6,2026-06-17,52.27876209884596,50.97827192757575,169,91.05947245042462,22
6485,8173,XD_8173_OR_PORTLAND.DSOA,2026,6,2026-06-18,51.46254753284355,50.18236157265483,202,107.8469729580448,23
6486,8173,XD_8173_OR_PORTLAND.DSOA,2026,6,2026-06-19,46.64332105160675,45.483018509088154,165,87.49848749426276,21
6487,8173,XD_8173_OR_PORTLAND.DSOA,2026,6,2026-06-22,48.18089207009697,46.982340802534054,165,90.55076031383007,23
6488,8173,XD_8173_OR_PORTLAND.DSOA,2026,6,2026-06-23,48.69135586780221,47.480106266823334,166,90.04204817723551,23
6489,8173,XD_8173_OR_PORTLAND.DSOA,2026,6,2026-06-24,47.31818081991412,46.141090418226064,169,93.60303313339737,22
6490,8173,XD_8173_OR_PORTLAND.DSOA,2026,6,2026-06-25,43.73110261684093,42.64324462539729,197,108.35568509463936,23
6491,8173,XD_8173_OR_PORTLAND.DSOA,2026,6,2026-06-26,48.01692622071182,46.82245377917669,165,91.05947245042462,23
6492,8173,XD_8173_OR_PORTLAND.DSOA,2026,6,2026-06-29,48.1645061429106,46.966362492827464,167,90.04204817723551,23
6493,8173,XD_8173_OR_PORTLAND.DSOA,2026,6,2026-06-30,48.94027057394566,47.72282895318995,163,91.05947245042462,23
6494,8173,XD_8173_OR_SALEM.DSOA,2026,5,2026-05-01,45.32112188127306,50.710244611198064,33,37.16587342587522,5
6495,8173,XD_8173_OR_SALEM.DSOA,2026,5,2026-05-04,41.63424104285963,46.58495773815757,32,38.1188445393592,5
6496,8173,XD_8173_OR_SALEM.DSOA,2026,5,2026-05-05,45.80477788713243,51.251412026008644,31,35.25993119890727,5
6497,8173,XD_8173_OR_SALEM.DSOA,2026,5,2026-05-06,46.36141597014207,51.87423979764399,32,37.165873425875226,5
6498,8173,XD_8173_OR_SALEM.DSOA,2026,5,2026-05-07,42.63543306774563,47.705201244436005,33,38.1188445393592,5
6499,8173,XD_8173_OR_SALEM.DSOA,2026,5,2026-05-08,49.534277545081245,55.424385511250435,31,32.401017858455326,5
6500,8173,XD_8173_OR_SALEM.DSOA,2026,5,2026-05-11,44.078033159044054,49.31934053466632,32,36.21290231239124,5
6501,8173,XD_8173_OR_SALEM.DSOA,2026,5,2026-05-12,46.43306508305097,51.95440868779865,31,37.165873425875226,5
6502,8173,XD_8173_OR_SALEM.DSOA,2026,5,2026-05-13,42.72417087473421,47.80449084080656,32,39.071815652843185,5
6503,8173,XD_8173_OR_SALEM.DSOA,2026,5,2026-05-14,43.482355601644926,48.652831114969175,34,40.97775787981114,5
6504,8173,XD_8173_OR_SALEM.DSOA,2026,5,2026-05-15,44.81966237288255,50.14915668403442,31,36.21290231239124,5
6505,8173,XD_8173_OR_SALEM.DSOA,2026,5,2026-05-18,40.8635666847229,45.722642693991816,31,39.071815652843185,5
6506,8173,XD_8173_OR_SALEM.DSOA,2026,5,2026-05-19,45.932356832373856,51.394161350206296,31,35.25993119890727,5
6507,8173,XD_8173_OR_SALEM.DSOA,2026,5,2026-05-20,42.72806355794271,47.80884640195559,32,37.165873425875226,5
6508,8173,XD_8173_OR_SALEM.DSOA,2026,5,2026-05-21,43.063919215732156,48.18463856802717,33,38.1188445393592,5
6509,8173,XD_8173_OR_SALEM.DSOA,2026,5,2026-05-22,47.42911361058553,53.068897084803055,32,35.25993119890727,5
6510,8173,XD_8173_OR_SALEM.DSOA,2026,5,2026-05-26,43.515563915137086,48.689988220318966,32,37.16587342587522,5
6511,8173,XD_8173_OR_SALEM.DSOA,2026,5,2026-05-27,50.33466702567206,56.31994909529669,31,32.401017858455326,5
6512,8173,XD_8173_OR_SALEM.DSOA,2026,5,2026-05-28,42.3225510336395,47.35511448962142,33,40.97775787981114,5
6513,8173,XD_8173_OR_SALEM.DSOA,2026,5,2026-05-29,46.483016414642336,52.01029971914356,31,35.25993119890726,5
6514,8173,XD_8173_OR_SALEM.DSOA,2026,6,2026-06-01,47.31802832374484,50.30468581465361,32,41.37564939121099,5
6515,8173,XD_8173_OR_SALEM.DSOA,2026,6,2026-06-02,47.2935684672269,50.27868208117621,31,39.253821217302736,5
6516,8173,XD_8173_OR_SALEM.DSOA,2026,6,2026-06-03,45.067679606736306,47.91229777160161,31,39.253821217302736,5
6517,8173,XD_8173_OR_SALEM.DSOA,2026,6,2026-06-04,41.23608869128757,43.838861409182286,32,42.43656347816512,5
6518,8173,XD_8173_OR_SALEM.DSOA,2026,6,2026-06-05,44.38205732395122,47.18339982836838,31,40.314735304256864,5
6519,8173,XD_8173_OR_SALEM.DSOA,2026,6,2026-06-08,43.86193874253168,46.6304519826623,30,39.253821217302736,5
6520,8173,XD_8173_OR_SALEM.DSOA,2026,6,2026-06-09,46.56396670341492,49.50302872454721,31,39.253821217302736,5
6521,8173,XD_8173_OR_SALEM.DSOA,2026,6,2026-06-10,47.782288283531116,50.798249309175894,30,37.13199304339448,5
6522,8173,XD_8173_OR_SALEM.DSOA,2026,6,2026-06-11,41.04380377353766,43.63443969684623,32,44.558391652073375,5
6523,8173,XD_8173_OR_SALEM.DSOA,2026,6,2026-06-12,44.54472762021152,47.35633767964068,32,41.37564939121099,5
6524,8173,XD_8173_OR_SALEM.DSOA,2026,6,2026-06-15,40.158541786057505,42.69330102895508,30,43.49747756511925,5
6525,8173,XD_8173_OR_SALEM.DSOA,2026,6,2026-06-16,52.225561361601855,55.52197648250137,31,36.07107895644035,5
6526,8173,XD_8173_OR_SALEM.DSOA,2026,6,2026-06-17,45.19620068020291,48.048930941882176,30,40.314735304256864,5
6527,8173,XD_8173_OR_SALEM.DSOA,2026,6,2026-06-18,42.82265315911709,45.52556793323257,33,44.558391652073375,5
6528,8173,XD_8173_OR_SALEM.DSOA,2026,6,2026-06-19,52.853667449951175,56.18972787773073,27,31.82742260862384,5
6529,8173,XD_8173_OR_SALEM.DSOA,2026,6,2026-06-22,45.7439698776091,48.63127467746501,30,38.19290713034861,5
6530,8173,XD_8173_OR_SALEM.DSOA,2026,6,2026-06-23,46.79371815363566,49.74728181218095,30,38.19290713034861,5
6531,8173,XD_8173_OR_SALEM.DSOA,2026,6,2026-06-24,46.570110262283166,49.509560057521114,30,37.13199304339448,5
6532,8173,XD_8173_OR_SALEM.DSOA,2026,6,2026-06-25,41.69195478863186,44.32350123068028,33,42.43656347816512,5
6533,8173,XD_8173_OR_SALEM.DSOA,2026,6,2026-06-26,47.09546582221985,50.06807543357989,30,37.13199304339448,5
6534,8173,XD_8173_OR_SALEM.DSOA,2026,6,2026-06-29,45.768265807411886,48.65710413736857,30,37.13199304339448,5
6535,8173,XD_8173_OR_SALEM.DSOA,2026,6,2026-06-30,45.82125636630588,48.71343939711496,31,40.314735304256864,5
6536,8173,XD_8173_WA_SPOKANE.WPXC,2026,5,2026-05-01,30.827375074023294,21.463816186300857,109,121.31413043565368,25
6537,8173,XD_8173_WA_SPOKANE.WPXC,2026,5,2026-05-04,31.428533035494905,21.88237741485096,105,116.8622357407673,26
6538,8173,XD_8173_WA_SPOKANE.WPXC,2026,5,2026-05-05,32.03182234736851,22.30242261383796,105,116.8622357407673,25
6539,8173,XD_8173_WA_SPOKANE.WPXC,2026,5,2026-05-06,31.425566381412548,21.880311857282102,109,121.31413043565368,26
6540,8173,XD_8173_WA_SPOKANE.WPXC,2026,5,2026-05-07,30.818524856079616,21.45765414847909,117,130.21791982542643,27
6541,8173,XD_8173_WA_SPOKANE.WPXC,2026,5,2026-05-08,32.434909860955344,22.583075646340593,112,124.65305145681846,24
6542,8173,XD_8173_WA_SPOKANE.WPXC,2026,5,2026-05-11,31.776963466371807,22.124974999111622,106,117.9752094144889,25
6543,8173,XD_8173_WA_SPOKANE.WPXC,2026,5,2026-05-12,31.57013816361899,21.98097116257663,103,114.63628839332412,26
6544,8173,XD_8173_WA_SPOKANE.WPXC,2026,5,2026-05-13,31.50146693292555,21.93315824729105,109,121.31413043565368,26
6545,8173,XD_8173_WA_SPOKANE.WPXC,2026,5,2026-05-14,31.019255673696126,21.59741464906992,115,127.99197247798324,27
6546,8173,XD_8173_WA_SPOKANE.WPXC,2026,5,2026-05-15,32.60578757354191,22.70205067436315,106,117.9752094144889,24
6547,8173,XD_8173_WA_SPOKANE.WPXC,2026,5,2026-05-18,31.679477007223134,22.057099241451553,109,121.31413043565368,26
6548,8173,XD_8173_WA_SPOKANE.WPXC,2026,5,2026-05-19,32.49786939838955,22.626911747708856,103,114.63628839332412,25
6549,8173,XD_8173_WA_SPOKANE.WPXC,2026,5,2026-05-20,31.69803744427887,22.070022100058395,108,120.20115676193208,26
6550,8173,XD_8173_WA_SPOKANE.WPXC,2026,5,2026-05-21,31.289962005110645,21.78589618290136,115,127.99197247798324,27
6551,8173,XD_8173_WA_SPOKANE.WPXC,2026,5,2026-05-22,31.631819741324776,22.023917473859346,112,124.65305145681846,25
6552,8173,XD_8173_WA_SPOKANE.WPXC,2026,5,2026-05-26,31.49356628320156,21.927657354236718,105,116.8622357407673,26
6553,8173,XD_8173_WA_SPOKANE.WPXC,2026,5,2026-05-27,31.81293747410524,22.15002220107484,104,115.74926206704572,26
6554,8173,XD_8173_WA_SPOKANE.WPXC,2026,5,2026-05-28,31.313131560423436,21.802028178413725,116,129.10494615170484,26
6555,8173,XD_8173_WA_SPOKANE.WPXC,2026,5,2026-05-29,32.23990786709483,22.447303886917876,114,126.87899880426164,24
6556,8173,XD_8173_WA_SPOKANE.WPXC,2026,6,2026-06-01,31.300291814297548,22.556551559914006,105,102.20053830512943,26
6557,8173,XD_8173_WA_SPOKANE.WPXC,2026,6,2026-06-02,31.659118749894503,22.81514014822172,106,103.17387676517828,26
6558,8173,XD_8173_WA_SPOKANE.WPXC,2026,6,2026-06-03,31.570285398270183,22.751122403976964,106,103.17387676517828,26
6559,8173,XD_8173_WA_SPOKANE.WPXC,2026,6,2026-06-04,30.96899046132594,22.31779927943975,116,112.90726136566678,27
6560,8173,XD_8173_WA_SPOKANE.WPXC,2026,6,2026-06-05,31.698630138124734,22.84361402543369,111,108.04056906542253,25
6561,8173,XD_8173_WA_SPOKANE.WPXC,2026,6,2026-06-08,31.30627899143722,22.56086621840507,108,105.12055368527598,26
6562,8173,XD_8173_WA_SPOKANE.WPXC,2026,6,2026-06-09,31.671765243876113,22.824253842600058,106,103.17387676517828,26
6563,8173,XD_8173_WA_SPOKANE.WPXC,2026,6,2026-06-10,31.027090636394252,22.35966916366779,108,105.12055368527598,26
6564,8173,XD_8173_WA_SPOKANE.WPXC,2026,6,2026-06-11,30.657440898980482,22.093281124522612,117,113.88059982571563,27
6565,8173,XD_8173_WA_SPOKANE.WPXC,2026,6,2026-06-12,32.23297992509509,23.228693135632913,106,103.17387676517828,24
6566,8173,XD_8173_WA_SPOKANE.WPXC,2026,6,2026-06-15,31.449657783578168,22.664192127847492,105,102.20053830512941,26
6567,8173,XD_8173_WA_SPOKANE.WPXC,2026,6,2026-06-16,30.089411755970545,21.68393099041349,105,117.77395366591105,25
6568,8173,XD_8173_WA_SPOKANE.WPXC,2026,6,2026-06-17,30.62038658273671,22.066577935944412,105,102.20053830512943,26
6569,8173,XD_8173_WA_SPOKANE.WPXC,2026,6,2026-06-18,30.5634525215815,22.025548411568657,116,112.90726136566678,26
6570,8173,XD_8173_WA_SPOKANE.WPXC,2026,6,2026-06-19,31.698247359385565,22.843338175980993,95,92.46715370464091,24
6571,8173,XD_8173_WA_SPOKANE.WPXC,2026,6,2026-06-22,29.549482007341073,21.29483068151065,107,106.09389214532483,26
6572,8173,XD_8173_WA_SPOKANE.WPXC,2026,6,2026-06-23,30.60007566715422,22.051940877054236,107,106.09389214532483,25
6573,8173,XD_8173_WA_SPOKANE.WPXC,2026,6,2026-06-24,30.15012404866271,21.727683296895368,106,105.12055368527598,26
6574,8173,XD_8173_WA_SPOKANE.WPXC,2026,6,2026-06-25,29.22523028210007,21.061158714418998,118,117.77395366591105,27
6575,8173,XD_8173_WA_SPOKANE.WPXC,2026,6,2026-06-26,30.889414706184752,22.260453020995556,106,104.14721522522713,25
6576,8173,XD_8173_WA_SPOKANE.WPXC,2026,6,2026-06-29,29.712502166959975,21.41231114008163,107,105.12055368527598,27
6577,8173,XD_8173_WA_SPOKANE.WPXC,2026,6,2026-06-30,29.629028749802337,21.35215603197052,109,108.04056906542253,27
6578,8173,XD_8173_WA_WENATCHEE.WPXC,2026,5,2026-05-01,43.33566735585531,55.014425849680535,20,19.243540179467857,5
6579,8173,XD_8173_WA_WENATCHEE.WPXC,2026,5,2026-05-04,44.742666753133136,56.80060496575288,20,19.243540179467857,5
6580,8173,XD_8173_WA_WENATCHEE.WPXC,2026,5,2026-05-05,44.94133307139079,57.05281092221977,20,19.243540179467857,5
6581,8173,XD_8173_WA_WENATCHEE.WPXC,2026,5,2026-05-06,44.94133307139079,57.05281092221977,20,19.243540179467857,5
6582,8173,XD_8173_WA_WENATCHEE.WPXC,2026,5,2026-05-07,44.94133307139079,57.05281092221977,20,19.243540179467857,5
6583,8173,XD_8173_WA_WENATCHEE.WPXC,2026,5,2026-05-08,44.94133307139079,57.05281092221977,20,19.243540179467857,5
6584,8173,XD_8173_WA_WENATCHEE.WPXC,2026,5,2026-05-11,44.94133307139079,57.05281092221977,20,19.243540179467857,5
6585,8173,XD_8173_WA_WENATCHEE.WPXC,2026,5,2026-05-12,46.00430030822754,58.40224282899976,19,18.281363170494465,5
6586,8173,XD_8173_WA_WENATCHEE.WPXC,2026,5,2026-05-13,45.13716697692871,57.301421144063134,20,19.243540179467857,5
6587,8173,XD_8173_WA_WENATCHEE.WPXC,2026,5,2026-05-14,46.15683364868164,58.59588318716267,19,18.281363170494465,5
6588,8173,XD_8173_WA_WENATCHEE.WPXC,2026,5,2026-05-15,46.00430030822754,58.40224282899976,19,18.281363170494465,5
6589,8173,XD_8173_WA_WENATCHEE.WPXC,2026,5,2026-05-18,46.00430030822754,58.40224282899976,19,18.281363170494465,5
6590,8173,XD_8173_WA_WENATCHEE.WPXC,2026,5,2026-05-19,47.02396697998047,59.69670487209929,18,17.31918616152107,5
6591,8173,XD_8173_WA_WENATCHEE.WPXC,2026,5,2026-05-20,45.13716697692871,57.30142114406313,20,19.243540179467857,5
6592,8173,XD_8173_WA_WENATCHEE.WPXC,2026,5,2026-05-21,45.13716697692871,57.301421144063134,20,19.243540179467857,5
6593,8173,XD_8173_WA_WENATCHEE.WPXC,2026,5,2026-05-22,46.00430030822754,58.40224282899976,19,18.281363170494465,5
6594,8173,XD_8173_WA_WENATCHEE.WPXC,2026,5,2026-05-26,45.13716697692871,57.301421144063134,20,19.243540179467857,5
6595,8173,XD_8173_WA_WENATCHEE.WPXC,2026,5,2026-05-27,45.13716697692871,57.30142114406313,20,19.243540179467857,5
6596,8173,XD_8173_WA_WENATCHEE.WPXC,2026,5,2026-05-28,45.956333033243816,58.34134859905439,19,18.281363170494465,5
6597,8173,XD_8173_WA_WENATCHEE.WPXC,2026,5,2026-05-29,45.80459972381592,58.148723876515774,19,18.281363170494465,5
6598,8173,XD_8173_WA_WENATCHEE.WPXC,2026,6,2026-06-01,44.94133307139079,61.757386256884885,20,15.362075573689316,5
6599,8173,XD_8173_WA_WENATCHEE.WPXC,2026,6,2026-06-02,44.94133307139079,61.757386256884885,20,15.362075573689316,5
6600,8173,XD_8173_WA_WENATCHEE.WPXC,2026,6,2026-06-03,44.94133307139079,61.757386256884885,20,15.362075573689316,5
6601,8173,XD_8173_WA_WENATCHEE.WPXC,2026,6,2026-06-04,44.94133307139079,61.757386256884885,20,15.362075573689316,5
6602,8173,XD_8173_WA_WENATCHEE.WPXC,2026,6,2026-06-05,44.94133307139079,61.757386256884885,20,15.362075573689316,5
6603,8173,XD_8173_WA_WENATCHEE.WPXC,2026,6,2026-06-08,44.94133307139079,61.757386256884885,20,15.362075573689316,5
6604,8173,XD_8173_WA_WENATCHEE.WPXC,2026,6,2026-06-09,44.94133307139079,61.757386256884885,20,15.362075573689316,5
6605,8173,XD_8173_WA_WENATCHEE.WPXC,2026,6,2026-06-10,44.540167554219565,61.20611347293051,20,15.362075573689316,5
6606,8173,XD_8173_WA_WENATCHEE.WPXC,2026,6,2026-06-11,44.540167554219565,61.20611347293052,20,15.362075573689316,5
6607,8173,XD_8173_WA_WENATCHEE.WPXC,2026,6,2026-06-12,44.540167554219565,61.20611347293051,20,15.362075573689316,5
6608,8173,XD_8173_WA_WENATCHEE.WPXC,2026,6,2026-06-15,44.540167554219565,61.20611347293052,20,15.362075573689316,5
6609,8173,XD_8173_WA_WENATCHEE.WPXC,2026,6,2026-06-16,46.32463247934977,63.65828571864621,20,16.13017935237378,5
6610,8173,XD_8173_WA_WENATCHEE.WPXC,2026,6,2026-06-17,44.34366575876872,60.936085050263294,20,15.362075573689316,5
6611,8173,XD_8173_WA_WENATCHEE.WPXC,2026,6,2026-06-18,44.34366575876872,60.936085050263294,20,15.362075573689316,5
6612,8173,XD_8173_WA_WENATCHEE.WPXC,2026,6,2026-06-19,48.41766573588053,66.53448574294771,19,14.59397179500485,5
6613,8173,XD_8173_WA_WENATCHEE.WPXC,2026,6,2026-06-22,44.081065775553384,60.57522595939658,19,15.362075573689316,5
6614,8173,XD_8173_WA_WENATCHEE.WPXC,2026,6,2026-06-23,43.945166269938156,60.38847586350896,20,15.362075573689316,5
6615,8173,XD_8173_WA_WENATCHEE.WPXC,2026,6,2026-06-24,43.945166269938156,60.38847586350896,20,15.362075573689316,5
6616,8173,XD_8173_WA_WENATCHEE.WPXC,2026,6,2026-06-25,43.945166269938156,60.38847586350896,20,15.362075573689316,5
6617,8173,XD_8173_WA_WENATCHEE.WPXC,2026,6,2026-06-26,42.692066256205244,58.66649353059334,20,16.13017935237378,5
6618,8173,XD_8173_WA_WENATCHEE.WPXC,2026,6,2026-06-29,44.789499588012696,61.5487400410547,19,14.59397179500485,5
6619,8173,XD_8173_WA_WENATCHEE.WPXC,2026,6,2026-06-30,43.74533271789551,60.11386901459821,20,15.362075573689316,5
6620,8173,XD_8173_WA_YAKIMA.WPXC,2026,5,2026-05-01,22.7773147865578,27.71771026803655,36,20.492378930818678,6
6621,8173,XD_8173_WA_YAKIMA.WPXC,2026,5,2026-05-04,23.222407547885144,28.259343569261006,38,21.630844426975273,6
6622,8173,XD_8173_WA_YAKIMA.WPXC,2026,5,2026-05-05,23.683796555907637,28.82080777015845,34,19.353913434662083,6
6623,8173,XD_8173_WA_YAKIMA.WPXC,2026,5,2026-05-06,23.719752239802528,28.86456223542473,32,18.21544793850549,6
6624,8173,XD_8173_WA_YAKIMA.WPXC,2026,5,2026-05-07,23.371890602001724,28.441249470936025,41,23.33854267121016,6
6625,8173,XD_8173_WA_YAKIMA.WPXC,2026,5,2026-05-08,23.683796555907637,28.82080777015845,34,19.353913434662083,6
6626,8173,XD_8173_WA_YAKIMA.WPXC,2026,5,2026-05-11,23.311092864142523,28.36726471466757,37,21.061611678896973,6
6627,8173,XD_8173_WA_YAKIMA.WPXC,2026,5,2026-05-12,23.784028203399092,28.942779643967544,34,19.353913434662083,6
6628,8173,XD_8173_WA_YAKIMA.WPXC,2026,5,2026-05-13,23.771875421206158,28.927990925502225,34,19.353913434662083,6
6629,8173,XD_8173_WA_YAKIMA.WPXC,2026,5,2026-05-14,23.3474499230433,28.41150761310634,43,24.477008167366755,6
6630,8173,XD_8173_WA_YAKIMA.WPXC,2026,5,2026-05-15,23.754504387971583,28.906852118282668,33,18.784680686583787,6
6631,8173,XD_8173_WA_YAKIMA.WPXC,2026,5,2026-05-18,23.399278195699054,28.474577428781576,38,21.630844426975273,6
6632,8173,XD_8173_WA_YAKIMA.WPXC,2026,5,2026-05-19,23.820129388854614,28.986711170056804,32,18.21544793850549,6
6633,8173,XD_8173_WA_YAKIMA.WPXC,2026,5,2026-05-20,23.820129388854614,28.986711170056804,32,18.21544793850549,6
6634,8173,XD_8173_WA_YAKIMA.WPXC,2026,5,2026-05-21,23.652176344836203,28.782329140991436,38,21.630844426975273,6
6635,8173,XD_8173_WA_YAKIMA.WPXC,2026,5,2026-05-22,23.82177822501571,28.988717638484747,36,20.492378930818678,6
6636,8173,XD_8173_WA_YAKIMA.WPXC,2026,5,2026-05-26,23.747403216362,28.898210703827868,36,20.492378930818678,6
6637,8173,XD_8173_WA_YAKIMA.WPXC,2026,5,2026-05-27,23.706250420323126,28.84813187372809,35,19.923146182740382,6
6638,8173,XD_8173_WA_YAKIMA.WPXC,2026,5,2026-05-28,23.368241009888823,28.436808282950093,40,22.769309923131864,6
6639,8173,XD_8173_WA_YAKIMA.WPXC,2026,5,2026-05-29,23.683796555907637,28.82080777015845,35,19.923146182740382,6
6640,8173,XD_8173_WA_YAKIMA.WPXC,2026,6,2026-06-01,23.254111385345457,28.618865685946446,39,21.486524829645482,6
6641,8173,XD_8173_WA_YAKIMA.WPXC,2026,6,2026-06-02,23.683796555907637,29.14767979454797,34,18.73184215917811,6
6642,8173,XD_8173_WA_YAKIMA.WPXC,2026,6,2026-06-03,23.683796555907637,29.14767979454797,33,18.180905625084637,6
6643,8173,XD_8173_WA_YAKIMA.WPXC,2026,6,2026-06-04,23.36276602595973,28.752587096081868,42,23.139334431925903,6
6644,8173,XD_8173_WA_YAKIMA.WPXC,2026,6,2026-06-05,23.74909747971429,29.228045727978923,34,18.73184215917811,6
6645,8173,XD_8173_WA_YAKIMA.WPXC,2026,6,2026-06-08,23.23875280173138,28.599963856747554,42,23.139334431925903,6
6646,8173,XD_8173_WA_YAKIMA.WPXC,2026,6,2026-06-09,23.683796555907637,29.14767979454797,34,18.73184215917811,6
6647,8173,XD_8173_WA_YAKIMA.WPXC,2026,6,2026-06-10,23.468981583913166,28.883306723955627,34,18.73184215917811,6
6648,8173,XD_8173_WA_YAKIMA.WPXC,2026,6,2026-06-11,23.0945927346997,28.422545871287287,41,22.58839789783243,6
6649,8173,XD_8173_WA_YAKIMA.WPXC,2026,6,2026-06-12,23.468981583913166,28.883306723955627,35,19.282778693271585,6
6650,8173,XD_8173_WA_YAKIMA.WPXC,2026,6,2026-06-15,23.305185282671896,28.681722399042098,37,20.38465176145853,6
6651,8173,XD_8173_WA_YAKIMA.WPXC,2026,6,2026-06-16,19.162424283901505,23.58322095006808,34,23.139334431925903,6
6652,8173,XD_8173_WA_YAKIMA.WPXC,2026,6,2026-06-17,23.36814819441901,28.7592109379343,34,18.73184215917811,6
6653,8173,XD_8173_WA_YAKIMA.WPXC,2026,6,2026-06-18,23.220444483227197,28.577431784911997,40,22.037461363738956,6
6654,8173,XD_8173_WA_YAKIMA.WPXC,2026,6,2026-06-19,23.75039687232366,29.229644892184538,29,15.977159488710742,6
6655,8173,XD_8173_WA_YAKIMA.WPXC,2026,6,2026-06-22,22.96127782095046,28.258475030337962,42,23.139334431925903,6
6656,8173,XD_8173_WA_YAKIMA.WPXC,2026,6,2026-06-23,23.07861102068866,28.402877154683413,35,19.282778693271585,6
6657,8173,XD_8173_WA_YAKIMA.WPXC,2026,6,2026-06-24,23.1543517642551,28.496091388122057,34,18.73184215917811,6
6658,8173,XD_8173_WA_YAKIMA.WPXC,2026,6,2026-06-25,22.876494871967974,28.154132542715857,43,23.690270966019376,6
6659,8173,XD_8173_WA_YAKIMA.WPXC,2026,6,2026-06-26,23.107847147517734,28.43885809470015,32,17.629969090991164,6
6660,8173,XD_8173_WA_YAKIMA.WPXC,2026,6,2026-06-29,22.19262027387266,27.31248716893244,36,20.935588295552005,6
6661,8173,XD_8173_WA_YAKIMA.WPXC,2026,6,2026-06-30,21.734789532041713,26.749034268486877,35,20.38465176145853,6
6662,8180,XD_8180_ID_BOISE.RIDS,2026,5,2026-05-01,25.374726819992066,23.95528901674339,70,48.51371264032869,11
6663,8180,XD_8180_ID_BOISE.RIDS,2026,5,2026-05-04,25.326817724921487,23.91005991035387,71,49.206765678047674,11
6664,8180,XD_8180_ID_BOISE.RIDS,2026,5,2026-05-05,25.420354529583093,23.998364356161975,69,47.82065960260971,11
6665,8180,XD_8180_ID_BOISE.RIDS,2026,5,2026-05-06,25.30911479322175,23.893347263620004,86,59.60256124383239,11
6666,8180,XD_8180_ID_BOISE.RIDS,2026,5,2026-05-07,25.734586912006524,24.29501888146084,70,48.51371264032869,11
6667,8180,XD_8180_ID_BOISE.RIDS,2026,5,2026-05-08,25.685950544902255,24.249103185935436,71,49.206765678047674,11
6668,8180,XD_8180_ID_BOISE.RIDS,2026,5,2026-05-11,25.703628228771926,24.265791997178553,71,49.206765678047674,11
6669,8180,XD_8180_ID_BOISE.RIDS,2026,5,2026-05-12,25.654991861667657,24.21987630165314,72,49.899818715766656,11
6670,8180,XD_8180_ID_BOISE.RIDS,2026,5,2026-05-13,25.27669054848557,23.8627367999364,87,60.29561428155137,11
6671,8180,XD_8180_ID_BOISE.RIDS,2026,5,2026-05-14,25.685950544902255,24.249103185935436,71,49.206765678047674,11
6672,8180,XD_8180_ID_BOISE.RIDS,2026,5,2026-05-15,25.734586912006524,24.29501888146084,70,48.51371264032869,11
6673,8180,XD_8180_ID_BOISE.RIDS,2026,5,2026-05-18,25.654991861667657,24.21987630165314,72,49.899818715766656,11
6674,8180,XD_8180_ID_BOISE.RIDS,2026,5,2026-05-19,25.70131221129077,24.263605535486864,71,49.206765678047674,11
6675,8180,XD_8180_ID_BOISE.RIDS,2026,5,2026-05-20,25.50420939693078,24.077528462913733,87,60.29561428155137,11
6676,8180,XD_8180_ID_BOISE.RIDS,2026,5,2026-05-21,25.978006435369515,24.52482175090037,70,48.51371264032869,11
6677,8180,XD_8180_ID_BOISE.RIDS,2026,5,2026-05-22,25.978006435369515,24.52482175090037,70,48.51371264032869,11
6678,8180,XD_8180_ID_BOISE.RIDS,2026,5,2026-05-26,25.92692141716802,24.47659437946407,72,49.899818715766656,11
6679,8180,XD_8180_ID_BOISE.RIDS,2026,5,2026-05-27,25.61142804847526,24.178749406254486,84,58.21645516839443,11
6680,8180,XD_8180_ID_BOISE.RIDS,2026,5,2026-05-28,25.978006435369515,24.52482175090037,70,48.51371264032869,11
6681,8180,XD_8180_ID_BOISE.RIDS,2026,5,2026-05-29,26.04822724226749,24.59111447342555,67,46.434553527171744,11
6682,8180,XD_8180_ID_BOISE.RIDS,2026,6,2026-06-01,25.946791552652858,24.61215084856133,71,49.160753911423775,11
6683,8180,XD_8180_ID_BOISE.RIDS,2026,6,2026-06-02,26.024759695333838,24.686108497049485,69,47.7759439420879,11
6684,8180,XD_8180_ID_BOISE.RIDS,2026,6,2026-06-03,25.395860175243218,24.08955805937213,81,56.084803758103185,11
6685,8180,XD_8180_ID_BOISE.RIDS,2026,6,2026-06-04,25.734586912006524,24.41086150549347,70,48.46834892675584,11
6686,8180,XD_8180_ID_BOISE.RIDS,2026,6,2026-06-05,25.734586912006524,24.41086150549347,70,48.46834892675584,11
6687,8180,XD_8180_ID_BOISE.RIDS,2026,6,2026-06-08,25.68625810385595,24.365018615280267,72,49.85315889609172,11
6688,8180,XD_8180_ID_BOISE.RIDS,2026,6,2026-06-09,25.734586912006524,24.41086150549347,70,48.46834892675584,11
6689,8180,XD_8180_ID_BOISE.RIDS,2026,6,2026-06-10,25.04616392250216,23.7578493428561,86,59.54682868144289,11
6690,8180,XD_8180_ID_BOISE.RIDS,2026,6,2026-06-11,25.41792451403014,24.11048746151017,73,50.54556388075966,11
6691,8180,XD_8180_ID_BOISE.RIDS,2026,6,2026-06-12,25.495168397952988,24.18375810537302,70,48.46834892675584,11
6692,8180,XD_8180_ID_BOISE.RIDS,2026,6,2026-06-15,25.446986569367446,24.138054634448668,71,49.16075391142378,11
6693,8180,XD_8180_ID_BOISE.RIDS,2026,6,2026-06-16,21.77326551394467,20.653300975865523,71,57.46961372743907,11
6694,8180,XD_8180_ID_BOISE.RIDS,2026,6,2026-06-17,25.04188805213207,23.75379341299887,87,60.23923366611083,11
6695,8180,XD_8180_ID_BOISE.RIDS,2026,6,2026-06-18,25.47566623543248,24.165259087301603,71,49.16075391142378,11
6696,8180,XD_8180_ID_BOISE.RIDS,2026,6,2026-06-19,25.605298291862788,24.288223181771524,68,47.08353895741996,11
6697,8180,XD_8180_ID_BOISE.RIDS,2026,6,2026-06-22,22.834104307952334,21.659572767548877,72,50.54556388075966,11
6698,8180,XD_8180_ID_BOISE.RIDS,2026,6,2026-06-23,22.492665558976014,21.335696808615907,72,50.54556388075966,11
6699,8180,XD_8180_ID_BOISE.RIDS,2026,6,2026-06-24,24.661109397787598,23.392601099042814,88,60.931638650778766,11
6700,8180,XD_8180_ID_BOISE.RIDS,2026,6,2026-06-25,22.557191544693787,21.396903732443665,70,49.16075391142378,11
6701,8180,XD_8180_ID_BOISE.RIDS,2026,6,2026-06-26,22.64194804600307,21.477300562679392,69,48.46834892675584,11
6702,8180,XD_8180_ID_BOISE.RIDS,2026,6,2026-06-29,25.147130991576557,23.85362290814464,69,47.7759439420879,11
6703,8180,XD_8180_ID_BOISE.RIDS,2026,6,2026-06-30,22.45039916843563,21.29560449979641,70,49.16075391142378,11
6704,8180,XD_8180_ID_POCATELLO.RIDS,2026,5,2026-05-01,27.39968705177307,24.18074012468266,34,53.49614028109273,8
6705,8180,XD_8180_ID_POCATELLO.RIDS,2026,5,2026-05-04,27.550999546051024,24.314276252115036,35,55.0695561717131,8
6706,8180,XD_8180_ID_POCATELLO.RIDS,2026,5,2026-05-05,27.509213829040526,24.27739956947099,33,51.922724390472354,8
6707,8180,XD_8180_ID_POCATELLO.RIDS,2026,5,2026-05-06,27.944000005722046,24.661106563214183,35,55.0695561717131,8
6708,8180,XD_8180_ID_POCATELLO.RIDS,2026,5,2026-05-07,27.760875022411348,24.499495314757013,33,51.922724390472354,8
6709,8180,XD_8180_ID_POCATELLO.RIDS,2026,5,2026-05-08,27.90149998664856,24.623599495539718,36,56.64297206233348,8
6710,8180,XD_8180_ID_POCATELLO.RIDS,2026,5,2026-05-11,27.90149998664856,24.623599495539718,37,58.21638795295385,8
6711,8180,XD_8180_ID_POCATELLO.RIDS,2026,5,2026-05-12,27.90149998664856,24.62359949553972,39,61.3632197341946,8
6712,8180,XD_8180_ID_POCATELLO.RIDS,2026,5,2026-05-13,27.7481250166893,24.48824319445467,35,55.0695561717131,8
6713,8180,XD_8180_ID_POCATELLO.RIDS,2026,5,2026-05-14,27.90149998664856,24.623599495539718,37,58.21638795295385,8
6714,8180,XD_8180_ID_POCATELLO.RIDS,2026,5,2026-05-15,27.7481250166893,24.48824319445467,36,56.64297206233348,8
6715,8180,XD_8180_ID_POCATELLO.RIDS,2026,5,2026-05-18,27.869624972343445,24.59546919478387,35,55.0695561717131,8
6716,8180,XD_8180_ID_POCATELLO.RIDS,2026,5,2026-05-19,27.90149998664856,24.623599495539718,37,58.21638795295385,8
6717,8180,XD_8180_ID_POCATELLO.RIDS,2026,5,2026-05-20,28.048541009426117,24.753365968884225,34,53.49614028109273,8
6718,8180,XD_8180_ID_POCATELLO.RIDS,2026,5,2026-05-21,28.20341601371765,24.890046078533153,36,56.64297206233348,8
6719,8180,XD_8180_ID_POCATELLO.RIDS,2026,5,2026-05-22,27.042856543404717,23.86583047717064,33,51.922724390472354,7
6720,8180,XD_8180_ID_POCATELLO.RIDS,2026,5,2026-05-26,28.12862434387207,24.824041020569908,35,55.0695561717131,8
6721,8180,XD_8180_ID_POCATELLO.RIDS,2026,5,2026-05-27,28.160677916663033,24.852328902554156,38,59.78980384357423,8
6722,8180,XD_8180_ID_POCATELLO.RIDS,2026,5,2026-05-28,28.160677916663033,24.852328902554156,36,56.64297206233348,8
6723,8180,XD_8180_ID_POCATELLO.RIDS,2026,5,2026-05-29,28.160677916663033,24.852328902554156,36,56.64297206233348,8
6724,8180,XD_8180_ID_POCATELLO.RIDS,2026,6,2026-06-01,28.160677916663033,24.1752515650296,35,57.427455665461125,8
6725,8180,XD_8180_ID_POCATELLO.RIDS,2026,6,2026-06-02,28.160677916663033,24.1752515650296,38,62.349809008214926,8
6726,8180,XD_8180_ID_POCATELLO.RIDS,2026,6,2026-06-03,27.90149998664856,23.95275366647951,37,60.709024560630326,8
6727,8180,XD_8180_ID_POCATELLO.RIDS,2026,6,2026-06-04,26.8452855518886,23.04601946986315,34,55.78667121787652,7
6728,8180,XD_8180_ID_POCATELLO.RIDS,2026,6,2026-06-05,27.90149998664856,23.95275366647951,36,59.068240113045725,8
6729,8180,XD_8180_ID_POCATELLO.RIDS,2026,6,2026-06-08,27.869624972343445,23.92538974819084,35,57.427455665461125,8
6730,8180,XD_8180_ID_POCATELLO.RIDS,2026,6,2026-06-09,27.90149998664856,23.95275366647951,38,62.349809008214926,8
6731,8180,XD_8180_ID_POCATELLO.RIDS,2026,6,2026-06-10,27.64139280319214,23.729458026632376,37,60.709024560630326,8
6732,8180,XD_8180_ID_POCATELLO.RIDS,2026,6,2026-06-11,27.64139280319214,23.729458026632376,36,59.068240113045725,8
6733,8180,XD_8180_ID_POCATELLO.RIDS,2026,6,2026-06-12,27.64139280319214,23.729458026632376,37,60.709024560630326,8
6734,8180,XD_8180_ID_POCATELLO.RIDS,2026,6,2026-06-15,32.02216650644938,27.490244845725396,35,57.427455665461125,8
6735,8180,XD_8180_ID_POCATELLO.RIDS,2026,6,2026-06-16,29.29967573553651,25.153053267274608,35,57.427455665461125,8
6736,8180,XD_8180_ID_POCATELLO.RIDS,2026,6,2026-06-17,27.64014253616333,23.728384703041435,36,59.068240113045725,8
6737,8180,XD_8180_ID_POCATELLO.RIDS,2026,6,2026-06-18,27.68216635386149,23.764461120220822,36,59.068240113045725,8
6738,8180,XD_8180_ID_POCATELLO.RIDS,2026,6,2026-06-19,26.543714032854353,22.78712771451989,29,47.5827489799535,7
6739,8180,XD_8180_ID_POCATELLO.RIDS,2026,6,2026-06-22,27.652749681472777,23.739207628195253,34,55.78667121787652,8
6740,8180,XD_8180_ID_POCATELLO.RIDS,2026,6,2026-06-23,27.096071856362478,23.26131336362743,37,60.709024560630326,8
6741,8180,XD_8180_ID_POCATELLO.RIDS,2026,6,2026-06-24,27.215000414848326,23.363410615269245,35,57.427455665461125,8
6742,8180,XD_8180_ID_POCATELLO.RIDS,2026,6,2026-06-25,27.246071856362477,23.390084686018383,36,59.068240113045725,8
6743,8180,XD_8180_ID_POCATELLO.RIDS,2026,6,2026-06-26,27.287500445048014,23.425650113683897,35,57.427455665461125,8
6744,8180,XD_8180_ID_POCATELLO.RIDS,2026,6,2026-06-29,27.246071856362477,23.390084686018383,36,59.068240113045725,8
6745,8180,XD_8180_ID_POCATELLO.RIDS,2026,6,2026-06-30,27.11910752568926,23.281088920969896,37,60.709024560630326,8
6746,8180,XD_8180_ID_TWINFALLS.RIDS,2026,5,2026-05-01,21.59499979019165,25.814185247861865,28,28.606328408615337,4
6747,8180,XD_8180_ID_TWINFALLS.RIDS,2026,5,2026-05-04,21.59499979019165,25.814185247861865,27,27.58467382259336,4
6748,8180,XD_8180_ID_TWINFALLS.RIDS,2026,5,2026-05-05,21.59499979019165,25.814185247861865,26,26.563019236571385,4
6749,8180,XD_8180_ID_TWINFALLS.RIDS,2026,5,2026-05-06,21.907500743865967,26.187741977968724,27,27.58467382259336,4
6750,8180,XD_8180_ID_TWINFALLS.RIDS,2026,5,2026-05-07,21.907500743865967,26.187741977968724,26,26.563019236571385,4
6751,8180,XD_8180_ID_TWINFALLS.RIDS,2026,5,2026-05-08,21.907500743865967,26.187741977968724,28,28.606328408615337,4
6752,8180,XD_8180_ID_TWINFALLS.RIDS,2026,5,2026-05-11,21.907500743865967,26.187741977968724,28,28.606328408615337,4
6753,8180,XD_8180_ID_TWINFALLS.RIDS,2026,5,2026-05-12,21.907500743865967,26.187741977968727,27,27.58467382259336,4
6754,8180,XD_8180_ID_TWINFALLS.RIDS,2026,5,2026-05-13,21.907500743865967,26.187741977968727,30,30.649637580659288,4
6755,8180,XD_8180_ID_TWINFALLS.RIDS,2026,5,2026-05-14,21.907500743865967,26.187741977968727,28,28.606328408615337,4
6756,8180,XD_8180_ID_TWINFALLS.RIDS,2026,5,2026-05-15,21.907500743865967,26.187741977968724,29,29.627982994637314,4
6757,8180,XD_8180_ID_TWINFALLS.RIDS,2026,5,2026-05-18,21.907500743865967,26.187741977968727,27,27.58467382259336,4
6758,8180,XD_8180_ID_TWINFALLS.RIDS,2026,5,2026-05-19,21.907500743865967,26.187741977968727,28,28.606328408615337,4
6759,8180,XD_8180_ID_TWINFALLS.RIDS,2026,5,2026-05-20,22.104999542236328,26.423827674514005,29,29.627982994637314,4
6760,8180,XD_8180_ID_TWINFALLS.RIDS,2026,5,2026-05-21,22.104999542236328,26.42382767451401,27,27.58467382259336,4
6761,8180,XD_8180_ID_TWINFALLS.RIDS,2026,5,2026-05-22,22.104999542236328,26.42382767451401,28,28.606328408615337,4
6762,8180,XD_8180_ID_TWINFALLS.RIDS,2026,5,2026-05-26,22.104999542236328,26.42382767451401,27,27.58467382259336,4
6763,8180,XD_8180_ID_TWINFALLS.RIDS,2026,5,2026-05-27,22.104999542236328,26.42382767451401,29,29.627982994637314,4
6764,8180,XD_8180_ID_TWINFALLS.RIDS,2026,5,2026-05-28,22.104999542236328,26.42382767451401,25,25.541364650549408,4
6765,8180,XD_8180_ID_TWINFALLS.RIDS,2026,5,2026-05-29,22.104999542236328,26.42382767451401,29,29.627982994637314,4
6766,8180,XD_8180_ID_TWINFALLS.RIDS,2026,6,2026-06-01,22.104999542236328,26.550137537361667,27,27.0,4
6767,8180,XD_8180_ID_TWINFALLS.RIDS,2026,6,2026-06-02,22.104999542236328,26.550137537361667,26,26.0,4
6768,8180,XD_8180_ID_TWINFALLS.RIDS,2026,6,2026-06-03,21.907500743865967,26.312923315747337,30,30.0,4
6769,8180,XD_8180_ID_TWINFALLS.RIDS,2026,6,2026-06-04,21.907500743865967,26.312923315747337,26,26.0,4
6770,8180,XD_8180_ID_TWINFALLS.RIDS,2026,6,2026-06-05,21.907500743865967,26.312923315747337,30,30.0,4
6771,8180,XD_8180_ID_TWINFALLS.RIDS,2026,6,2026-06-08,21.907500743865967,26.312923315747337,28,28.0,4
6772,8180,XD_8180_ID_TWINFALLS.RIDS,2026,6,2026-06-09,21.907500743865967,26.312923315747337,26,26.0,4
6773,8180,XD_8180_ID_TWINFALLS.RIDS,2026,6,2026-06-10,21.699999809265137,26.063695608582872,30,30.0,4
6774,8180,XD_8180_ID_TWINFALLS.RIDS,2026,6,2026-06-11,21.699999809265137,26.063695608582872,25,25.0,4
6775,8180,XD_8180_ID_TWINFALLS.RIDS,2026,6,2026-06-12,21.699999809265137,26.063695608582872,28,28.0,4
6776,8180,XD_8180_ID_TWINFALLS.RIDS,2026,6,2026-06-15,21.699999809265137,26.063695608582872,27,27.0,4
6777,8180,XD_8180_ID_TWINFALLS.RIDS,2026,6,2026-06-16,20.088154577073595,24.127721236728323,27,27.0,4
6778,8180,XD_8180_ID_TWINFALLS.RIDS,2026,6,2026-06-17,21.699999809265137,26.063695608582872,30,30.0,4
6779,8180,XD_8180_ID_TWINFALLS.RIDS,2026,6,2026-06-18,21.699999809265137,26.063695608582872,26,26.0,4
6780,8180,XD_8180_ID_TWINFALLS.RIDS,2026,6,2026-06-19,21.699999809265137,26.063695608582872,26,26.0,4
6781,8180,XD_8180_ID_TWINFALLS.RIDS,2026,6,2026-06-22,22.220749807357787,26.68916425179742,22,22.0,4
6782,8180,XD_8180_ID_TWINFALLS.RIDS,2026,6,2026-06-23,20.87425026893616,25.071894463088274,26,26.0,4
6783,8180,XD_8180_ID_TWINFALLS.RIDS,2026,6,2026-06-24,21.387500286102295,25.68835493940618,31,31.0,4
6784,8180,XD_8180_ID_TWINFALLS.RIDS,2026,6,2026-06-25,20.87425026893616,25.071894463088274,25,25.0,4
6785,8180,XD_8180_ID_TWINFALLS.RIDS,2026,6,2026-06-26,21.387500286102295,25.68835493940618,30,30.0,4
6786,8180,XD_8180_ID_TWINFALLS.RIDS,2026,6,2026-06-29,21.387500286102295,25.68835493940618,29,29.0,4
6787,8180,XD_8180_ID_TWINFALLS.RIDS,2026,6,2026-06-30,21.292500495910645,25.574251453867106,29,29.0,4
6788,8180,XD_8180_MT_BUTTE.RIDS,2026,5,2026-05-01,18.117666816711427,19.140152823437255,25,30.378404983350258,5
6789,8180,XD_8180_MT_BUTTE.RIDS,2026,5,2026-05-04,18.117666816711427,19.140152823437255,26,31.593541182684266,5
6790,8180,XD_8180_MT_BUTTE.RIDS,2026,5,2026-05-05,18.117666816711427,19.140152823437255,27,32.808677382018274,5
6791,8180,XD_8180_MT_BUTTE.RIDS,2026,5,2026-05-06,18.37200012207031,19.408839646189115,26,31.593541182684266,5
6792,8180,XD_8180_MT_BUTTE.RIDS,2026,5,2026-05-07,18.37200012207031,19.408839646189115,26,31.593541182684266,5
6793,8180,XD_8180_MT_BUTTE.RIDS,2026,5,2026-05-08,18.37200012207031,19.408839646189115,25,30.378404983350258,5
6794,8180,XD_8180_MT_BUTTE.RIDS,2026,5,2026-05-11,18.37200012207031,19.408839646189115,25,30.378404983350258,5
6795,8180,XD_8180_MT_BUTTE.RIDS,2026,5,2026-05-12,18.37200012207031,19.408839646189115,25,30.378404983350258,5
6796,8180,XD_8180_MT_BUTTE.RIDS,2026,5,2026-05-13,18.37200012207031,19.408839646189115,26,31.593541182684266,5
6797,8180,XD_8180_MT_BUTTE.RIDS,2026,5,2026-05-14,18.37200012207031,19.408839646189115,26,31.593541182684266,5
6798,8180,XD_8180_MT_BUTTE.RIDS,2026,5,2026-05-15,18.37200012207031,19.408839646189115,24,29.163268784016246,5
6799,8180,XD_8180_MT_BUTTE.RIDS,2026,5,2026-05-18,18.37200012207031,19.408839646189115,24,29.163268784016246,5
6800,8180,XD_8180_MT_BUTTE.RIDS,2026,5,2026-05-19,18.37200012207031,19.408839646189115,26,31.593541182684266,5
6801,8180,XD_8180_MT_BUTTE.RIDS,2026,5,2026-05-20,18.544333585103352,19.590898895451943,26,31.593541182684266,5
6802,8180,XD_8180_MT_BUTTE.RIDS,2026,5,2026-05-21,18.544333585103352,19.590898895451943,25,30.378404983350258,5
6803,8180,XD_8180_MT_BUTTE.RIDS,2026,5,2026-05-22,18.544333585103352,19.590898895451943,26,31.593541182684266,5
6804,8180,XD_8180_MT_BUTTE.RIDS,2026,5,2026-05-26,18.544333585103352,19.590898895451943,25,30.378404983350258,5
6805,8180,XD_8180_MT_BUTTE.RIDS,2026,5,2026-05-27,18.544333585103352,19.590898895451943,27,32.808677382018274,5
6806,8180,XD_8180_MT_BUTTE.RIDS,2026,5,2026-05-28,18.544333585103352,19.590898895451943,25,30.378404983350258,5
6807,8180,XD_8180_MT_BUTTE.RIDS,2026,5,2026-05-29,18.544333585103352,19.590898895451943,25,30.378404983350258,5
6808,8180,XD_8180_MT_BUTTE.RIDS,2026,6,2026-06-01,18.544333585103352,19.80548833859179,24,28.308702389909044,5
6809,8180,XD_8180_MT_BUTTE.RIDS,2026,6,2026-06-02,18.544333585103352,19.80548833859179,26,30.667760922401463,5
6810,8180,XD_8180_MT_BUTTE.RIDS,2026,6,2026-06-03,18.37200012207031,19.62143489839743,27,31.847290188647673,5
6811,8180,XD_8180_MT_BUTTE.RIDS,2026,6,2026-06-04,18.37200012207031,19.62143489839743,25,29.488231656155254,5
6812,8180,XD_8180_MT_BUTTE.RIDS,2026,6,2026-06-05,18.37200012207031,19.62143489839743,25,29.488231656155254,5
6813,8180,XD_8180_MT_BUTTE.RIDS,2026,6,2026-06-08,18.37200012207031,19.62143489839743,26,30.667760922401463,5
6814,8180,XD_8180_MT_BUTTE.RIDS,2026,6,2026-06-09,18.37200012207031,19.62143489839743,25,29.488231656155254,5
6815,8180,XD_8180_MT_BUTTE.RIDS,2026,6,2026-06-10,18.19933338165283,19.437025515439167,26,30.667760922401463,5
6816,8180,XD_8180_MT_BUTTE.RIDS,2026,6,2026-06-11,18.19933338165283,19.437025515439167,26,30.667760922401463,5
6817,8180,XD_8180_MT_BUTTE.RIDS,2026,6,2026-06-12,18.19933338165283,19.437025515439167,25,29.488231656155254,5
6818,8180,XD_8180_MT_BUTTE.RIDS,2026,6,2026-06-15,18.19933338165283,19.437025515439167,25,29.488231656155254,5
6819,8180,XD_8180_MT_BUTTE.RIDS,2026,6,2026-06-16,18.498000049591063,19.7560037726966,26,30.667760922401463,5
6820,8180,XD_8180_MT_BUTTE.RIDS,2026,6,2026-06-17,18.19933338165283,19.437025515439167,27,31.847290188647673,5
6821,8180,XD_8180_MT_BUTTE.RIDS,2026,6,2026-06-18,18.159428623744418,19.39440693258299,26,30.667760922401467,5
6822,8180,XD_8180_MT_BUTTE.RIDS,2026,6,2026-06-19,18.19933338165283,19.437025515439167,25,29.488231656155254,5
6823,8180,XD_8180_MT_BUTTE.RIDS,2026,6,2026-06-22,18.19933338165283,19.437025515439167,25,29.488231656155254,5
6824,8180,XD_8180_MT_BUTTE.RIDS,2026,6,2026-06-23,17.945333417256673,19.165751634942758,25,29.488231656155254,5
6825,8180,XD_8180_MT_BUTTE.RIDS,2026,6,2026-06-24,17.906000082833426,19.123743336684832,28,33.02681945489388,5
6826,8180,XD_8180_MT_BUTTE.RIDS,2026,6,2026-06-25,17.906000082833426,19.123743336684832,26,30.667760922401467,5
6827,8180,XD_8180_MT_BUTTE.RIDS,2026,6,2026-06-26,17.906000082833426,19.123743336684832,26,30.667760922401467,5
6828,8180,XD_8180_MT_BUTTE.RIDS,2026,6,2026-06-29,17.945333417256673,19.165751634942758,25,29.488231656155254,5
6829,8180,XD_8180_MT_BUTTE.RIDS,2026,6,2026-06-30,17.863666788736978,19.07853105883653,26,30.667760922401463,5
6830,8180,XD_8180_MT_GREATFALLS.RIDS,2026,5,2026-05-01,27.55999994277954,26.322887638926822,32,30.140628110203153,4
6831,8180,XD_8180_MT_GREATFALLS.RIDS,2026,5,2026-05-04,27.55999994277954,26.322887638926822,33,31.082522738647,4
6832,8180,XD_8180_MT_GREATFALLS.RIDS,2026,5,2026-05-05,27.55999994277954,26.322887638926822,33,31.082522738647,4
6833,8180,XD_8180_MT_GREATFALLS.RIDS,2026,5,2026-05-06,27.949999809265137,26.69538120518267,33,31.082522738647,4
6834,8180,XD_8180_MT_GREATFALLS.RIDS,2026,5,2026-05-07,27.949999809265137,26.69538120518267,34,32.02441736709085,4
6835,8180,XD_8180_MT_GREATFALLS.RIDS,2026,5,2026-05-08,27.949999809265137,26.69538120518267,35,32.966311995534696,4
6836,8180,XD_8180_MT_GREATFALLS.RIDS,2026,5,2026-05-11,27.949999809265137,26.69538120518267,34,32.02441736709085,4
6837,8180,XD_8180_MT_GREATFALLS.RIDS,2026,5,2026-05-12,27.949999809265137,26.69538120518267,30,28.256838853315454,4
6838,8180,XD_8180_MT_GREATFALLS.RIDS,2026,5,2026-05-13,27.949999809265137,26.69538120518267,35,32.966311995534696,4
6839,8180,XD_8180_MT_GREATFALLS.RIDS,2026,5,2026-05-14,27.949999809265137,26.69538120518267,33,31.082522738647,4
6840,8180,XD_8180_MT_GREATFALLS.RIDS,2026,5,2026-05-15,27.949999809265137,26.69538120518267,33,31.082522738647,4
6841,8180,XD_8180_MT_GREATFALLS.RIDS,2026,5,2026-05-18,27.949999809265137,26.69538120518267,33,31.082522738647,4
6842,8180,XD_8180_MT_GREATFALLS.RIDS,2026,5,2026-05-19,27.949999809265137,26.69538120518267,33,31.082522738647,4
6843,8180,XD_8180_MT_GREATFALLS.RIDS,2026,5,2026-05-20,28.210000038146973,26.94371055297517,33,31.082522738647,4
6844,8180,XD_8180_MT_GREATFALLS.RIDS,2026,5,2026-05-21,28.210000038146973,26.94371055297517,34,32.02441736709085,4
6845,8180,XD_8180_MT_GREATFALLS.RIDS,2026,5,2026-05-22,28.210000038146973,26.94371055297517,33,31.082522738647,4
6846,8180,XD_8180_MT_GREATFALLS.RIDS,2026,5,2026-05-26,28.210000038146973,26.94371055297517,32,30.140628110203153,4
6847,8180,XD_8180_MT_GREATFALLS.RIDS,2026,5,2026-05-27,28.210000038146973,26.94371055297517,34,32.02441736709085,4
6848,8180,XD_8180_MT_GREATFALLS.RIDS,2026,5,2026-05-28,28.210000038146973,26.94371055297517,34,32.02441736709085,4
6849,8180,XD_8180_MT_GREATFALLS.RIDS,2026,5,2026-05-29,28.210000038146973,26.94371055297517,33,31.082522738647,4
6850,8180,XD_8180_MT_GREATFALLS.RIDS,2026,6,2026-06-01,28.210000038146973,26.8231674527855,32,31.04164028906612,4
6851,8180,XD_8180_MT_GREATFALLS.RIDS,2026,6,2026-06-02,27.831999588012696,26.463749893144616,32,31.041640289066123,5
6852,8180,XD_8180_MT_GREATFALLS.RIDS,2026,6,2026-06-03,27.66999969482422,26.30971408114703,32,31.041640289066123,5
6853,8180,XD_8180_MT_GREATFALLS.RIDS,2026,6,2026-06-04,27.66999969482422,26.30971408114703,36,34.921845325199385,5
6854,8180,XD_8180_MT_GREATFALLS.RIDS,2026,6,2026-06-05,27.66999969482422,26.30971408114703,33,32.011691548099435,5
6855,8180,XD_8180_MT_GREATFALLS.RIDS,2026,6,2026-06-08,27.66999969482422,26.30971408114703,31,30.071589030032808,5
6856,8180,XD_8180_MT_GREATFALLS.RIDS,2026,6,2026-06-09,27.66999969482422,26.30971408114703,34,32.981742807132754,5
6857,8180,XD_8180_MT_GREATFALLS.RIDS,2026,6,2026-06-10,27.413999557495117,26.066299173588398,33,32.011691548099435,5
6858,8180,XD_8180_MT_GREATFALLS.RIDS,2026,6,2026-06-11,27.413999557495117,26.066299173588398,32,31.041640289066123,5
6859,8180,XD_8180_MT_GREATFALLS.RIDS,2026,6,2026-06-12,27.413999557495117,26.066299173588398,31,30.071589030032808,5
6860,8180,XD_8180_MT_GREATFALLS.RIDS,2026,6,2026-06-15,27.413999557495117,26.066299173588398,32,31.041640289066123,5
6861,8180,XD_8180_MT_GREATFALLS.RIDS,2026,6,2026-06-16,24.515332903180802,23.310133950144973,34,32.981742807132754,5
6862,8180,XD_8180_MT_GREATFALLS.RIDS,2026,6,2026-06-17,27.413999557495117,26.066299173588398,33,32.01169154809944,5
6863,8180,XD_8180_MT_GREATFALLS.RIDS,2026,6,2026-06-18,27.413999557495117,26.066299173588398,33,32.011691548099435,5
6864,8180,XD_8180_MT_GREATFALLS.RIDS,2026,6,2026-06-19,27.413999557495117,26.066299173588398,30,29.10153777099949,5
6865,8180,XD_8180_MT_GREATFALLS.RIDS,2026,6,2026-06-22,27.413999557495117,26.066299173588398,30,29.10153777099949,5
6866,8180,XD_8180_MT_GREATFALLS.RIDS,2026,6,2026-06-23,27.02400016784668,25.69547255462781,33,32.011691548099435,5
6867,8180,XD_8180_MT_GREATFALLS.RIDS,2026,6,2026-06-24,27.02400016784668,25.69547255462781,34,32.981742807132754,5
6868,8180,XD_8180_MT_GREATFALLS.RIDS,2026,6,2026-06-25,27.02400016784668,25.69547255462781,33,32.01169154809944,5
6869,8180,XD_8180_MT_GREATFALLS.RIDS,2026,6,2026-06-26,27.02400016784668,25.69547255462781,32,31.041640289066123,5
6870,8180,XD_8180_MT_GREATFALLS.RIDS,2026,6,2026-06-29,27.94533348083496,26.57151217535436,32,31.041640289066123,5
6871,8180,XD_8180_MT_GREATFALLS.RIDS,2026,6,2026-06-30,29.991998926798505,28.517561445211648,33,32.011691548099435,5
6872,8180,XD_8180_MT_MISSOULA.RIDS,2026,5,2026-05-01,41.55250000953674,39.40243095890335,36,45.54889489619433,8
6873,8180,XD_8180_MT_MISSOULA.RIDS,2026,5,2026-05-04,41.55250000953674,39.40243095890335,38,48.07938905709401,8
6874,8180,XD_8180_MT_MISSOULA.RIDS,2026,5,2026-05-05,41.55250000953674,39.40243095890335,37,46.814141976644166,8
6875,8180,XD_8180_MT_MISSOULA.RIDS,2026,5,2026-05-06,43.327187299728394,41.08528983404615,40,50.6098832179937,8
6876,8180,XD_8180_MT_MISSOULA.RIDS,2026,5,2026-05-07,42.14687490463257,39.96605085571687,38,48.07938905709401,8
6877,8180,XD_8180_MT_MISSOULA.RIDS,2026,5,2026-05-08,42.14687490463257,39.96605085571687,37,46.814141976644166,8
6878,8180,XD_8180_MT_MISSOULA.RIDS,2026,5,2026-05-11,42.14687490463257,39.96605085571687,36,45.54889489619433,8
6879,8180,XD_8180_MT_MISSOULA.RIDS,2026,5,2026-05-12,42.14687490463257,39.96605085571687,38,48.07938905709401,8
6880,8180,XD_8180_MT_MISSOULA.RIDS,2026,5,2026-05-13,43.327187299728394,41.08528983404615,40,50.6098832179937,8
6881,8180,XD_8180_MT_MISSOULA.RIDS,2026,5,2026-05-14,42.14687490463257,39.96605085571687,39,49.34463613754385,8
6882,8180,XD_8180_MT_MISSOULA.RIDS,2026,5,2026-05-15,42.14687490463257,39.96605085571687,36,45.54889489619433,8
6883,8180,XD_8180_MT_MISSOULA.RIDS,2026,5,2026-05-18,42.14687490463257,39.96605085571687,38,48.07938905709401,8
6884,8180,XD_8180_MT_MISSOULA.RIDS,2026,5,2026-05-19,42.14687490463257,39.96605085571687,37,46.814141976644166,8
6885,8180,XD_8180_MT_MISSOULA.RIDS,2026,5,2026-05-20,43.727500200271606,41.46488917035545,39,49.34463613754385,8
6886,8180,XD_8180_MT_MISSOULA.RIDS,2026,5,2026-05-21,42.53625011444092,40.3352784549723,37,46.814141976644166,8
6887,8180,XD_8180_MT_MISSOULA.RIDS,2026,5,2026-05-22,42.53625011444092,40.3352784549723,37,46.814141976644166,8
6888,8180,XD_8180_MT_MISSOULA.RIDS,2026,5,2026-05-26,42.53625011444092,40.3352784549723,36,45.54889489619433,8
6889,8180,XD_8180_MT_MISSOULA.RIDS,2026,5,2026-05-27,43.727500200271606,41.46488917035545,41,51.87513029844354,8
6890,8180,XD_8180_MT_MISSOULA.RIDS,2026,5,2026-05-28,42.53625011444092,40.3352784549723,36,45.54889489619433,8
6891,8180,XD_8180_MT_MISSOULA.RIDS,2026,5,2026-05-29,42.53625011444092,40.3352784549723,38,48.07938905709401,8
6892,8180,XD_8180_MT_MISSOULA.RIDS,2026,6,2026-06-01,42.53625011444092,39.83061958332884,38,49.67611201619808,8
6893,8180,XD_8180_MT_MISSOULA.RIDS,2026,6,2026-06-02,42.53625011444092,39.83061958332884,38,49.67611201619808,8
6894,8180,XD_8180_MT_MISSOULA.RIDS,2026,6,2026-06-03,43.327187299728394,40.57124712000018,39,50.98337812188751,8
6895,8180,XD_8180_MT_MISSOULA.RIDS,2026,6,2026-06-04,42.14687490463257,39.46601161212007,39,50.98337812188751,8
6896,8180,XD_8180_MT_MISSOULA.RIDS,2026,6,2026-06-05,42.14687490463257,39.46601161212007,37,48.36884591050866,8
6897,8180,XD_8180_MT_MISSOULA.RIDS,2026,6,2026-06-08,42.14687490463257,39.46601161212007,37,48.36884591050866,8
6898,8180,XD_8180_MT_MISSOULA.RIDS,2026,6,2026-06-09,42.08437490463257,39.407487089688956,39,50.983378121887505,8
6899,8180,XD_8180_MT_MISSOULA.RIDS,2026,6,2026-06-10,42.92187523841858,40.19171600282054,39,50.983378121887505,8
6900,8180,XD_8180_MT_MISSOULA.RIDS,2026,6,2026-06-11,42.5320835908254,39.8267180824521,39,50.98337812188751,8
6901,8180,XD_8180_MT_MISSOULA.RIDS,2026,6,2026-06-12,41.75250029563904,39.09672224171521,36,47.06157980481924,8
6902,8180,XD_8180_MT_MISSOULA.RIDS,2026,6,2026-06-15,41.75250029563904,39.09672224171521,33,43.139781487750966,8
6903,8180,XD_8180_MT_MISSOULA.RIDS,2026,6,2026-06-16,45.170500357945755,42.29731138277148,36,47.06157980481924,8
6904,8180,XD_8180_MT_MISSOULA.RIDS,2026,6,2026-06-17,41.75250029563904,39.09672224171521,36,47.06157980481924,8
6905,8180,XD_8180_MT_MISSOULA.RIDS,2026,6,2026-06-18,41.75250029563904,39.09672224171521,35,45.75431369912982,8
6906,8180,XD_8180_MT_MISSOULA.RIDS,2026,6,2026-06-19,41.75250029563904,39.09672224171521,31,40.52524927637212,8
6907,8180,XD_8180_MT_MISSOULA.RIDS,2026,6,2026-06-22,41.75250029563904,39.09672224171521,32,41.832515382061544,8
6908,8180,XD_8180_MT_MISSOULA.RIDS,2026,6,2026-06-23,41.1618754863739,38.54366568334386,37,48.36884591050866,8
6909,8180,XD_8180_MT_MISSOULA.RIDS,2026,6,2026-06-24,39.02250043551127,36.54037123289946,36,48.36884591050866,8
6910,8180,XD_8180_MT_MISSOULA.RIDS,2026,6,2026-06-25,39.02250043551127,36.54037123289947,34,45.75431369912982,8
6911,8180,XD_8180_MT_MISSOULA.RIDS,2026,6,2026-06-26,41.1618754863739,38.54366568334386,34,44.44704759344039,8
6912,8180,XD_8180_MT_MISSOULA.RIDS,2026,6,2026-06-29,41.1618754863739,38.54366568334386,35,45.75431369912982,8
6913,8180,XD_8180_MT_MISSOULA.RIDS,2026,6,2026-06-30,40.963125467300415,38.35755768415265,35,45.75431369912982,8
6914,8180,XD_8180_UT_CEDARCITY.RIDS,2026,5,2026-05-01,49.691874623298645,56.82673728156179,31,63.18679767784052,8
6915,8180,XD_8180_UT_CEDARCITY.RIDS,2026,5,2026-05-04,49.691874623298645,56.82673728156179,30,61.14851388178115,8
6916,8180,XD_8180_UT_CEDARCITY.RIDS,2026,5,2026-05-05,49.691874623298645,56.82673728156179,30,61.14851388178115,8
6917,8180,XD_8180_UT_CEDARCITY.RIDS,2026,5,2026-05-06,50.78462999838369,58.07639274502981,31,63.18679767784052,9
6918,8180,XD_8180_UT_CEDARCITY.RIDS,2026,5,2026-05-07,51.33777819739448,58.70896311234328,32,65.22508147389989,9
6919,8180,XD_8180_UT_CEDARCITY.RIDS,2026,5,2026-05-08,50.39875066280365,57.635108052278255,31,63.18679767784052,8
6920,8180,XD_8180_UT_CEDARCITY.RIDS,2026,5,2026-05-11,50.39875066280365,57.635108052278255,30,61.14851388178115,8
6921,8180,XD_8180_UT_CEDARCITY.RIDS,2026,5,2026-05-12,50.78462999838369,58.07639274502981,31,63.18679767784052,9
6922,8180,XD_8180_UT_CEDARCITY.RIDS,2026,5,2026-05-13,51.33777819739448,58.70896311234328,31,63.18679767784052,9
6923,8180,XD_8180_UT_CEDARCITY.RIDS,2026,5,2026-05-14,50.39875066280365,57.635108052278255,31,63.18679767784052,8
6924,8180,XD_8180_UT_CEDARCITY.RIDS,2026,5,2026-05-15,50.78462999838369,58.07639274502981,30,61.14851388178115,9
6925,8180,XD_8180_UT_CEDARCITY.RIDS,2026,5,2026-05-18,49.77645893891652,56.9234663890506,30,61.14851388178115,8
6926,8180,XD_8180_UT_CEDARCITY.RIDS,2026,5,2026-05-19,50.39875066280365,57.635108052278255,31,63.18679767784052,8
6927,8180,XD_8180_UT_CEDARCITY.RIDS,2026,5,2026-05-20,51.81666639116075,59.256611068486954,32,65.22508147389989,9
6928,8180,XD_8180_UT_CEDARCITY.RIDS,2026,5,2026-05-21,51.81666639116075,59.256611068486954,32,65.22508147389989,9
6929,8180,XD_8180_UT_CEDARCITY.RIDS,2026,5,2026-05-22,50.868749499320984,58.17259029877993,31,63.18679767784052,8
6930,8180,XD_8180_UT_CEDARCITY.RIDS,2026,5,2026-05-26,50.2406245470047,57.45427786005911,29,59.110230085721774,8
6931,8180,XD_8180_UT_CEDARCITY.RIDS,2026,5,2026-05-27,51.81666639116075,59.256611068486954,32,65.22508147389989,9
6932,8180,XD_8180_UT_CEDARCITY.RIDS,2026,5,2026-05-28,50.868749499320984,58.17259029877993,31,63.18679767784052,8
6933,8180,XD_8180_UT_CEDARCITY.RIDS,2026,5,2026-05-29,50.868749499320984,58.17259029877993,31,63.18679767784052,8
6934,8180,XD_8180_UT_CEDARCITY.RIDS,2026,6,2026-06-01,51.258333100212944,60.40803528477397,29,55.9798174820795,9
6935,8180,XD_8180_UT_CEDARCITY.RIDS,2026,6,2026-06-02,50.868749499320984,59.9489103291684,30,57.91015601594431,8
6936,8180,XD_8180_UT_CEDARCITY.RIDS,2026,6,2026-06-03,51.33777819739448,60.50166147086866,31,59.840494549809115,9
6937,8180,XD_8180_UT_CEDARCITY.RIDS,2026,6,2026-06-04,50.78462999838369,59.84977535006515,31,59.840494549809115,9
6938,8180,XD_8180_UT_CEDARCITY.RIDS,2026,6,2026-06-05,50.39875066280365,59.39501587761387,30,57.91015601594431,8
6939,8180,XD_8180_UT_CEDARCITY.RIDS,2026,6,2026-06-08,50.78462999838369,59.84977535006515,29,55.9798174820795,9
6940,8180,XD_8180_UT_CEDARCITY.RIDS,2026,6,2026-06-09,50.39875066280365,59.39501587761387,31,59.840494549809115,8
6941,8180,XD_8180_UT_CEDARCITY.RIDS,2026,6,2026-06-10,49.309583624203995,58.11143061606998,30,57.91015601594431,8
6942,8180,XD_8180_UT_CEDARCITY.RIDS,2026,6,2026-06-11,49.92625033855438,58.83817341838848,30,57.91015601594431,8
6943,8180,XD_8180_UT_CEDARCITY.RIDS,2026,6,2026-06-12,49.309583624203995,58.11143061606998,29,55.9798174820795,8
6944,8180,XD_8180_UT_CEDARCITY.RIDS,2026,6,2026-06-15,49.92625033855438,58.83817341838848,29,55.9798174820795,8
6945,8180,XD_8180_UT_CEDARCITY.RIDS,2026,6,2026-06-16,43.92988906890627,51.77145116565782,32,67.56184868526836,9
6946,8180,XD_8180_UT_CEDARCITY.RIDS,2026,6,2026-06-17,49.92625033855438,58.83817341838848,30,57.91015601594431,8
6947,8180,XD_8180_UT_CEDARCITY.RIDS,2026,6,2026-06-18,50.30851869229917,59.288677342425984,30,57.91015601594431,9
6948,8180,XD_8180_UT_CEDARCITY.RIDS,2026,6,2026-06-19,49.92625033855438,58.83817341838848,28,54.049478948214684,8
6949,8180,XD_8180_UT_CEDARCITY.RIDS,2026,6,2026-06-22,40.49285766056606,47.7209036345086,27,52.11914041434988,7
6950,8180,XD_8180_UT_CEDARCITY.RIDS,2026,6,2026-06-23,46.6703120470047,55.00104444237496,31,63.70117161753874,8
6951,8180,XD_8180_UT_CEDARCITY.RIDS,2026,6,2026-06-24,46.06239537398021,54.28461357907571,30,61.77083308367393,8
6952,8180,XD_8180_UT_CEDARCITY.RIDS,2026,6,2026-06-25,48.612707893053695,57.290161347049306,29,55.9798174820795,8
6953,8180,XD_8180_UT_CEDARCITY.RIDS,2026,6,2026-06-26,48.65062455336253,57.33484619759524,31,61.77083308367393,8
6954,8180,XD_8180_UT_CEDARCITY.RIDS,2026,6,2026-06-29,48.612707893053695,57.290161347049306,29,55.9798174820795,8
6955,8180,XD_8180_UT_CEDARCITY.RIDS,2026,6,2026-06-30,46.588111072116426,54.9041704495788,32,67.56184868526836,9
6956,8180,XD_8180_UT_SALTLAKECITY.RIDS,2026,5,2026-05-01,29.03495404705751,23.909271403187,186,161.97781046767415,39
6957,8180,XD_8180_UT_SALTLAKECITY.RIDS,2026,5,2026-05-04,28.644449778965544,23.587704766133548,180,156.7527198074266,39
6958,8180,XD_8180_UT_SALTLAKECITY.RIDS,2026,5,2026-05-05,28.34545370504824,23.341491933552863,188,163.7195073544233,39
6959,8180,XD_8180_UT_SALTLAKECITY.RIDS,2026,5,2026-05-06,29.119847227899243,23.979177975029174,217,188.97411221228649,39
6960,8180,XD_8180_UT_SALTLAKECITY.RIDS,2026,5,2026-05-07,28.66351208172535,23.60340190722478,191,166.3320526845471,39
6961,8180,XD_8180_UT_SALTLAKECITY.RIDS,2026,5,2026-05-08,28.60420293561511,23.55456289515874,187,162.84865891104872,39
6962,8180,XD_8180_UT_SALTLAKECITY.RIDS,2026,5,2026-05-11,28.8832202783677,23.78432393983805,193,168.07374957129628,39
6963,8180,XD_8180_UT_SALTLAKECITY.RIDS,2026,5,2026-05-12,29.170790319089537,24.021127832825123,193,168.07374957129628,39
6964,8180,XD_8180_UT_SALTLAKECITY.RIDS,2026,5,2026-05-13,28.318283135919103,23.31911791806674,213,185.49071843878812,39
6965,8180,XD_8180_UT_SALTLAKECITY.RIDS,2026,5,2026-05-14,28.880867579432586,23.782386574368886,192,167.20290112792168,39
6966,8180,XD_8180_UT_SALTLAKECITY.RIDS,2026,5,2026-05-15,28.93802582653839,23.8294543961663,190,165.4612042411725,39
6967,8180,XD_8180_UT_SALTLAKECITY.RIDS,2026,5,2026-05-18,28.927227276731035,23.820562167245036,193,168.07374957129628,39
6968,8180,XD_8180_UT_SALTLAKECITY.RIDS,2026,5,2026-05-19,29.285841925227913,24.1158688154379,192,167.20290112792168,39
6969,8180,XD_8180_UT_SALTLAKECITY.RIDS,2026,5,2026-05-20,28.874891017033505,23.777465083801822,215,187.23241532553732,39
6970,8180,XD_8180_UT_SALTLAKECITY.RIDS,2026,5,2026-05-21,29.17561490721605,24.025100712780038,184,160.23611358092495,39
6971,8180,XD_8180_UT_SALTLAKECITY.RIDS,2026,5,2026-05-22,29.955398588014344,24.66722536122156,181,157.62356825080118,39
6972,8180,XD_8180_UT_SALTLAKECITY.RIDS,2026,5,2026-05-26,29.435054618515615,24.23874026117307,194,168.94459801467087,39
6973,8180,XD_8180_UT_SALTLAKECITY.RIDS,2026,5,2026-05-27,28.5313027962175,23.494532174415642,211,183.74902155203893,39
6974,8180,XD_8180_UT_SALTLAKECITY.RIDS,2026,5,2026-05-28,29.445107226241735,24.24701823282214,189,164.5903557977979,39
6975,8180,XD_8180_UT_SALTLAKECITY.RIDS,2026,5,2026-05-29,29.588021161316565,24.364702870981496,191,167.20290112792168,39
6976,8180,XD_8180_UT_SALTLAKECITY.RIDS,2026,6,2026-06-01,29.153153967789432,24.08935420009276,189,162.93629622768987,39
6977,8180,XD_8180_UT_SALTLAKECITY.RIDS,2026,6,2026-06-02,28.80963622531029,23.805504274910074,186,160.35000581137734,39
6978,8180,XD_8180_UT_SALTLAKECITY.RIDS,2026,6,2026-06-03,28.91916226506185,23.89600602880688,218,187.93710358537774,39
6979,8180,XD_8180_UT_SALTLAKECITY.RIDS,2026,6,2026-06-04,29.017012977056694,23.976860418097985,188,162.07419942225238,39
6980,8180,XD_8180_UT_SALTLAKECITY.RIDS,2026,6,2026-06-05,29.103493239581706,24.048319364789783,181,156.0395217841898,39
6981,8180,XD_8180_UT_SALTLAKECITY.RIDS,2026,6,2026-06-08,28.8939501804504,23.87517319415033,192,165.52258664400242,39
6982,8180,XD_8180_UT_SALTLAKECITY.RIDS,2026,6,2026-06-09,28.72528921935298,23.7358080456627,188,162.07419942225238,39
6983,8180,XD_8180_UT_SALTLAKECITY.RIDS,2026,6,2026-06-10,28.508000978261027,23.556262003784607,211,181.90242594731515,39
6984,8180,XD_8180_UT_SALTLAKECITY.RIDS,2026,6,2026-06-11,28.098004856136793,23.217480758454254,192,165.52258664400242,39
6985,8180,XD_8180_UT_SALTLAKECITY.RIDS,2026,6,2026-06-12,29.139862381892815,24.078371315671454,183,157.7637153950648,39
6986,8180,XD_8180_UT_SALTLAKECITY.RIDS,2026,6,2026-06-15,29.02500697364155,23.983465885740344,184,158.6258122005023,39
6987,8180,XD_8180_UT_SALTLAKECITY.RIDS,2026,6,2026-06-16,32.58668545380229,26.92649340688734,189,165.52258664400242,39
6988,8180,XD_8180_UT_SALTLAKECITY.RIDS,2026,6,2026-06-17,28.348743863216395,23.424667286539478,209,180.17823233644012,39
6989,8180,XD_8180_UT_SALTLAKECITY.RIDS,2026,6,2026-06-18,28.11706458525683,23.233229880015433,189,162.93629622768987,39
6990,8180,XD_8180_UT_SALTLAKECITY.RIDS,2026,6,2026-06-19,28.57190623021388,23.609067139422393,173,149.14274734068968,39
6991,8180,XD_8180_UT_SALTLAKECITY.RIDS,2026,6,2026-06-22,28.818540774989476,23.812862135793704,194,168.10887706031494,39
6992,8180,XD_8180_UT_SALTLAKECITY.RIDS,2026,6,2026-06-23,28.16610957386447,23.273755927509793,191,164.6604898385649,39
6993,8180,XD_8180_UT_SALTLAKECITY.RIDS,2026,6,2026-06-24,27.46850012351111,22.69731877215221,213,184.4887163636277,39
6994,8180,XD_8180_UT_SALTLAKECITY.RIDS,2026,6,2026-06-25,27.940764362442334,23.08755238256092,196,170.6951674766275,39
6995,8180,XD_8180_UT_SALTLAKECITY.RIDS,2026,6,2026-06-26,27.273287755312904,22.536014102099656,190,166.38468344943993,39
6996,8180,XD_8180_UT_SALTLAKECITY.RIDS,2026,6,2026-06-29,28.36356523798693,23.436914240916153,186,161.21210261681486,39
6997,8180,XD_8180_UT_SALTLAKECITY.RIDS,2026,6,2026-06-30,28.376216350671086,23.447367900057483,199,172.41936108750252,39
6998,8180,XD_8180_UT_SALTLAKECITYDSOA.DSOA,2026,5,2026-05-01,25.89893310546875,32.60780860357102,27,11.491082528374891,15
6999,8180,XD_8180_UT_SALTLAKECITYDSOA.DSOA,2026,5,2026-05-04,25.626266428629556,32.264510183719636,26,11.108046444095727,15
7000,8180,XD_8180_UT_SALTLAKECITYDSOA.DSOA,2026,5,2026-05-05,25.950599810282387,32.672859083252156,25,10.725010359816565,15
7001,8180,XD_8180_UT_SALTLAKECITYDSOA.DSOA,2026,5,2026-05-06,25.560355699327257,32.18152589871998,25,10.725010359816565,15
7002,8180,XD_8180_UT_SALTLAKECITYDSOA.DSOA,2026,5,2026-05-07,25.54622234768338,32.163731435007755,25,10.725010359816565,15
7003,8180,XD_8180_UT_SALTLAKECITYDSOA.DSOA,2026,5,2026-05-08,26.30520014444987,33.11931530522116,23,9.958938191258238,15
7004,8180,XD_8180_UT_SALTLAKECITYDSOA.DSOA,2026,5,2026-05-11,24.966895337785996,31.434335201553488,26,11.874118612654055,15
7005,8180,XD_8180_UT_SALTLAKECITYDSOA.DSOA,2026,5,2026-05-12,25.560355699327257,32.18152589871998,24,10.341974275537401,15
7006,8180,XD_8180_UT_SALTLAKECITYDSOA.DSOA,2026,5,2026-05-13,26.30520014444987,33.11931530522116,24,10.341974275537401,15
7007,8180,XD_8180_UT_SALTLAKECITYDSOA.DSOA,2026,5,2026-05-14,25.542689009772406,32.1592828190797,25,11.108046444095727,15
7008,8180,XD_8180_UT_SALTLAKECITYDSOA.DSOA,2026,5,2026-05-15,25.09768899705675,31.599009730449847,27,11.491082528374891,15
7009,8180,XD_8180_UT_SALTLAKECITYDSOA.DSOA,2026,5,2026-05-18,25.991000150044762,32.72372475177703,25,10.725010359816565,15
7010,8180,XD_8180_UT_SALTLAKECITYDSOA.DSOA,2026,5,2026-05-19,26.296366799672445,33.10819376540102,25,10.725010359816565,15
7011,8180,XD_8180_UT_SALTLAKECITYDSOA.DSOA,2026,5,2026-05-20,26.535533459981284,33.40931430391691,24,10.341974275537401,15
7012,8180,XD_8180_UT_SALTLAKECITYDSOA.DSOA,2026,5,2026-05-21,25.44331120808919,32.034162130766646,27,11.491082528374891,15
7013,8180,XD_8180_UT_SALTLAKECITYDSOA.DSOA,2026,5,2026-05-22,26.545866775512696,33.42232436783408,24,10.341974275537401,15
7014,8180,XD_8180_UT_SALTLAKECITYDSOA.DSOA,2026,5,2026-05-26,26.54226676940918,33.417791813944035,25,10.725010359816565,15
7015,8180,XD_8180_UT_SALTLAKECITYDSOA.DSOA,2026,5,2026-05-27,26.55186678568522,33.42987862431748,24,10.341974275537401,15
7016,8180,XD_8180_UT_SALTLAKECITYDSOA.DSOA,2026,5,2026-05-28,26.2038667678833,32.991732468708925,27,11.491082528374891,15
7017,8180,XD_8180_UT_SALTLAKECITYDSOA.DSOA,2026,5,2026-05-29,25.77617790222168,32.453254817271315,27,11.491082528374891,15
7018,8180,XD_8180_UT_SALTLAKECITYDSOA.DSOA,2026,6,2026-06-01,26.54226676940918,32.358797990298896,26,12.183751430878608,15
7019,8180,XD_8180_UT_SALTLAKECITYDSOA.DSOA,2026,6,2026-06-02,26.55186678568522,32.370501775438235,24,11.34349271150767,15
7020,8180,XD_8180_UT_SALTLAKECITYDSOA.DSOA,2026,6,2026-06-03,24.99820645347474,30.476368871405988,26,12.603880790564078,15
7021,8180,XD_8180_UT_SALTLAKECITYDSOA.DSOA,2026,6,2026-06-04,26.28566682179769,32.04596616092963,25,11.76362207119314,15
7022,8180,XD_8180_UT_SALTLAKECITYDSOA.DSOA,2026,6,2026-06-05,26.003366832733153,31.701802326010633,23,10.9233633518222,15
7023,8180,XD_8180_UT_SALTLAKECITYDSOA.DSOA,2026,6,2026-06-08,26.295777910020615,32.058293015456044,25,11.76362207119314,15
7024,8180,XD_8180_UT_SALTLAKECITYDSOA.DSOA,2026,6,2026-06-09,26.31933349609375,32.087010624916665,24,11.34349271150767,15
7025,8180,XD_8180_UT_SALTLAKECITYDSOA.DSOA,2026,6,2026-06-10,26.055133476257325,31.764913226635183,24,11.34349271150767,15
7026,8180,XD_8180_UT_SALTLAKECITYDSOA.DSOA,2026,6,2026-06-11,26.064555710686577,31.776400270419433,23,10.9233633518222,15
7027,8180,XD_8180_UT_SALTLAKECITYDSOA.DSOA,2026,6,2026-06-12,24.828577851189507,30.269567480913942,29,13.444139509935017,15
7028,8180,XD_8180_UT_SALTLAKECITYDSOA.DSOA,2026,6,2026-06-15,32.547083648045856,39.67952376073266,16,7.982457834023916,12
7029,8180,XD_8180_UT_SALTLAKECITYDSOA.DSOA,2026,6,2026-06-16,25.73683339436849,31.376860158688203,23,12.183751430878608,15
7030,8180,XD_8180_UT_SALTLAKECITYDSOA.DSOA,2026,6,2026-06-17,25.303244573805067,30.84825372211835,27,12.603880790564078,15
7031,8180,XD_8180_UT_SALTLAKECITYDSOA.DSOA,2026,6,2026-06-18,26.025000139872233,31.728176404067238,25,11.76362207119314,15
7032,8180,XD_8180_UT_SALTLAKECITYDSOA.DSOA,2026,6,2026-06-19,25.300889015197754,30.845381961172286,24,11.343492711507672,15
7033,8180,XD_8180_UT_SALTLAKECITYDSOA.DSOA,2026,6,2026-06-22,26.046889021131726,31.754862063323962,23,10.923363351822202,15
7034,8180,XD_8180_UT_SALTLAKECITYDSOA.DSOA,2026,6,2026-06-23,24.380650668674043,29.723480541945833,27,12.603880790564078,15
7035,8180,XD_8180_UT_SALTLAKECITYDSOA.DSOA,2026,6,2026-06-24,25.672799911499023,31.29879423633162,25,11.76362207119314,15
7036,8180,XD_8180_UT_SALTLAKECITYDSOA.DSOA,2026,6,2026-06-25,25.40413326263428,30.971251382027834,24,11.34349271150767,15
7037,8180,XD_8180_UT_SALTLAKECITYDSOA.DSOA,2026,6,2026-06-26,25.690133260091148,31.31992605338631,24,11.34349271150767,15
7038,8180,XD_8180_UT_SALTLAKECITYDSOA.DSOA,2026,6,2026-06-29,25.657133204142255,31.279694291969857,25,11.76362207119314,15
7039,8180,XD_8180_UT_SALTLAKECITYDSOA.DSOA,2026,6,2026-06-30,25.580800069173176,31.18663334446716,25,11.76362207119314,15
7040,8182,XD_8182_CA_EUREKA.FCCD,2026,5,2026-05-01,36.269599456787105,70.01222366812506,16,6.128577348466608,5
7041,8182,XD_8182_CA_EUREKA.FCCD,2026,5,2026-05-04,36.269599456787105,70.01222366812506,16,6.128577348466608,5
7042,8182,XD_8182_CA_EUREKA.FCCD,2026,5,2026-05-05,36.269599456787105,70.01222366812506,16,6.128577348466608,5
7043,8182,XD_8182_CA_EUREKA.FCCD,2026,5,2026-05-06,36.4276008605957,70.3172182031903,16,6.128577348466608,5
7044,8182,XD_8182_CA_EUREKA.FCCD,2026,5,2026-05-07,36.4276008605957,70.3172182031903,16,6.128577348466608,5
7045,8182,XD_8182_CA_EUREKA.FCCD,2026,5,2026-05-08,36.4276008605957,70.3172182031903,16,6.128577348466608,5
7046,8182,XD_8182_CA_EUREKA.FCCD,2026,5,2026-05-11,36.4276008605957,70.3172182031903,16,6.128577348466608,5
7047,8182,XD_8182_CA_EUREKA.FCCD,2026,5,2026-05-12,36.4276008605957,70.3172182031903,16,6.128577348466608,5
7048,8182,XD_8182_CA_EUREKA.FCCD,2026,5,2026-05-13,36.59480072021485,70.63996877513641,16,6.128577348466608,5
7049,8182,XD_8182_CA_EUREKA.FCCD,2026,5,2026-05-14,37.04600067138672,71.51093267806368,15,5.7455412641874455,5
7050,8182,XD_8182_CA_EUREKA.FCCD,2026,5,2026-05-15,36.59480072021485,70.63996877513641,16,6.128577348466608,5
7051,8182,XD_8182_CA_EUREKA.FCCD,2026,5,2026-05-18,36.59480072021485,70.63996877513641,16,6.128577348466608,5
7052,8182,XD_8182_CA_EUREKA.FCCD,2026,5,2026-05-19,36.59480072021485,70.63996877513641,16,6.128577348466608,5
7053,8182,XD_8182_CA_EUREKA.FCCD,2026,5,2026-05-20,36.59480072021485,70.63996877513641,16,6.128577348466608,5
7054,8182,XD_8182_CA_EUREKA.FCCD,2026,5,2026-05-21,36.59480072021485,70.63996877513641,16,6.128577348466608,5
7055,8182,XD_8182_CA_EUREKA.FCCD,2026,5,2026-05-22,36.59480072021485,70.63996877513641,16,6.128577348466608,5
7056,8182,XD_8182_CA_EUREKA.FCCD,2026,5,2026-05-26,36.56280075073242,70.57819833779133,16,6.128577348466608,5
7057,8182,XD_8182_CA_EUREKA.FCCD,2026,5,2026-05-27,36.56280075073242,70.57819833779133,16,6.128577348466608,5
7058,8182,XD_8182_CA_EUREKA.FCCD,2026,5,2026-05-28,36.4276008605957,70.3172182031903,16,6.128577348466608,5
7059,8182,XD_8182_CA_EUREKA.FCCD,2026,5,2026-05-29,36.87700080871582,71.18470750981238,15,5.7455412641874455,4
7060,8182,XD_8182_CA_EUREKA.FCCD,2026,6,2026-06-01,36.4276008605957,55.12216189190359,16,10.893160472759035,5
7061,8182,XD_8182_CA_EUREKA.FCCD,2026,6,2026-06-02,36.4276008605957,55.12216189190359,16,10.893160472759035,5
7062,8182,XD_8182_CA_EUREKA.FCCD,2026,6,2026-06-03,36.4276008605957,55.12216189190359,16,10.893160472759035,5
7063,8182,XD_8182_CA_EUREKA.FCCD,2026,6,2026-06-04,36.4276008605957,55.12216189190359,16,10.893160472759035,5
7064,8182,XD_8182_CA_EUREKA.FCCD,2026,6,2026-06-05,36.87700080871582,55.80219286043455,15,10.212337943211596,4
7065,8182,XD_8182_CA_EUREKA.FCCD,2026,6,2026-06-08,36.4276008605957,55.12216189190359,16,10.893160472759035,5
7066,8182,XD_8182_CA_EUREKA.FCCD,2026,6,2026-06-09,36.4276008605957,55.12216189190359,16,10.893160472759035,5
7067,8182,XD_8182_CA_EUREKA.FCCD,2026,6,2026-06-10,36.110801696777344,54.64278212538966,16,10.893160472759035,5
7068,8182,XD_8182_CA_EUREKA.FCCD,2026,6,2026-06-11,36.110801696777344,54.64278212538966,16,10.893160472759035,5
7069,8182,XD_8182_CA_EUREKA.FCCD,2026,6,2026-06-12,36.110801696777344,54.64278212538966,16,10.893160472759035,5
7070,8182,XD_8182_CA_EUREKA.FCCD,2026,6,2026-06-15,36.110801696777344,54.64278212538966,16,10.893160472759035,5
7071,8182,XD_8182_CA_EUREKA.FCCD,2026,6,2026-06-16,42.54279932657878,64.37566615459215,16,13.616450590948794,5
7072,8182,XD_8182_CA_EUREKA.FCCD,2026,6,2026-06-17,35.94359832763672,54.389770371529934,16,10.893160472759035,5
7073,8182,XD_8182_CA_EUREKA.FCCD,2026,6,2026-06-18,35.94359832763672,54.389770371529934,16,10.893160472759035,5
7074,8182,XD_8182_CA_EUREKA.FCCD,2026,6,2026-06-19,36.38699836730957,55.06072229238953,14,9.531515413664156,4
7075,8182,XD_8182_CA_EUREKA.FCCD,2026,6,2026-06-22,35.94359832763672,54.389770371529934,16,10.893160472759035,5
7076,8182,XD_8182_CA_EUREKA.FCCD,2026,6,2026-06-23,35.62759902954102,53.911600959988995,16,10.893160472759035,5
7077,8182,XD_8182_CA_EUREKA.FCCD,2026,6,2026-06-24,35.62759902954102,53.911600959988995,16,10.893160472759035,5
7078,8182,XD_8182_CA_EUREKA.FCCD,2026,6,2026-06-25,35.62759902954102,53.911600959988995,16,10.893160472759035,5
7079,8182,XD_8182_CA_EUREKA.FCCD,2026,6,2026-06-26,35.62759902954102,53.911600959988995,16,10.893160472759035,5
7080,8182,XD_8182_CA_EUREKA.FCCD,2026,6,2026-06-29,35.62759902954102,53.911600959988995,16,10.893160472759035,5
7081,8182,XD_8182_CA_EUREKA.FCCD,2026,6,2026-06-30,35.468801269531255,53.67130855454544,16,10.893160472759035,5
7082,8182,XD_8182_CA_FRESNO.YZER,2026,5,2026-05-01,36.72917847527398,36.482031291974764,69,47.3460390929354,10
7083,8182,XD_8182_CA_FRESNO.YZER,2026,5,2026-05-04,53.03712475134785,52.680242933220356,70,48.032213572543164,10
7084,8182,XD_8182_CA_FRESNO.YZER,2026,5,2026-05-05,52.339166399122675,51.98698107702296,71,48.71838805215092,10
7085,8182,XD_8182_CA_FRESNO.YZER,2026,5,2026-05-06,52.93229359469289,52.576117175546926,71,48.71838805215092,10
7086,8182,XD_8182_CA_FRESNO.YZER,2026,5,2026-05-07,52.216726934129724,51.86536549566024,72,49.40456253175868,10
7087,8182,XD_8182_CA_FRESNO.YZER,2026,5,2026-05-08,52.616788821840544,52.26273540460111,71,48.71838805215092,10
7088,8182,XD_8182_CA_FRESNO.YZER,2026,5,2026-05-11,51.805251893128045,51.456659231462275,71,48.71838805215092,10
7089,8182,XD_8182_CA_FRESNO.YZER,2026,5,2026-05-12,51.089685232564904,50.74590755157559,72,49.40456253175868,10
7090,8182,XD_8182_CA_FRESNO.YZER,2026,5,2026-05-13,60.27965191754212,59.87403581611727,63,43.22899221528885,10
7091,8182,XD_8182_CA_FRESNO.YZER,2026,5,2026-05-14,51.089685232564904,50.74590755157559,72,49.40456253175868,10
7092,8182,XD_8182_CA_FRESNO.YZER,2026,5,2026-05-15,51.514345942490955,51.16771075957341,71,48.71838805215092,10
7093,8182,XD_8182_CA_FRESNO.YZER,2026,5,2026-05-18,52.32396237823265,51.971879362557786,71,48.71838805215092,10
7094,8182,XD_8182_CA_FRESNO.YZER,2026,5,2026-05-19,52.033056427595554,51.68293089066891,71,48.71838805215092,10
7095,8182,XD_8182_CA_FRESNO.YZER,2026,5,2026-05-20,52.32396237823265,51.971879362557786,71,48.71838805215092,10
7096,8182,XD_8182_CA_FRESNO.YZER,2026,5,2026-05-21,51.3010338105362,50.95583398486769,73,50.09073701136644,10
7097,8182,XD_8182_CA_FRESNO.YZER,2026,5,2026-05-22,51.608395717669495,51.2611276826711,72,49.40456253175868,10
7098,8182,XD_8182_CA_FRESNO.YZER,2026,5,2026-05-26,55.558727729123646,55.184878282009414,72,49.40456253175868,10
7099,8182,XD_8182_CA_FRESNO.YZER,2026,5,2026-05-27,59.99013601825273,59.58646804205148,67,45.973690133719884,10
7100,8182,XD_8182_CA_FRESNO.YZER,2026,5,2026-05-28,55.03576106911536,54.665430615410344,72,49.40456253175868,10
7101,8182,XD_8182_CA_FRESNO.YZER,2026,5,2026-05-29,54.84316106856049,54.47412660212272,73,50.09073701136644,10
7102,8182,XD_8182_CA_FRESNO.YZER,2026,6,2026-06-01,51.599271947790704,55.711534148183034,72,48.46017044415417,10
7103,8182,XD_8182_CA_FRESNO.YZER,2026,6,2026-06-02,50.883705287227556,54.938939595190085,73,49.13322836698965,10
7104,8182,XD_8182_CA_FRESNO.YZER,2026,6,2026-06-03,50.729369458003305,54.77230379790956,73,49.13322836698965,10
7105,8182,XD_8182_CA_FRESNO.YZER,2026,6,2026-06-04,50.921133096586395,54.979350256047795,72,48.46017044415417,10
7106,8182,XD_8182_CA_FRESNO.YZER,2026,6,2026-06-05,50.921133096586395,54.979350256047795,72,48.46017044415417,10
7107,8182,XD_8182_CA_FRESNO.YZER,2026,6,2026-06-08,51.93295462519965,56.07181004308201,72,48.46017044415417,10
7108,8182,XD_8182_CA_FRESNO.YZER,2026,6,2026-06-09,51.22048794022244,55.30256252172719,73,49.13322836698965,10
7109,8182,XD_8182_CA_FRESNO.YZER,2026,6,2026-06-10,50.91284415195215,54.970400714618016,73,49.13322836698965,10
7110,8182,XD_8182_CA_FRESNO.YZER,2026,6,2026-06-11,51.61907746900945,55.73291809276304,72,48.46017044415417,10
7111,8182,XD_8182_CA_FRESNO.YZER,2026,6,2026-06-12,51.522060078580765,55.62816879193368,71,47.7871125213187,10
7112,8182,XD_8182_CA_FRESNO.YZER,2026,6,2026-06-15,35.57912529597207,38.414643832467874,71,47.7871125213187,10
7113,8182,XD_8182_CA_FRESNO.YZER,2026,6,2026-06-22,50.95316701812811,55.01393715711255,73,49.13322836698965,10
7114,8182,XD_8182_CA_FRESNO.YZER,2026,6,2026-06-23,50.83236940153555,54.88351243816254,72,48.46017044415417,10
7115,8182,XD_8182_CA_FRESNO.YZER,2026,6,2026-06-24,51.755259050567545,55.879952819125165,71,47.7871125213187,10
7116,8182,XD_8182_CA_FRESNO.YZER,2026,6,2026-06-25,50.644787586682924,54.680981078915565,73,49.13322836698965,10
7117,8182,XD_8182_CA_FRESNO.YZER,2026,6,2026-06-26,51.34168761109699,55.433421337128856,72,48.46017044415417,10
7118,8182,XD_8182_CA_FRESNO.YZER,2026,6,2026-06-29,52.43288743737992,56.61158556483277,73,49.13322836698965,10
7119,8182,XD_8182_CA_FRESNO.YZER,2026,6,2026-06-30,52.9730878638862,57.19483787386959,72,48.46017044415417,10
7120,8182,XD_8182_CA_PETALUMA.FCCD,2026,5,2026-05-01,34.91862697227329,45.78228161913014,58,22.216092888191458,17
7121,8182,XD_8182_CA_PETALUMA.FCCD,2026,5,2026-05-04,34.946041186650596,45.81822476443152,56,21.45002071963313,16
7122,8182,XD_8182_CA_PETALUMA.FCCD,2026,5,2026-05-05,34.91862697227329,45.78228161913014,53,20.30091246679564,17
7123,8182,XD_8182_CA_PETALUMA.FCCD,2026,5,2026-05-06,35.13490295410156,46.06584396868581,61,23.365201141028944,17
7124,8182,XD_8182_CA_PETALUMA.FCCD,2026,5,2026-05-07,35.16645932197571,46.1072179471655,55,21.06698463535397,16
7125,8182,XD_8182_CA_PETALUMA.FCCD,2026,5,2026-05-08,35.16705980487899,46.108005248378895,55,21.06698463535397,17
7126,8182,XD_8182_CA_PETALUMA.FCCD,2026,5,2026-05-11,35.070589252546725,45.98152140929966,58,22.216092888191454,17
7127,8182,XD_8182_CA_PETALUMA.FCCD,2026,5,2026-05-12,35.070589252546725,45.98152140929966,54,20.683948551074803,17
7128,8182,XD_8182_CA_PETALUMA.FCCD,2026,5,2026-05-13,35.2323538088331,46.19361309542974,59,22.59912897247062,17
7129,8182,XD_8182_CA_PETALUMA.FCCD,2026,5,2026-05-14,35.2323538088331,46.19361309542974,56,21.45002071963313,17
7130,8182,XD_8182_CA_PETALUMA.FCCD,2026,5,2026-05-15,35.2323538088331,46.19361309542974,61,23.365201141028944,17
7131,8182,XD_8182_CA_PETALUMA.FCCD,2026,5,2026-05-18,35.2323538088331,46.19361309542974,56,21.45002071963313,17
7132,8182,XD_8182_CA_PETALUMA.FCCD,2026,5,2026-05-19,35.2323538088331,46.19361309542974,56,21.45002071963313,17
7133,8182,XD_8182_CA_PETALUMA.FCCD,2026,5,2026-05-20,35.2876479098109,46.26610993514947,61,23.365201141028944,17
7134,8182,XD_8182_CA_PETALUMA.FCCD,2026,5,2026-05-21,35.31875084695362,46.30688941449672,57,21.833056803912292,16
7135,8182,XD_8182_CA_PETALUMA.FCCD,2026,5,2026-05-22,35.31875084695362,46.30688941449672,60,22.982165056749782,16
7136,8182,XD_8182_CA_PETALUMA.FCCD,2026,5,2026-05-26,35.31875084695362,46.30688941449672,59,22.59912897247062,16
7137,8182,XD_8182_CA_PETALUMA.FCCD,2026,5,2026-05-27,35.26000086466471,46.229861522294506,58,22.216092888191458,16
7138,8182,XD_8182_CA_PETALUMA.FCCD,2026,5,2026-05-28,35.16645932197571,46.1072179471655,55,21.06698463535397,16
7139,8182,XD_8182_CA_PETALUMA.FCCD,2026,5,2026-05-29,35.09812601407369,46.01762522781771,60,22.982165056749782,16
7140,8182,XD_8182_CA_PETALUMA.FCCD,2026,6,2026-06-01,35.16645932197571,32.07939269859638,55,50.48747726279026,16
7141,8182,XD_8182_CA_PETALUMA.FCCD,2026,6,2026-06-02,35.16645932197571,32.07939269859638,55,50.48747726279026,16
7142,8182,XD_8182_CA_PETALUMA.FCCD,2026,6,2026-06-03,35.09812601407369,32.01705798930669,59,54.15929379099318,16
7143,8182,XD_8182_CA_PETALUMA.FCCD,2026,6,2026-06-04,35.16645932197571,32.07939269859638,55,50.48747726279026,16
7144,8182,XD_8182_CA_PETALUMA.FCCD,2026,6,2026-06-05,35.09812601407369,32.01705798930669,61,55.99520205509465,16
7145,8182,XD_8182_CA_PETALUMA.FCCD,2026,6,2026-06-08,35.09812601407369,32.01705798930669,52,47.73361486663806,16
7146,8182,XD_8182_CA_PETALUMA.FCCD,2026,6,2026-06-09,35.09812601407369,32.01705798930669,55,50.48747726279026,16
7147,8182,XD_8182_CA_PETALUMA.FCCD,2026,6,2026-06-10,34.79375179608663,31.739403080214565,61,55.995202055094644,16
7148,8182,XD_8182_CA_PETALUMA.FCCD,2026,6,2026-06-11,34.86135594050089,31.801072635197677,55,50.48747726279026,16
7149,8182,XD_8182_CA_PETALUMA.FCCD,2026,6,2026-06-12,34.79375179608663,31.739403080214565,58,53.24133965894245,16
7150,8182,XD_8182_CA_PETALUMA.FCCD,2026,6,2026-06-15,34.79375179608663,31.739403080214565,57,52.32338552689172,16
7151,8182,XD_8182_CA_PETALUMA.FCCD,2026,6,2026-06-16,45.18440519968669,41.21791918208429,56,52.32338552689172,16
7152,8182,XD_8182_CA_PETALUMA.FCCD,2026,6,2026-06-17,34.659073848350374,31.616547755664662,57,52.32338552689172,17
7153,8182,XD_8182_CA_PETALUMA.FCCD,2026,6,2026-06-18,34.69926905632019,31.65321445131519,54,49.569523130739526,16
7154,8182,XD_8182_CA_PETALUMA.FCCD,2026,6,2026-06-19,34.6318732102712,31.591734909349796,56,51.40543139484099,16
7155,8182,XD_8182_CA_PETALUMA.FCCD,2026,6,2026-06-22,34.6318732102712,31.591734909349796,55,50.48747726279026,16
7156,8182,XD_8182_CA_PETALUMA.FCCD,2026,6,2026-06-23,34.327707290649414,31.314270013275383,55,50.48747726279026,16
7157,8182,XD_8182_CA_PETALUMA.FCCD,2026,6,2026-06-24,34.327707290649414,31.314270013275383,55,50.48747726279026,16
7158,8182,XD_8182_CA_PETALUMA.FCCD,2026,6,2026-06-25,34.39447812239329,31.375179407443056,57,52.32338552689172,16
7159,8182,XD_8182_CA_PETALUMA.FCCD,2026,6,2026-06-26,34.39447812239329,31.375179407443056,58,53.24133965894245,16
7160,8182,XD_8182_CA_PETALUMA.FCCD,2026,6,2026-06-29,34.39447812239329,31.375179407443056,57,52.32338552689172,16
7161,8182,XD_8182_CA_PETALUMA.FCCD,2026,6,2026-06-30,34.17541790008545,31.175349255885447,53,48.651568998688795,16
7162,8182,XD_8182_CA_REDDING.FCCD,2026,5,2026-05-01,44.84955615290889,75.92200644742314,25,9.575902106979076,9
7163,8182,XD_8182_CA_REDDING.FCCD,2026,5,2026-05-04,44.84955615290889,75.92200644742314,25,9.575902106979076,9
7164,8182,XD_8182_CA_REDDING.FCCD,2026,5,2026-05-05,44.87381550824201,75.9630730507521,26,9.95893819125824,9
7165,8182,XD_8182_CA_REDDING.FCCD,2026,5,2026-05-06,45.04522313718442,76.25323447543455,25,9.575902106979076,9
7166,8182,XD_8182_CA_REDDING.FCCD,2026,5,2026-05-07,45.04522313718442,76.25323447543455,26,9.95893819125824,9
7167,8182,XD_8182_CA_REDDING.FCCD,2026,5,2026-05-08,45.04522313718442,76.25323447543455,26,9.95893819125824,9
7168,8182,XD_8182_CA_REDDING.FCCD,2026,5,2026-05-11,45.04522313718442,76.25323447543455,26,9.95893819125824,9
7169,8182,XD_8182_CA_REDDING.FCCD,2026,5,2026-05-12,44.90911202405496,76.02282352614111,28,10.725010359816565,9
7170,8182,XD_8182_CA_REDDING.FCCD,2026,5,2026-05-13,45.2490737915039,76.59831594377259,25,9.575902106979076,9
7171,8182,XD_8182_CA_REDDING.FCCD,2026,5,2026-05-14,45.2490737915039,76.59831594377259,26,9.95893819125824,9
7172,8182,XD_8182_CA_REDDING.FCCD,2026,5,2026-05-15,45.2490737915039,76.59831594377259,25,9.575902106979076,9
7173,8182,XD_8182_CA_REDDING.FCCD,2026,5,2026-05-18,45.2490737915039,76.59831594377259,25,9.575902106979076,9
7174,8182,XD_8182_CA_REDDING.FCCD,2026,5,2026-05-19,45.2490737915039,76.59831594377259,26,9.95893819125824,9
7175,8182,XD_8182_CA_REDDING.FCCD,2026,5,2026-05-20,45.2490737915039,76.59831594377259,26,9.95893819125824,9
7176,8182,XD_8182_CA_REDDING.FCCD,2026,5,2026-05-21,45.2490737915039,76.59831594377259,26,9.95893819125824,9
7177,8182,XD_8182_CA_REDDING.FCCD,2026,5,2026-05-22,45.2490737915039,76.59831594377259,25,9.575902106979076,9
7178,8182,XD_8182_CA_REDDING.FCCD,2026,5,2026-05-26,45.2490737915039,76.59831594377259,25,9.575902106979076,9
7179,8182,XD_8182_CA_REDDING.FCCD,2026,5,2026-05-27,45.0179627029984,76.20708760046941,26,9.95893819125824,9
7180,8182,XD_8182_CA_REDDING.FCCD,2026,5,2026-05-28,45.04522313718442,76.25323447543455,25,9.575902106979076,9
7181,8182,XD_8182_CA_REDDING.FCCD,2026,5,2026-05-29,45.04522313718442,76.25323447543455,26,9.95893819125824,9
7182,8182,XD_8182_CA_REDDING.FCCD,2026,6,2026-06-01,45.04522313718442,52.45609563758396,25,27.810049438822354,9
7183,8182,XD_8182_CA_REDDING.FCCD,2026,6,2026-06-02,45.04522313718442,52.45609563758396,26,28.92245141637525,9
7184,8182,XD_8182_CA_REDDING.FCCD,2026,6,2026-06-03,45.04522313718442,52.45609563758396,26,28.92245141637525,9
7185,8182,XD_8182_CA_REDDING.FCCD,2026,6,2026-06-04,45.04522313718442,52.45609563758396,25,27.810049438822354,9
7186,8182,XD_8182_CA_REDDING.FCCD,2026,6,2026-06-05,45.04522313718442,52.45609563758396,25,27.810049438822354,9
7187,8182,XD_8182_CA_REDDING.FCCD,2026,6,2026-06-08,45.04522313718442,52.45609563758396,25,27.810049438822354,9
7188,8182,XD_8182_CA_REDDING.FCCD,2026,6,2026-06-09,44.95888981995759,52.3555587009288,25,27.810049438822354,9
7189,8182,XD_8182_CA_REDDING.FCCD,2026,6,2026-06-10,44.64407302008735,51.988948014774174,25,27.810049438822354,9
7190,8182,XD_8182_CA_REDDING.FCCD,2026,6,2026-06-11,44.64407302008735,51.988948014774174,25,27.810049438822354,9
7191,8182,XD_8182_CA_REDDING.FCCD,2026,6,2026-06-12,44.64407302008735,51.988948014774174,26,28.92245141637525,9
7192,8182,XD_8182_CA_REDDING.FCCD,2026,6,2026-06-15,44.64407302008735,51.988948014774174,25,27.810049438822354,9
7193,8182,XD_8182_CA_REDDING.FCCD,2026,6,2026-06-16,56.07769308544341,65.30363547465306,27,35.59686328169261,9
7194,8182,XD_8182_CA_REDDING.FCCD,2026,6,2026-06-17,44.448406035811814,51.76108975755083,25,27.810049438822354,9
7195,8182,XD_8182_CA_REDDING.FCCD,2026,6,2026-06-18,44.448406035811814,51.76108975755083,26,28.92245141637525,9
7196,8182,XD_8182_CA_REDDING.FCCD,2026,6,2026-06-19,44.78239448865255,52.15002623080808,23,25.585245483716566,8
7197,8182,XD_8182_CA_REDDING.FCCD,2026,6,2026-06-22,43.196406032420974,50.303109813348684,24,27.810049438822354,9
7198,8182,XD_8182_CA_REDDING.FCCD,2026,6,2026-06-23,41.9430241525909,48.84352064540189,27,33.37205932658682,9
7199,8182,XD_8182_CA_REDDING.FCCD,2026,6,2026-06-24,43.01759205167255,50.09487722791094,25,30.03485339392814,9
7200,8182,XD_8182_CA_REDDING.FCCD,2026,6,2026-06-25,41.84870317247179,48.73368190981186,26,32.25965734903393,9
7201,8182,XD_8182_CA_REDDING.FCCD,2026,6,2026-06-26,43.01759205167255,50.09487722791094,26,31.147255371481037,9
7202,8182,XD_8182_CA_REDDING.FCCD,2026,6,2026-06-29,44.04870317247179,51.295627491726854,26,28.92245141637525,9
7203,8182,XD_8182_CA_REDDING.FCCD,2026,6,2026-06-30,43.851406973379625,51.065871980093775,26,28.92245141637525,9
7204,8182,XD_8182_CA_SACRAMENTO.YZER,2026,5,2026-05-01,43.474976213619286,29.831035045032944,210,185.47347935312723,25
7205,8182,XD_8182_CA_SACRAMENTO.YZER,2026,5,2026-05-04,51.848745706173496,35.5768279803528,214,194.66360670846234,25
7206,8182,XD_8182_CA_SACRAMENTO.YZER,2026,5,2026-05-05,48.67599347316274,33.39979440160871,219,198.00547120131148,25
7207,8182,XD_8182_CA_SACRAMENTO.YZER,2026,5,2026-05-06,50.44214525195805,34.6116670740447,210,189.65080996918863,25
7208,8182,XD_8182_CA_SACRAMENTO.YZER,2026,5,2026-05-07,41.42801600129798,28.42648127300775,217,192.99267446203777,25
7209,8182,XD_8182_CA_SACRAMENTO.YZER,2026,5,2026-05-08,44.08407918027339,30.24898057431883,201,179.62521649064124,25
7210,8182,XD_8182_CA_SACRAMENTO.YZER,2026,5,2026-05-11,43.9938173740932,30.187046023966023,208,185.4734793531272,25
7211,8182,XD_8182_CA_SACRAMENTO.YZER,2026,5,2026-05-12,41.11684840225218,28.212968757062857,220,191.3217422156132,25
7212,8182,XD_8182_CA_SACRAMENTO.YZER,2026,5,2026-05-13,50.75650138230842,34.827367450625125,210,193.82814058525005,25
7213,8182,XD_8182_CA_SACRAMENTO.YZER,2026,5,2026-05-14,41.45530260777147,28.445204404907145,210,188.81534384597634,25
7214,8182,XD_8182_CA_SACRAMENTO.YZER,2026,5,2026-05-15,53.83613658500581,36.94050732231075,189,167.09322464245696,24
7215,8182,XD_8182_CA_SACRAMENTO.YZER,2026,5,2026-05-18,53.04245621662815,36.39591112133085,203,177.11881812100438,25
7216,8182,XD_8182_CA_SACRAMENTO.YZER,2026,5,2026-05-19,42.56775138275895,29.208528534847886,225,200.51186957094833,25
7217,8182,XD_8182_CA_SACRAMENTO.YZER,2026,5,2026-05-20,44.767383896827596,30.717840795099793,207,182.1316148602781,25
7218,8182,XD_8182_CA_SACRAMENTO.YZER,2026,5,2026-05-21,51.20415584403532,35.13453256257882,208,186.3089454763395,25
7219,8182,XD_8182_CA_SACRAMENTO.YZER,2026,5,2026-05-22,45.706643127877584,31.362328210116384,210,186.3089454763395,25
7220,8182,XD_8182_CA_SACRAMENTO.YZER,2026,5,2026-05-26,44.752443823547736,30.707589430098537,211,186.3089454763395,25
7221,8182,XD_8182_CA_SACRAMENTO.YZER,2026,5,2026-05-27,41.821124973800636,28.696219144228703,211,189.65080996918863,25
7222,8182,XD_8182_CA_SACRAMENTO.YZER,2026,5,2026-05-28,48.99472083948788,33.61849417013618,221,203.85373406379748,25
7223,8182,XD_8182_CA_SACRAMENTO.YZER,2026,5,2026-05-29,45.400666916710826,31.152377846178,206,183.80254710670266,25
7224,8182,XD_8182_CA_SACRAMENTO.YZER,2026,6,2026-06-01,53.086422093229984,36.150647330417755,207,169.65630622772412,25
7225,8182,XD_8182_CA_SACRAMENTO.YZER,2026,6,2026-06-02,44.601111638807716,30.37234369586097,220,187.97600126639855,25
7226,8182,XD_8182_CA_SACRAMENTO.YZER,2026,6,2026-06-03,43.749298349169415,29.79227819867983,209,180.0109164669749,25
7227,8182,XD_8182_CA_SACRAMENTO.YZER,2026,6,2026-06-04,51.841282525888325,35.30273557443114,205,175.23186558732067,25
7228,8182,XD_8182_CA_SACRAMENTO.YZER,2026,6,2026-06-05,52.95311560049786,36.05986863756951,202,169.65630622772412,25
7229,8182,XD_8182_CA_SACRAMENTO.YZER,2026,6,2026-06-08,51.64416032538222,35.16849983447155,209,174.4353571073783,25
7230,8182,XD_8182_CA_SACRAMENTO.YZER,2026,6,2026-06-09,49.610012622771855,33.78329146450636,215,186.3829843065138,25
7231,8182,XD_8182_CA_SACRAMENTO.YZER,2026,6,2026-06-10,44.849765890630636,30.5416715919673,201,168.0632892678394,25
7232,8182,XD_8182_CA_SACRAMENTO.YZER,2026,6,2026-06-11,42.12051244747278,28.68311200538121,219,187.97600126639855,25
7233,8182,XD_8182_CA_SACRAMENTO.YZER,2026,6,2026-06-12,44.97557783644815,30.62734666864162,207,176.82488254720542,25
7234,8182,XD_8182_CA_SACRAMENTO.YZER,2026,6,2026-06-15,353.9800109863281,241.052345112105,1,0.7965084799423667,1
7235,8182,XD_8182_CA_SACRAMENTO.YZER,2026,6,2026-06-22,48.50205924290485,33.02880038534161,190,156.11566206870387,25
7236,8182,XD_8182_CA_SACRAMENTO.YZER,2026,6,2026-06-23,41.98908983903805,28.59361619493794,208,174.4353571073783,25
7237,8182,XD_8182_CA_SACRAMENTO.YZER,2026,6,2026-06-24,46.160616238812864,31.434330896767847,197,164.87725534806992,25
7238,8182,XD_8182_CA_SACRAMENTO.YZER,2026,6,2026-06-25,39.991852649120894,27.23354304551585,207,178.41789950709014,25
7239,8182,XD_8182_CA_SACRAMENTO.YZER,2026,6,2026-06-26,56.47365456765796,38.45727568811978,184,150.54010270910732,25
7240,8182,XD_8182_CA_SACRAMENTO.YZER,2026,6,2026-06-29,51.65154124454579,35.17352607272862,206,176.02837406726306,25
7241,8182,XD_8182_CA_SACRAMENTO.YZER,2026,6,2026-06-30,48.84585007282282,33.26291412964274,211,176.82488254720542,25
7242,8182,XD_8182_CA_SALIDA.YZER,2026,5,2026-05-01,48.77497225132118,35.14147983011127,100,112.61534753822939,14
7243,8182,XD_8182_CA_SALIDA.YZER,2026,5,2026-05-04,88.52730416987515,63.78231150742531,101,112.61534753822939,14
7244,8182,XD_8182_CA_SALIDA.YZER,2026,5,2026-05-05,89.83094793400538,64.72156311390043,97,109.27033721531168,14
7245,8182,XD_8182_CA_SALIDA.YZER,2026,5,2026-05-06,83.29675986085557,60.01379952573093,97,109.27033721531168,14
7246,8182,XD_8182_CA_SALIDA.YZER,2026,5,2026-05-07,80.74086679022807,58.17232508415511,102,114.84535442017453,14
7247,8182,XD_8182_CA_SALIDA.YZER,2026,5,2026-05-08,80.5591959506396,58.041434550538376,100,112.61534753822939,14
7248,8182,XD_8182_CA_SALIDA.YZER,2026,5,2026-05-11,77.08330434906769,55.53711791087112,100,112.61534753822939,14
7249,8182,XD_8182_CA_SALIDA.YZER,2026,5,2026-05-12,85.58413002794023,61.66180810226941,101,114.84535442017453,14
7250,8182,XD_8182_CA_SALIDA.YZER,2026,5,2026-05-13,77.61850542055798,55.922720542522434,99,112.61534753822939,14
7251,8182,XD_8182_CA_SALIDA.YZER,2026,5,2026-05-14,84.58334985162719,60.94076419887022,101,115.96035786114709,14
7252,8182,XD_8182_CA_SALIDA.YZER,2026,5,2026-05-15,77.54676236584662,55.871030977286004,101,113.73035097920196,14
7253,8182,XD_8182_CA_SALIDA.YZER,2026,5,2026-05-18,85.8996159224631,61.889109947607935,100,111.50034409725683,14
7254,8182,XD_8182_CA_SALIDA.YZER,2026,5,2026-05-19,77.65600694484588,55.949739708265305,102,113.73035097920196,14
7255,8182,XD_8182_CA_SALIDA.YZER,2026,5,2026-05-20,88.66306763808225,63.88012661545004,95,107.04033033336654,14
7256,8182,XD_8182_CA_SALIDA.YZER,2026,5,2026-05-21,84.23589453041492,60.690428963427514,107,121.53537506600993,14
7257,8182,XD_8182_CA_SALIDA.YZER,2026,5,2026-05-22,86.09642126241222,62.03090461329515,101,113.73035097920196,14
7258,8182,XD_8182_CA_SALIDA.YZER,2026,5,2026-05-26,81.04896724816551,58.3943058568446,104,118.19036474309223,14
7259,8182,XD_8182_CA_SALIDA.YZER,2026,5,2026-05-27,90.34579651536994,65.09250214682001,100,113.73035097920196,14
7260,8182,XD_8182_CA_SALIDA.YZER,2026,5,2026-05-28,80.80900878077371,58.22142014819748,104,119.3053681840648,14
7261,8182,XD_8182_CA_SALIDA.YZER,2026,5,2026-05-29,90.63982348037813,65.3043432239836,99,111.50034409725683,14
7262,8182,XD_8182_CA_SALIDA.YZER,2026,6,2026-06-01,83.93409845780353,60.45899070343993,101,100.20096025598016,14
7263,8182,XD_8182_CA_SALIDA.YZER,2026,6,2026-06-02,84.00515223652327,60.51017180654334,101,100.20096025598015,14
7264,8182,XD_8182_CA_SALIDA.YZER,2026,6,2026-06-03,83.34203312452541,60.03251715885916,103,103.17722640219739,14
7265,8182,XD_8182_CA_SALIDA.YZER,2026,6,2026-06-04,72.3634687006535,52.12449245095479,108,110.1218474100376,14
7266,8182,XD_8182_CA_SALIDA.YZER,2026,6,2026-06-05,83.82744909662779,60.382169568116794,99,99.2088715405744,14
7267,8182,XD_8182_CA_SALIDA.YZER,2026,6,2026-06-08,77.18397338416693,55.59677431495724,102,101.1930489713859,14
7268,8182,XD_8182_CA_SALIDA.YZER,2026,6,2026-06-09,90.52160083916839,65.20406752622908,98,98.21678282516866,14
7269,8182,XD_8182_CA_SALIDA.YZER,2026,6,2026-06-10,75.22760240667476,54.18757094095373,104,104.16931511760313,14
7270,8182,XD_8182_CA_SALIDA.YZER,2026,6,2026-06-11,74.16424922411072,53.421621685998275,106,107.14558126382036,14
7271,8182,XD_8182_CA_SALIDA.YZER,2026,6,2026-06-12,74.67775248935148,53.79150579400457,103,104.16931511760313,14
7272,8182,XD_8182_CA_SALIDA.YZER,2026,6,2026-06-15,48.2817696740617,34.77808325227007,104,105.16140383300888,14
7273,8182,XD_8182_CA_SALIDA.YZER,2026,6,2026-06-22,76.3497951718304,54.99590323024521,102,102.18513768679165,14
7274,8182,XD_8182_CA_SALIDA.YZER,2026,6,2026-06-23,83.88542744380868,60.423932241662065,103,104.16931511760313,14
7275,8182,XD_8182_CA_SALIDA.YZER,2026,6,2026-06-24,84.14947284852524,60.61412810916245,102,103.17722640219739,14
7276,8182,XD_8182_CA_SALIDA.YZER,2026,6,2026-06-25,84.07093256971407,60.5575543676946,104,104.16931511760313,14
7277,8182,XD_8182_CA_SALIDA.YZER,2026,6,2026-06-26,78.26601604939779,56.37618588474739,96,96.23260539435718,14
7278,8182,XD_8182_CA_SALIDA.YZER,2026,6,2026-06-29,73.81007450601534,53.16650432151635,110,110.1218474100376,14
7279,8182,XD_8182_CA_SALIDA.YZER,2026,6,2026-06-30,86.36966025358102,62.21336241498684,99,98.21678282516866,14
7280,8182,XD_8182_CA_UNIONCITY.YZER,2026,5,2026-05-01,46.48368853495415,35.9700783629839,355,216.863998481069,35
7281,8182,XD_8182_CA_UNIONCITY.YZER,2026,5,2026-05-04,61.83439233192922,47.84878325725962,348,208.6494530840588,35
7282,8182,XD_8182_CA_UNIONCITY.YZER,2026,5,2026-05-05,61.66492179836814,47.717643311946865,349,211.3876348830622,35
7283,8182,XD_8182_CA_UNIONCITY.YZER,2026,5,2026-05-06,61.06140457422663,47.25062869821937,352,215.22108940166694,35
7284,8182,XD_8182_CA_UNIONCITY.YZER,2026,5,2026-05-07,61.88304444526055,47.88643130938734,357,212.48290760266354,35
7285,8182,XD_8182_CA_UNIONCITY.YZER,2026,5,2026-05-08,62.85933541106619,48.64190626526772,352,212.48290760266354,35
7286,8182,XD_8182_CA_UNIONCITY.YZER,2026,5,2026-05-11,63.35543605767703,49.025799620053895,331,194.41090772924113,35
7287,8182,XD_8182_CA_UNIONCITY.YZER,2026,5,2026-05-12,61.50982589259814,47.597626762913116,360,214.67345304186628,35
7288,8182,XD_8182_CA_UNIONCITY.YZER,2026,5,2026-05-13,60.33709432879025,46.69014184554917,352,218.50690756047103,35
7289,8182,XD_8182_CA_UNIONCITY.YZER,2026,5,2026-05-14,62.46196487845809,48.33441239704111,340,200.98254404684928,35
7290,8182,XD_8182_CA_UNIONCITY.YZER,2026,5,2026-05-15,64.3309301161154,49.78065791186668,342,204.81599856545404,35
7291,8182,XD_8182_CA_UNIONCITY.YZER,2026,5,2026-05-18,63.00868517639337,48.757476327188954,337,201.53018040664998,35
7292,8182,XD_8182_CA_UNIONCITY.YZER,2026,5,2026-05-19,61.34301250851438,47.46854297703895,363,216.863998481069,35
7293,8182,XD_8182_CA_UNIONCITY.YZER,2026,5,2026-05-20,61.893937286313744,47.894860424172066,355,214.67345304186628,35
7294,8182,XD_8182_CA_UNIONCITY.YZER,2026,5,2026-05-21,60.36893475916543,46.71478065567381,357,218.50690756047103,35
7295,8182,XD_8182_CA_UNIONCITY.YZER,2026,5,2026-05-22,61.730752997664474,47.768584910431194,346,210.8399985232615,35
7296,8182,XD_8182_CA_UNIONCITY.YZER,2026,5,2026-05-26,65.58298511528004,50.749525010286625,342,203.17308948605202,35
7297,8182,XD_8182_CA_UNIONCITY.YZER,2026,5,2026-05-27,63.700391222796654,49.29273334911324,361,217.41163484086965,35
7298,8182,XD_8182_CA_UNIONCITY.YZER,2026,5,2026-05-28,65.34850616197029,50.56808015100702,357,214.67345304186628,35
7299,8182,XD_8182_CA_UNIONCITY.YZER,2026,5,2026-05-29,65.59003708545607,50.75498197654383,340,204.81599856545404,34
7300,8182,XD_8182_CA_UNIONCITY.YZER,2026,6,2026-06-01,66.4039120525971,52.12161507674049,327,186.28180424028542,35
7301,8182,XD_8182_CA_UNIONCITY.YZER,2026,6,2026-06-02,61.9166673825592,48.59949669218482,361,208.84551573981295,35
7302,8182,XD_8182_CA_UNIONCITY.YZER,2026,6,2026-06-03,60.89891230539288,47.80064257749886,365,216.19184041407775,35
7303,8182,XD_8182_CA_UNIONCITY.YZER,2026,6,2026-06-04,61.745257867983426,48.46495430660771,352,203.59814097248096,35
7304,8182,XD_8182_CA_UNIONCITY.YZER,2026,6,2026-06-05,61.983098894896386,48.65163997121727,346,203.07340349574778,35
7305,8182,XD_8182_CA_UNIONCITY.YZER,2026,6,2026-06-08,63.998029782744965,50.23319516723484,340,187.85601667048502,35
7306,8182,XD_8182_CA_UNIONCITY.YZER,2026,6,2026-06-09,61.99930941823391,48.66436390014667,349,198.350766205149,35
7307,8182,XD_8182_CA_UNIONCITY.YZER,2026,6,2026-06-10,61.54666786673805,48.30907747220069,352,205.17235340268056,35
7308,8182,XD_8182_CA_UNIONCITY.YZER,2026,6,2026-06-11,60.53098174688225,47.511847319013626,352,205.17235340268056,35
7309,8182,XD_8182_CA_UNIONCITY.YZER,2026,6,2026-06-12,62.58522477383876,49.12425931426321,345,194.6776038680166,35
7310,8182,XD_8182_CA_UNIONCITY.YZER,2026,6,2026-06-15,47.82079896644072,37.5353981316155,339,192.0539164843506,35
7311,8182,XD_8182_CA_UNIONCITY.YZER,2026,6,2026-06-22,64.5612853562581,50.67530451418455,328,184.70759181008583,35
7312,8182,XD_8182_CA_UNIONCITY.YZER,2026,6,2026-06-23,60.5316364648082,47.5123612187925,355,203.07340349574778,35
7313,8182,XD_8182_CA_UNIONCITY.YZER,2026,6,2026-06-24,59.344802715256534,46.58079423814204,357,207.79604078634657,35
7314,8182,XD_8182_CA_UNIONCITY.YZER,2026,6,2026-06-25,61.33352521966721,48.14177800649655,344,196.2518162982162,35
7315,8182,XD_8182_CA_UNIONCITY.YZER,2026,6,2026-06-26,63.42691457683043,49.78491665461388,331,185.23232928681904,35
7316,8182,XD_8182_CA_UNIONCITY.YZER,2026,6,2026-06-29,62.44883393090374,49.01720370871664,345,196.7765537749494,35
7317,8182,XD_8182_CA_UNIONCITY.YZER,2026,6,2026-06-30,61.7500881592638,48.46874568839595,349,198.87550368188218,35
7318,8182,XD_8182_NV_RENO.DSOA,2026,5,2026-05-01,76.24749512263706,60.27475863848915,42,69.92396060501486,10
7319,8182,XD_8182_NV_RENO.DSOA,2026,5,2026-05-04,59.79883140795158,47.271849707071766,47,79.68079231734252,12
7320,8182,XD_8182_NV_RENO.DSOA,2026,5,2026-05-05,82.79298035303752,65.44906032275593,45,76.42851507989997,12
7321,8182,XD_8182_NV_RENO.DSOA,2026,5,2026-05-06,76.03955224297263,60.11037675470128,43,73.17623784245741,10
7322,8182,XD_8182_NV_RENO.DSOA,2026,5,2026-05-07,67.09845523624053,53.04230896864104,45,76.42851507989997,11
7323,8182,XD_8182_NV_RENO.DSOA,2026,5,2026-05-08,88.56528199093401,70.01214908328717,44,74.8023764611787,11
7324,8182,XD_8182_NV_RENO.DSOA,2026,5,2026-05-11,69.60404146830241,55.02301148408164,41,69.92396060501486,10
7325,8182,XD_8182_NV_RENO.DSOA,2026,5,2026-05-12,61.66229553590465,48.744945319763,48,81.3069309360638,11
7326,8182,XD_8182_NV_RENO.DSOA,2026,5,2026-05-13,68.00052760196893,53.75541035028352,42,71.55009922373614,11
7327,8182,XD_8182_NV_RENO.DSOA,2026,5,2026-05-14,93.77565685431162,74.13102652051984,43,74.80237646117868,10
7328,8182,XD_8182_NV_RENO.DSOA,2026,5,2026-05-15,101.8867370258678,80.54295387435151,41,69.92396060501486,10
7329,8182,XD_8182_NV_RENO.DSOA,2026,5,2026-05-18,93.94162351608277,74.26222559091816,44,76.42851507989997,10
7330,8182,XD_8182_NV_RENO.DSOA,2026,5,2026-05-19,70.47214272094494,55.70925820461509,44,74.80237646117868,11
7331,8182,XD_8182_NV_RENO.DSOA,2026,5,2026-05-20,93.93689016819,74.25848381026911,42,71.55009922373614,10
7332,8182,XD_8182_NV_RENO.DSOA,2026,5,2026-05-21,80.88518632981122,63.94092128032621,43,73.17623784245741,11
7333,8182,XD_8182_NV_RENO.DSOA,2026,5,2026-05-22,70.66836937369723,55.86437823989045,45,76.42851507989997,10
7334,8182,XD_8182_NV_RENO.DSOA,2026,5,2026-05-26,68.6566267269308,54.27406629217897,43,73.17623784245741,10
7335,8182,XD_8182_NV_RENO.DSOA,2026,5,2026-05-27,66.6497500593012,52.68760097205234,46,79.68079231734251,11
7336,8182,XD_8182_NV_RENO.DSOA,2026,5,2026-05-28,70.44069599614,55.684399109315734,45,76.42851507989997,10
7337,8182,XD_8182_NV_RENO.DSOA,2026,5,2026-05-29,93.86805627103023,74.20406960911038,44,74.8023764611787,11
7338,8182,XD_8182_NV_RENO.DSOA,2026,6,2026-06-01,86.77341398916953,69.01173655959764,44,72.35012306419122,11
7339,8182,XD_8182_NV_RENO.DSOA,2026,6,2026-06-02,69.04941808684798,54.91567095882422,48,80.21426687551636,11
7340,8182,XD_8182_NV_RENO.DSOA,2026,6,2026-06-03,63.528564948265,50.52488298738783,46,75.49578058872127,12
7341,8182,XD_8182_NV_RENO.DSOA,2026,6,2026-06-04,86.76047184053532,69.00144354344212,46,75.49578058872127,11
7342,8182,XD_8182_NV_RENO.DSOA,2026,6,2026-06-05,73.93767562214666,58.8033495201818,46,77.0686093509863,11
7343,8182,XD_8182_NV_RENO.DSOA,2026,6,2026-06-08,93.73586683909097,74.54904274357895,43,67.63163677739614,10
7344,8182,XD_8182_NV_RENO.DSOA,2026,6,2026-06-09,94.81164696895715,75.40462109995939,44,69.20446553966117,10
7345,8182,XD_8182_NV_RENO.DSOA,2026,6,2026-06-10,65.31489357225823,51.9455674429202,46,73.92295182645624,11
7346,8182,XD_8182_NV_RENO.DSOA,2026,6,2026-06-11,66.61986307086366,52.98342232399368,46,72.35012306419122,10
7347,8182,XD_8182_NV_RENO.DSOA,2026,6,2026-06-12,94.17879920959471,74.90131114770948,42,67.63163677739614,10
7348,8182,XD_8182_NV_RENO.DSOA,2026,6,2026-06-15,66.42839897092709,52.83114907095453,45,70.77729430192619,11
7349,8182,XD_8182_NV_RENO.DSOA,2026,6,2026-06-16,82.65530025164286,65.7365608195706,44,73.92295182645624,10
7350,8182,XD_8182_NV_RENO.DSOA,2026,6,2026-06-17,67.3338015900499,53.55122454290808,47,73.92295182645626,11
7351,8182,XD_8182_NV_RENO.DSOA,2026,6,2026-06-18,65.88951499100888,52.4025694225504,47,75.49578058872127,10
7352,8182,XD_8182_NV_RENO.DSOA,2026,6,2026-06-19,126.72868399241614,100.78854976618423,34,53.4761779170109,7
7353,8182,XD_8182_NV_RENO.DSOA,2026,6,2026-06-22,101.14126025305853,80.43862384809438,39,61.340321728336036,9
7354,8182,XD_8182_NV_RENO.DSOA,2026,6,2026-06-23,62.211168888843424,49.4771451421441,48,77.0686093509863,12
7355,8182,XD_8182_NV_RENO.DSOA,2026,6,2026-06-24,75.1862097644806,59.796320815827336,45,75.49578058872127,10
7356,8182,XD_8182_NV_RENO.DSOA,2026,6,2026-06-25,66.98597968419394,53.274598412471576,45,73.92295182645626,11
7357,8182,XD_8182_NV_RENO.DSOA,2026,6,2026-06-26,74.23037640889486,59.03613729073529,45,75.49578058872127,10
7358,8182,XD_8182_NV_RENO.DSOA,2026,6,2026-06-29,91.81965984026591,73.02506475865054,42,69.20446553966117,10
7359,8182,XD_8182_NV_RENO.DSOA,2026,6,2026-06-30,64.86065870053841,51.58431005010605,46,77.06860935098629,11
7360,8183,XD_8183_KS_LEAVENWORTHCMOP.ACKG,2026,5,2026-05-01,199.85250244140624,440.5723653819946,2,2.2982165056749784,2
7361,8183,XD_8183_KS_LEAVENWORTHCMOP.ACKG,2026,5,2026-05-04,177.42916870117188,391.1404039854574,2,2.6812525899541413,2
7362,8183,XD_8183_KS_LEAVENWORTHCMOP.ACKG,2026,5,2026-05-05,161.4125017438616,355.8318601307881,2,3.447324758512467,2
7363,8183,XD_8183_KS_LEAVENWORTHCMOP.ACKG,2026,5,2026-05-06,205.0510009765625,452.03239099133174,2,2.6812525899541413,2
7364,8183,XD_8183_KS_LEAVENWORTHCMOP.ACKG,2026,5,2026-05-07,217.30333455403647,479.0425085517038,2,2.6812525899541413,2
7365,8183,XD_8183_KS_LEAVENWORTHCMOP.ACKG,2026,5,2026-05-08,182.02166748046875,401.2645106415748,2,2.6812525899541413,2
7366,8183,XD_8183_KS_LEAVENWORTHCMOP.ACKG,2026,5,2026-05-11,165.5721435546875,365.00173896317693,2,3.064288674233304,2
7367,8183,XD_8183_KS_LEAVENWORTHCMOP.ACKG,2026,5,2026-05-12,205.0510009765625,452.03239099133174,2,2.6812525899541413,2
7368,8183,XD_8183_KS_LEAVENWORTHCMOP.ACKG,2026,5,2026-05-13,166.31749616350447,366.6448595541058,2,3.064288674233304,2
7369,8183,XD_8183_KS_LEAVENWORTHCMOP.ACKG,2026,5,2026-05-14,149.2454121907552,329.00966196592765,2,3.447324758512467,2
7370,8183,XD_8183_KS_LEAVENWORTHCMOP.ACKG,2026,5,2026-05-15,183.57366129557292,404.68586177716605,2,3.064288674233304,2
7371,8183,XD_8183_KS_LEAVENWORTHCMOP.ACKG,2026,5,2026-05-18,182.8391621907552,403.06666760132447,2,3.064288674233304,2
7372,8183,XD_8183_KS_LEAVENWORTHCMOP.ACKG,2026,5,2026-05-19,182.8391621907552,403.0666676013245,2,2.6812525899541413,2
7373,8183,XD_8183_KS_LEAVENWORTHCMOP.ACKG,2026,5,2026-05-20,165.5721435546875,365.00173896317693,2,3.447324758512467,2
7374,8183,XD_8183_KS_LEAVENWORTHCMOP.ACKG,2026,5,2026-05-21,143.28047688802084,315.8600359989136,2,3.4473247585124676,2
7375,8183,XD_8183_KS_LEAVENWORTHCMOP.ACKG,2026,5,2026-05-22,165.5721435546875,365.00173896317693,2,3.064288674233304,2
7376,8183,XD_8183_KS_LEAVENWORTHCMOP.ACKG,2026,5,2026-05-26,182.02166748046875,401.2645106415748,2,2.6812525899541413,2
7377,8183,XD_8183_KS_LEAVENWORTHCMOP.ACKG,2026,5,2026-05-27,165.5721435546875,365.00173896317693,2,3.064288674233304,2
7378,8183,XD_8183_KS_LEAVENWORTHCMOP.ACKG,2026,5,2026-05-28,165.1392822265625,364.0475015286453,2,3.064288674233304,2
7379,8183,XD_8183_KS_LEAVENWORTHCMOP.ACKG,2026,5,2026-05-29,181.51666259765625,400.1512336346211,2,2.6812525899541413,2
7380,8183,XD_8183_KS_LEAVENWORTHCMOP.ACKG,2026,6,2026-06-01,152.8562469482422,295.4168301596944,2,3.7811642371692233,2
7381,8183,XD_8183_KS_LEAVENWORTHCMOP.ACKG,2026,6,2026-06-02,130.56458028157553,252.33495658816145,2,4.201293596854693,2
7382,8183,XD_8183_KS_LEAVENWORTHCMOP.ACKG,2026,6,2026-06-03,163.21571568080356,315.43800349223085,2,3.361034877483754,2
7383,8183,XD_8183_KS_LEAVENWORTHCMOP.ACKG,2026,6,2026-06-04,157.2933349609375,303.99214521563624,2,3.781164237169224,2
7384,8183,XD_8183_KS_LEAVENWORTHCMOP.ACKG,2026,6,2026-06-05,213.8566691080729,413.30897858436566,2,2.940905517798285,2
7385,8183,XD_8183_KS_LEAVENWORTHCMOP.ACKG,2026,6,2026-06-08,157.2933349609375,303.99214521563624,2,3.361034877483754,2
7386,8183,XD_8183_KS_LEAVENWORTHCMOP.ACKG,2026,6,2026-06-09,130.09071568080356,251.4191446335978,2,4.621422956540162,2
7387,8183,XD_8183_KS_LEAVENWORTHCMOP.ACKG,2026,6,2026-06-10,128.91250174386158,249.14207560010763,2,4.201293596854693,2
7388,8183,XD_8183_KS_LEAVENWORTHCMOP.ACKG,2026,6,2026-06-11,211.9250030517578,409.5757542335355,2,2.940905517798285,2
7389,8183,XD_8183_KS_LEAVENWORTHCMOP.ACKG,2026,6,2026-06-12,155.86666870117188,301.23490609345333,2,3.361034877483754,2
7390,8183,XD_8183_KS_LEAVENWORTHCMOP.ACKG,2026,6,2026-06-15,355.48333740234375,687.0230220001956,2,3.361034877483754,2
7391,8183,XD_8183_KS_LEAVENWORTHCMOP.ACKG,2026,6,2026-06-16,155.15333048502603,299.85627670242206,2,3.361034877483754,2
7392,8183,XD_8183_KS_LEAVENWORTHCMOP.ACKG,2026,6,2026-06-17,166.59024658203126,321.95977307652646,2,3.7811642371692233,2
7393,8183,XD_8183_KS_LEAVENWORTHCMOP.ACKG,2026,6,2026-06-18,200.07374572753906,386.67148344299966,2,3.361034877483754,2
7394,8183,XD_8183_KS_LEAVENWORTHCMOP.ACKG,2026,6,2026-06-22,128.32339041573658,248.00353265769985,2,4.201293596854693,2
7395,8183,XD_8183_KS_LEAVENWORTHCMOP.ACKG,2026,6,2026-06-23,164.61600341796876,318.14426229999094,2,3.7811642371692233,2
7396,8183,XD_8183_KS_LEAVENWORTHCMOP.ACKG,2026,6,2026-06-24,137.701907203311,266.12887431889374,2,3.781164237169224,2
7397,8183,XD_8183_KS_LEAVENWORTHCMOP.ACKG,2026,6,2026-06-25,142.59666951497394,275.58871122687583,2,3.7811642371692233,2
7398,8183,XD_8183_KS_LEAVENWORTHCMOP.ACKG,2026,6,2026-06-26,362.7900085449219,701.1442219580267,2,2.520776158112816,2
7399,8183,XD_8183_KS_LEAVENWORTHCMOP.ACKG,2026,6,2026-06-29,373.6233418782552,722.0812072451268,2,2.1006467984273467,2
7400,8183,XD_8183_KS_LEAVENWORTHCMOP.ACKG,2026,6,2026-06-30,174.02900390625,336.33624870589347,2,2.940905517798285,2
7401,8183,XD_8183_MO_CAPEGIRARDEAU.KBDL,2026,5,2026-05-01,25.129755988650853,17.515727008912464,64,82.58889486287119,15
7402,8183,XD_8183_MO_CAPEGIRARDEAU.KBDL,2026,5,2026-05-04,24.69353373421563,17.211675114124848,62,80.00799189840646,15
7403,8183,XD_8183_MO_CAPEGIRARDEAU.KBDL,2026,5,2026-05-05,24.69353373421563,17.211675114124848,62,80.00799189840646,15
7404,8183,XD_8183_MO_CAPEGIRARDEAU.KBDL,2026,5,2026-05-06,25.287056130303274,17.62536700465661,62,80.00799189840646,15
7405,8183,XD_8183_MO_CAPEGIRARDEAU.KBDL,2026,5,2026-05-07,25.237467244466146,17.590802984719787,70,90.33160375626537,15
7406,8183,XD_8183_MO_CAPEGIRARDEAU.KBDL,2026,5,2026-05-08,25.287056130303274,17.62536700465661,62,80.00799189840646,15
7407,8183,XD_8183_MO_CAPEGIRARDEAU.KBDL,2026,5,2026-05-11,25.287056130303274,17.62536700465661,64,82.58889486287119,15
7408,8183,XD_8183_MO_CAPEGIRARDEAU.KBDL,2026,5,2026-05-12,25.287056130303274,17.62536700465661,62,80.00799189840646,15
7409,8183,XD_8183_MO_CAPEGIRARDEAU.KBDL,2026,5,2026-05-13,25.851310265858967,18.018658583234092,63,81.29844338063883,15
7410,8183,XD_8183_MO_CAPEGIRARDEAU.KBDL,2026,5,2026-05-14,25.35273249308268,17.671144179807136,69,89.041152274033,15
7411,8183,XD_8183_MO_CAPEGIRARDEAU.KBDL,2026,5,2026-05-15,25.402599167293975,17.70590182141423,64,82.58889486287119,15
7412,8183,XD_8183_MO_CAPEGIRARDEAU.KBDL,2026,5,2026-05-18,26.150576928456626,18.227250865916673,63,81.29844338063883,15
7413,8183,XD_8183_MO_CAPEGIRARDEAU.KBDL,2026,5,2026-05-19,25.851310265858967,18.018658583234092,63,81.29844338063883,15
7414,8183,XD_8183_MO_CAPEGIRARDEAU.KBDL,2026,5,2026-05-20,25.73367835998535,17.936667801001633,64,82.58889486287119,15
7415,8183,XD_8183_MO_CAPEGIRARDEAU.KBDL,2026,5,2026-05-21,25.237467244466146,17.590802984719787,69,89.041152274033,15
7416,8183,XD_8183_MO_CAPEGIRARDEAU.KBDL,2026,5,2026-05-22,25.73367835998535,17.936667801001633,63,81.29844338063883,15
7417,8183,XD_8183_MO_CAPEGIRARDEAU.KBDL,2026,5,2026-05-26,25.287056130303274,17.62536700465661,63,81.29844338063883,15
7418,8183,XD_8183_MO_CAPEGIRARDEAU.KBDL,2026,5,2026-05-27,25.287056130303274,17.62536700465661,64,82.58889486287119,15
7419,8183,XD_8183_MO_CAPEGIRARDEAU.KBDL,2026,5,2026-05-28,25.627403758215525,17.862593189476478,72,92.91250672073008,15
7420,8183,XD_8183_MO_CAPEGIRARDEAU.KBDL,2026,5,2026-05-29,25.287056130303274,17.62536700465661,64,82.58889486287119,15
7421,8183,XD_8183_MO_CAPEGIRARDEAU.KBDL,2026,6,2026-06-01,25.287056130303274,18.05431692681947,62,78.23265225600373,15
7422,8183,XD_8183_MO_CAPEGIRARDEAU.KBDL,2026,6,2026-06-02,25.287989459567598,18.05498330024975,62,78.23265225600373,15
7423,8183,XD_8183_MO_CAPEGIRARDEAU.KBDL,2026,6,2026-06-03,25.491021747589112,18.199943206038263,64,80.75628619974579,15
7424,8183,XD_8183_MO_CAPEGIRARDEAU.KBDL,2026,6,2026-06-04,24.99933287302653,17.84888981631189,69,87.06537105910093,15
7425,8183,XD_8183_MO_CAPEGIRARDEAU.KBDL,2026,6,2026-06-05,25.04851065105862,17.88400150293025,62,78.23265225600373,15
7426,8183,XD_8183_MO_CAPEGIRARDEAU.KBDL,2026,6,2026-06-08,25.491021747589112,18.199943206038263,62,78.23265225600373,15
7427,8183,XD_8183_MO_CAPEGIRARDEAU.KBDL,2026,6,2026-06-09,25.04851065105862,17.88400150293025,62,78.23265225600373,15
7428,8183,XD_8183_MO_CAPEGIRARDEAU.KBDL,2026,6,2026-06-10,24.808644947475855,17.712743472337753,64,80.75628619974579,15
7429,8183,XD_8183_MO_CAPEGIRARDEAU.KBDL,2026,6,2026-06-11,25.142616383386038,17.951190609772688,72,90.85082197471401,15
7430,8183,XD_8183_MO_CAPEGIRARDEAU.KBDL,2026,6,2026-06-12,24.808644947475855,17.712743472337753,63,79.49446922787476,15
7431,8183,XD_8183_MO_CAPEGIRARDEAU.KBDL,2026,6,2026-06-15,25.246956062316894,18.025686495009516,64,80.75628619974579,15
7432,8183,XD_8183_MO_CAPEGIRARDEAU.KBDL,2026,6,2026-06-16,24.928067128923203,17.798007881956345,64,84.54173711535887,15
7433,8183,XD_8183_MO_CAPEGIRARDEAU.KBDL,2026,6,2026-06-17,24.69353373421563,17.630556984700693,63,79.49446922787476,15
7434,8183,XD_8183_MO_CAPEGIRARDEAU.KBDL,2026,6,2026-06-18,24.64586705525716,17.596524184507164,68,85.8035540872299,15
7435,8183,XD_8183_MO_CAPEGIRARDEAU.KBDL,2026,6,2026-06-19,23.91486701329549,17.074608688963234,58,73.18538436851962,15
7436,8183,XD_8183_MO_CAPEGIRARDEAU.KBDL,2026,6,2026-06-22,25.129755988650853,17.9420086140055,62,78.23265225600373,15
7437,8183,XD_8183_MO_CAPEGIRARDEAU.KBDL,2026,6,2026-06-23,24.57798855251736,17.548060654602082,63,79.49446922787476,15
7438,8183,XD_8183_MO_CAPEGIRARDEAU.KBDL,2026,6,2026-06-24,24.57798855251736,17.548060654602082,62,78.23265225600373,15
7439,8183,XD_8183_MO_CAPEGIRARDEAU.KBDL,2026,6,2026-06-25,24.529799664815265,17.513655010606147,71,89.58900500284298,15
7440,8183,XD_8183_MO_CAPEGIRARDEAU.KBDL,2026,6,2026-06-26,25.301655192905002,18.064740287359655,64,80.75628619974579,15
7441,8183,XD_8183_MO_CAPEGIRARDEAU.KBDL,2026,6,2026-06-29,25.012121870252823,17.858020836068,64,80.75628619974579,15
7442,8183,XD_8183_MO_CAPEGIRARDEAU.KBDL,2026,6,2026-06-30,24.454021464453806,17.459551296895068,64,80.75628619974579,15
7443,8183,XD_8183_MO_COLUMBIA.CAPL,2026,5,2026-05-01,42.683805375629,28.803297609250233,67,71.59941204733906,12
7444,8183,XD_8183_MO_COLUMBIA.CAPL,2026,5,2026-05-04,41.3242819028023,27.885882705635588,70,74.80535587035423,13
7445,8183,XD_8183_MO_COLUMBIA.CAPL,2026,5,2026-05-05,41.3242819028023,27.885882705635588,69,73.73670792934918,13
7446,8183,XD_8183_MO_COLUMBIA.CAPL,2026,5,2026-05-06,43.70520346959432,29.492543402100782,68,72.66805998834411,12
7447,8183,XD_8183_MO_COLUMBIA.CAPL,2026,5,2026-05-07,42.135051111074596,28.43299481508253,69,73.73670792934918,13
7448,8183,XD_8183_MO_COLUMBIA.CAPL,2026,5,2026-05-08,42.31326478811411,28.553254513875427,69,73.73670792934918,13
7449,8183,XD_8183_MO_COLUMBIA.CAPL,2026,5,2026-05-11,42.37018784743089,28.59166654869523,69,73.73670792934918,13
7450,8183,XD_8183_MO_COLUMBIA.CAPL,2026,5,2026-05-12,42.38326475192339,28.600490925261248,69,73.73670792934918,13
7451,8183,XD_8183_MO_COLUMBIA.CAPL,2026,5,2026-05-13,42.565998939775,28.723801092894046,69,73.73670792934918,13
7452,8183,XD_8183_MO_COLUMBIA.CAPL,2026,5,2026-05-14,42.38694765628912,28.60297617205635,70,74.80535587035423,13
7453,8183,XD_8183_MO_COLUMBIA.CAPL,2026,5,2026-05-15,42.565998939775,28.723801092894046,69,73.73670792934918,13
7454,8183,XD_8183_MO_COLUMBIA.CAPL,2026,5,2026-05-18,42.565998939775,28.723801092894046,68,72.66805998834411,13
7455,8183,XD_8183_MO_COLUMBIA.CAPL,2026,5,2026-05-19,42.565998939775,28.723801092894046,68,72.66805998834411,13
7456,8183,XD_8183_MO_COLUMBIA.CAPL,2026,5,2026-05-20,42.379974172869304,28.59827042202899,65,69.46211616532894,13
7457,8183,XD_8183_MO_COLUMBIA.CAPL,2026,5,2026-05-21,42.191974170391376,28.47140684990233,70,74.80535587035423,13
7458,8183,XD_8183_MO_COLUMBIA.CAPL,2026,5,2026-05-22,42.37018784743089,28.59166654869523,70,74.80535587035423,13
7459,8183,XD_8183_MO_COLUMBIA.CAPL,2026,5,2026-05-26,42.37018784743089,28.59166654869523,68,72.66805998834411,13
7460,8183,XD_8183_MO_COLUMBIA.CAPL,2026,5,2026-05-27,42.37018784743089,28.59166654869523,69,73.73670792934918,13
7461,8183,XD_8183_MO_COLUMBIA.CAPL,2026,5,2026-05-28,42.191974170391376,28.47140684990233,69,73.73670792934918,13
7462,8183,XD_8183_MO_COLUMBIA.CAPL,2026,5,2026-05-29,41.93236779769262,28.296222853342133,67,71.59941204733906,12
7463,8183,XD_8183_MO_COLUMBIA.CAPL,2026,6,2026-06-01,42.37018784743089,28.7030814944336,68,73.91637156518733,13
7464,8183,XD_8183_MO_COLUMBIA.CAPL,2026,6,2026-06-02,42.37018784743089,28.7030814944336,69,75.00337702938126,13
7465,8183,XD_8183_MO_COLUMBIA.CAPL,2026,6,2026-06-03,41.97458188146607,28.43508385605493,69,75.00337702938126,13
7466,8183,XD_8183_MO_COLUMBIA.CAPL,2026,6,2026-06-04,41.7980263196505,28.315478800317724,69,75.00337702938126,13
7467,8183,XD_8183_MO_COLUMBIA.CAPL,2026,6,2026-06-05,41.97458188146607,28.43508385605493,67,72.8293661009934,13
7468,8183,XD_8183_MO_COLUMBIA.CAPL,2026,6,2026-06-08,41.720744269933455,28.263125174247598,68,73.91637156518732,13
7469,8183,XD_8183_MO_COLUMBIA.CAPL,2026,6,2026-06-09,43.17713957362705,29.249739471086556,67,72.8293661009934,12
7470,8183,XD_8183_MO_COLUMBIA.CAPL,2026,6,2026-06-10,41.32666608859331,27.996162511846514,68,73.91637156518732,13
7471,8183,XD_8183_MO_COLUMBIA.CAPL,2026,6,2026-06-11,41.32666608859331,27.996162511846514,70,76.09038249357519,13
7472,8183,XD_8183_MO_COLUMBIA.CAPL,2026,6,2026-06-12,41.32666608859331,27.996162511846514,68,73.91637156518732,13
7473,8183,XD_8183_MO_COLUMBIA.CAPL,2026,6,2026-06-15,41.32666608859331,27.996162511846514,70,76.09038249357519,13
7474,8183,XD_8183_MO_COLUMBIA.CAPL,2026,6,2026-06-16,34.288713730520854,23.228401726477614,69,88.04744259970843,13
7475,8183,XD_8183_MO_COLUMBIA.CAPL,2026,6,2026-06-17,41.1296665142744,27.862707950436366,68,73.91637156518732,13
7476,8183,XD_8183_MO_COLUMBIA.CAPL,2026,6,2026-06-18,41.1296665142744,27.862707950436366,70,76.09038249357519,13
7477,8183,XD_8183_MO_COLUMBIA.CAPL,2026,6,2026-06-19,43.319545190984556,29.346210132368398,55,59.78530053066622,11
7478,8183,XD_8183_MO_COLUMBIA.CAPL,2026,6,2026-06-22,40.440059856363355,27.395543722314468,68,80.43840435035092,13
7479,8183,XD_8183_MO_COLUMBIA.CAPL,2026,6,2026-06-23,33.6642280061603,22.80535274914064,69,85.87343167132057,13
7480,8183,XD_8183_MO_COLUMBIA.CAPL,2026,6,2026-06-24,33.31845709674513,22.571115161450784,69,86.9604371355145,13
7481,8183,XD_8183_MO_COLUMBIA.CAPL,2026,6,2026-06-25,34.343318896844636,23.26539322022912,68,82.61241527873878,13
7482,8183,XD_8183_MO_COLUMBIA.CAPL,2026,6,2026-06-26,34.230626582305426,23.189051413587567,69,84.78642620712664,13
7483,8183,XD_8183_MO_COLUMBIA.CAPL,2026,6,2026-06-29,34.01088382036258,23.040189803000207,68,81.52540981454484,13
7484,8183,XD_8183_MO_COLUMBIA.CAPL,2026,6,2026-06-30,33.27994696404034,22.54502701944473,68,84.78642620712664,13
7485,8183,XD_8183_MO_EXPRESSSCRIPTS.FCCI,2026,5,2026-05-26,74.72999572753906,,1,0.383036084279163,1
7486,8183,XD_8183_MO_EXPRESSSCRIPTS.FCCI,2026,5,2026-05-27,74.72999572753906,,1,0.383036084279163,1
7487,8183,XD_8183_MO_EXPRESSSCRIPTS.FCCI,2026,5,2026-05-28,74.72999572753906,,1,0.383036084279163,1
7488,8183,XD_8183_MO_EXPRESSSCRIPTS.FCCI,2026,5,2026-05-29,35.0,,1,0.383036084279163,1
7489,8183,XD_8183_MO_EXPRESSSCRIPTS.FCCI,2026,6,2026-06-01,35.0,,1,0.4201293596854693,1
7490,8183,XD_8183_MO_EXPRESSSCRIPTS.FCCI,2026,6,2026-06-02,35.0,,1,0.4201293596854693,1
7491,8183,XD_8183_MO_EXPRESSSCRIPTS.FCCI,2026,6,2026-06-03,35.0,,1,0.4201293596854693,1
7492,8183,XD_8183_MO_EXPRESSSCRIPTS.FCCI,2026,6,2026-06-04,35.0,,1,0.4201293596854693,1
7493,8183,XD_8183_MO_EXPRESSSCRIPTS.FCCI,2026,6,2026-06-05,35.0,,1,0.4201293596854693,1
7494,8183,XD_8183_MO_EXPRESSSCRIPTS.FCCI,2026,6,2026-06-08,35.0,,1,0.4201293596854693,1
7495,8183,XD_8183_MO_EXPRESSSCRIPTS.FCCI,2026,6,2026-06-09,35.0,,1,0.4201293596854693,1
7496,8183,XD_8183_MO_EXPRESSSCRIPTS.FCCI,2026,6,2026-06-10,35.0,,1,0.4201293596854693,1
7497,8183,XD_8183_MO_EXPRESSSCRIPTS.FCCI,2026,6,2026-06-11,35.0,,1,0.4201293596854693,1
7498,8183,XD_8183_MO_EXPRESSSCRIPTS.FCCI,2026,6,2026-06-12,35.0,,1,0.4201293596854693,1
7499,8183,XD_8183_MO_EXPRESSSCRIPTS.FCCI,2026,6,2026-06-15,70.0,,1,0.4201293596854693,1
7500,8183,XD_8183_MO_EXPRESSSCRIPTS.FCCI,2026,6,2026-06-16,35.0,,1,0.4201293596854693,1
7501,8183,XD_8183_MO_EXPRESSSCRIPTS.FCCI,2026,6,2026-06-17,35.0,,1,0.4201293596854693,1
7502,8183,XD_8183_MO_EXPRESSSCRIPTS.FCCI,2026,6,2026-06-18,35.0,,1,0.4201293596854693,1
7503,8183,XD_8183_MO_EXPRESSSCRIPTS.FCCI,2026,6,2026-06-19,35.0,,1,0.4201293596854693,1
7504,8183,XD_8183_MO_EXPRESSSCRIPTS.FCCI,2026,6,2026-06-22,35.0,,1,0.4201293596854693,1
7505,8183,XD_8183_MO_EXPRESSSCRIPTS.FCCI,2026,6,2026-06-23,35.0,,1,0.4201293596854693,1
7506,8183,XD_8183_MO_EXPRESSSCRIPTS.FCCI,2026,6,2026-06-24,35.0,,1,0.4201293596854693,1
7507,8183,XD_8183_MO_EXPRESSSCRIPTS.FCCI,2026,6,2026-06-25,35.0,,1,0.4201293596854693,1
7508,8183,XD_8183_MO_EXPRESSSCRIPTS.FCCI,2026,6,2026-06-26,35.0,,1,0.4201293596854693,1
7509,8183,XD_8183_MO_EXPRESSSCRIPTS.FCCI,2026,6,2026-06-29,35.0,,1,0.4201293596854693,1
7510,8183,XD_8183_MO_EXPRESSSCRIPTS.FCCI,2026,6,2026-06-30,35.0,,1,0.4201293596854693,1
7511,8183,XD_8183_MO_JOPLIN.CAPL,2026,5,2026-05-01,47.139375269412994,67.04397523721192,16,8.485687917230633,4
7512,8183,XD_8183_MO_JOPLIN.CAPL,2026,5,2026-05-04,47.139375269412994,67.04397523721192,16,8.485687917230633,4
7513,8183,XD_8183_MO_JOPLIN.CAPL,2026,5,2026-05-05,47.139375269412994,67.04397523721192,16,8.485687917230633,4
7514,8183,XD_8183_MO_JOPLIN.CAPL,2026,5,2026-05-06,48.26531267166138,68.64533967794884,16,8.485687917230633,4
7515,8183,XD_8183_MO_JOPLIN.CAPL,2026,5,2026-05-07,44.675312519073486,63.539462055343535,18,9.546398906884463,4
7516,8183,XD_8183_MO_JOPLIN.CAPL,2026,5,2026-05-08,48.26531267166138,68.64533967794884,16,8.485687917230633,4
7517,8183,XD_8183_MO_JOPLIN.CAPL,2026,5,2026-05-11,48.26531267166138,68.64533967794884,16,8.485687917230633,4
7518,8183,XD_8183_MO_JOPLIN.CAPL,2026,5,2026-05-12,48.26531267166138,68.64533967794884,17,9.016043412057547,4
7519,8183,XD_8183_MO_JOPLIN.CAPL,2026,5,2026-05-13,48.487811505794525,68.96178863894325,17,9.016043412057547,4
7520,8183,XD_8183_MO_JOPLIN.CAPL,2026,5,2026-05-14,44.87906140089035,63.82924389714921,17,9.016043412057547,4
7521,8183,XD_8183_MO_JOPLIN.CAPL,2026,5,2026-05-15,48.487811505794525,68.96178863894325,16,8.485687917230633,4
7522,8183,XD_8183_MO_JOPLIN.CAPL,2026,5,2026-05-18,48.487811505794525,68.96178863894325,16,8.485687917230633,4
7523,8183,XD_8183_MO_JOPLIN.CAPL,2026,5,2026-05-19,48.487811505794525,68.96178863894325,16,8.485687917230633,4
7524,8183,XD_8183_MO_JOPLIN.CAPL,2026,5,2026-05-20,48.26531267166138,68.64533967794884,16,8.485687917230633,4
7525,8183,XD_8183_MO_JOPLIN.CAPL,2026,5,2026-05-21,44.675312519073486,63.539462055343535,17,9.016043412057547,4
7526,8183,XD_8183_MO_JOPLIN.CAPL,2026,5,2026-05-22,48.26531267166138,68.64533967794884,16,8.485687917230633,4
7527,8183,XD_8183_MO_JOPLIN.CAPL,2026,5,2026-05-26,48.26531267166138,68.64533967794884,16,8.485687917230633,4
7528,8183,XD_8183_MO_JOPLIN.CAPL,2026,5,2026-05-27,48.26531267166138,68.64533967794884,16,8.485687917230633,4
7529,8183,XD_8183_MO_JOPLIN.CAPL,2026,5,2026-05-28,44.675312519073486,63.539462055343535,17,9.016043412057547,4
7530,8183,XD_8183_MO_JOPLIN.CAPL,2026,5,2026-05-29,48.26531267166138,68.64533967794884,17,9.016043412057547,4
7531,8183,XD_8183_MO_JOPLIN.CAPL,2026,6,2026-06-01,48.26531267166138,68.78130251232956,16,8.222148474459875,4
7532,8183,XD_8183_MO_JOPLIN.CAPL,2026,6,2026-06-02,48.26531267166138,68.78130251232956,16,8.222148474459875,4
7533,8183,XD_8183_MO_JOPLIN.CAPL,2026,6,2026-06-03,47.81593817472458,68.14091376305531,16,8.222148474459875,4
7534,8183,XD_8183_MO_JOPLIN.CAPL,2026,6,2026-06-04,44.25843805074692,63.07123786808022,17,8.736032754113618,4
7535,8183,XD_8183_MO_JOPLIN.CAPL,2026,6,2026-06-05,47.81593817472458,68.14091376305531,16,8.222148474459875,4
7536,8183,XD_8183_MO_JOPLIN.CAPL,2026,6,2026-06-08,47.81593817472458,68.14091376305531,16,8.222148474459875,4
7537,8183,XD_8183_MO_JOPLIN.CAPL,2026,6,2026-06-09,47.81593817472458,68.14091376305531,16,8.222148474459875,4
7538,8183,XD_8183_MO_JOPLIN.CAPL,2026,6,2026-06-10,47.3640621304512,67.49696014131713,16,8.222148474459875,4
7539,8183,XD_8183_MO_JOPLIN.CAPL,2026,6,2026-06-11,43.840312063694,62.47538033786186,18,9.249917033767359,4
7540,8183,XD_8183_MO_JOPLIN.CAPL,2026,6,2026-06-12,47.3640621304512,67.49696014131713,17,8.736032754113618,4
7541,8183,XD_8183_MO_JOPLIN.CAPL,2026,6,2026-06-15,47.3640621304512,67.49696014131713,16,8.222148474459875,4
7542,8183,XD_8183_MO_JOPLIN.CAPL,2026,6,2026-06-16,40.879861101271615,58.25653947787407,17,9.763801313421101,4
7543,8183,XD_8183_MO_JOPLIN.CAPL,2026,6,2026-06-17,47.139375269412994,67.17676631879397,16,8.222148474459875,4
7544,8183,XD_8183_MO_JOPLIN.CAPL,2026,6,2026-06-18,43.6318753361702,62.17834404374266,17,8.736032754113618,4
7545,8183,XD_8183_MO_JOPLIN.CAPL,2026,6,2026-06-19,47.139375269412994,67.17676631879397,16,8.222148474459875,4
7546,8183,XD_8183_MO_JOPLIN.CAPL,2026,6,2026-06-22,40.073125183582306,57.10688677429323,16,8.736032754113618,4
7547,8183,XD_8183_MO_JOPLIN.CAPL,2026,6,2026-06-23,39.879687666893005,56.831225359994505,17,9.249917033767359,4
7548,8183,XD_8183_MO_JOPLIN.CAPL,2026,6,2026-06-24,39.879687666893005,56.831225359994505,17,9.249917033767359,4
7549,8183,XD_8183_MO_JOPLIN.CAPL,2026,6,2026-06-25,36.38968741893768,51.85774130829661,17,9.24991703376736,4
7550,8183,XD_8183_MO_JOPLIN.CAPL,2026,6,2026-06-26,46.912187933921814,66.85300915273787,16,8.222148474459875,4
7551,8183,XD_8183_MO_JOPLIN.CAPL,2026,6,2026-06-29,46.912187933921814,66.85300915273787,16,8.222148474459875,4
7552,8183,XD_8183_MO_JOPLIN.CAPL,2026,6,2026-06-30,39.688750863075256,56.55912762899116,16,8.736032754113618,4
7553,8183,XD_8183_MO_SPRINGFIELD.CAPL,2026,5,2026-05-01,36.779194371039125,20.24374152511,94,131.36316742513236,17
7554,8183,XD_8183_MO_SPRINGFIELD.CAPL,2026,5,2026-05-04,36.889390428527065,20.304394852161355,95,132.76064792965505,17
7555,8183,XD_8183_MO_SPRINGFIELD.CAPL,2026,5,2026-05-05,36.92762570020531,20.32544003736004,96,134.15812843417774,17
7556,8183,XD_8183_MO_SPRINGFIELD.CAPL,2026,5,2026-05-06,37.66046756375737,20.728805622665238,96,134.15812843417774,17
7557,8183,XD_8183_MO_SPRINGFIELD.CAPL,2026,5,2026-05-07,37.55447317091357,20.670464945863174,99,138.35056994774578,17
7558,8183,XD_8183_MO_SPRINGFIELD.CAPL,2026,5,2026-05-08,37.77321265244684,20.790861969267876,93,129.9656869206097,17
7559,8183,XD_8183_MO_SPRINGFIELD.CAPL,2026,5,2026-05-11,37.66046756375737,20.728805622665238,95,132.76064792965505,17
7560,8183,XD_8183_MO_SPRINGFIELD.CAPL,2026,5,2026-05-12,37.66046756375737,20.728805622665238,97,135.55560893870043,17
7561,8183,XD_8183_MO_SPRINGFIELD.CAPL,2026,5,2026-05-13,37.834034661952856,20.824339185409595,97,135.55560893870043,17
7562,8183,XD_8183_MO_SPRINGFIELD.CAPL,2026,5,2026-05-14,37.74813475328333,20.77705877109183,101,141.14553095679116,17
7563,8183,XD_8183_MO_SPRINGFIELD.CAPL,2026,5,2026-05-15,37.834034661952856,20.824339185409595,95,132.76064792965505,17
7564,8183,XD_8183_MO_SPRINGFIELD.CAPL,2026,5,2026-05-18,37.94731894127127,20.88669230946786,94,131.36316742513236,17
7565,8183,XD_8183_MO_SPRINGFIELD.CAPL,2026,5,2026-05-19,37.834034661952856,20.824339185409595,97,135.55560893870043,17
7566,8183,XD_8183_MO_SPRINGFIELD.CAPL,2026,5,2026-05-20,37.66046756375737,20.728805622665238,96,134.15812843417774,17
7567,8183,XD_8183_MO_SPRINGFIELD.CAPL,2026,5,2026-05-21,37.55447317091357,20.670464945863174,97,135.55560893870043,17
7568,8183,XD_8183_MO_SPRINGFIELD.CAPL,2026,5,2026-05-22,37.66046756375737,20.728805622665238,96,134.15812843417774,17
7569,8183,XD_8183_MO_SPRINGFIELD.CAPL,2026,5,2026-05-26,37.77321265244684,20.790861969267876,95,132.76064792965505,17
7570,8183,XD_8183_MO_SPRINGFIELD.CAPL,2026,5,2026-05-27,37.66046756375737,20.728805622665238,97,135.55560893870043,17
7571,8183,XD_8183_MO_SPRINGFIELD.CAPL,2026,5,2026-05-28,37.574991363637594,20.68175842298171,101,141.14553095679116,17
7572,8183,XD_8183_MO_SPRINGFIELD.CAPL,2026,5,2026-05-29,37.66046756375737,20.728805622665238,94,131.36316742513236,17
7573,8183,XD_8183_MO_SPRINGFIELD.CAPL,2026,6,2026-06-01,37.66046756375737,21.00189605610584,96,131.5331934517436,17
7574,8183,XD_8183_MO_SPRINGFIELD.CAPL,2026,6,2026-06-02,37.66046756375737,21.00189605610584,95,130.16305601995464,17
7575,8183,XD_8183_MO_SPRINGFIELD.CAPL,2026,6,2026-06-03,37.30852207870377,20.805628644343145,95,130.16305601995464,17
7576,8183,XD_8183_MO_SPRINGFIELD.CAPL,2026,6,2026-06-04,37.20350807374265,20.74706608898201,98,134.27346831532162,17
7577,8183,XD_8183_MO_SPRINGFIELD.CAPL,2026,6,2026-06-05,37.305055690947036,20.8036955638461,95,130.16305601995464,17
7578,8183,XD_8183_MO_SPRINGFIELD.CAPL,2026,6,2026-06-08,37.42018873938659,20.867901147907336,92,126.05264372458764,17
7579,8183,XD_8183_MO_SPRINGFIELD.CAPL,2026,6,2026-06-09,37.30852207870377,20.805628644343145,96,131.5331934517436,17
7580,8183,XD_8183_MO_SPRINGFIELD.CAPL,2026,6,2026-06-10,37.067165275114256,20.671032585681914,94,128.79291858816563,17
7581,8183,XD_8183_MO_SPRINGFIELD.CAPL,2026,6,2026-06-11,36.8691925800815,20.560630292986367,100,137.0137431788996,17
7582,8183,XD_8183_MO_SPRINGFIELD.CAPL,2026,6,2026-06-12,37.067165275114256,20.671032585681914,95,130.16305601995464,17
7583,8183,XD_8183_MO_SPRINGFIELD.CAPL,2026,6,2026-06-15,37.067165275114256,20.671032585681914,95,130.16305601995464,17
7584,8183,XD_8183_MO_SPRINGFIELD.CAPL,2026,6,2026-06-16,32.1665700191695,17.93814585228819,95,143.8644303378446,17
7585,8183,XD_8183_MO_SPRINGFIELD.CAPL,2026,6,2026-06-17,36.779194371039125,20.51044151005786,96,131.5331934517436,17
7586,8183,XD_8183_MO_SPRINGFIELD.CAPL,2026,6,2026-06-18,36.585594926561626,20.402478022813497,100,137.0137431788996,17
7587,8183,XD_8183_MO_SPRINGFIELD.CAPL,2026,6,2026-06-19,36.67586102873003,20.452816200158782,91,124.68250629279864,17
7588,8183,XD_8183_MO_SPRINGFIELD.CAPL,2026,6,2026-06-22,31.687396049754504,17.67092766437249,95,142.4942929060556,17
7589,8183,XD_8183_MO_SPRINGFIELD.CAPL,2026,6,2026-06-23,35.87813397313144,20.007952347248253,94,135.6436057471106,17
7590,8183,XD_8183_MO_SPRINGFIELD.CAPL,2026,6,2026-06-24,31.610726875506415,17.628172007514543,93,139.75401804247758,17
7591,8183,XD_8183_MO_SPRINGFIELD.CAPL,2026,6,2026-06-25,35.873915478762456,20.00559984378821,99,141.1241554742666,17
7592,8183,XD_8183_MO_SPRINGFIELD.CAPL,2026,6,2026-06-26,31.48877802583623,17.56016549483386,94,143.8644303378446,17
7593,8183,XD_8183_MO_SPRINGFIELD.CAPL,2026,6,2026-06-29,32.08685245981403,17.89369022006335,94,138.3838806106886,17
7594,8183,XD_8183_MO_SPRINGFIELD.CAPL,2026,6,2026-06-30,31.425250339196396,17.52473837568735,95,139.75401804247758,17
7595,8183,XD_8183_MO_STLOUIS.YZER,2026,5,2026-05-01,29.291629192152364,15.985992588095138,273,423.98510092383765,23
7596,8183,XD_8183_MO_STLOUIS.YZER,2026,5,2026-05-04,35.92723266368081,19.6073926549037,293,454.9329185095192,24
7597,8183,XD_8183_MO_STLOUIS.YZER,2026,5,2026-05-05,36.5336827480864,19.938364568099793,291,451.83813675095104,24
7598,8183,XD_8183_MO_STLOUIS.YZER,2026,5,2026-05-06,40.92675103876647,22.335894479226155,285,442.55379147524656,24
7599,8183,XD_8183_MO_STLOUIS.YZER,2026,5,2026-05-07,36.17881758886268,19.744695866099313,298,462.6698729059396,24
7600,8183,XD_8183_MO_STLOUIS.YZER,2026,5,2026-05-08,35.447629785579146,19.34564797678192,288,447.1959641130988,23
7601,8183,XD_8183_MO_STLOUIS.YZER,2026,5,2026-05-11,36.213490226549375,19.76361855986391,291,451.83813675095104,24
7602,8183,XD_8183_MO_STLOUIS.YZER,2026,5,2026-05-12,36.649403580389695,20.001519551912864,293,454.9329185095192,24
7603,8183,XD_8183_MO_STLOUIS.YZER,2026,5,2026-05-13,36.53504262183855,19.939106723190587,292,453.3855276302351,24
7604,8183,XD_8183_MO_STLOUIS.YZER,2026,5,2026-05-14,36.42617866867105,19.879693901287443,297,461.1224820266555,24
7605,8183,XD_8183_MO_STLOUIS.YZER,2026,5,2026-05-15,37.005940817557274,20.19610079535793,292,453.3855276302351,24
7606,8183,XD_8183_MO_STLOUIS.YZER,2026,5,2026-05-18,37.18825236274543,20.29559785613879,275,427.0798826824058,23
7607,8183,XD_8183_MO_STLOUIS.YZER,2026,5,2026-05-19,37.47877154352938,20.454149551582077,293,454.9329185095192,24
7608,8183,XD_8183_MO_STLOUIS.YZER,2026,5,2026-05-20,37.52862541403203,20.481357447705403,293,454.9329185095192,24
7609,8183,XD_8183_MO_STLOUIS.YZER,2026,5,2026-05-21,36.663559462085054,20.009245165888633,297,461.1224820266555,24
7610,8183,XD_8183_MO_STLOUIS.YZER,2026,5,2026-05-22,37.37378116368374,20.396850743686354,293,454.9329185095192,24
7611,8183,XD_8183_MO_STLOUIS.YZER,2026,5,2026-05-26,38.98935055102675,21.278552477727768,292,453.3855276302351,24
7612,8183,XD_8183_MO_STLOUIS.YZER,2026,5,2026-05-27,39.136951594789046,21.359106180497268,295,458.02770026808736,24
7613,8183,XD_8183_MO_STLOUIS.YZER,2026,5,2026-05-28,43.812354651325506,23.91072111860298,289,448.7433549923829,24
7614,8183,XD_8183_MO_STLOUIS.YZER,2026,5,2026-05-29,39.15392998111472,21.36837218465769,291,451.83813675095104,24
7615,8183,XD_8183_MO_STLOUIS.YZER,2026,6,2026-06-01,36.39543485436913,20.713564291765877,293,397.6663480788205,24
7616,8183,XD_8183_MO_STLOUIS.YZER,2026,6,2026-06-02,36.48475049542967,20.764396086488777,291,394.96113482658365,24
7617,8183,XD_8183_MO_STLOUIS.YZER,2026,6,2026-06-03,36.17748293658135,20.589522332116953,295,400.37156133105736,24
7618,8183,XD_8183_MO_STLOUIS.YZER,2026,6,2026-06-04,34.87272056898604,19.846949004038752,301,408.487201087768,24
7619,8183,XD_8183_MO_STLOUIS.YZER,2026,6,2026-06-05,36.76423076487705,20.923455390289984,295,400.37156133105736,24
7620,8183,XD_8183_MO_STLOUIS.YZER,2026,6,2026-06-08,36.60517418949063,20.832932262499984,294,399.01895470493895,24
7621,8183,XD_8183_MO_STLOUIS.YZER,2026,6,2026-06-09,36.39279105579607,20.71205963900004,294,399.01895470493895,24
7622,8183,XD_8183_MO_STLOUIS.YZER,2026,6,2026-06-10,36.29988009423767,20.659181656270878,293,397.6663480788205,24
7623,8183,XD_8183_MO_STLOUIS.YZER,2026,6,2026-06-11,35.79424526515474,20.371412061477645,296,401.72416795717584,24
7624,8183,XD_8183_MO_STLOUIS.YZER,2026,6,2026-06-12,36.57410309618239,20.815248915909105,292,396.31374145270206,24
7625,8183,XD_8183_MO_STLOUIS.YZER,2026,6,2026-06-15,28.298731547824687,16.10552525713051,290,393.6085282004652,24
7626,8183,XD_8183_MO_STLOUIS.YZER,2026,6,2026-06-22,37.28785135651993,21.2214611383429,289,392.25592157434676,24
7627,8183,XD_8183_MO_STLOUIS.YZER,2026,6,2026-06-23,36.74892836163365,20.914746404817798,291,394.96113482658365,24
7628,8183,XD_8183_MO_STLOUIS.YZER,2026,6,2026-06-24,36.3392482375715,20.681587064291296,294,399.01895470493895,24
7629,8183,XD_8183_MO_STLOUIS.YZER,2026,6,2026-06-25,35.89346176800619,20.42787868754877,293,397.6663480788205,24
7630,8183,XD_8183_MO_STLOUIS.YZER,2026,6,2026-06-26,36.53055148266295,20.790462588990504,293,397.6663480788205,24
7631,8183,XD_8183_MO_STLOUIS.YZER,2026,6,2026-06-29,36.53764698681453,20.794500820214125,293,397.6663480788205,24
7632,8183,XD_8183_MO_STLOUIS.YZER,2026,6,2026-06-30,36.436100716143365,20.736708264236913,292,396.31374145270206,24
7633,8183,XD_8183_MO_STLROI.CAPL,2026,5,2026-05-01,28.809663875286393,27.509548445245567,33,30.66658211174084,13
7634,8183,XD_8183_MO_STLROI.CAPL,2026,5,2026-05-04,29.01825362148448,27.708725004647913,33,29.969614336474002,13
7635,8183,XD_8183_MO_STLROI.CAPL,2026,5,2026-05-05,29.01825362148448,27.708725004647913,35,31.36354988700768,13
7636,8183,XD_8183_MO_STLROI.CAPL,2026,5,2026-05-06,28.922153868597427,27.61696201778814,34,32.06051766227451,13
7637,8183,XD_8183_MO_STLROI.CAPL,2026,5,2026-05-07,29.930391018207256,28.579699689131836,34,29.969614336474002,13
7638,8183,XD_8183_MO_STLROI.CAPL,2026,5,2026-05-08,29.589977271147447,28.254648049976737,33,30.66658211174084,12
7639,8183,XD_8183_MO_STLROI.CAPL,2026,5,2026-05-11,29.718560213623995,28.377428333030476,33,29.969614336474002,13
7640,8183,XD_8183_MO_STLROI.CAPL,2026,5,2026-05-12,29.50497901756447,28.17348557668915,34,31.36354988700768,13
7641,8183,XD_8183_MO_STLROI.CAPL,2026,5,2026-05-13,30.120157731329645,28.760902656668488,33,29.272646561207168,13
7642,8183,XD_8183_MO_STLROI.CAPL,2026,5,2026-05-14,30.059144930183752,28.70264322621595,34,30.66658211174084,13
7643,8183,XD_8183_MO_STLROI.CAPL,2026,5,2026-05-15,30.683854326872094,29.299160890802117,34,29.969614336474002,13
7644,8183,XD_8183_MO_STLROI.CAPL,2026,5,2026-05-18,29.637350043716967,28.299882995709808,33,30.66658211174084,13
7645,8183,XD_8183_MO_STLROI.CAPL,2026,5,2026-05-19,29.637350043716967,28.299882995709808,34,31.36354988700768,13
7646,8183,XD_8183_MO_STLROI.CAPL,2026,5,2026-05-20,29.571153846153848,28.236674083879507,33,30.66658211174084,13
7647,8183,XD_8183_MO_STLROI.CAPL,2026,5,2026-05-21,29.50497901756447,28.17348557668915,33,30.66658211174084,13
7648,8183,XD_8183_MO_STLROI.CAPL,2026,5,2026-05-22,28.778205142432437,27.479509374355384,33,32.06051766227451,13
7649,8183,XD_8183_MO_STLROI.CAPL,2026,5,2026-05-26,29.376658144567767,28.050955536508184,34,30.66658211174084,13
7650,8183,XD_8183_MO_STLROI.CAPL,2026,5,2026-05-27,29.784735042213374,28.440616840220834,32,29.272646561207168,13
7651,8183,XD_8183_MO_STLROI.CAPL,2026,5,2026-05-28,29.718560213623995,28.377428333030476,34,30.66658211174084,13
7652,8183,XD_8183_MO_STLROI.CAPL,2026,5,2026-05-29,30.22444403054831,28.86048274940925,33,30.66658211174084,13
7653,8183,XD_8183_MO_STLROI.CAPL,2026,6,2026-06-01,29.784735042213374,28.41292410888889,32,28.700158307805133,13
7654,8183,XD_8183_MO_STLROI.CAPL,2026,6,2026-06-02,29.784735042213374,28.41292410888889,33,29.38349541037192,13
7655,8183,XD_8183_MO_STLROI.CAPL,2026,6,2026-06-03,29.09965750213362,27.75939953909155,34,30.06683251293871,13
7656,8183,XD_8183_MO_STLROI.CAPL,2026,6,2026-06-04,29.438335853226906,28.082479206353955,34,30.06683251293871,13
7657,8183,XD_8183_MO_STLROI.CAPL,2026,6,2026-06-05,30.258643540839582,28.86500555889811,33,28.700158307805133,13
7658,8183,XD_8183_MO_STLROI.CAPL,2026,6,2026-06-08,29.22675465403737,27.88064291179166,33,30.06683251293871,13
7659,8183,XD_8183_MO_STLROI.CAPL,2026,6,2026-06-09,29.22675465403737,27.88064291179166,34,30.7501696155055,13
7660,8183,XD_8183_MO_STLROI.CAPL,2026,6,2026-06-10,29.822340483193866,28.44879753664126,32,27.333484102671555,13
7661,8183,XD_8183_MO_STLROI.CAPL,2026,6,2026-06-11,29.590087243727037,28.22724130464315,34,30.7501696155055,13
7662,8183,XD_8183_MO_STLROI.CAPL,2026,6,2026-06-12,29.425987018683017,28.07069912846401,33,29.38349541037192,13
7663,8183,XD_8183_MO_STLROI.CAPL,2026,6,2026-06-15,36.718846086355356,35.02766721741693,31,26.650147000104763,13
7664,8183,XD_8183_MO_STLROI.CAPL,2026,6,2026-06-16,30.778381930975925,29.36080608942122,33,34.16685512833944,13
7665,8183,XD_8183_MO_STLROI.CAPL,2026,6,2026-06-17,29.01825362148448,27.68174491903953,32,28.70015830780513,13
7666,8183,XD_8183_MO_STLROI.CAPL,2026,6,2026-06-18,28.874307236304652,27.544428346907303,32,29.38349541037192,13
7667,8183,XD_8183_MO_STLROI.CAPL,2026,6,2026-06-19,29.891589269067488,28.514856895399063,33,28.700158307805133,13
7668,8183,XD_8183_MO_STLROI.CAPL,2026,6,2026-06-22,30.690082995096844,29.27657398326106,29,27.33348410267155,12
7669,8183,XD_8183_MO_STLROI.CAPL,2026,6,2026-06-23,28.949743869162013,27.616390555782708,32,28.700158307805133,13
7670,8183,XD_8183_MO_STLROI.CAPL,2026,6,2026-06-24,28.572307964138215,27.25633841127943,31,29.383495410371918,13
7671,8183,XD_8183_MO_STLROI.CAPL,2026,6,2026-06-25,29.14490937586431,27.80256722388958,33,28.700158307805133,13
7672,8183,XD_8183_MO_STLROI.CAPL,2026,6,2026-06-26,28.281165769883803,26.978605503515706,35,31.433506718072287,13
7673,8183,XD_8183_MO_STLROI.CAPL,2026,6,2026-06-29,29.547000254117524,28.18613879477961,31,28.01682120523834,13
7674,8183,XD_8183_MO_STLROI.CAPL,2026,6,2026-06-30,28.369265852441323,27.06264791504449,33,30.7501696155055,13
7675,8195,XD_8195_FL_GAINESVILLE.HDSD,2026,5,2026-05-01,38.344900052509615,40.77237829173884,35,25.08681257910038,14
7676,8195,XD_8195_FL_GAINESVILLE.HDSD,2026,5,2026-05-04,38.457886122521906,40.8925171050342,32,22.936514358034632,14
7677,8195,XD_8195_FL_GAINESVILLE.HDSD,2026,5,2026-05-05,38.16293574136402,40.578894472001025,32,22.936514358034632,14
7678,8195,XD_8195_FL_GAINESVILLE.HDSD,2026,5,2026-05-06,38.84841290352836,41.30776673735678,34,24.370046505411796,14
7679,8195,XD_8195_FL_GAINESVILLE.HDSD,2026,5,2026-05-07,38.55293675074501,40.99358504798029,33,23.653280431723214,14
7680,8195,XD_8195_FL_GAINESVILLE.HDSD,2026,5,2026-05-08,38.97967285201663,41.44733628290232,33,23.653280431723214,14
7681,8195,XD_8195_FL_GAINESVILLE.HDSD,2026,5,2026-05-11,38.25080377714975,40.6723251183165,31,22.21974828434605,14
7682,8195,XD_8195_FL_GAINESVILLE.HDSD,2026,5,2026-05-12,38.59187524659293,41.034988600490486,32,22.936514358034632,14
7683,8195,XD_8195_FL_GAINESVILLE.HDSD,2026,5,2026-05-13,38.84841290352836,41.30776673735678,33,23.653280431723214,14
7684,8195,XD_8195_FL_GAINESVILLE.HDSD,2026,5,2026-05-14,38.24722242733789,40.6685170460794,32,22.936514358034632,14
7685,8195,XD_8195_FL_GAINESVILLE.HDSD,2026,5,2026-05-15,38.851994253340216,41.31157480959388,31,22.21974828434605,14
7686,8195,XD_8195_FL_GAINESVILLE.HDSD,2026,5,2026-05-18,38.84841290352836,41.30776673735678,33,23.653280431723214,14
7687,8195,XD_8195_FL_GAINESVILLE.HDSD,2026,5,2026-05-19,39.157708576747346,41.63664281149476,32,22.936514358034632,14
7688,8195,XD_8195_FL_GAINESVILLE.HDSD,2026,5,2026-05-20,38.58280969801403,41.02534914451134,35,25.08681257910038,14
7689,8195,XD_8195_FL_GAINESVILLE.HDSD,2026,5,2026-05-21,38.32555577111623,40.751809393197625,31,22.21974828434605,14
7690,8195,XD_8195_FL_GAINESVILLE.HDSD,2026,5,2026-05-22,39.18151811191014,41.661959643023295,35,25.08681257910038,14
7691,8195,XD_8195_FL_GAINESVILLE.HDSD,2026,5,2026-05-26,40.62264986934825,43.19432428870084,31,22.21974828434605,13
7692,8195,XD_8195_FL_GAINESVILLE.HDSD,2026,5,2026-05-27,38.84554782367888,41.30472027956711,35,25.08681257910038,14
7693,8195,XD_8195_FL_GAINESVILLE.HDSD,2026,5,2026-05-28,37.82899955340794,40.223817980420634,35,25.08681257910038,14
7694,8195,XD_8195_FL_GAINESVILLE.HDSD,2026,5,2026-05-29,38.948243663424535,41.41391742498576,35,25.08681257910038,14
7695,8195,XD_8195_FL_GAINESVILLE.HDSD,2026,6,2026-06-01,38.852459922669425,42.22458553006446,33,22.76130359634107,14
7696,8195,XD_8195_FL_GAINESVILLE.HDSD,2026,6,2026-06-02,38.66805514078292,42.02417568470543,32,22.071567123724673,14
7697,8195,XD_8195_FL_GAINESVILLE.HDSD,2026,6,2026-06-03,38.66992051260812,42.02620295794207,32,22.071567123724673,14
7698,8195,XD_8195_FL_GAINESVILLE.HDSD,2026,6,2026-06-04,38.219860962459016,41.53708134230391,33,22.76130359634107,14
7699,8195,XD_8195_FL_GAINESVILLE.HDSD,2026,6,2026-06-05,38.673482020696,42.03007358037298,31,21.381830651108277,14
7700,8195,XD_8195_FL_GAINESVILLE.HDSD,2026,6,2026-06-08,38.66992051260812,42.02620295794207,33,22.76130359634107,14
7701,8195,XD_8195_FL_GAINESVILLE.HDSD,2026,6,2026-06-09,38.071587153843474,41.37593838954836,30,20.69209417849188,14
7702,8195,XD_8195_FL_GAINESVILLE.HDSD,2026,6,2026-06-10,38.584969821430384,41.93387913256237,34,23.451040068957465,14
7703,8195,XD_8195_FL_GAINESVILLE.HDSD,2026,6,2026-06-11,40.1364312424619,43.61999670656743,34,23.451040068957465,13
7704,8195,XD_8195_FL_GAINESVILLE.HDSD,2026,6,2026-06-12,37.719553158396764,40.9933502708085,31,21.381830651108277,14
7705,8195,XD_8195_FL_GAINESVILLE.HDSD,2026,6,2026-06-15,57.425416487913864,62.40954665212083,30,20.69209417849188,13
7706,8195,XD_8195_FL_GAINESVILLE.HDSD,2026,6,2026-06-16,43.383849484579905,47.149268458964166,34,24.14077654157386,14
7707,8195,XD_8195_FL_GAINESVILLE.HDSD,2026,6,2026-06-17,38.13023767017183,41.43967936625918,32,22.071567123724673,14
7708,8195,XD_8195_FL_GAINESVILLE.HDSD,2026,6,2026-06-18,38.05058289709545,41.35311110815311,33,22.76130359634107,14
7709,8195,XD_8195_FL_GAINESVILLE.HDSD,2026,6,2026-06-19,37.96833271450466,41.26372217688388,27,18.622884760642695,12
7710,8195,XD_8195_FL_GAINESVILLE.HDSD,2026,6,2026-06-22,38.67762773464887,42.03457911370947,29,21.381830651108277,13
7711,8195,XD_8195_FL_GAINESVILLE.HDSD,2026,6,2026-06-23,37.87341193547325,41.16056292877527,33,23.451040068957465,14
7712,8195,XD_8195_FL_GAINESVILLE.HDSD,2026,6,2026-06-24,35.36692774636405,38.43653319594892,35,26.20998595942305,14
7713,8195,XD_8195_FL_GAINESVILLE.HDSD,2026,6,2026-06-25,37.42835240893894,40.676875304323126,35,24.830513014190256,14
7714,8195,XD_8195_FL_GAINESVILLE.HDSD,2026,6,2026-06-26,37.2100785649012,40.43965679576816,35,24.830513014190256,14
7715,8195,XD_8195_FL_GAINESVILLE.HDSD,2026,6,2026-06-29,36.00077300979977,39.12539185746065,31,23.451040068957465,14
7716,8195,XD_8195_FL_GAINESVILLE.HDSD,2026,6,2026-06-30,36.187897186430675,39.32875712227582,33,24.830513014190256,14
7717,8195,XD_8195_FL_JACKSONVILLE.YZER,2026,5,2026-05-01,35.18183521737421,32.125571918062434,82,62.118940815072484,9
7718,8195,XD_8195_FL_JACKSONVILLE.YZER,2026,5,2026-05-04,55.277514504108865,50.47552967835278,80,59.16089601435474,9
7719,8195,XD_8195_FL_JACKSONVILLE.YZER,2026,5,2026-05-05,53.12856014073525,48.513256035643536,86,64.33747441561079,9
7720,8195,XD_8195_FL_JACKSONVILLE.YZER,2026,5,2026-05-06,52.43374981236087,47.878804221640934,90,66.55600801614908,9
7721,8195,XD_8195_FL_JACKSONVILLE.YZER,2026,5,2026-05-07,52.21447704918218,47.67857979106062,88,65.81649681596966,9
7722,8195,XD_8195_FL_JACKSONVILLE.YZER,2026,5,2026-05-08,54.83299617188944,50.06962687190793,83,62.85845201525191,9
7723,8195,XD_8195_FL_JACKSONVILLE.YZER,2026,5,2026-05-11,55.91627190189994,51.05879790737336,81,59.90040721453418,9
7724,8195,XD_8195_FL_JACKSONVILLE.YZER,2026,5,2026-05-12,51.99437405453587,47.477597251627905,87,65.07698561579022,9
7725,8195,XD_8195_FL_JACKSONVILLE.YZER,2026,5,2026-05-13,50.622999377668606,46.22535456627328,90,66.55600801614908,9
7726,8195,XD_8195_FL_JACKSONVILLE.YZER,2026,5,2026-05-14,53.9545751394817,49.26751470588262,85,62.85845201525191,9
7727,8195,XD_8195_FL_JACKSONVILLE.YZER,2026,5,2026-05-15,52.80700349476748,48.21963317339252,84,63.59796321543135,9
7728,8195,XD_8195_FL_JACKSONVILLE.YZER,2026,5,2026-05-18,55.8729483145625,51.01923786133942,80,59.16089601435474,9
7729,8195,XD_8195_FL_JACKSONVILLE.YZER,2026,5,2026-05-19,53.986782529911494,49.29692422449223,87,65.07698561579022,9
7730,8195,XD_8195_FL_JACKSONVILLE.YZER,2026,5,2026-05-20,51.50244859650749,47.028405599669625,94,69.51405281686682,9
7731,8195,XD_8195_FL_JACKSONVILLE.YZER,2026,5,2026-05-21,53.198042311263414,48.57670225590277,88,65.81649681596966,9
7732,8195,XD_8195_FL_JACKSONVILLE.YZER,2026,5,2026-05-22,66.47760463466993,60.70266248012409,77,58.42138481417531,9
7733,8195,XD_8195_FL_JACKSONVILLE.YZER,2026,5,2026-05-26,57.96516672461879,52.929704230852884,84,62.118940815072484,9
7734,8195,XD_8195_FL_JACKSONVILLE.YZER,2026,5,2026-05-27,57.48623850688188,52.49238074254041,88,65.07698561579022,9
7735,8195,XD_8195_FL_JACKSONVILLE.YZER,2026,5,2026-05-28,54.27377902075262,49.55898918926118,91,68.77454161668739,9
7736,8195,XD_8195_FL_JACKSONVILLE.YZER,2026,5,2026-05-29,55.68346160082181,50.84621195145774,85,64.33747441561079,9
7737,8195,XD_8195_FL_JACKSONVILLE.YZER,2026,6,2026-06-01,55.10884838032163,49.67347778002982,81,54.4212707282123,9
7738,8195,XD_8195_FL_JACKSONVILLE.YZER,2026,6,2026-06-02,50.469048417181654,45.49130001463279,91,61.8118136666115,9
7739,8195,XD_8195_FL_JACKSONVILLE.YZER,2026,6,2026-06-03,52.31279195698453,47.15319563481373,86,57.78060842748466,9
7740,8195,XD_8195_FL_JACKSONVILLE.YZER,2026,6,2026-06-04,52.47985118456849,47.3037778566027,86,58.45247596733913,9
7741,8195,XD_8195_FL_JACKSONVILLE.YZER,2026,6,2026-06-05,51.16600130424685,46.11951262960957,86,59.12434350719361,9
7742,8195,XD_8195_FL_JACKSONVILLE.YZER,2026,6,2026-06-08,53.9264246953655,48.607676218801345,85,57.108740887630184,9
7743,8195,XD_8195_FL_JACKSONVILLE.YZER,2026,6,2026-06-09,49.31769593714262,44.45350511390277,92,62.48368120646597,9
7744,8195,XD_8195_FL_JACKSONVILLE.YZER,2026,6,2026-06-10,53.608456291666855,48.32106895154595,85,57.10874088763019,9
7745,8195,XD_8195_FL_JACKSONVILLE.YZER,2026,6,2026-06-11,51.957307817955154,46.83277279891331,87,59.12434350719361,9
7746,8195,XD_8195_FL_JACKSONVILLE.YZER,2026,6,2026-06-12,50.83697340668945,45.82293666334127,86,59.12434350719361,9
7747,8195,XD_8195_FL_JACKSONVILLE.YZER,2026,6,2026-06-15,36.469460079861996,32.872487235163966,84,56.436873347775716,9
7748,8195,XD_8195_FL_JACKSONVILLE.YZER,2026,6,2026-06-22,53.99988687983174,48.67389284816318,85,57.108740887630184,9
7749,8195,XD_8195_FL_JACKSONVILLE.YZER,2026,6,2026-06-23,48.70811189304816,43.90404417687839,95,64.49928382602938,9
7750,8195,XD_8195_FL_JACKSONVILLE.YZER,2026,6,2026-06-24,50.96953932970957,45.94242764573458,89,59.796211047048075,9
7751,8195,XD_8195_FL_JACKSONVILLE.YZER,2026,6,2026-06-25,52.07634530320738,46.94006964964515,85,57.78060842748466,9
7752,8195,XD_8195_FL_JACKSONVILLE.YZER,2026,6,2026-06-26,50.06796263891508,45.129773216665356,90,61.81181366661149,9
7753,8195,XD_8195_FL_JACKSONVILLE.YZER,2026,6,2026-06-29,55.52485200625755,50.048451082442696,86,57.78060842748466,9
7754,8195,XD_8195_FL_JACKSONVILLE.YZER,2026,6,2026-06-30,54.22684006125769,48.878461699554634,83,56.436873347775716,9
7755,8195,XD_8195_FL_MIAMI.YZER,2026,5,2026-05-01,48.95437162327754,45.87777200044133,202,83.74260440030588,18
7756,8195,XD_8195_FL_MIAMI.YZER,2026,5,2026-05-04,59.13934995597476,55.4226624419466,198,81.71983617807626,17
7757,8195,XD_8195_FL_MIAMI.YZER,2026,5,2026-05-05,56.03740774864661,52.51566572995778,199,82.93349711141403,17
7758,8195,XD_8195_FL_MIAMI.YZER,2026,5,2026-05-06,54.50353811583568,51.07819408117372,198,82.12438982252219,18
7759,8195,XD_8195_FL_MIAMI.YZER,2026,5,2026-05-07,55.75119063137598,52.247436290719676,205,85.36081897808957,18
7760,8195,XD_8195_FL_MIAMI.YZER,2026,5,2026-05-08,55.31474169118335,51.83841653816155,202,83.74260440030588,18
7761,8195,XD_8195_FL_MIAMI.YZER,2026,5,2026-05-11,59.135039738794504,55.41862310583602,192,79.29251431140074,18
7762,8195,XD_8195_FL_MIAMI.YZER,2026,5,2026-05-12,53.76356559185787,50.38472606971827,203,84.55171168919773,17
7763,8195,XD_8195_FL_MIAMI.YZER,2026,5,2026-05-13,51.77030821347142,48.51673748133388,209,86.97903355587326,18
7764,8195,XD_8195_FL_MIAMI.YZER,2026,5,2026-05-14,55.465605311927774,51.9797989431679,201,83.74260440030588,17
7765,8195,XD_8195_FL_MIAMI.YZER,2026,5,2026-05-15,55.0181548632585,51.560469085897644,206,85.7653726225355,18
7766,8195,XD_8195_FL_MIAMI.YZER,2026,5,2026-05-18,57.028874215209626,53.44482222795341,198,81.71983617807626,18
7767,8195,XD_8195_FL_MIAMI.YZER,2026,5,2026-05-19,55.44473401956629,51.96023933366697,203,84.55171168919772,17
7768,8195,XD_8195_FL_MIAMI.YZER,2026,5,2026-05-20,54.91694855264013,51.46562321433205,208,86.57447991142733,18
7769,8195,XD_8195_FL_MIAMI.YZER,2026,5,2026-05-21,55.72012867548312,52.218326462872085,205,85.36081897808957,18
7770,8195,XD_8195_FL_MIAMI.YZER,2026,5,2026-05-22,53.88833471662567,50.5016539204696,199,82.93349711141404,17
7771,8195,XD_8195_FL_MIAMI.YZER,2026,5,2026-05-26,61.009243462508856,57.175040117591934,195,80.91072888918443,17
7772,8195,XD_8195_FL_MIAMI.YZER,2026,5,2026-05-27,57.0361271057911,53.45161930142014,210,87.38358720031918,18
7773,8195,XD_8195_FL_MIAMI.YZER,2026,5,2026-05-28,58.215789413158355,54.557144233726206,203,84.1471580447518,17
7774,8195,XD_8195_FL_MIAMI.YZER,2026,5,2026-05-29,57.41882798184903,53.810268855156956,204,84.55171168919772,17
7775,8195,XD_8195_FL_MIAMI.YZER,2026,6,2026-06-01,60.277259923914485,55.21619662720692,193,83.18561321772292,18
7776,8195,XD_8195_FL_MIAMI.YZER,2026,6,2026-06-02,56.13716479828241,51.423716564231356,209,90.3278123323759,17
7777,8195,XD_8195_FL_MIAMI.YZER,2026,6,2026-06-03,52.933856544342525,48.48936787899979,212,91.16807105174684,18
7778,8195,XD_8195_FL_MIAMI.YZER,2026,6,2026-06-04,55.871636116917074,51.18048248393411,205,88.64729489363401,18
7779,8195,XD_8195_FL_MIAMI.YZER,2026,6,2026-06-05,52.74842664026167,48.31950723740434,202,86.96677745489214,18
7780,8195,XD_8195_FL_MIAMI.YZER,2026,6,2026-06-08,59.83343404784527,54.80963573057337,193,82.76548385803746,17
7781,8195,XD_8195_FL_MIAMI.YZER,2026,6,2026-06-09,55.80157752000417,51.116306221319455,201,86.96677745489214,17
7782,8195,XD_8195_FL_MIAMI.YZER,2026,6,2026-06-10,54.23517125449212,49.68142022179365,204,87.80703617426308,17
7783,8195,XD_8195_FL_MIAMI.YZER,2026,6,2026-06-11,52.78648827032808,48.35437309647543,202,86.96677745489214,18
7784,8195,XD_8195_FL_MIAMI.YZER,2026,6,2026-06-12,54.9932267172895,50.37582702696335,197,84.86613065646479,18
7785,8195,XD_8195_FL_MIAMI.YZER,2026,6,2026-06-15,67.38247172917254,61.724833094960985,187,80.66483705961011,17
7786,8195,XD_8195_FL_MIAMI.YZER,2026,6,2026-06-22,59.548106546110404,54.54826519948372,190,81.9252251386665,17
7787,8195,XD_8195_FL_MIAMI.YZER,2026,6,2026-06-23,54.84426566255289,50.239373198462935,204,88.22716553394855,17
7788,8195,XD_8195_FL_MIAMI.YZER,2026,6,2026-06-24,51.154626917502384,46.85952781917351,208,89.48755361300496,17
7789,8195,XD_8195_FL_MIAMI.YZER,2026,6,2026-06-25,54.86864124108808,50.26170212879255,204,88.22716553394855,18
7790,8195,XD_8195_FL_MIAMI.YZER,2026,6,2026-06-26,53.16610483995085,48.70211589662419,205,88.64729489363401,17
7791,8195,XD_8195_FL_MIAMI.YZER,2026,6,2026-06-29,59.74321965643779,54.72699601568177,194,83.60574257740839,17
7792,8195,XD_8195_FL_MIAMI.YZER,2026,6,2026-06-30,54.37952673711814,49.81365517611897,207,89.48755361300495,18
7793,8195,XD_8195_FL_OCALA.HDSD,2026,5,2026-05-01,20.444961631108843,28.872205470271677,40,22.6660767685796,6
7794,8195,XD_8195_FL_OCALA.HDSD,2026,5,2026-05-04,20.563924590115825,29.04020397561369,39,22.099424849365107,6
7795,8195,XD_8195_FL_OCALA.HDSD,2026,5,2026-05-05,20.45014892072759,28.879530917705058,37,20.966121010936128,6
7796,8195,XD_8195_FL_OCALA.HDSD,2026,5,2026-05-06,20.751940396776227,29.305718340448596,39,22.099424849365107,6
7797,8195,XD_8195_FL_OCALA.HDSD,2026,5,2026-05-07,21.75680483263782,30.72477957350169,37,20.966121010936128,5
7798,8195,XD_8195_FL_OCALA.HDSD,2026,5,2026-05-08,20.06396745558332,28.334168651361146,37,20.966121010936128,7
7799,8195,XD_8195_FL_OCALA.HDSD,2026,5,2026-05-11,19.371767925879272,27.35665020898699,36,20.399469091721638,7
7800,8195,XD_8195_FL_OCALA.HDSD,2026,5,2026-05-12,19.893808687126242,28.093871847967502,36,20.399469091721638,7
7801,8195,XD_8195_FL_OCALA.HDSD,2026,5,2026-05-13,20.06396745558332,28.334168651361146,37,20.966121010936128,7
7802,8195,XD_8195_FL_OCALA.HDSD,2026,5,2026-05-14,20.79539604545076,29.367086047564566,36,20.399469091721638,6
7803,8195,XD_8195_FL_OCALA.HDSD,2026,5,2026-05-15,20.556361988509373,29.02952413226592,42,23.79938060700858,6
7804,8195,XD_8195_FL_OCALA.HDSD,2026,5,2026-05-18,20.70114606599959,29.23398700725419,36,20.399469091721638,6
7805,8195,XD_8195_FL_OCALA.HDSD,2026,5,2026-05-19,20.53324414287669,28.996877302148068,38,21.53277293015062,7
7806,8195,XD_8195_FL_OCALA.HDSD,2026,5,2026-05-20,20.53324414287669,28.996877302148068,38,21.53277293015062,7
7807,8195,XD_8195_FL_OCALA.HDSD,2026,5,2026-05-21,20.190999196649905,28.51356182389418,37,20.96612101093613,7
7808,8195,XD_8195_FL_OCALA.HDSD,2026,5,2026-05-22,20.30276795421702,28.67140073755223,39,22.09942484936511,7
7809,8195,XD_8195_FL_OCALA.HDSD,2026,5,2026-05-26,20.15526793668059,28.463102434526775,37,20.966121010936128,7
7810,8195,XD_8195_FL_OCALA.HDSD,2026,5,2026-05-27,21.142118306561702,29.85672435281236,37,20.96612101093613,6
7811,8195,XD_8195_FL_OCALA.HDSD,2026,5,2026-05-28,21.142118306561702,29.85672435281236,37,20.96612101093613,6
7812,8195,XD_8195_FL_OCALA.HDSD,2026,5,2026-05-29,20.53324414287669,28.996877302148068,38,21.53277293015062,7
7813,8195,XD_8195_FL_OCALA.HDSD,2026,6,2026-06-01,20.95224789606637,30.76678318438728,36,18.503776721335516,6
7814,8195,XD_8195_FL_OCALA.HDSD,2026,6,2026-06-02,20.53324414287669,30.15150802671545,38,19.531764316965265,7
7815,8195,XD_8195_FL_OCALA.HDSD,2026,6,2026-06-03,20.163819021707052,29.609035321052875,40,20.55975191259502,7
7816,8195,XD_8195_FL_OCALA.HDSD,2026,6,2026-06-04,21.041739400926527,30.898194655869247,37,19.017770519150393,6
7817,8195,XD_8195_FL_OCALA.HDSD,2026,6,2026-06-05,19.811747498080745,29.092045054111583,44,22.615727103854518,7
7818,8195,XD_8195_FL_OCALA.HDSD,2026,6,2026-06-08,20.273808234677396,29.7705461185991,37,19.017770519150393,7
7819,8195,XD_8195_FL_OCALA.HDSD,2026,6,2026-06-09,19.509205028587832,28.647784437822047,35,17.98978292352064,7
7820,8195,XD_8195_FL_OCALA.HDSD,2026,6,2026-06-10,20.19878230252109,29.660376240917717,39,20.045758114780142,7
7821,8195,XD_8195_FL_OCALA.HDSD,2026,6,2026-06-11,20.240950666753985,29.722297278031707,38,19.531764316965265,7
7822,8195,XD_8195_FL_OCALA.HDSD,2026,6,2026-06-12,19.9435639608474,29.28560750861251,40,20.559751912595015,7
7823,8195,XD_8195_FL_OCALA.HDSD,2026,6,2026-06-15,20.01376019492316,29.38868534183035,39,20.045758114780142,7
7824,8195,XD_8195_FL_OCALA.HDSD,2026,6,2026-06-16,24.139685490430693,35.44729297341013,41,21.07374571040989,6
7825,8195,XD_8195_FL_OCALA.HDSD,2026,6,2026-06-17,19.917607563543793,29.24749251245318,39,20.045758114780142,7
7826,8195,XD_8195_FL_OCALA.HDSD,2026,6,2026-06-18,19.917607563543793,29.24749251245318,39,20.045758114780142,7
7827,8195,XD_8195_FL_OCALA.HDSD,2026,6,2026-06-19,20.356245967397665,29.891599661941964,36,18.503776721335516,6
7828,8195,XD_8195_FL_OCALA.HDSD,2026,6,2026-06-22,20.38163320171091,29.928878885519378,37,19.017770519150393,7
7829,8195,XD_8195_FL_OCALA.HDSD,2026,6,2026-06-23,20.067922507591653,29.468218580407065,37,19.017770519150393,7
7830,8195,XD_8195_FL_OCALA.HDSD,2026,6,2026-06-24,20.226795505541645,29.70151149990802,38,19.531764316965265,7
7831,8195,XD_8195_FL_OCALA.HDSD,2026,6,2026-06-25,19.189319299191844,28.17805656285004,36,18.503776721335516,7
7832,8195,XD_8195_FL_OCALA.HDSD,2026,6,2026-06-26,19.585312525431313,28.75954251102284,39,20.045758114780142,7
7833,8195,XD_8195_FL_OCALA.HDSD,2026,6,2026-06-29,19.1718711789815,28.152435324778132,38,19.531764316965265,7
7834,8195,XD_8195_FL_OCALA.HDSD,2026,6,2026-06-30,19.716365925063435,28.951984465320994,39,20.045758114780142,7
7835,8195,XD_8195_FL_ORLANDO.YZER,2026,5,2026-05-01,34.6816043075516,26.053118460687298,227,143.65147537441973,27
7836,8195,XD_8195_FL_ORLANDO.YZER,2026,5,2026-05-04,46.39475508422078,34.85213773402601,225,142.44937097798106,27
7837,8195,XD_8195_FL_ORLANDO.YZER,2026,5,2026-05-05,44.747935999282994,33.61503312021601,229,145.45463196907772,26
7838,8195,XD_8195_FL_ORLANDO.YZER,2026,5,2026-05-06,45.38847968346262,34.09621502677341,231,144.85357977085837,26
7839,8195,XD_8195_FL_ORLANDO.YZER,2026,5,2026-05-07,45.719806262420796,34.345110393153334,234,148.45989296017436,27
7840,8195,XD_8195_FL_ORLANDO.YZER,2026,5,2026-05-08,46.74131665405309,35.11247775615114,230,144.8535797708584,27
7841,8195,XD_8195_FL_ORLANDO.YZER,2026,5,2026-05-11,54.29901053177967,40.78988218473312,214,135.83779679756844,28
7842,8195,XD_8195_FL_ORLANDO.YZER,2026,5,2026-05-12,51.511744257126644,38.69606386563068,233,147.85884076195504,27
7843,8195,XD_8195_FL_ORLANDO.YZER,2026,5,2026-05-13,52.43980726371984,39.393232751918035,227,143.0504231762004,27
7844,8195,XD_8195_FL_ORLANDO.YZER,2026,5,2026-05-14,45.94944127971188,34.517614186667394,227,143.0504231762004,28
7845,8195,XD_8195_FL_ORLANDO.YZER,2026,5,2026-05-15,42.96379162929236,32.27476857506598,229,145.45463196907772,26
7846,8195,XD_8195_FL_ORLANDO.YZER,2026,5,2026-05-18,47.33060705749706,35.55515775885589,199,126.82201382427851,25
7847,8195,XD_8195_FL_ORLANDO.YZER,2026,5,2026-05-19,44.480763616311854,33.414330935817475,225,143.0504231762004,25
7848,8195,XD_8195_FL_ORLANDO.YZER,2026,5,2026-05-20,45.32942009995779,34.05184896136175,217,137.64095339222644,25
7849,8195,XD_8195_FL_ORLANDO.YZER,2026,5,2026-05-21,46.364580644133746,34.82947043596502,215,135.83779679756844,26
7850,8195,XD_8195_FL_ORLANDO.YZER,2026,5,2026-05-22,46.37364522101366,34.836279823822466,212,134.6356924011298,25
7851,8195,XD_8195_FL_ORLANDO.YZER,2026,5,2026-05-26,50.05278448443326,37.600080777585305,215,135.23674459934912,26
7852,8195,XD_8195_FL_ORLANDO.YZER,2026,5,2026-05-27,47.910015181090486,35.99041410822197,221,140.64621438332307,25
7853,8195,XD_8195_FL_ORLANDO.YZER,2026,5,2026-05-28,49.09725802913227,36.88228111320079,221,139.44410998688443,26
7854,8195,XD_8195_FL_ORLANDO.YZER,2026,5,2026-05-29,48.63615010033458,36.53589288428277,214,136.4388489957878,25
7855,8195,XD_8195_FL_ORLANDO.YZER,2026,6,2026-06-01,47.04578754530078,35.47812704968832,205,124.4999164108759,25
7856,8195,XD_8195_FL_ORLANDO.YZER,2026,6,2026-06-02,43.86112889969902,33.076515132154725,230,139.4860174603332,25
7857,8195,XD_8195_FL_ORLANDO.YZER,2026,6,2026-06-03,44.5829313130985,33.62084011986378,219,132.56935543750674,25
7858,8195,XD_8195_FL_ORLANDO.YZER,2026,6,2026-06-04,47.12248833425471,35.53596857976577,213,129.68741292799572,27
7859,8195,XD_8195_FL_ORLANDO.YZER,2026,6,2026-06-05,46.462550964734575,35.03829720338319,211,128.53463592419132,26
7860,8195,XD_8195_FL_ORLANDO.YZER,2026,6,2026-06-08,47.817561019075065,36.06013616856592,207,125.0763049127781,25
7861,8195,XD_8195_FL_ORLANDO.YZER,2026,6,2026-06-09,46.58463638994219,35.13036415459025,226,137.75685195462657,26
7862,8195,XD_8195_FL_ORLANDO.YZER,2026,6,2026-06-10,47.044595811621086,35.47722834055614,219,133.72213244131115,26
7863,8195,XD_8195_FL_ORLANDO.YZER,2026,6,2026-06-11,47.940878579987775,36.15313229684427,223,134.29852094321336,27
7864,8195,XD_8195_FL_ORLANDO.YZER,2026,6,2026-06-12,47.96866708329644,36.174088138001274,210,127.38185892038692,26
7865,8195,XD_8195_FL_ORLANDO.YZER,2026,6,2026-06-15,34.2002491693533,25.79106118678444,213,129.11102442609354,25
7866,8195,XD_8195_FL_ORLANDO.YZER,2026,6,2026-06-22,47.60576076986584,35.90041355485975,214,129.68741292799572,26
7867,8195,XD_8195_FL_ORLANDO.YZER,2026,6,2026-06-23,45.56883793476193,34.36433113590477,232,140.6387944641376,26
7868,8195,XD_8195_FL_ORLANDO.YZER,2026,6,2026-06-24,45.60264744711094,34.38982753499153,231,139.4860174603332,26
7869,8195,XD_8195_FL_ORLANDO.YZER,2026,6,2026-06-25,46.95427860735657,35.40911841159419,228,138.33324045652878,27
7870,8195,XD_8195_FL_ORLANDO.YZER,2026,6,2026-06-26,45.68554126281443,34.452339344839125,227,137.75685195462657,26
7871,8195,XD_8195_FL_ORLANDO.YZER,2026,6,2026-06-29,47.162342821683005,35.56602361003006,218,132.56935543750674,26
7872,8195,XD_8195_FL_ORLANDO.YZER,2026,6,2026-06-30,46.64537842016849,35.176170879869304,229,138.33324045652878,26
7873,8195,XD_8195_FL_PENSACOLA.HDSD,2026,5,2026-05-01,19.44848485426469,20.271271354092843,43,37.68193607759471,11
7874,8195,XD_8195_FL_PENSACOLA.HDSD,2026,5,2026-05-04,19.670606035174746,20.50278958111462,42,36.805611982766926,11
7875,8195,XD_8195_FL_PENSACOLA.HDSD,2026,5,2026-05-05,19.556363625959918,20.383714038999504,44,38.5582601724225,11
7876,8195,XD_8195_FL_PENSACOLA.HDSD,2026,5,2026-05-06,19.83818227594549,20.677455292845767,44,38.5582601724225,11
7877,8195,XD_8195_FL_PENSACOLA.HDSD,2026,5,2026-05-07,19.72227317636663,20.556642549458388,44,38.5582601724225,11
7878,8195,XD_8195_FL_PENSACOLA.HDSD,2026,5,2026-05-08,19.960576222159645,20.805027230423274,42,36.805611982766926,11
7879,8195,XD_8195_FL_PENSACOLA.HDSD,2026,5,2026-05-11,19.970303492112592,20.815166021708475,40,35.05296379311136,11
7880,8195,XD_8195_FL_PENSACOLA.HDSD,2026,5,2026-05-12,19.884545915777036,20.72578039020072,46,40.31090836207807,11
7881,8195,XD_8195_FL_PENSACOLA.HDSD,2026,5,2026-05-13,19.954091375524346,20.798268036233143,42,36.805611982766926,11
7882,8195,XD_8195_FL_PENSACOLA.HDSD,2026,5,2026-05-14,19.72227317636663,20.556642549458388,44,38.5582601724225,11
7883,8195,XD_8195_FL_PENSACOLA.HDSD,2026,5,2026-05-15,19.960576222159645,20.805027230423274,42,36.805611982766926,11
7884,8195,XD_8195_FL_PENSACOLA.HDSD,2026,5,2026-05-18,19.954091375524346,20.798268036233143,44,38.5582601724225,11
7885,8195,XD_8195_FL_PENSACOLA.HDSD,2026,5,2026-05-19,19.606364076787774,20.43582980607101,45,39.43458426725028,11
7886,8195,XD_8195_FL_PENSACOLA.HDSD,2026,5,2026-05-20,19.954091375524346,20.798268036233143,42,36.805611982766926,11
7887,8195,XD_8195_FL_PENSACOLA.HDSD,2026,5,2026-05-21,19.954091375524346,20.798268036233143,44,38.5582601724225,11
7888,8195,XD_8195_FL_PENSACOLA.HDSD,2026,5,2026-05-22,19.536818617040463,20.363342160038584,47,41.187232456905846,11
7889,8195,XD_8195_FL_PENSACOLA.HDSD,2026,5,2026-05-26,19.954091375524346,20.798268036233143,44,38.5582601724225,11
7890,8195,XD_8195_FL_PENSACOLA.HDSD,2026,5,2026-05-27,19.960576222159645,20.805027230423274,42,36.805611982766926,11
7891,8195,XD_8195_FL_PENSACOLA.HDSD,2026,5,2026-05-28,19.954091375524346,20.798268036233143,43,37.68193607759471,11
7892,8195,XD_8195_FL_PENSACOLA.HDSD,2026,5,2026-05-29,19.954091375524346,20.798268036233143,43,37.68193607759471,11
7893,8195,XD_8195_FL_PENSACOLA.HDSD,2026,6,2026-06-01,19.954091375524346,21.02357347811994,43,36.35474089781185,11
7894,8195,XD_8195_FL_PENSACOLA.HDSD,2026,6,2026-06-02,19.884545915777036,20.95030058107083,45,38.04565907910543,11
7895,8195,XD_8195_FL_PENSACOLA.HDSD,2026,6,2026-06-03,19.750000520185992,20.80854393792843,45,38.04565907910543,11
7896,8195,XD_8195_FL_PENSACOLA.HDSD,2026,6,2026-06-04,19.63469748063521,20.687060985954993,44,37.200199988458635,11
7897,8195,XD_8195_FL_PENSACOLA.HDSD,2026,6,2026-06-05,19.75642475937352,20.81531249792238,43,36.35474089781185,11
7898,8195,XD_8195_FL_PENSACOLA.HDSD,2026,6,2026-06-08,19.865303559736773,20.930026889901868,44,37.200199988458635,11
7899,8195,XD_8195_FL_PENSACOLA.HDSD,2026,6,2026-06-09,19.865303559736773,20.930026889901868,43,36.35474089781185,11
7900,8195,XD_8195_FL_PENSACOLA.HDSD,2026,6,2026-06-10,19.670606035174746,20.724894136091862,43,36.35474089781185,11
7901,8195,XD_8195_FL_PENSACOLA.HDSD,2026,6,2026-06-11,19.562727263479523,20.61123337145059,44,37.200199988458635,11
7902,8195,XD_8195_FL_PENSACOLA.HDSD,2026,6,2026-06-12,19.373575771216192,20.411943901373697,46,38.89111816975221,11
7903,8195,XD_8195_FL_PENSACOLA.HDSD,2026,6,2026-06-15,19.670606035174746,20.724894136091862,43,36.35474089781185,11
7904,8195,XD_8195_FL_PENSACOLA.HDSD,2026,6,2026-06-16,24.65863628772774,25.980268512810504,47,39.736577260399,11
7905,8195,XD_8195_FL_PENSACOLA.HDSD,2026,6,2026-06-17,19.573711973248106,20.622806830176902,44,37.20019998845864,11
7906,8195,XD_8195_FL_PENSACOLA.HDSD,2026,6,2026-06-18,19.34628775625518,20.3831933270274,45,38.04565907910543,11
7907,8195,XD_8195_FL_PENSACOLA.HDSD,2026,6,2026-06-19,19.54189378565008,20.589283278925244,40,33.81836362587149,11
7908,8195,XD_8195_FL_PENSACOLA.HDSD,2026,6,2026-06-22,19.58007561076771,20.629511540427234,43,36.35474089781185,11
7909,8195,XD_8195_FL_PENSACOLA.HDSD,2026,6,2026-06-23,19.258712060523756,20.290923825026148,44,37.200199988458635,11
7910,8195,XD_8195_FL_PENSACOLA.HDSD,2026,6,2026-06-24,19.48492415746053,20.529260241958834,42,35.50928180716507,11
7911,8195,XD_8195_FL_PENSACOLA.HDSD,2026,6,2026-06-25,19.48492415746053,20.529260241958834,45,38.04565907910543,11
7912,8195,XD_8195_FL_PENSACOLA.HDSD,2026,6,2026-06-26,19.48492415746053,20.529260241958834,44,37.20019998845864,11
7913,8195,XD_8195_FL_PENSACOLA.HDSD,2026,6,2026-06-29,19.491227187532367,20.535901096375916,44,37.20019998845864,11
7914,8195,XD_8195_FL_PENSACOLA.HDSD,2026,6,2026-06-30,19.094878595525568,20.118309355905833,47,39.736577260399,11
7915,8195,XD_8195_FL_TALLAHASSEE.HDSD,2026,5,2026-05-01,19.6174206945049,18.524394496866694,51,103.95247359902795,13
7916,8195,XD_8195_FL_TALLAHASSEE.HDSD,2026,5,2026-05-04,19.996375839526838,18.88223535231463,48,97.83762221084984,13
7917,8195,XD_8195_FL_TALLAHASSEE.HDSD,2026,5,2026-05-05,19.68875440264505,18.591753696176855,50,101.91418980296858,12
7918,8195,XD_8195_FL_TALLAHASSEE.HDSD,2026,5,2026-05-06,19.831874395741355,18.726899455336085,43,87.64620323055298,12
7919,8195,XD_8195_FL_TALLAHASSEE.HDSD,2026,5,2026-05-07,20.10515963114225,18.98495802427697,49,99.8759060069092,13
7920,8195,XD_8195_FL_TALLAHASSEE.HDSD,2026,5,2026-05-08,19.40229788787199,18.321257713627013,49,99.8759060069092,13
7921,8195,XD_8195_FL_TALLAHASSEE.HDSD,2026,5,2026-05-11,20.03665687592475,18.920272045343626,48,97.83762221084984,13
7922,8195,XD_8195_FL_TALLAHASSEE.HDSD,2026,5,2026-05-12,20.052038062754132,18.93479623672916,49,99.8759060069092,12
7923,8195,XD_8195_FL_TALLAHASSEE.HDSD,2026,5,2026-05-13,19.594126361324673,18.502398056861058,47,95.79933841479047,12
7924,8195,XD_8195_FL_TALLAHASSEE.HDSD,2026,5,2026-05-14,19.598195347244488,18.506240330601045,47,95.79933841479047,13
7925,8195,XD_8195_FL_TALLAHASSEE.HDSD,2026,5,2026-05-15,19.678808900855838,18.58236232911175,46,93.7610546187311,12
7926,8195,XD_8195_FL_TALLAHASSEE.HDSD,2026,5,2026-05-18,19.69465322127709,18.597323849618892,46,93.7610546187311,13
7927,8195,XD_8195_FL_TALLAHASSEE.HDSD,2026,5,2026-05-19,19.36545265690311,18.286465392841087,48,97.83762221084983,13
7928,8195,XD_8195_FL_TALLAHASSEE.HDSD,2026,5,2026-05-20,19.52243488421516,18.434701022438393,48,97.83762221084984,12
7929,8195,XD_8195_FL_TALLAHASSEE.HDSD,2026,5,2026-05-21,19.808035070293553,18.704388388462853,49,99.8759060069092,13
7930,8195,XD_8195_FL_TALLAHASSEE.HDSD,2026,5,2026-05-22,19.475759435136677,18.390626194992276,48,97.83762221084984,13
7931,8195,XD_8195_FL_TALLAHASSEE.HDSD,2026,5,2026-05-26,19.74093528038416,18.64102720565014,44,89.68448702661235,13
7932,8195,XD_8195_FL_TALLAHASSEE.HDSD,2026,5,2026-05-27,20.100530502822373,18.980586817658658,48,97.83762221084984,13
7933,8195,XD_8195_FL_TALLAHASSEE.HDSD,2026,5,2026-05-28,19.201591225567025,18.131733848661018,50,101.91418980296858,13
7934,8195,XD_8195_FL_TALLAHASSEE.HDSD,2026,5,2026-05-29,19.999926102292406,18.885587804660993,48,97.83762221084984,13
7935,8195,XD_8195_FL_TALLAHASSEE.HDSD,2026,6,2026-06-01,19.475759435136677,18.44279208550223,50,94.43501456733563,13
7936,8195,XD_8195_FL_TALLAHASSEE.HDSD,2026,6,2026-06-02,19.814646793023137,18.763705326535046,51,96.32371485868234,13
7937,8195,XD_8195_FL_TALLAHASSEE.HDSD,2026,6,2026-06-03,19.40218681494395,18.373121655349347,45,84.99151311060206,12
7938,8195,XD_8195_FL_TALLAHASSEE.HDSD,2026,6,2026-06-04,19.290635759751876,18.267487113873436,51,96.32371485868234,13
7939,8195,XD_8195_FL_TALLAHASSEE.HDSD,2026,6,2026-06-05,19.31637751994989,18.291863566705892,47,88.76891369329549,13
7940,8195,XD_8195_FL_TALLAHASSEE.HDSD,2026,6,2026-06-08,19.573659581404463,18.535499743386918,44,83.10281281925535,13
7941,8195,XD_8195_FL_TALLAHASSEE.HDSD,2026,6,2026-06-09,19.745010011624064,18.69776198372863,52,98.21241515002905,13
7942,8195,XD_8195_FL_TALLAHASSEE.HDSD,2026,6,2026-06-10,20.001971689481582,18.941094769515562,46,86.88021340194877,12
7943,8195,XD_8195_FL_TALLAHASSEE.HDSD,2026,6,2026-06-11,19.565309896573915,18.527592914293955,51,96.32371485868234,13
7944,8195,XD_8195_FL_TALLAHASSEE.HDSD,2026,6,2026-06-12,19.467529697907278,18.434998842155515,47,88.76891369329549,13
7945,8195,XD_8195_FL_TALLAHASSEE.HDSD,2026,6,2026-06-15,19.19797841096536,18.17974418274128,48,90.6576139846422,13
7946,8195,XD_8195_FL_TALLAHASSEE.HDSD,2026,6,2026-06-16,24.74089526335398,23.42867238994639,48,92.5463142759889,12
7947,8195,XD_8195_FL_TALLAHASSEE.HDSD,2026,6,2026-06-17,19.115243661403657,18.101397569891887,47,88.76891369329549,12
7948,8195,XD_8195_FL_TALLAHASSEE.HDSD,2026,6,2026-06-18,18.964071042721088,17.95824293786488,48,90.6576139846422,13
7949,8195,XD_8195_FL_TALLAHASSEE.HDSD,2026,6,2026-06-19,19.483204786594097,18.449842545813677,42,79.32541223656192,13
7950,8195,XD_8195_FL_TALLAHASSEE.HDSD,2026,6,2026-06-22,19.480067413281173,18.446871574442955,45,84.99151311060206,13
7951,8195,XD_8195_FL_TALLAHASSEE.HDSD,2026,6,2026-06-23,19.696463944798424,18.651790733158602,47,88.76891369329549,12
7952,8195,XD_8195_FL_TALLAHASSEE.HDSD,2026,6,2026-06-24,19.03567224570683,18.02604651205339,47,88.76891369329549,12
7953,8195,XD_8195_FL_TALLAHASSEE.HDSD,2026,6,2026-06-25,18.749794478294177,17.755331306116567,51,96.32371485868234,13
7954,8195,XD_8195_FL_TALLAHASSEE.HDSD,2026,6,2026-06-26,19.62096302570441,18.580294278411728,46,86.88021340194877,13
7955,8195,XD_8195_FL_TALLAHASSEE.HDSD,2026,6,2026-06-29,19.178283503116706,18.16109386557108,46,86.88021340194877,13
7956,8195,XD_8195_FL_TALLAHASSEE.HDSD,2026,6,2026-06-30,19.28283211687109,18.26009736542028,50,94.43501456733563,13
7957,8195,XD_8195_FL_TAMPA.YZER,2026,5,2026-05-01,28.55290706928055,17.306121022050448,294,310.03842822757645,24
7958,8195,XD_8195_FL_TAMPA.YZER,2026,5,2026-05-04,38.66065581796932,23.43249977153637,270,282.9880955634255,24
7959,8195,XD_8195_FL_TAMPA.YZER,2026,5,2026-05-05,37.12330602873144,22.50070107793159,289,305.8768385869378,24
7960,8195,XD_8195_FL_TAMPA.YZER,2026,5,2026-05-06,36.68853718701622,22.237184575983687,294,311.0788256377361,24
7961,8195,XD_8195_FL_TAMPA.YZER,2026,5,2026-05-07,37.54168000998258,22.75428053778978,290,306.91723599709746,24
7962,8195,XD_8195_FL_TAMPA.YZER,2026,5,2026-05-08,37.80682021620691,22.914983911551193,283,299.6344541259799,24
7963,8195,XD_8195_FL_TAMPA.YZER,2026,5,2026-05-11,38.423457082799366,23.288731923058872,274,288.19008261422374,24
7964,8195,XD_8195_FL_TAMPA.YZER,2026,5,2026-05-12,37.167185448953354,22.527296708103155,289,303.79604376661854,24
7965,8195,XD_8195_FL_TAMPA.YZER,2026,5,2026-05-13,35.88051403653947,21.747435970111823,296,313.1596204580554,24
7966,8195,XD_8195_FL_TAMPA.YZER,2026,5,2026-05-14,37.409522975311994,22.674179214643413,287,303.79604376661854,24
7967,8195,XD_8195_FL_TAMPA.YZER,2026,5,2026-05-15,37.48336195318583,22.71893354680751,281,297.55365930566063,24
7968,8195,XD_8195_FL_TAMPA.YZER,2026,5,2026-05-18,38.46976855204972,23.316801635526705,280,293.392069665022,24
7969,8195,XD_8195_FL_TAMPA.YZER,2026,5,2026-05-19,37.17316863620024,22.53092316065109,296,314.20001786821507,24
7970,8195,XD_8195_FL_TAMPA.YZER,2026,5,2026-05-20,37.401602608053196,22.669378623446615,284,300.67485153613956,24
7971,8195,XD_8195_FL_TAMPA.YZER,2026,5,2026-05-21,38.252735824447775,23.18525654834832,283,298.5940567158203,24
7972,8195,XD_8195_FL_TAMPA.YZER,2026,5,2026-05-22,38.12236690661086,23.106239015593243,284,299.6344541259799,24
7973,8195,XD_8195_FL_TAMPA.YZER,2026,5,2026-05-26,41.092457984991604,24.906432443332534,274,289.2304800243834,24
7974,8195,XD_8195_FL_TAMPA.YZER,2026,5,2026-05-27,38.48842709562063,23.328110712124403,296,314.20001786821507,24
7975,8195,XD_8195_FL_TAMPA.YZER,2026,5,2026-05-28,39.3776885103591,23.86709841051751,292,310.03842822757645,24
7976,8195,XD_8195_FL_TAMPA.YZER,2026,5,2026-05-29,39.421726566937004,23.893790191318107,290,304.8364411767782,24
7977,8195,XD_8195_FL_TAMPA.YZER,2026,6,2026-06-01,38.02149074741221,24.114853545584285,281,260.41524653924415,24
7978,8195,XD_8195_FL_TAMPA.YZER,2026,6,2026-06-02,36.63395875996208,23.2348214897804,296,275.035049853728,24
7979,8195,XD_8195_FL_TAMPA.YZER,2026,6,2026-06-03,36.72261860033074,23.291053347706978,290,267.7251481964861,24
7980,8195,XD_8195_FL_TAMPA.YZER,2026,6,2026-06-04,37.59429242877764,23.843906123842444,284,264.9839350750203,24
7981,8195,XD_8195_FL_TAMPA.YZER,2026,6,2026-06-05,37.16791307000365,23.573478121426607,287,266.81141048933085,24
7982,8195,XD_8195_FL_TAMPA.YZER,2026,6,2026-06-08,38.27053492862796,24.27280800340118,275,253.1053448820022,24
7983,8195,XD_8195_FL_TAMPA.YZER,2026,6,2026-06-09,37.61365131083439,23.85618435377052,288,266.81141048933085,24
7984,8195,XD_8195_FL_TAMPA.YZER,2026,6,2026-06-10,52.232336346288406,33.12797885022885,283,264.0701973678651,24
7985,8195,XD_8195_FL_TAMPA.YZER,2026,6,2026-06-11,36.81372908871722,23.348839511287533,284,262.2427219535546,24
7986,8195,XD_8195_FL_TAMPA.YZER,2026,6,2026-06-12,36.732520269645136,23.29733340934264,291,270.4663613179518,24
7987,8195,XD_8195_FL_TAMPA.YZER,2026,6,2026-06-15,29.548325465745624,18.740810186991723,277,255.84655800346792,24
7988,8195,XD_8195_FL_TAMPA.YZER,2026,6,2026-06-22,38.021606372881536,24.11492688019595,273,253.1053448820022,24
7989,8195,XD_8195_FL_TAMPA.YZER,2026,6,2026-06-23,36.224883472837654,22.975368468759793,293,271.38009902510703,24
7990,8195,XD_8195_FL_TAMPA.YZER,2026,6,2026-06-24,35.47518139685593,22.499875388143266,291,269.55262361079656,24
7991,8195,XD_8195_FL_TAMPA.YZER,2026,6,2026-06-25,36.38230688961067,23.07521312412447,290,269.55262361079656,24
7992,8195,XD_8195_FL_TAMPA.YZER,2026,6,2026-06-26,36.83322416267908,23.36120411993936,282,262.2427219535546,24
7993,8195,XD_8195_FL_TAMPA.YZER,2026,6,2026-06-29,38.886226734446055,24.66330604634102,266,245.79544322476025,24
7994,8195,XD_8195_FL_TAMPA.YZER,2026,6,2026-06-30,36.768787629864725,23.320335718378615,292,271.38009902510703,24
7995,8195,XD_8195_FL_WESTPALMBEACH.YZER,2026,5,2026-05-01,35.79786641623642,34.5605999976088,124,88.31617347431501,11
7996,8195,XD_8195_FL_WESTPALMBEACH.YZER,2026,5,2026-05-04,44.6495857618789,43.10638113547831,124,88.31617347431501,11
7997,8195,XD_8195_FL_WESTPALMBEACH.YZER,2026,5,2026-05-05,43.64339638399485,42.13496825275071,131,93.30176391238118,11
7998,8195,XD_8195_FL_WESTPALMBEACH.YZER,2026,5,2026-05-06,44.43450544288825,42.89873454599826,129,91.87730950150512,11
7999,8195,XD_8195_FL_WESTPALMBEACH.YZER,2026,5,2026-05-07,44.6901801382619,43.14557246571046,127,90.45285509062907,11
8000,8195,XD_8195_FL_WESTPALMBEACH.YZER,2026,5,2026-05-08,56.839561408269375,54.875039842590894,110,78.34499259818266,11
8001,8195,XD_8195_FL_WESTPALMBEACH.YZER,2026,5,2026-05-11,44.06356084152659,42.54061074499099,127,90.45285509062907,11
8002,8195,XD_8195_FL_WESTPALMBEACH.YZER,2026,5,2026-05-12,44.30419000411543,42.7729231442635,125,89.02840067975302,11
8003,8195,XD_8195_FL_WESTPALMBEACH.YZER,2026,5,2026-05-13,43.957833002550316,42.43853713230738,129,91.87730950150512,11
8004,8195,XD_8195_FL_WESTPALMBEACH.YZER,2026,5,2026-05-14,44.17873803644556,42.65180711955023,126,89.74062788519105,11
8005,8195,XD_8195_FL_WESTPALMBEACH.YZER,2026,5,2026-05-15,44.24906157079982,42.71970009152169,125,89.02840067975302,11
8006,8195,XD_8195_FL_WESTPALMBEACH.YZER,2026,5,2026-05-18,45.643960150187496,44.066387385085775,126,89.74062788519105,11
8007,8195,XD_8195_FL_WESTPALMBEACH.YZER,2026,5,2026-05-19,46.03091188724679,44.43996507397341,124,88.31617347431501,11
8008,8195,XD_8195_FL_WESTPALMBEACH.YZER,2026,5,2026-05-20,41.313178922082905,39.88528910505561,131,93.30176391238118,11
8009,8195,XD_8195_FL_WESTPALMBEACH.YZER,2026,5,2026-05-21,64.75166494799588,62.51368071567176,124,88.31617347431501,11
8010,8195,XD_8195_FL_WESTPALMBEACH.YZER,2026,5,2026-05-22,44.93287102766636,43.37987533321229,127,90.45285509062907,11
8011,8195,XD_8195_FL_WESTPALMBEACH.YZER,2026,5,2026-05-26,47.37981396645674,45.74224562481579,125,89.02840067975302,11
8012,8195,XD_8195_FL_WESTPALMBEACH.YZER,2026,5,2026-05-27,43.315557231216914,41.818460065056755,132,94.0139911178192,11
8013,8195,XD_8195_FL_WESTPALMBEACH.YZER,2026,5,2026-05-28,47.517490517362624,45.875163719698406,128,91.1650822960671,11
8014,8195,XD_8195_FL_WESTPALMBEACH.YZER,2026,5,2026-05-29,43.7430331039963,42.231161271211775,127,90.45285509062907,10
8015,8195,XD_8195_FL_WESTPALMBEACH.YZER,2026,6,2026-06-01,45.715335665184135,44.38232225270543,124,85.98426398458902,11
8016,8195,XD_8195_FL_WESTPALMBEACH.YZER,2026,6,2026-06-02,45.28648106087205,43.96597261923591,127,88.06452843582908,11
8017,8195,XD_8195_FL_WESTPALMBEACH.YZER,2026,6,2026-06-03,40.86386054428062,39.67231128846557,134,92.91847882205587,11
8018,8195,XD_8195_FL_WESTPALMBEACH.YZER,2026,6,2026-06-04,45.63875323353876,44.3079728880836,126,87.3711069520824,11
8019,8195,XD_8195_FL_WESTPALMBEACH.YZER,2026,6,2026-06-05,44.674707029947506,43.37203730647372,128,88.75794991957576,11
8020,8195,XD_8195_FL_WESTPALMBEACH.YZER,2026,6,2026-06-08,44.9225663856869,43.61266933158541,124,85.98426398458902,11
8021,8195,XD_8195_FL_WESTPALMBEACH.YZER,2026,6,2026-06-09,43.785539202553,42.50879672258766,133,92.2250573383092,11
8022,8195,XD_8195_FL_WESTPALMBEACH.YZER,2026,6,2026-06-10,41.00524382990386,39.80957197904945,128,88.75794991957576,11
8023,8195,XD_8195_FL_WESTPALMBEACH.YZER,2026,6,2026-06-11,45.21872796352625,43.90019513436642,124,85.98426398458902,11
8024,8195,XD_8195_FL_WESTPALMBEACH.YZER,2026,6,2026-06-12,44.83715180480828,43.52974535435818,126,87.3711069520824,11
8025,8195,XD_8195_FL_WESTPALMBEACH.YZER,2026,6,2026-06-15,39.273547183636566,38.12836987301095,120,83.90399953334897,11
8026,8195,XD_8195_FL_WESTPALMBEACH.YZER,2026,6,2026-06-22,45.200686318963875,43.882679566094104,120,83.21057804960228,11
8027,8195,XD_8195_FL_WESTPALMBEACH.YZER,2026,6,2026-06-23,43.63371420362672,42.36139878860519,130,90.14479288706913,11
8028,8195,XD_8195_FL_WESTPALMBEACH.YZER,2026,6,2026-06-24,41.33727433059931,40.131920802812225,128,88.75794991957576,11
8029,8195,XD_8195_FL_WESTPALMBEACH.YZER,2026,6,2026-06-25,44.37544220168321,43.08149874094282,125,86.67768546833571,11
8030,8195,XD_8195_FL_WESTPALMBEACH.YZER,2026,6,2026-06-26,44.757029397316415,43.4519592360409,121,83.90399953334897,11
8031,8195,XD_8195_FL_WESTPALMBEACH.YZER,2026,6,2026-06-29,43.99725957915441,42.71434354500647,127,88.06452843582908,11
8032,8195,XD_8195_FL_WESTPALMBEACH.YZER,2026,6,2026-06-30,44.3341975598513,43.041456751567786,126,87.37110695208239,11
