,JOB_ID,ROUTE_ID,CNSLDTN_ID,FILL_DC_CD,DC_CD,ASN_TYPE_CD,ASN_TYPE_DESC,DELIVERY_TYPE,CARRIER_SCAC_NAME,CARRIER_SCAC_CD,DLVRY_ACTL_DATETIME,DELIVERY_SEQ,TOTAL_RATE,TOPSIDE_COST,LASTMILE_TOTAL_COST,LASTMILE_BASE_COST,LASTMILE_FUEL_COST,LASTMILE_MISC_COST,STOP_COUNT_VAL_ROUTE_LVL,TOTE_COUNT_VAL_ROUTE_LVL,STOP_COUNT_VAL,TOTE_COUNT_VAL,ROUTE_COUNT_VAL,DISTANCE_VAL
0,8162-G04-017-286184-260504,8162_G04,C_286184,8162,XD_8162_OH_CLEVELAND.YZER,FM,Customer,REG,Yzer LLC,YZER,2026-05-04 23:59:59,017,0.0,0.0,0.0,0.0,0.0,0.0,,,1.0,,1.0,0.0
1,8162-H01-015-444602-260505,8162_H01,C_444763,8162,XD_8162_OH_CLEVELAND.YZER,FM,Customer,REG,Yzer LLC,YZER,2026-05-05 23:59:59,015,0.0,0.0,0.0,0.0,0.0,0.0,,,1.0,,1.0,0.0
2,8162-H02-025-134412-260504,8162_H02,C_134412,8162,XD_8162_OH_CLEVELAND.YZER,FM,Customer,REG,Yzer LLC,YZER,2026-05-04 23:59:59,025,0.0,0.0,0.0,0.0,0.0,0.0,,,1.0,,1.0,1.0
3,8162-G06-020-230842-260504,8162_G06,C_133946,8162,XD_8162_OH_CLEVELAND.YZER,FM,Customer,REG,Yzer LLC,YZER,2026-05-04 23:59:59,020,0.0,0.0,0.0,0.0,0.0,0.0,,,1.0,,1.0,0.0
4,8162-G05-045-237260-260504,8162_G05,C_245718,8162,XD_8162_OH_CLEVELAND.YZER,FM,Customer,REG,Yzer LLC,YZER,2026-05-04 23:59:59,045,0.0,0.0,0.0,0.0,0.0,0.0,,,1.0,,1.0,1.0
5,8162-H03-020-415745-260504,8162_H03,C_415745,8162,XD_8162_OH_CLEVELAND.YZER,FM,Customer,REG,Yzer LLC,YZER,2026-05-04 23:59:59,020,0.0,0.0,0.0,0.0,0.0,0.0,,,1.0,,1.0,1.0
6,Z-3562924,8162_G04,,8162,XD_8162_OH_CLEVELAND.YZER,RC,Route Chrg,REG,Yzer LLC,YZER,2026-05-04 23:59:59,000,268.23,0.0,268.23,248.0,11.55,8.68,,,,,1.0,1.0
7,8162-H02-020-134501-260504,8162_H02,C_134501,8162,XD_8162_OH_CLEVELAND.YZER,FM,Customer,REG,Yzer LLC,YZER,2026-05-04 23:59:59,020,0.0,0.0,0.0,0.0,0.0,0.0,,,1.0,,1.0,1.0
8,8162-H06-010-151574-260505,8162_H06,C_151568,8162,XD_8162_OH_CLEVELAND.YZER,FM,Customer,REG,Yzer LLC,YZER,2026-05-05 23:59:59,010,0.0,0.0,0.0,0.0,0.0,0.0,,,1.0,,1.0,0.0
9,Z-3592619,8162_HX5,,8162,XD_8162_OH_CLEVELAND.YZER,RC,Route Chrg,REG,Yzer LLC,YZER,2026-05-13 23:59:59,000,,0.0,,,0.0,,1.0,6.0,1.0,6.0,1.0,1.0
10,Z-3603773,8163_G09,,8162,XD_8162_OH_CLEVELAND.YZER,RC,Route Chrg,REG,Yzer LLC,YZER,2026-05-18 23:59:59,000,,0.0,,,0.0,,9.0,38.0,9.0,38.0,1.0,1.0
11,Z-3608675,8163_G05,,8162,XD_8162_OH_CLEVELAND.YZER,RC,Route Chrg,REG,Yzer LLC,YZER,2026-05-19 23:59:59,000,,0.0,,,0.0,,8.0,19.0,8.0,19.0,1.0,1.0
12,Z-3608141,8162_HX5,,8162,XD_8162_OH_CLEVELAND.YZER,RC,Route Chrg,REG,Yzer LLC,YZER,2026-05-19 23:59:59,000,,0.0,,,0.0,,1.0,3.0,1.0,3.0,1.0,1.0
13,Z-3613083,8163_G07,,8162,XD_8162_OH_CLEVELAND.YZER,RC,Route Chrg,REG,Yzer LLC,YZER,2026-05-20 23:59:59,000,,0.0,,,0.0,,6.0,14.0,6.0,14.0,1.0,1.0
14,Z-3624646,8163_G09,,8162,XD_8162_OH_CLEVELAND.YZER,RC,Route Chrg,REG,Yzer LLC,YZER,2026-05-26 23:59:59,000,0.0,0.0,0.0,0.0,0.0,0.0,,,,,1.0,1.0
15,Z-3627729,8163_G02,,8162,XD_8162_OH_CLEVELAND.YZER,RC,Route Chrg,REG,Yzer LLC,YZER,2026-05-27 23:59:59,000,0.0,0.0,0.0,0.0,0.0,0.0,,,,,1.0,1.0
16,8162-G09-028-093545-260505,8162_G09,C_093545,8162,XD_8162_OH_CLEVELAND.YZER,FM,Customer,REG,Yzer LLC,YZER,2026-05-05 23:59:59,028,0.0,0.0,0.0,0.0,0.0,0.0,,,1.0,,1.0,0.0
17,Z-3631977,8162_HX2,,8162,XD_8162_OH_CLEVELAND.YZER,RC,Route Chrg,REG,Yzer LLC,YZER,2026-05-28 23:59:59,000,0.0,0.0,0.0,0.0,0.0,0.0,,,,,1.0,1.0
18,Z-3636786,8163_H06,,8162,XD_8162_OH_CLEVELAND.YZER,RC,Route Chrg,REG,Yzer LLC,YZER,2026-05-29 23:59:59,000,0.0,0.0,0.0,0.0,0.0,0.0,,,,,1.0,1.0
19,Z-3636793,8163_G04,,8162,XD_8162_OH_CLEVELAND.YZER,RC,Route Chrg,REG,Yzer LLC,YZER,2026-05-29 23:59:59,000,0.0,0.0,0.0,0.0,0.0,0.0,,,,,1.0,1.0
20,8162-G09-001-289513-260527,8162_G09,C_289513,8162,XD_8162_OH_CLEVELAND.YZER,FM,Customer,REG,Yzer LLC,YZER,2026-05-27 23:59:59,001,0.0,0.0,0.0,0.0,0.0,0.0,,,1.0,,1.0,1.0
21,8162-H01-010-446212-260528,8162_H01,C_446212,8162,XD_8162_OH_CLEVELAND.YZER,FM,Customer,REG,Yzer LLC,YZER,2026-05-28 23:59:59,010,0.0,0.0,0.0,0.0,0.0,0.0,,,1.0,,1.0,1.0
22,8162-G05-006-905419-260529,8162_G05,C_061312,8162,XD_8162_OH_CLEVELAND.YZER,FM,Customer,REG,Yzer LLC,YZER,2026-05-29 23:59:59,006,0.0,0.0,0.0,0.0,0.0,0.0,,,1.0,,1.0,0.0
23,8162-H05-055-925913-260528,8162_H05,C_925913,8162,XD_8162_OH_CLEVELAND.YZER,FM,Customer,REG,Yzer LLC,YZER,2026-05-28 23:59:59,055,0.0,0.0,0.0,0.0,0.0,0.0,,,1.0,,1.0,1.0
24,8162-G01-015-273236-260527,8162_G01,C_273236,8162,XD_8162_OH_CLEVELAND.YZER,FM,Customer,REG,Yzer LLC,YZER,2026-05-27 23:59:59,015,0.0,0.0,0.0,0.0,0.0,0.0,,,1.0,,1.0,1.0
25,8162-G05-035-414946-260528,8162_G05,C_414946,8162,XD_8162_OH_CLEVELAND.YZER,FM,Customer,REG,Yzer LLC,YZER,2026-05-28 23:59:59,035,0.0,0.0,0.0,0.0,0.0,0.0,,,1.0,,1.0,1.0
26,8162-G03-030-724609-260526,8162_G03,C_724609,8162,XD_8162_OH_CLEVELAND.YZER,FM,Customer,REG,Yzer LLC,YZER,2026-05-26 23:59:59,030,0.0,0.0,0.0,0.0,0.0,0.0,,,1.0,,1.0,1.0
27,8162-G06-015-719738-260529,8162_G06,C_065363,8162,XD_8162_OH_CLEVELAND.YZER,FM,Customer,REG,Yzer LLC,YZER,2026-05-29 23:59:59,015,0.0,0.0,0.0,0.0,0.0,0.0,,,1.0,,1.0,0.0
28,8162-G09-028-093545-260527,8162_G09,C_093545,8162,XD_8162_OH_CLEVELAND.YZER,FM,Customer,REG,Yzer LLC,YZER,2026-05-27 23:59:59,028,0.0,0.0,0.0,0.0,0.0,0.0,,,1.0,,1.0,1.0
29,8162-G09-002-289527-260527,8162_G09,C_289527,8162,XD_8162_OH_CLEVELAND.YZER,FM,Customer,REG,Yzer LLC,YZER,2026-05-27 23:59:59,002,0.0,0.0,0.0,0.0,0.0,0.0,,,1.0,,1.0,0.0
30,8162-H06-020-431045-260529,8162_H06,C_717269,8162,XD_8162_OH_CLEVELAND.YZER,FM,Customer,REG,Yzer LLC,YZER,2026-05-29 23:59:59,020,0.0,0.0,0.0,0.0,0.0,0.0,,,1.0,,1.0,0.0
31,8162-H04-005-433761-260528,8162_H04,C_435532,8162,XD_8162_OH_CLEVELAND.YZER,FM,Customer,REG,Yzer LLC,YZER,2026-05-28 23:59:59,005,0.0,0.0,0.0,0.0,0.0,0.0,,,1.0,,1.0,1.0
32,8162-G02-030-289502-260527,8162_G02,C_289502,8162,XD_8162_OH_CLEVELAND.YZER,FM,Customer,REG,Yzer LLC,YZER,2026-05-27 23:59:59,030,0.0,0.0,0.0,0.0,0.0,0.0,,,1.0,,1.0,1.0
33,8162-H01-015-444602-260528,8162_H01,C_444763,8162,XD_8162_OH_CLEVELAND.YZER,FM,Customer,REG,Yzer LLC,YZER,2026-05-28 23:59:59,015,0.0,0.0,0.0,0.0,0.0,0.0,,,1.0,,1.0,0.0
34,8162-H01-040-093505-260529,8162_H01,C_093505,8162,XD_8162_OH_CLEVELAND.YZER,FM,Customer,REG,Yzer LLC,YZER,2026-05-29 23:59:59,040,0.0,0.0,0.0,0.0,0.0,0.0,,,1.0,,1.0,0.0
35,8162-H06-010-151572-260529,8162_H06,C_151568,8162,XD_8162_OH_CLEVELAND.YZER,FM,Customer,REG,Yzer LLC,YZER,2026-05-29 23:59:59,010,0.0,0.0,0.0,0.0,0.0,0.0,,,1.0,,1.0,0.0
36,8162-H01-045-924410-260528,8162_H01,C_924410,8162,XD_8162_OH_CLEVELAND.YZER,FM,Customer,REG,Yzer LLC,YZER,2026-05-28 23:59:59,045,0.0,0.0,0.0,0.0,0.0,0.0,,,1.0,,1.0,1.0
37,8162-G02-065-406255-260529,8162_G02,C_406255,8162,XD_8162_OH_CLEVELAND.YZER,FM,Customer,REG,Yzer LLC,YZER,2026-05-29 23:59:59,065,0.0,0.0,0.0,0.0,0.0,0.0,,,1.0,,1.0,1.0
38,8163-G07-005-386053-260526,8163_G07,C_599132,8162,XD_8162_OH_CLEVELAND.YZER,FM,Customer,REG,Yzer LLC,YZER,2026-05-26 23:59:59,005,0.0,0.0,0.0,0.0,0.0,0.0,,,1.0,,1.0,0.0
39,8162-G03-030-724609-260527,8162_G03,C_724609,8162,XD_8162_OH_CLEVELAND.YZER,FM,Customer,REG,Yzer LLC,YZER,2026-05-27 23:59:59,030,0.0,0.0,0.0,0.0,0.0,0.0,,,1.0,,1.0,1.0
40,8162-G01-025-371496-260528,8162_G01,C_371496,8162,XD_8162_OH_CLEVELAND.YZER,FM,Customer,REG,Yzer LLC,YZER,2026-05-28 23:59:59,025,0.0,0.0,0.0,0.0,0.0,0.0,,,1.0,,1.0,1.0
41,8162-G02-010-433278-260527,8162_G02,C_433278,8162,XD_8162_OH_CLEVELAND.YZER,FM,Customer,REG,Yzer LLC,YZER,2026-05-27 23:59:59,010,0.0,0.0,0.0,0.0,0.0,0.0,,,1.0,,1.0,1.0
42,8162-G07-005-386053-260528,8162_G07,C_599132,8162,XD_8162_OH_CLEVELAND.YZER,FM,Customer,REG,Yzer LLC,YZER,2026-05-28 23:59:59,005,0.0,0.0,0.0,0.0,0.0,0.0,,,1.0,,1.0,0.0
43,8162-H01-015-444763-260506,8162_H01,C_444763,8162,XD_8162_OH_CLEVELAND.YZER,FM,Customer,REG,Yzer LLC,YZER,2026-05-06 23:59:59,015,0.0,0.0,0.0,0.0,0.0,0.0,,,1.0,,1.0,1.0
44,8162-G03-037-426990-260511,8162_G03,C_521590,8162,XD_8162_OH_CLEVELAND.YZER,FM,Customer,REG,Yzer LLC,YZER,2026-05-11 23:59:59,037,0.0,0.0,0.0,0.0,0.0,0.0,,,1.0,,1.0,1.0
45,8162-H01-035-865326-260513,8162_H01,C_865326,8162,XD_8162_OH_CLEVELAND.YZER,FM,Customer,REG,Yzer LLC,YZER,2026-05-13 23:59:59,035,0.0,0.0,0.0,0.0,0.0,0.0,,,1.0,,1.0,1.0
46,8162-G05-035-414946-260514,8162_G05,C_414946,8162,XD_8162_OH_CLEVELAND.YZER,FM,Customer,REG,Yzer LLC,YZER,2026-05-14 23:59:59,035,0.0,0.0,0.0,0.0,0.0,0.0,,,1.0,,1.0,1.0
47,8162-G06-025-289522-260506,8162_G06,C_289522,8162,XD_8162_OH_CLEVELAND.YZER,FM,Customer,REG,Yzer LLC,YZER,2026-05-06 23:59:59,025,0.0,0.0,0.0,0.0,0.0,0.0,,,1.0,,1.0,0.0
48,Z-3580248,8162_H02,,8162,XD_8162_OH_CLEVELAND.YZER,RC,Route Chrg,REG,Yzer LLC,YZER,2026-05-08 23:59:59,000,333.92,0.0,333.92,283.0,41.01,9.91,,,,,1.0,1.0
49,8162-G01-040-099634-260511,8162_G01,C_099634,8162,XD_8162_OH_CLEVELAND.YZER,FM,Customer,REG,Yzer LLC,YZER,2026-05-11 23:59:59,040,0.0,0.0,0.0,0.0,0.0,0.0,,,1.0,,1.0,1.0
50,8162-H06-015-631172-260514,8162_H06,C_433600,8162,XD_8162_OH_CLEVELAND.YZER,FM,Customer,REG,Yzer LLC,YZER,2026-05-14 23:59:59,015,0.0,0.0,0.0,0.0,0.0,0.0,,,1.0,,1.0,0.0
51,8162-G03-040-386380-260511,8162_G03,C_386380,8162,XD_8162_OH_CLEVELAND.YZER,FM,Customer,REG,Yzer LLC,YZER,2026-05-11 23:59:59,040,0.0,0.0,0.0,0.0,0.0,0.0,,,1.0,,1.0,1.0
52,8162-G01-005-209001-260512,8162_G01,C_436015,8162,XD_8162_OH_CLEVELAND.YZER,FM,Customer,REG,Yzer LLC,YZER,2026-05-12 23:59:59,005,0.0,0.0,0.0,0.0,0.0,0.0,,,1.0,,1.0,0.0
53,8162-G06-040-807750-260512,8162_G06,C_807750,8162,XD_8162_OH_CLEVELAND.YZER,FM,Customer,REG,Yzer LLC,YZER,2026-05-12 23:59:59,040,0.0,0.0,0.0,0.0,0.0,0.0,,,1.0,,1.0,1.0
54,8162-H01-020-446373-260518,8162_H01,C_446373,8162,XD_8162_OH_CLEVELAND.YZER,FM,Customer,REG,Yzer LLC,YZER,2026-05-18 23:59:59,020,0.0,0.0,0.0,0.0,0.0,0.0,,,1.0,,1.0,1.0
55,8162-G03-040-386380-260518,8162_G03,C_386380,8162,XD_8162_OH_CLEVELAND.YZER,FM,Customer,REG,Yzer LLC,YZER,2026-05-18 23:59:59,040,0.0,0.0,0.0,0.0,0.0,0.0,,,1.0,,1.0,1.0
56,8163-H06-020-431206-260518,8163_H06,C_717269,8162,XD_8162_OH_CLEVELAND.YZER,FM,Customer,REG,Yzer LLC,YZER,2026-05-18 23:59:59,020,0.0,0.0,0.0,0.0,0.0,0.0,,,1.0,,1.0,0.0
57,8163-H06-015-631172-260518,8163_H06,C_433600,8162,XD_8162_OH_CLEVELAND.YZER,FM,Customer,REG,Yzer LLC,YZER,2026-05-18 23:59:59,015,0.0,0.0,0.0,0.0,0.0,0.0,,,1.0,,1.0,0.0
58,8162-H06-015-173361-260518,8162_H06,C_433600,8162,XD_8162_OH_CLEVELAND.YZER,FM,Customer,REG,Yzer LLC,YZER,2026-05-18 23:59:59,015,0.0,0.0,0.0,0.0,0.0,0.0,,,1.0,,1.0,0.0
59,8163-G04-005-679719-260515,8163_G04,C_712383,8162,XD_8162_OH_CLEVELAND.YZER,FM,Customer,REG,Yzer LLC,YZER,2026-05-15 23:59:59,005,0.0,0.0,0.0,0.0,0.0,0.0,,,1.0,,1.0,0.0
60,8162-H02-015-134622-260518,8162_H02,C_134622,8162,XD_8162_OH_CLEVELAND.YZER,FM,Customer,REG,Yzer LLC,YZER,2026-05-18 23:59:59,015,0.0,0.0,0.0,0.0,0.0,0.0,,,1.0,,1.0,1.0
61,8162-G04-006-712383-260518,8162_G04,C_712383,8162,XD_8162_OH_CLEVELAND.YZER,FM,Customer,REG,Yzer LLC,YZER,2026-05-18 23:59:59,006,0.0,0.0,0.0,0.0,0.0,0.0,,,1.0,,1.0,0.0
62,8162-H06-020-431206-260518,8162_H06,C_717269,8162,XD_8162_OH_CLEVELAND.YZER,FM,Customer,REG,Yzer LLC,YZER,2026-05-18 23:59:59,020,0.0,0.0,0.0,0.0,0.0,0.0,,,1.0,,1.0,0.0
63,8162-G04-045-443911-260515,8162_G04,C_443911,8162,XD_8162_OH_CLEVELAND.YZER,FM,Customer,REG,Yzer LLC,YZER,2026-05-15 23:59:59,045,0.0,0.0,0.0,0.0,0.0,0.0,,,1.0,,1.0,1.0
64,8162-G06-015-151562-260515,8162_G06,C_065363,8162,XD_8162_OH_CLEVELAND.YZER,FM,Customer,REG,Yzer LLC,YZER,2026-05-15 23:59:59,015,0.0,0.0,0.0,0.0,0.0,0.0,,,1.0,,1.0,1.0
65,8162-H04-015-970222-260511,8162_H04,C_970222,8162,XD_8162_OH_CLEVELAND.YZER,FM,Customer,REG,Yzer LLC,YZER,2026-05-11 23:59:59,015,0.0,0.0,0.0,0.0,0.0,0.0,,,1.0,,1.0,1.0
66,8162-H06-020-717269-260506,8162_H06,C_717269,8162,XD_8162_OH_CLEVELAND.YZER,FM,Customer,REG,Yzer LLC,YZER,2026-05-06 23:59:59,020,0.0,0.0,0.0,0.0,0.0,0.0,,,1.0,,1.0,0.0
67,8162-G06-025-289532-260506,8162_G06,C_289522,8162,XD_8162_OH_CLEVELAND.YZER,FM,Customer,REG,Yzer LLC,YZER,2026-05-06 23:59:59,025,0.0,0.0,0.0,0.0,0.0,0.0,,,1.0,,1.0,0.0
68,8162-G07-005-589418-260506,8162_G07,C_599132,8162,XD_8162_OH_CLEVELAND.YZER,FM,Customer,REG,Yzer LLC,YZER,2026-05-06 23:59:59,005,0.0,0.0,0.0,0.0,0.0,0.0,,,1.0,,1.0,0.0
69,Z-3567591,8162_H03,,8162,XD_8162_OH_CLEVELAND.YZER,RC,Route Chrg,REG,Yzer LLC,YZER,2026-05-05 23:59:59,000,293.11,0.0,293.11,271.0,12.62,9.49,,,,,1.0,1.0
70,8162-H06-015-631172-260507,8162_H06,C_433600,8162,XD_8162_OH_CLEVELAND.YZER,FM,Customer,REG,Yzer LLC,YZER,2026-05-07 23:59:59,015,0.0,0.0,0.0,0.0,0.0,0.0,,,1.0,,1.0,0.0
71,8162-H06-040-892876-260512,8162_H06,C_946980,8162,XD_8162_OH_CLEVELAND.YZER,FM,Customer,REG,Yzer LLC,YZER,2026-05-12 23:59:59,040,0.0,0.0,0.0,0.0,0.0,0.0,,,1.0,,1.0,1.0
72,8162-H04-010-146265-260513,8162_H04,C_146265,8162,XD_8162_OH_CLEVELAND.YZER,FM,Customer,REG,Yzer LLC,YZER,2026-05-13 23:59:59,010,0.0,0.0,0.0,0.0,0.0,0.0,,,1.0,,1.0,1.0
73,Z-3570876,8162_H04,,8162,XD_8162_OH_CLEVELAND.YZER,RC,Route Chrg,REG,Yzer LLC,YZER,2026-05-06 23:59:59,000,271.33,0.0,271.33,245.0,17.75,8.58,,,,,1.0,1.0
74,8162-H02-055-195053-260512,8162_H02,C_195053,8162,XD_8162_OH_CLEVELAND.YZER,FM,Customer,REG,Yzer LLC,YZER,2026-05-12 23:59:59,055,0.0,0.0,0.0,0.0,0.0,0.0,,,1.0,,1.0,1.0
75,8163-G01-005-718289-260514,8163_G01,C_436015,8162,XD_8162_OH_CLEVELAND.YZER,FM,Customer,REG,Yzer LLC,YZER,2026-05-14 23:59:59,005,0.0,0.0,0.0,0.0,0.0,0.0,,,1.0,,1.0,0.0
76,8162-G01-030-217734-260507,8162_G01,C_217734,8162,XD_8162_OH_CLEVELAND.YZER,FM,Customer,REG,Yzer LLC,YZER,2026-05-07 23:59:59,030,0.0,0.0,0.0,0.0,0.0,0.0,,,1.0,,1.0,1.0
77,8162-H06-020-431045-260513,8162_H06,C_717269,8162,XD_8162_OH_CLEVELAND.YZER,FM,Customer,REG,Yzer LLC,YZER,2026-05-13 23:59:59,020,0.0,0.0,0.0,0.0,0.0,0.0,,,1.0,,1.0,0.0
78,8162-H05-055-925913-260506,8162_H05,C_925913,8162,XD_8162_OH_CLEVELAND.YZER,FM,Customer,REG,Yzer LLC,YZER,2026-05-06 23:59:59,055,0.0,0.0,0.0,0.0,0.0,0.0,,,1.0,,1.0,1.0
79,8162-H02-045-624058-260508,8162_H02,C_624058,8162,XD_8162_OH_CLEVELAND.YZER,FM,Customer,REG,Yzer LLC,YZER,2026-05-08 23:59:59,045,0.0,0.0,0.0,0.0,0.0,0.0,,,1.0,,1.0,1.0
80,8162-H05-045-122290-260506,8162_H05,C_122290,8162,XD_8162_OH_CLEVELAND.YZER,FM,Customer,REG,Yzer LLC,YZER,2026-05-06 23:59:59,045,0.0,0.0,0.0,0.0,0.0,0.0,,,1.0,,1.0,1.0
81,Z-3587671,8162_G01,,8162,XD_8162_OH_CLEVELAND.YZER,RC,Route Chrg,REG,Yzer LLC,YZER,2026-05-12 23:59:59,000,254.71,0.0,254.71,230.0,16.66,8.05,,,,,1.0,1.0
82,8162-G01-035-390526-260506,8162_G01,C_390526,8162,XD_8162_OH_CLEVELAND.YZER,FM,Customer,REG,Yzer LLC,YZER,2026-05-06 23:59:59,035,0.0,0.0,0.0,0.0,0.0,0.0,,,1.0,,1.0,1.0
83,8162-H06-010-151569-260512,8162_H06,C_151568,8162,XD_8162_OH_CLEVELAND.YZER,FM,Customer,REG,Yzer LLC,YZER,2026-05-12 23:59:59,010,0.0,0.0,0.0,0.0,0.0,0.0,,,1.0,,1.0,0.0
84,8162-G05-045-237260-260512,8162_G05,C_245718,8162,XD_8162_OH_CLEVELAND.YZER,FM,Customer,REG,Yzer LLC,YZER,2026-05-12 23:59:59,045,0.0,0.0,0.0,0.0,0.0,0.0,,,1.0,,1.0,0.0
85,Z-3570873,8162_H01,,8162,XD_8162_OH_CLEVELAND.YZER,RC,Route Chrg,REG,Yzer LLC,YZER,2026-05-06 23:59:59,000,252.5,0.0,252.5,228.0,16.52,7.98,,,,,1.0,1.0
86,8162-H01-020-446373-260519,8162_H01,C_446373,8162,XD_8162_OH_CLEVELAND.YZER,FM,Customer,REG,Yzer LLC,YZER,2026-05-19 23:59:59,020,0.0,0.0,0.0,0.0,0.0,0.0,,,1.0,,1.0,1.0
87,8162-G04-045-443911-260511,8162_G04,C_443911,8162,XD_8162_OH_CLEVELAND.YZER,FM,Customer,REG,Yzer LLC,YZER,2026-05-11 23:59:59,045,0.0,0.0,0.0,0.0,0.0,0.0,,,1.0,,1.0,1.0
88,8162-H02-005-407839-260519,8162_H02,C_407839,8162,XD_8162_OH_CLEVELAND.YZER,FM,Customer,REG,Yzer LLC,YZER,2026-05-19 23:59:59,005,0.0,0.0,0.0,0.0,0.0,0.0,,,1.0,,1.0,1.0
89,8162-G05-030-246296-260519,8162_G05,C_610134,8162,XD_8162_OH_CLEVELAND.YZER,FM,Customer,REG,Yzer LLC,YZER,2026-05-19 23:59:59,030,0.0,0.0,0.0,0.0,0.0,0.0,,,1.0,,1.0,0.0
90,8162-H06-015-173352-260519,8162_H06,C_433600,8162,XD_8162_OH_CLEVELAND.YZER,FM,Customer,REG,Yzer LLC,YZER,2026-05-19 23:59:59,015,0.0,0.0,0.0,0.0,0.0,0.0,,,1.0,,1.0,0.0
91,8162-H02-027-376609-260519,8162_H02,C_376609,8162,XD_8162_OH_CLEVELAND.YZER,FM,Customer,REG,Yzer LLC,YZER,2026-05-19 23:59:59,027,0.0,0.0,0.0,0.0,0.0,0.0,,,1.0,,1.0,1.0
92,Z-3603874,8163_GX0,,8162,XD_8162_OH_CLEVELAND.YZER,RC,Route Chrg,REG,Yzer LLC,YZER,2026-05-18 23:59:59,000,0.0,0.0,0.0,0.0,0.0,0.0,,,,,1.0,1.0
93,8162-G07-050-275462-260511,8162_G07,C_275462,8162,XD_8162_OH_CLEVELAND.YZER,FM,Customer,REG,Yzer LLC,YZER,2026-05-11 23:59:59,050,0.0,0.0,0.0,0.0,0.0,0.0,,,1.0,,1.0,1.0
94,8162-G02-020-198160-260520,8162_G02,C_598488,8162,XD_8162_OH_CLEVELAND.YZER,FM,Customer,REG,Yzer LLC,YZER,2026-05-20 23:59:59,020,0.0,0.0,0.0,0.0,0.0,0.0,,,1.0,,1.0,0.0
95,Z-3608138,8162_G07,,8162,XD_8162_OH_CLEVELAND.YZER,RC,Route Chrg,REG,Yzer LLC,YZER,2026-05-19 23:59:59,000,305.98,0.0,305.98,275.0,21.35,9.63,,,,,1.0,1.0
96,8162-G05-005-221190-260520,8162_G05,C_441221,8162,XD_8162_OH_CLEVELAND.YZER,FM,Customer,REG,Yzer LLC,YZER,2026-05-20 23:59:59,005,0.0,0.0,0.0,0.0,0.0,0.0,,,1.0,,1.0,0.0
97,8162-H01-010-446212-260520,8162_H01,C_446212,8162,XD_8162_OH_CLEVELAND.YZER,FM,Customer,REG,Yzer LLC,YZER,2026-05-20 23:59:59,010,0.0,0.0,0.0,0.0,0.0,0.0,,,1.0,,1.0,1.0
98,8162-G07-005-589418-260520,8162_G07,C_599132,8162,XD_8162_OH_CLEVELAND.YZER,FM,Customer,REG,Yzer LLC,YZER,2026-05-20 23:59:59,005,0.0,0.0,0.0,0.0,0.0,0.0,,,1.0,,1.0,0.0
99,Z-3608148,8162_G06,,8162,XD_8162_OH_CLEVELAND.YZER,RC,Route Chrg,REG,Yzer LLC,YZER,2026-05-19 23:59:59,000,383.86,0.0,383.86,345.0,26.78,12.08,,,,,1.0,1.0
100,8163-G03-037-426990-260520,8163_G03,C_521590,8162,XD_8162_OH_CLEVELAND.YZER,FM,Customer,REG,Yzer LLC,YZER,2026-05-20 23:59:59,037,0.0,0.0,0.0,0.0,0.0,0.0,,,1.0,,1.0,0.0
101,Z-3608169,8162_G04,,8162,XD_8162_OH_CLEVELAND.YZER,RC,Route Chrg,REG,Yzer LLC,YZER,2026-05-19 23:59:59,000,275.93,0.0,275.93,248.0,19.25,8.68,,,,,1.0,1.0
102,8162-G07-045-144654-260513,8162_G07,C_144654,8162,XD_8162_OH_CLEVELAND.YZER,FM,Customer,REG,Yzer LLC,YZER,2026-05-13 23:59:59,045,0.0,0.0,0.0,0.0,0.0,0.0,,,1.0,,1.0,1.0
103,8163-G09-028-093545-260511,8163_G09,C_093545,8162,XD_8162_OH_CLEVELAND.YZER,FM,Customer,REG,Yzer LLC,YZER,2026-05-11 23:59:59,028,0.0,0.0,0.0,0.0,0.0,0.0,,,1.0,,1.0,0.0
104,8162-G09-028-093545-260521,8162_G09,C_093545,8162,XD_8162_OH_CLEVELAND.YZER,FM,Customer,REG,Yzer LLC,YZER,2026-05-21 23:59:59,028,0.0,0.0,0.0,0.0,0.0,0.0,,,1.0,,1.0,1.0
105,Z-3580243,8162_GX0,,8162,XD_8162_OH_CLEVELAND.YZER,RC,Route Chrg,REG,Yzer LLC,YZER,2026-05-08 23:59:59,000,0.0,0.0,0.0,0.0,0.0,0.0,,,,,1.0,1.0
106,8162-G09-002-289527-260521,8162_G09,C_289527,8162,XD_8162_OH_CLEVELAND.YZER,FM,Customer,REG,Yzer LLC,YZER,2026-05-21 23:59:59,002,0.0,0.0,0.0,0.0,0.0,0.0,,,1.0,,1.0,1.0
107,Z-3613022,8162_GX0,,8162,XD_8162_OH_CLEVELAND.YZER,RC,Route Chrg,REG,Yzer LLC,YZER,2026-05-20 23:59:59,000,0.0,0.0,0.0,0.0,0.0,0.0,,,,,1.0,1.0
108,8162-H05-060-446021-260521,8162_H05,C_446021,8162,XD_8162_OH_CLEVELAND.YZER,FM,Customer,REG,Yzer LLC,YZER,2026-05-21 23:59:59,060,0.0,0.0,0.0,0.0,0.0,0.0,,,1.0,,1.0,1.0
109,8162-H05-005-265407-260521,8162_H05,C_224273,8162,XD_8162_OH_CLEVELAND.YZER,FM,Customer,REG,Yzer LLC,YZER,2026-05-21 23:59:59,005,0.0,0.0,0.0,0.0,0.0,0.0,,,1.0,,1.0,1.0
110,8162-G06-010-151558-260511,8162_G06,C_151558,8162,XD_8162_OH_CLEVELAND.YZER,FM,Customer,REG,Yzer LLC,YZER,2026-05-11 23:59:59,010,0.0,0.0,0.0,0.0,0.0,0.0,,,1.0,,1.0,1.0
111,8163-H06-020-431045-260512,8163_H06,C_717269,8162,XD_8162_OH_CLEVELAND.YZER,FM,Customer,REG,Yzer LLC,YZER,2026-05-12 23:59:59,020,0.0,0.0,0.0,0.0,0.0,0.0,,,1.0,,1.0,0.0
112,Z-3595597,8162_G02,,8162,XD_8162_OH_CLEVELAND.YZER,RC,Route Chrg,REG,Yzer LLC,YZER,2026-05-14 23:59:59,000,444.41,0.0,444.41,375.0,56.28,13.13,,,,,1.0,1.0
113,8162-H06-010-151570-260521,8162_H06,C_151568,8162,XD_8162_OH_CLEVELAND.YZER,FM,Customer,REG,Yzer LLC,YZER,2026-05-21 23:59:59,010,0.0,0.0,0.0,0.0,0.0,0.0,,,1.0,,1.0,0.0
114,8162-H02-025-134412-260514,8162_H02,C_134412,8162,XD_8162_OH_CLEVELAND.YZER,FM,Customer,REG,Yzer LLC,YZER,2026-05-14 23:59:59,025,0.0,0.0,0.0,0.0,0.0,0.0,,,1.0,,1.0,1.0
115,8162-G05-035-414946-260521,8162_G05,C_414946,8162,XD_8162_OH_CLEVELAND.YZER,FM,Customer,REG,Yzer LLC,YZER,2026-05-21 23:59:59,035,0.0,0.0,0.0,0.0,0.0,0.0,,,1.0,,1.0,1.0
116,8162-G07-060-134966-260514,8162_G07,C_134966,8162,XD_8162_OH_CLEVELAND.YZER,FM,Customer,REG,Yzer LLC,YZER,2026-05-14 23:59:59,060,0.0,0.0,0.0,0.0,0.0,0.0,,,1.0,,1.0,1.0
117,8163-G05-005-221190-260521,8163_G05,C_441221,8162,XD_8162_OH_CLEVELAND.YZER,FM,Customer,REG,Yzer LLC,YZER,2026-05-21 23:59:59,005,0.0,0.0,0.0,0.0,0.0,0.0,,,1.0,,1.0,0.0
118,8162-G09-001-424353-260522,8162_G09,C_289513,8162,XD_8162_OH_CLEVELAND.YZER,FM,Customer,REG,Yzer LLC,YZER,2026-05-22 23:59:59,001,0.0,0.0,0.0,0.0,0.0,0.0,,,1.0,,1.0,0.0
119,8162-H05-015-134985-260514,8162_H05,C_134985,8162,XD_8162_OH_CLEVELAND.YZER,FM,Customer,REG,Yzer LLC,YZER,2026-05-14 23:59:59,015,0.0,0.0,0.0,0.0,0.0,0.0,,,1.0,,1.0,1.0
120,8162-G05-002-219681-260512,8162_G05,C_219681,8162,XD_8162_OH_CLEVELAND.YZER,FM,Customer,REG,Yzer LLC,YZER,2026-05-12 23:59:59,002,0.0,0.0,0.0,0.0,0.0,0.0,,,1.0,,1.0,0.0
121,8162-H06-020-245725-260526,8162_H06,C_717269,8162,XD_8162_OH_CLEVELAND.YZER,FM,Customer,REG,Yzer LLC,YZER,2026-05-26 23:59:59,020,0.0,0.0,0.0,0.0,0.0,0.0,,,1.0,,1.0,1.0
122,8162-H06-020-717269-260512,8162_H06,C_717269,8162,XD_8162_OH_CLEVELAND.YZER,FM,Customer,REG,Yzer LLC,YZER,2026-05-12 23:59:59,020,0.0,0.0,0.0,0.0,0.0,0.0,,,1.0,,1.0,1.0
123,8162-G05-006-905419-260508,8162_G05,C_061312,8162,XD_8162_OH_CLEVELAND.YZER,FM,Customer,REG,Yzer LLC,YZER,2026-05-08 23:59:59,006,0.0,0.0,0.0,0.0,0.0,0.0,,,1.0,,1.0,0.0
124,8162-H06-005-893003-260522,8162_H06,C_905176,8162,XD_8162_OH_CLEVELAND.YZER,FM,Customer,REG,Yzer LLC,YZER,2026-05-22 23:59:59,005,0.0,0.0,0.0,0.0,0.0,0.0,,,1.0,,1.0,1.0
125,8162-H03-020-415745-260511,8162_H03,C_415745,8162,XD_8162_OH_CLEVELAND.YZER,FM,Customer,REG,Yzer LLC,YZER,2026-05-11 23:59:59,020,0.0,0.0,0.0,0.0,0.0,0.0,,,1.0,,1.0,1.0
126,8162-H02-050-579755-260522,8162_H02,C_579755,8162,XD_8162_OH_CLEVELAND.YZER,FM,Customer,REG,Yzer LLC,YZER,2026-05-22 23:59:59,050,0.0,0.0,0.0,0.0,0.0,0.0,,,1.0,,1.0,1.0
127,8162-G09-001-289513-260508,8162_G09,C_289513,8162,XD_8162_OH_CLEVELAND.YZER,FM,Customer,REG,Yzer LLC,YZER,2026-05-08 23:59:59,001,0.0,0.0,0.0,0.0,0.0,0.0,,,1.0,,1.0,0.0
128,Z-3615916,8162_G02,,8162,XD_8162_OH_CLEVELAND.YZER,RC,Route Chrg,REG,Yzer LLC,YZER,2026-05-21 23:59:59,000,442.47,0.0,442.47,375.0,54.34,13.13,,,,,1.0,1.0
129,8162-H01-010-446212-260526,8162_H01,C_446212,8162,XD_8162_OH_CLEVELAND.YZER,FM,Customer,REG,Yzer LLC,YZER,2026-05-26 23:59:59,010,0.0,0.0,0.0,0.0,0.0,0.0,,,1.0,,1.0,1.0
130,8162-H05-005-176725-260522,8162_H05,C_224273,8162,XD_8162_OH_CLEVELAND.YZER,FM,Customer,REG,Yzer LLC,YZER,2026-05-22 23:59:59,005,0.0,0.0,0.0,0.0,0.0,0.0,,,1.0,,1.0,1.0
131,Z-3575403,8162_HX2,,8162,XD_8162_OH_CLEVELAND.YZER,RC,Route Chrg,REG,Yzer LLC,YZER,2026-05-07 23:59:59,000,,0.0,,,0.0,,1.0,2.0,1.0,2.0,1.0,1.0
132,Z-3563082,8163_HX5,,8162,XD_8162_OH_CLEVELAND.YZER,RC,Route Chrg,REG,Yzer LLC,YZER,2026-05-04 23:59:59,000,,0.0,,,0.0,,1.0,3.0,1.0,3.0,1.0,1.0
133,Z-3559417,8162_GX4,,8162,XD_8162_OH_CLEVELAND.YZER,RC,Route Chrg,REG,Yzer LLC,YZER,2026-05-01 23:59:59,000,,0.0,,,0.0,,1.0,5.0,1.0,5.0,1.0,1.0
134,8162-G01-025-371496-260505,8162_G01,C_371496,8162,XD_8162_OH_CLEVELAND.YZER,FM,Customer,REG,Yzer LLC,YZER,2026-05-05 23:59:59,025,0.0,0.0,0.0,0.0,0.0,0.0,,,1.0,,1.0,1.0
135,Z-3563044,8162_G05,,8162,XD_8162_OH_CLEVELAND.YZER,RC,Route Chrg,REG,Yzer LLC,YZER,2026-05-04 23:59:59,000,328.8,0.0,328.8,304.0,14.16,10.64,,,,,1.0,1.0
136,8162-G09-046-415729-260504,8162_G09,C_415729,8162,XD_8162_OH_CLEVELAND.YZER,FM,Customer,REG,Yzer LLC,YZER,2026-05-04 23:59:59,046,0.0,0.0,0.0,0.0,0.0,0.0,,,1.0,,1.0,1.0
137,8162-H01-025-806927-260505,8162_H01,C_806927,8162,XD_8162_OH_CLEVELAND.YZER,FM,Customer,REG,Yzer LLC,YZER,2026-05-05 23:59:59,025,0.0,0.0,0.0,0.0,0.0,0.0,,,1.0,,1.0,1.0
138,8162-G05-007-905017-260504,8162_G05,C_208840,8162,XD_8162_OH_CLEVELAND.YZER,FM,Customer,REG,Yzer LLC,YZER,2026-05-04 23:59:59,007,0.0,0.0,0.0,0.0,0.0,0.0,,,1.0,,1.0,1.0
139,8162-G03-005-723011-260505,8162_G03,C_810447,8162,XD_8162_OH_CLEVELAND.YZER,FM,Customer,REG,Yzer LLC,YZER,2026-05-05 23:59:59,005,0.0,0.0,0.0,0.0,0.0,0.0,,,1.0,,1.0,0.0
140,8162-G09-046-415729-260505,8162_G09,C_415729,8162,XD_8162_OH_CLEVELAND.YZER,FM,Customer,REG,Yzer LLC,YZER,2026-05-05 23:59:59,046,0.0,0.0,0.0,0.0,0.0,0.0,,,1.0,,1.0,1.0
141,8162-G09-013-286750-260504,8162_G09,C_286750,8162,XD_8162_OH_CLEVELAND.YZER,FM,Customer,REG,Yzer LLC,YZER,2026-05-04 23:59:59,013,0.0,0.0,0.0,0.0,0.0,0.0,,,1.0,,1.0,1.0
142,8162-H01-060-807917-260505,8162_H01,C_807917,8162,XD_8162_OH_CLEVELAND.YZER,FM,Customer,REG,Yzer LLC,YZER,2026-05-05 23:59:59,060,0.0,0.0,0.0,0.0,0.0,0.0,,,1.0,,1.0,1.0
143,Z-3592649,8162_GX4,,8162,XD_8162_OH_CLEVELAND.YZER,RC,Route Chrg,REG,Yzer LLC,YZER,2026-05-13 23:59:59,000,,0.0,,,0.0,,1.0,5.0,1.0,5.0,1.0,1.0
144,Z-3601720,8163_G04,,8162,XD_8162_OH_CLEVELAND.YZER,RC,Route Chrg,REG,Yzer LLC,YZER,2026-05-15 23:59:59,000,,0.0,,,0.0,,6.0,11.0,6.0,11.0,1.0,1.0
145,Z-3620703,8162_GX4,,8162,XD_8162_OH_CLEVELAND.YZER,RC,Route Chrg,REG,Yzer LLC,YZER,2026-05-22 23:59:59,000,,0.0,,,0.0,,1.0,10.0,1.0,10.0,1.0,1.0
146,Z-3603554,8162_HX2,,8162,XD_8162_OH_CLEVELAND.YZER,RC,Route Chrg,REG,Yzer LLC,YZER,2026-05-18 23:59:59,000,,0.0,,,0.0,,1.0,3.0,1.0,3.0,1.0,1.0
147,Z-3612860,8162_HX2,,8162,XD_8162_OH_CLEVELAND.YZER,RC,Route Chrg,REG,Yzer LLC,YZER,2026-05-20 23:59:59,000,,0.0,,,0.0,,1.0,2.0,1.0,2.0,1.0,1.0
148,Z-3624652,8163_G05,,8162,XD_8162_OH_CLEVELAND.YZER,RC,Route Chrg,REG,Yzer LLC,YZER,2026-05-26 23:59:59,000,0.0,0.0,0.0,0.0,0.0,0.0,,,,,1.0,1.0
149,Z-3624644,8163_H04,,8162,XD_8162_OH_CLEVELAND.YZER,RC,Route Chrg,REG,Yzer LLC,YZER,2026-05-26 23:59:59,000,0.0,0.0,0.0,0.0,0.0,0.0,,,,,1.0,1.0
150,8162-G07-005-893022-260505,8162_G07,C_599132,8162,XD_8162_OH_CLEVELAND.YZER,FM,Customer,REG,Yzer LLC,YZER,2026-05-05 23:59:59,005,0.0,0.0,0.0,0.0,0.0,0.0,,,1.0,,1.0,0.0
151,Z-3632317,8163_G01,,8162,XD_8162_OH_CLEVELAND.YZER,RC,Route Chrg,REG,Yzer LLC,YZER,2026-05-28 23:59:59,000,0.0,0.0,0.0,0.0,0.0,0.0,,,,,1.0,1.0
152,Z-3636775,8162_HX2,,8162,XD_8162_OH_CLEVELAND.YZER,RC,Route Chrg,REG,Yzer LLC,YZER,2026-05-29 23:59:59,000,0.0,0.0,0.0,0.0,0.0,0.0,,,,,1.0,1.0
153,Z-3636795,8163_G03,,8162,XD_8162_OH_CLEVELAND.YZER,RC,Route Chrg,REG,Yzer LLC,YZER,2026-05-29 23:59:59,000,0.0,0.0,0.0,0.0,0.0,0.0,,,,,1.0,1.0
154,Z-3632027,8163_H03,,8162,XD_8162_OH_CLEVELAND.YZER,RC,Route Chrg,REG,Yzer LLC,YZER,2026-05-28 23:59:59,000,0.0,0.0,0.0,0.0,0.0,0.0,,,,,1.0,1.0
155,8162-G07-035-122823-260527,8162_G07,C_121615,8162,XD_8162_OH_CLEVELAND.YZER,FM,Customer,REG,Yzer LLC,YZER,2026-05-27 23:59:59,035,0.0,0.0,0.0,0.0,0.0,0.0,,,1.0,,1.0,1.0
156,8162-G09-028-093539-260528,8162_G09,C_093545,8162,XD_8162_OH_CLEVELAND.YZER,FM,Customer,REG,Yzer LLC,YZER,2026-05-28 23:59:59,028,0.0,0.0,0.0,0.0,0.0,0.0,,,1.0,,1.0,0.0
157,8162-G03-037-521590-260529,8162_G03,C_521590,8162,XD_8162_OH_CLEVELAND.YZER,FM,Customer,REG,Yzer LLC,YZER,2026-05-29 23:59:59,037,0.0,0.0,0.0,0.0,0.0,0.0,,,1.0,,1.0,0.0
158,8162-H04-025-349314-260528,8162_H04,C_349314,8162,XD_8162_OH_CLEVELAND.YZER,FM,Customer,REG,Yzer LLC,YZER,2026-05-28 23:59:59,025,0.0,0.0,0.0,0.0,0.0,0.0,,,1.0,,1.0,1.0
159,8163-G02-005-754541-260527,8163_G02,C_713914,8162,XD_8162_OH_CLEVELAND.YZER,FM,Customer,REG,Yzer LLC,YZER,2026-05-27 23:59:59,005,0.0,0.0,0.0,0.0,0.0,0.0,,,1.0,,1.0,0.0
160,8163-GX0-004-960596-260526,8163_GX0,C_464241,8162,XD_8162_OH_CLEVELAND.YZER,FM,Customer,REG,Yzer LLC,YZER,2026-05-26 23:59:59,004,0.0,0.0,0.0,0.0,0.0,0.0,,,1.0,,1.0,0.0
161,8162-G05-025-173268-260529,8162_G05,C_173268,8162,XD_8162_OH_CLEVELAND.YZER,FM,Customer,REG,Yzer LLC,YZER,2026-05-29 23:59:59,025,0.0,0.0,0.0,0.0,0.0,0.0,,,1.0,,1.0,1.0
162,8162-G03-005-892996-260527,8162_G03,C_810447,8162,XD_8162_OH_CLEVELAND.YZER,FM,Customer,REG,Yzer LLC,YZER,2026-05-27 23:59:59,005,0.0,0.0,0.0,0.0,0.0,0.0,,,1.0,,1.0,0.0
163,8162-G05-006-034806-260529,8162_G05,C_061312,8162,XD_8162_OH_CLEVELAND.YZER,FM,Customer,REG,Yzer LLC,YZER,2026-05-29 23:59:59,006,0.0,0.0,0.0,0.0,0.0,0.0,,,1.0,,1.0,1.0
164,8162-G09-002-289531-260529,8162_G09,C_289527,8162,XD_8162_OH_CLEVELAND.YZER,FM,Customer,REG,Yzer LLC,YZER,2026-05-29 23:59:59,002,0.0,0.0,0.0,0.0,0.0,0.0,,,1.0,,1.0,0.0
165,8162-G07-010-134526-260529,8162_G07,C_134526,8162,XD_8162_OH_CLEVELAND.YZER,FM,Customer,REG,Yzer LLC,YZER,2026-05-29 23:59:59,010,0.0,0.0,0.0,0.0,0.0,0.0,,,1.0,,1.0,1.0
166,8162-H05-060-446021-260528,8162_H05,C_446021,8162,XD_8162_OH_CLEVELAND.YZER,FM,Customer,REG,Yzer LLC,YZER,2026-05-28 23:59:59,060,0.0,0.0,0.0,0.0,0.0,0.0,,,1.0,,1.0,1.0
167,8163-G09-001-424353-260526,8163_G09,C_289513,8162,XD_8162_OH_CLEVELAND.YZER,FM,Customer,REG,Yzer LLC,YZER,2026-05-26 23:59:59,001,0.0,0.0,0.0,0.0,0.0,0.0,,,1.0,,1.0,0.0
168,8162-H03-015-133964-260528,8162_H03,C_133964,8162,XD_8162_OH_CLEVELAND.YZER,FM,Customer,REG,Yzer LLC,YZER,2026-05-28 23:59:59,015,0.0,0.0,0.0,0.0,0.0,0.0,,,1.0,,1.0,1.0
169,8162-G02-015-038361-260528,8162_G02,C_731867,8162,XD_8162_OH_CLEVELAND.YZER,FM,Customer,REG,Yzer LLC,YZER,2026-05-28 23:59:59,015,0.0,0.0,0.0,0.0,0.0,0.0,,,1.0,,1.0,0.0
170,8163-GX4-008-106473-260526,8163_GX4,C_106473,8162,XD_8162_OH_CLEVELAND.YZER,FM,Customer,REG,Yzer LLC,YZER,2026-05-26 23:59:59,008,0.0,0.0,0.0,0.0,0.0,0.0,,,1.0,,1.0,0.0
171,8162-G09-028-093539-260527,8162_G09,C_093545,8162,XD_8162_OH_CLEVELAND.YZER,FM,Customer,REG,Yzer LLC,YZER,2026-05-27 23:59:59,028,0.0,0.0,0.0,0.0,0.0,0.0,,,1.0,,1.0,0.0
172,8162-G05-030-610134-260527,8162_G05,C_610134,8162,XD_8162_OH_CLEVELAND.YZER,FM,Customer,REG,Yzer LLC,YZER,2026-05-27 23:59:59,030,0.0,0.0,0.0,0.0,0.0,0.0,,,1.0,,1.0,1.0
173,8162-H02-020-134501-260528,8162_H02,C_134501,8162,XD_8162_OH_CLEVELAND.YZER,FM,Customer,REG,Yzer LLC,YZER,2026-05-28 23:59:59,020,0.0,0.0,0.0,0.0,0.0,0.0,,,1.0,,1.0,1.0
174,8162-H01-045-924410-260527,8162_H01,C_924410,8162,XD_8162_OH_CLEVELAND.YZER,FM,Customer,REG,Yzer LLC,YZER,2026-05-27 23:59:59,045,0.0,0.0,0.0,0.0,0.0,0.0,,,1.0,,1.0,1.0
175,8162-G01-005-244545-260527,8162_G01,C_436015,8162,XD_8162_OH_CLEVELAND.YZER,FM,Customer,REG,Yzer LLC,YZER,2026-05-27 23:59:59,005,0.0,0.0,0.0,0.0,0.0,0.0,,,1.0,,1.0,0.0
176,8163-G03-005-723011-260528,8163_G03,C_810447,8162,XD_8162_OH_CLEVELAND.YZER,FM,Customer,REG,Yzer LLC,YZER,2026-05-28 23:59:59,005,0.0,0.0,0.0,0.0,0.0,0.0,,,1.0,,1.0,0.0
177,8162-G02-040-017375-260528,8162_G02,C_017375,8162,XD_8162_OH_CLEVELAND.YZER,FM,Customer,REG,Yzer LLC,YZER,2026-05-28 23:59:59,040,0.0,0.0,0.0,0.0,0.0,0.0,,,1.0,,1.0,0.0
178,8162-G01-020-443013-260527,8162_G01,C_890860,8162,XD_8162_OH_CLEVELAND.YZER,FM,Customer,REG,Yzer LLC,YZER,2026-05-27 23:59:59,020,0.0,0.0,0.0,0.0,0.0,0.0,,,1.0,,1.0,1.0
179,8162-G07-005-050649-260528,8162_G07,C_599132,8162,XD_8162_OH_CLEVELAND.YZER,FM,Customer,REG,Yzer LLC,YZER,2026-05-28 23:59:59,005,0.0,0.0,0.0,0.0,0.0,0.0,,,1.0,,1.0,0.0
180,8162-G09-046-415729-260506,8162_G09,C_415729,8162,XD_8162_OH_CLEVELAND.YZER,FM,Customer,REG,Yzer LLC,YZER,2026-05-06 23:59:59,046,0.0,0.0,0.0,0.0,0.0,0.0,,,1.0,,1.0,1.0
181,8162-G03-035-777727-260511,8162_G03,C_777727,8162,XD_8162_OH_CLEVELAND.YZER,FM,Customer,REG,Yzer LLC,YZER,2026-05-11 23:59:59,035,0.0,0.0,0.0,0.0,0.0,0.0,,,1.0,,1.0,1.0
182,8162-H01-020-446373-260506,8162_H01,C_446373,8162,XD_8162_OH_CLEVELAND.YZER,FM,Customer,REG,Yzer LLC,YZER,2026-05-06 23:59:59,020,0.0,0.0,0.0,0.0,0.0,0.0,,,1.0,,1.0,1.0
183,8162-G05-030-034797-260514,8162_G05,C_610134,8162,XD_8162_OH_CLEVELAND.YZER,FM,Customer,REG,Yzer LLC,YZER,2026-05-14 23:59:59,030,0.0,0.0,0.0,0.0,0.0,0.0,,,1.0,,1.0,1.0
184,8162-G06-015-151562-260514,8162_G06,C_065363,8162,XD_8162_OH_CLEVELAND.YZER,FM,Customer,REG,Yzer LLC,YZER,2026-05-14 23:59:59,015,0.0,0.0,0.0,0.0,0.0,0.0,,,1.0,,1.0,0.0
185,8162-G01-020-443013-260511,8162_G01,C_890860,8162,XD_8162_OH_CLEVELAND.YZER,FM,Customer,REG,Yzer LLC,YZER,2026-05-11 23:59:59,020,0.0,0.0,0.0,0.0,0.0,0.0,,,1.0,,1.0,0.0
186,8162-H05-050-721852-260508,8162_H05,C_721852,8162,XD_8162_OH_CLEVELAND.YZER,FM,Customer,REG,Yzer LLC,YZER,2026-05-08 23:59:59,050,0.0,0.0,0.0,0.0,0.0,0.0,,,1.0,,1.0,1.0
187,8162-G03-035-777727-260506,8162_G03,C_777727,8162,XD_8162_OH_CLEVELAND.YZER,FM,Customer,REG,Yzer LLC,YZER,2026-05-06 23:59:59,035,0.0,0.0,0.0,0.0,0.0,0.0,,,1.0,,1.0,1.0
188,8162-G01-005-209001-260506,8162_G01,C_436015,8162,XD_8162_OH_CLEVELAND.YZER,FM,Customer,REG,Yzer LLC,YZER,2026-05-06 23:59:59,005,0.0,0.0,0.0,0.0,0.0,0.0,,,1.0,,1.0,1.0
189,8163-H06-020-431045-260508,8163_H06,C_717269,8162,XD_8162_OH_CLEVELAND.YZER,FM,Customer,REG,Yzer LLC,YZER,2026-05-08 23:59:59,020,0.0,0.0,0.0,0.0,0.0,0.0,,,1.0,,1.0,0.0
190,8162-G06-015-151561-260507,8162_G06,C_065363,8162,XD_8162_OH_CLEVELAND.YZER,FM,Customer,REG,Yzer LLC,YZER,2026-05-07 23:59:59,015,0.0,0.0,0.0,0.0,0.0,0.0,,,1.0,,1.0,0.0
191,8162-G01-005-718289-260518,8162_G01,C_436015,8162,XD_8162_OH_CLEVELAND.YZER,FM,Customer,REG,Yzer LLC,YZER,2026-05-18 23:59:59,005,0.0,0.0,0.0,0.0,0.0,0.0,,,1.0,,1.0,0.0
192,8163-G07-005-589418-260515,8163_G07,C_599132,8162,XD_8162_OH_CLEVELAND.YZER,FM,Customer,REG,Yzer LLC,YZER,2026-05-15 23:59:59,005,0.0,0.0,0.0,0.0,0.0,0.0,,,1.0,,1.0,0.0
193,8162-H04-015-970222-260515,8162_H04,C_970222,8162,XD_8162_OH_CLEVELAND.YZER,FM,Customer,REG,Yzer LLC,YZER,2026-05-15 23:59:59,015,0.0,0.0,0.0,0.0,0.0,0.0,,,1.0,,1.0,1.0
194,8162-G06-035-134431-260515,8162_G06,C_134431,8162,XD_8162_OH_CLEVELAND.YZER,FM,Customer,REG,Yzer LLC,YZER,2026-05-15 23:59:59,035,0.0,0.0,0.0,0.0,0.0,0.0,,,1.0,,1.0,1.0
195,8162-G02-040-244530-260518,8162_G02,C_017375,8162,XD_8162_OH_CLEVELAND.YZER,FM,Customer,REG,Yzer LLC,YZER,2026-05-18 23:59:59,040,0.0,0.0,0.0,0.0,0.0,0.0,,,1.0,,1.0,1.0
196,8162-H06-010-151574-260518,8162_H06,C_151568,8162,XD_8162_OH_CLEVELAND.YZER,FM,Customer,REG,Yzer LLC,YZER,2026-05-18 23:59:59,010,0.0,0.0,0.0,0.0,0.0,0.0,,,1.0,,1.0,0.0
197,8162-G02-065-406255-260515,8162_G02,C_406255,8162,XD_8162_OH_CLEVELAND.YZER,FM,Customer,REG,Yzer LLC,YZER,2026-05-15 23:59:59,065,0.0,0.0,0.0,0.0,0.0,0.0,,,1.0,,1.0,1.0
198,8162-G06-010-151558-260518,8162_G06,C_151558,8162,XD_8162_OH_CLEVELAND.YZER,FM,Customer,REG,Yzer LLC,YZER,2026-05-18 23:59:59,010,0.0,0.0,0.0,0.0,0.0,0.0,,,1.0,,1.0,1.0
199,8162-H04-010-146265-260511,8162_H04,C_146265,8162,XD_8162_OH_CLEVELAND.YZER,FM,Customer,REG,Yzer LLC,YZER,2026-05-11 23:59:59,010,0.0,0.0,0.0,0.0,0.0,0.0,,,1.0,,1.0,1.0
200,8162-H06-005-905176-260507,8162_H06,C_905176,8162,XD_8162_OH_CLEVELAND.YZER,FM,Customer,REG,Yzer LLC,YZER,2026-05-07 23:59:59,005,0.0,0.0,0.0,0.0,0.0,0.0,,,1.0,,1.0,0.0
201,8162-H06-035-419882-260514,8162_H06,C_815793,8162,XD_8162_OH_CLEVELAND.YZER,FM,Customer,REG,Yzer LLC,YZER,2026-05-14 23:59:59,035,0.0,0.0,0.0,0.0,0.0,0.0,,,1.0,,1.0,1.0
202,8162-G06-010-151558-260512,8162_G06,C_151558,8162,XD_8162_OH_CLEVELAND.YZER,FM,Customer,REG,Yzer LLC,YZER,2026-05-12 23:59:59,010,0.0,0.0,0.0,0.0,0.0,0.0,,,1.0,,1.0,1.0
203,8163-G07-005-589418-260513,8163_G07,C_599132,8162,XD_8162_OH_CLEVELAND.YZER,FM,Customer,REG,Yzer LLC,YZER,2026-05-13 23:59:59,005,0.0,0.0,0.0,0.0,0.0,0.0,,,1.0,,1.0,0.0
204,8162-G05-006-905419-260514,8162_G05,C_061312,8162,XD_8162_OH_CLEVELAND.YZER,FM,Customer,REG,Yzer LLC,YZER,2026-05-14 23:59:59,006,0.0,0.0,0.0,0.0,0.0,0.0,,,1.0,,1.0,0.0
205,Z-3592665,8162_H01,,8162,XD_8162_OH_CLEVELAND.YZER,RC,Route Chrg,REG,Yzer LLC,YZER,2026-05-13 23:59:59,000,253.68,0.0,253.68,228.0,17.7,7.98,,,,,1.0,1.0
206,8162-H06-010-151569-260507,8162_H06,C_151568,8162,XD_8162_OH_CLEVELAND.YZER,FM,Customer,REG,Yzer LLC,YZER,2026-05-07 23:59:59,010,0.0,0.0,0.0,0.0,0.0,0.0,,,1.0,,1.0,0.0
207,Z-3570009,8163_GX0,,8162,XD_8162_OH_CLEVELAND.YZER,RC,Route Chrg,REG,Yzer LLC,YZER,2026-05-05 23:59:59,000,0.0,0.0,0.0,0.0,0.0,0.0,,,,,1.0,1.0
208,8162-H06-015-631172-260511,8162_H06,C_433600,8162,XD_8162_OH_CLEVELAND.YZER,FM,Customer,REG,Yzer LLC,YZER,2026-05-11 23:59:59,015,0.0,0.0,0.0,0.0,0.0,0.0,,,1.0,,1.0,1.0
209,8162-H04-005-433761-260512,8162_H04,C_435532,8162,XD_8162_OH_CLEVELAND.YZER,FM,Customer,REG,Yzer LLC,YZER,2026-05-12 23:59:59,005,0.0,0.0,0.0,0.0,0.0,0.0,,,1.0,,1.0,1.0
210,Z-3570866,8162_H03,,8162,XD_8162_OH_CLEVELAND.YZER,RC,Route Chrg,REG,Yzer LLC,YZER,2026-05-06 23:59:59,000,300.12,0.0,300.12,271.0,19.63,9.49,,,,,1.0,1.0
211,8162-H01-015-444763-260513,8162_H01,C_444763,8162,XD_8162_OH_CLEVELAND.YZER,FM,Customer,REG,Yzer LLC,YZER,2026-05-13 23:59:59,015,0.0,0.0,0.0,0.0,0.0,0.0,,,1.0,,1.0,1.0
212,8163-G01-005-209001-260507,8163_G01,C_436015,8162,XD_8162_OH_CLEVELAND.YZER,FM,Customer,REG,Yzer LLC,YZER,2026-05-07 23:59:59,005,0.0,0.0,0.0,0.0,0.0,0.0,,,1.0,,1.0,0.0
213,8162-H06-020-245725-260514,8162_H06,C_717269,8162,XD_8162_OH_CLEVELAND.YZER,FM,Customer,REG,Yzer LLC,YZER,2026-05-14 23:59:59,020,0.0,0.0,0.0,0.0,0.0,0.0,,,1.0,,1.0,0.0
214,8162-H04-025-349314-260508,8162_H04,C_349314,8162,XD_8162_OH_CLEVELAND.YZER,FM,Customer,REG,Yzer LLC,YZER,2026-05-08 23:59:59,025,0.0,0.0,0.0,0.0,0.0,0.0,,,1.0,,1.0,1.0
215,Z-3595531,8162_G05,,8162,XD_8162_OH_CLEVELAND.YZER,RC,Route Chrg,REG,Yzer LLC,YZER,2026-05-14 23:59:59,000,338.24,0.0,338.24,304.0,23.6,10.64,,,,,1.0,1.0
216,8162-G09-035-034804-260507,8162_G09,C_905119,8162,XD_8162_OH_CLEVELAND.YZER,FM,Customer,REG,Yzer LLC,YZER,2026-05-07 23:59:59,035,0.0,0.0,0.0,0.0,0.0,0.0,,,1.0,,1.0,1.0
217,8162-H05-035-259008-260508,8162_H05,C_259008,8162,XD_8162_OH_CLEVELAND.YZER,FM,Customer,REG,Yzer LLC,YZER,2026-05-08 23:59:59,035,0.0,0.0,0.0,0.0,0.0,0.0,,,1.0,,1.0,1.0
218,Z-3595521,8162_G03,,8162,XD_8162_OH_CLEVELAND.YZER,RC,Route Chrg,REG,Yzer LLC,YZER,2026-05-14 23:59:59,000,376.07,0.0,376.07,338.0,26.24,11.83,,,,,1.0,1.0
219,8162-G01-030-217734-260508,8162_G01,C_217734,8162,XD_8162_OH_CLEVELAND.YZER,FM,Customer,REG,Yzer LLC,YZER,2026-05-08 23:59:59,030,0.0,0.0,0.0,0.0,0.0,0.0,,,1.0,,1.0,1.0
220,8162-H05-055-925913-260511,8162_H05,C_925913,8162,XD_8162_OH_CLEVELAND.YZER,FM,Customer,REG,Yzer LLC,YZER,2026-05-11 23:59:59,055,0.0,0.0,0.0,0.0,0.0,0.0,,,1.0,,1.0,1.0
221,8163-G09-001-424353-260512,8163_G09,C_289513,8162,XD_8162_OH_CLEVELAND.YZER,FM,Customer,REG,Yzer LLC,YZER,2026-05-12 23:59:59,001,0.0,0.0,0.0,0.0,0.0,0.0,,,1.0,,1.0,0.0
222,8162-G04-006-839466-260512,8162_G04,C_712383,8162,XD_8162_OH_CLEVELAND.YZER,FM,Customer,REG,Yzer LLC,YZER,2026-05-12 23:59:59,006,0.0,0.0,0.0,0.0,0.0,0.0,,,1.0,,1.0,0.0
223,8163-G01-020-890860-260519,8163_G01,C_890860,8162,XD_8162_OH_CLEVELAND.YZER,FM,Customer,REG,Yzer LLC,YZER,2026-05-19 23:59:59,020,0.0,0.0,0.0,0.0,0.0,0.0,,,1.0,,1.0,0.0
224,8162-G09-046-415729-260519,8162_G09,C_415729,8162,XD_8162_OH_CLEVELAND.YZER,FM,Customer,REG,Yzer LLC,YZER,2026-05-19 23:59:59,046,0.0,0.0,0.0,0.0,0.0,0.0,,,1.0,,1.0,1.0
225,8162-H02-045-624058-260504,8162_H02,C_624058,8162,XD_8162_OH_CLEVELAND.YZER,FM,Customer,REG,Yzer LLC,YZER,2026-05-04 23:59:59,045,0.0,0.0,0.0,0.0,0.0,0.0,,,1.0,,1.0,1.0
226,8163-G02-005-754541-260504,8163_G02,C_713914,8162,XD_8162_OH_CLEVELAND.YZER,FM,Customer,REG,Yzer LLC,YZER,2026-05-04 23:59:59,005,0.0,0.0,0.0,0.0,0.0,0.0,,,1.0,,1.0,0.0
227,8162-G06-010-151559-260504,8162_G06,C_151558,8162,XD_8162_OH_CLEVELAND.YZER,FM,Customer,REG,Yzer LLC,YZER,2026-05-04 23:59:59,010,0.0,0.0,0.0,0.0,0.0,0.0,,,1.0,,1.0,0.0
228,8162-G05-020-599776-260504,8162_G05,C_599776,8162,XD_8162_OH_CLEVELAND.YZER,FM,Customer,REG,Yzer LLC,YZER,2026-05-04 23:59:59,020,0.0,0.0,0.0,0.0,0.0,0.0,,,1.0,,1.0,1.0
229,8162-G06-010-151558-260505,8162_G06,C_151558,8162,XD_8162_OH_CLEVELAND.YZER,FM,Customer,REG,Yzer LLC,YZER,2026-05-05 23:59:59,010,0.0,0.0,0.0,0.0,0.0,0.0,,,1.0,,1.0,1.0
230,8162-G01-030-633104-260505,8162_G01,C_217734,8162,XD_8162_OH_CLEVELAND.YZER,FM,Customer,REG,Yzer LLC,YZER,2026-05-05 23:59:59,030,0.0,0.0,0.0,0.0,0.0,0.0,,,1.0,,1.0,0.0
231,8162-G01-005-050647-260505,8162_G01,C_436015,8162,XD_8162_OH_CLEVELAND.YZER,FM,Customer,REG,Yzer LLC,YZER,2026-05-05 23:59:59,005,0.0,0.0,0.0,0.0,0.0,0.0,,,1.0,,1.0,0.0
232,Z-3583712,8163_G07,,8162,XD_8162_OH_CLEVELAND.YZER,RC,Route Chrg,REG,Yzer LLC,YZER,2026-05-11 23:59:59,000,,0.0,,,0.0,,7.0,20.0,7.0,20.0,1.0,1.0
233,Z-3584185,8163_G06,,8162,XD_8162_OH_CLEVELAND.YZER,RC,Route Chrg,REG,Yzer LLC,YZER,2026-05-11 23:59:59,000,,0.0,,,0.0,,8.0,23.0,8.0,23.0,1.0,1.0
234,Z-3587539,8162_HX5,,8162,XD_8162_OH_CLEVELAND.YZER,RC,Route Chrg,REG,Yzer LLC,YZER,2026-05-12 23:59:59,000,,0.0,,,0.0,,1.0,10.0,1.0,10.0,1.0,1.0
235,Z-3587906,8163_HX5,,8162,XD_8162_OH_CLEVELAND.YZER,RC,Route Chrg,REG,Yzer LLC,YZER,2026-05-12 23:59:59,000,,0.0,,,0.0,,1.0,4.0,1.0,4.0,1.0,1.0
236,Z-3595753,8163_G03,,8162,XD_8162_OH_CLEVELAND.YZER,RC,Route Chrg,REG,Yzer LLC,YZER,2026-05-14 23:59:59,000,,0.0,,,0.0,,7.0,22.0,7.0,22.0,1.0,1.0
237,Z-3600199,8163_G05,,8162,XD_8162_OH_CLEVELAND.YZER,RC,Route Chrg,REG,Yzer LLC,YZER,2026-05-15 23:59:59,000,,0.0,,,0.0,,9.0,31.0,9.0,31.0,1.0,1.0
238,Z-3616442,8163_HX5,,8162,XD_8162_OH_CLEVELAND.YZER,RC,Route Chrg,REG,Yzer LLC,YZER,2026-05-21 23:59:59,000,,0.0,,,0.0,,1.0,2.0,1.0,2.0,1.0,1.0
239,8162-H01-050-362140-260504,8162_H01,C_362140,8162,XD_8162_OH_CLEVELAND.YZER,FM,Customer,REG,Yzer LLC,YZER,2026-05-04 23:59:59,050,0.0,0.0,0.0,0.0,0.0,0.0,,,1.0,,1.0,1.0
240,Z-3603527,8162_GX4,,8162,XD_8162_OH_CLEVELAND.YZER,RC,Route Chrg,REG,Yzer LLC,YZER,2026-05-18 23:59:59,000,,0.0,,,0.0,,1.0,4.0,1.0,4.0,1.0,1.0
241,Z-3603768,8163_G01,,8162,XD_8162_OH_CLEVELAND.YZER,RC,Route Chrg,REG,Yzer LLC,YZER,2026-05-18 23:59:59,000,,0.0,,,0.0,,5.0,26.0,5.0,26.0,1.0,1.0
242,Z-3603987,8163_H02,,8162,XD_8162_OH_CLEVELAND.YZER,RC,Route Chrg,REG,Yzer LLC,YZER,2026-05-18 23:59:59,000,,0.0,,,0.0,,10.0,21.0,10.0,21.0,1.0,1.0
243,Z-3616181,8163_H02,,8162,XD_8162_OH_CLEVELAND.YZER,RC,Route Chrg,REG,Yzer LLC,YZER,2026-05-21 23:59:59,000,,0.0,,,0.0,,8.0,12.0,8.0,12.0,1.0,1.0
244,Z-3608683,8163_H05,,8162,XD_8162_OH_CLEVELAND.YZER,RC,Route Chrg,REG,Yzer LLC,YZER,2026-05-19 23:59:59,000,,0.0,,,0.0,,6.0,8.0,6.0,8.0,1.0,1.0
245,Z-3608671,8163_G09,,8162,XD_8162_OH_CLEVELAND.YZER,RC,Route Chrg,REG,Yzer LLC,YZER,2026-05-19 23:59:59,000,,0.0,,,0.0,,8.0,19.0,8.0,19.0,1.0,1.0
246,8162-G06-020-133946-260505,8162_G06,C_133946,8162,XD_8162_OH_CLEVELAND.YZER,FM,Customer,REG,Yzer LLC,YZER,2026-05-05 23:59:59,020,0.0,0.0,0.0,0.0,0.0,0.0,,,1.0,,1.0,1.0
247,8163-G06-010-151559-260505,8163_G06,C_151558,8162,XD_8162_OH_CLEVELAND.YZER,FM,Customer,REG,Yzer LLC,YZER,2026-05-05 23:59:59,010,0.0,0.0,0.0,0.0,0.0,0.0,,,1.0,,1.0,0.0
248,8162-G04-006-712383-260529,8162_G04,C_712383,8162,XD_8162_OH_CLEVELAND.YZER,FM,Customer,REG,Yzer LLC,YZER,2026-05-29 23:59:59,006,0.0,0.0,0.0,0.0,0.0,0.0,,,1.0,,1.0,0.0
249,8162-G04-010-833539-260527,8162_G04,C_833539,8162,XD_8162_OH_CLEVELAND.YZER,FM,Customer,REG,Yzer LLC,YZER,2026-05-27 23:59:59,010,0.0,0.0,0.0,0.0,0.0,0.0,,,1.0,,1.0,0.0
250,8162-G06-020-230842-260528,8162_G06,C_133946,8162,XD_8162_OH_CLEVELAND.YZER,FM,Customer,REG,Yzer LLC,YZER,2026-05-28 23:59:59,020,0.0,0.0,0.0,0.0,0.0,0.0,,,1.0,,1.0,1.0
251,8163-H06-015-415508-260528,8163_H06,C_433600,8162,XD_8162_OH_CLEVELAND.YZER,FM,Customer,REG,Yzer LLC,YZER,2026-05-28 23:59:59,015,0.0,0.0,0.0,0.0,0.0,0.0,,,1.0,,1.0,0.0
252,8162-G02-015-731867-260528,8162_G02,C_731867,8162,XD_8162_OH_CLEVELAND.YZER,FM,Customer,REG,Yzer LLC,YZER,2026-05-28 23:59:59,015,0.0,0.0,0.0,0.0,0.0,0.0,,,1.0,,1.0,1.0
253,8162-G04-010-833539-260529,8162_G04,C_833539,8162,XD_8162_OH_CLEVELAND.YZER,FM,Customer,REG,Yzer LLC,YZER,2026-05-29 23:59:59,010,0.0,0.0,0.0,0.0,0.0,0.0,,,1.0,,1.0,0.0
254,8162-G03-005-810447-260526,8162_G03,C_810447,8162,XD_8162_OH_CLEVELAND.YZER,FM,Customer,REG,Yzer LLC,YZER,2026-05-26 23:59:59,005,0.0,0.0,0.0,0.0,0.0,0.0,,,1.0,,1.0,0.0
255,8162-G06-025-289532-260528,8162_G06,C_289522,8162,XD_8162_OH_CLEVELAND.YZER,FM,Customer,REG,Yzer LLC,YZER,2026-05-28 23:59:59,025,0.0,0.0,0.0,0.0,0.0,0.0,,,1.0,,1.0,0.0
256,8162-G05-002-219681-260527,8162_G05,C_219681,8162,XD_8162_OH_CLEVELAND.YZER,FM,Customer,REG,Yzer LLC,YZER,2026-05-27 23:59:59,002,0.0,0.0,0.0,0.0,0.0,0.0,,,1.0,,1.0,1.0
257,8162-G06-015-719738-260528,8162_G06,C_065363,8162,XD_8162_OH_CLEVELAND.YZER,FM,Customer,REG,Yzer LLC,YZER,2026-05-28 23:59:59,015,0.0,0.0,0.0,0.0,0.0,0.0,,,1.0,,1.0,0.0
258,8162-H04-015-970222-260529,8162_H04,C_970222,8162,XD_8162_OH_CLEVELAND.YZER,FM,Customer,REG,Yzer LLC,YZER,2026-05-29 23:59:59,015,0.0,0.0,0.0,0.0,0.0,0.0,,,1.0,,1.0,1.0
259,8162-G03-010-223285-260527,8162_G03,C_223285,8162,XD_8162_OH_CLEVELAND.YZER,FM,Customer,REG,Yzer LLC,YZER,2026-05-27 23:59:59,010,0.0,0.0,0.0,0.0,0.0,0.0,,,1.0,,1.0,0.0
260,8162-G03-005-723011-260528,8162_G03,C_810447,8162,XD_8162_OH_CLEVELAND.YZER,FM,Customer,REG,Yzer LLC,YZER,2026-05-28 23:59:59,005,0.0,0.0,0.0,0.0,0.0,0.0,,,1.0,,1.0,1.0
261,8162-G06-020-133946-260528,8162_G06,C_133946,8162,XD_8162_OH_CLEVELAND.YZER,FM,Customer,REG,Yzer LLC,YZER,2026-05-28 23:59:59,020,0.0,0.0,0.0,0.0,0.0,0.0,,,1.0,,1.0,0.0
262,8162-G02-020-096464-260527,8162_G02,C_598488,8162,XD_8162_OH_CLEVELAND.YZER,FM,Customer,REG,Yzer LLC,YZER,2026-05-27 23:59:59,020,0.0,0.0,0.0,0.0,0.0,0.0,,,1.0,,1.0,0.0
263,Z-3636783,8162_G06,,8162,XD_8162_OH_CLEVELAND.YZER,RC,Route Chrg,REG,Yzer LLC,YZER,2026-05-29 23:59:59,000,382.08,0.0,382.08,345.0,25.0,12.08,,,,,1.0,1.0
264,8162-H02-025-134412-260512,8162_H02,C_134412,8162,XD_8162_OH_CLEVELAND.YZER,FM,Customer,REG,Yzer LLC,YZER,2026-05-12 23:59:59,025,0.0,0.0,0.0,0.0,0.0,0.0,,,1.0,,1.0,1.0
265,8162-G06-020-133946-260514,8162_G06,C_133946,8162,XD_8162_OH_CLEVELAND.YZER,FM,Customer,REG,Yzer LLC,YZER,2026-05-14 23:59:59,020,0.0,0.0,0.0,0.0,0.0,0.0,,,1.0,,1.0,0.0
266,8162-G07-060-134966-260507,8162_G07,C_134966,8162,XD_8162_OH_CLEVELAND.YZER,FM,Customer,REG,Yzer LLC,YZER,2026-05-07 23:59:59,060,0.0,0.0,0.0,0.0,0.0,0.0,,,1.0,,1.0,1.0
267,8162-G03-040-386380-260513,8162_G03,C_386380,8162,XD_8162_OH_CLEVELAND.YZER,FM,Customer,REG,Yzer LLC,YZER,2026-05-13 23:59:59,040,0.0,0.0,0.0,0.0,0.0,0.0,,,1.0,,1.0,1.0
268,8162-H06-020-431206-260512,8162_H06,C_717269,8162,XD_8162_OH_CLEVELAND.YZER,FM,Customer,REG,Yzer LLC,YZER,2026-05-12 23:59:59,020,0.0,0.0,0.0,0.0,0.0,0.0,,,1.0,,1.0,0.0
269,8162-G03-025-969803-260512,8162_G03,C_296317,8162,XD_8162_OH_CLEVELAND.YZER,FM,Customer,REG,Yzer LLC,YZER,2026-05-12 23:59:59,025,0.0,0.0,0.0,0.0,0.0,0.0,,,1.0,,1.0,1.0
270,8162-G09-011-401833-260514,8162_G09,C_401833,8162,XD_8162_OH_CLEVELAND.YZER,FM,Customer,REG,Yzer LLC,YZER,2026-05-14 23:59:59,011,0.0,0.0,0.0,0.0,0.0,0.0,,,1.0,,1.0,1.0
271,8162-H04-038-253931-260513,8162_H04,C_253934,8162,XD_8162_OH_CLEVELAND.YZER,FM,Customer,REG,Yzer LLC,YZER,2026-05-13 23:59:59,038,0.0,0.0,0.0,0.0,0.0,0.0,,,1.0,,1.0,1.0
272,8162-H06-020-717269-260508,8162_H06,C_717269,8162,XD_8162_OH_CLEVELAND.YZER,FM,Customer,REG,Yzer LLC,YZER,2026-05-08 23:59:59,020,0.0,0.0,0.0,0.0,0.0,0.0,,,1.0,,1.0,1.0
273,8162-G03-020-667610-260506,8162_G03,C_667610,8162,XD_8162_OH_CLEVELAND.YZER,FM,Customer,REG,Yzer LLC,YZER,2026-05-06 23:59:59,020,0.0,0.0,0.0,0.0,0.0,0.0,,,1.0,,1.0,1.0
274,8162-H06-010-151570-260507,8162_H06,C_151568,8162,XD_8162_OH_CLEVELAND.YZER,FM,Customer,REG,Yzer LLC,YZER,2026-05-07 23:59:59,010,0.0,0.0,0.0,0.0,0.0,0.0,,,1.0,,1.0,0.0
275,8162-H05-015-134985-260511,8162_H05,C_134985,8162,XD_8162_OH_CLEVELAND.YZER,FM,Customer,REG,Yzer LLC,YZER,2026-05-11 23:59:59,015,0.0,0.0,0.0,0.0,0.0,0.0,,,1.0,,1.0,1.0
276,8162-G07-060-134966-260518,8162_G07,C_134966,8162,XD_8162_OH_CLEVELAND.YZER,FM,Customer,REG,Yzer LLC,YZER,2026-05-18 23:59:59,060,0.0,0.0,0.0,0.0,0.0,0.0,,,1.0,,1.0,1.0
277,8162-G06-020-133946-260515,8162_G06,C_133946,8162,XD_8162_OH_CLEVELAND.YZER,FM,Customer,REG,Yzer LLC,YZER,2026-05-15 23:59:59,020,0.0,0.0,0.0,0.0,0.0,0.0,,,1.0,,1.0,1.0
278,8163-G06-015-719738-260515,8163_G06,C_065363,8162,XD_8162_OH_CLEVELAND.YZER,FM,Customer,REG,Yzer LLC,YZER,2026-05-15 23:59:59,015,0.0,0.0,0.0,0.0,0.0,0.0,,,1.0,,1.0,0.0
279,8162-G07-005-599132-260515,8162_G07,C_599132,8162,XD_8162_OH_CLEVELAND.YZER,FM,Customer,REG,Yzer LLC,YZER,2026-05-15 23:59:59,005,0.0,0.0,0.0,0.0,0.0,0.0,,,1.0,,1.0,1.0
280,8162-G02-035-631816-260518,8162_G02,C_209162,8162,XD_8162_OH_CLEVELAND.YZER,FM,Customer,REG,Yzer LLC,YZER,2026-05-18 23:59:59,035,0.0,0.0,0.0,0.0,0.0,0.0,,,1.0,,1.0,1.0
281,Z-3600062,8162_H01,,8162,XD_8162_OH_CLEVELAND.YZER,RC,Route Chrg,REG,Yzer LLC,YZER,2026-05-15 23:59:59,000,253.68,0.0,253.68,228.0,17.7,7.98,,,,,1.0,1.0
282,8162-H06-010-151570-260515,8162_H06,C_151568,8162,XD_8162_OH_CLEVELAND.YZER,FM,Customer,REG,Yzer LLC,YZER,2026-05-15 23:59:59,010,0.0,0.0,0.0,0.0,0.0,0.0,,,1.0,,1.0,0.0
283,8162-G09-011-401833-260515,8162_G09,C_401833,8162,XD_8162_OH_CLEVELAND.YZER,FM,Customer,REG,Yzer LLC,YZER,2026-05-15 23:59:59,011,0.0,0.0,0.0,0.0,0.0,0.0,,,1.0,,1.0,1.0
284,8162-H05-050-721852-260518,8162_H05,C_721852,8162,XD_8162_OH_CLEVELAND.YZER,FM,Customer,REG,Yzer LLC,YZER,2026-05-18 23:59:59,050,0.0,0.0,0.0,0.0,0.0,0.0,,,1.0,,1.0,1.0
285,8162-G09-046-415729-260512,8162_G09,C_415729,8162,XD_8162_OH_CLEVELAND.YZER,FM,Customer,REG,Yzer LLC,YZER,2026-05-12 23:59:59,046,0.0,0.0,0.0,0.0,0.0,0.0,,,1.0,,1.0,1.0
286,8163-G03-010-256130-260512,8163_G03,C_223285,8162,XD_8162_OH_CLEVELAND.YZER,FM,Customer,REG,Yzer LLC,YZER,2026-05-12 23:59:59,010,0.0,0.0,0.0,0.0,0.0,0.0,,,1.0,,1.0,0.0
287,Z-3580254,8162_H06,,8162,XD_8162_OH_CLEVELAND.YZER,RC,Route Chrg,REG,Yzer LLC,YZER,2026-05-08 23:59:59,000,277.28,0.0,277.28,235.0,34.05,8.23,,,,,1.0,1.0
288,8162-H02-027-376609-260513,8162_H02,C_376609,8162,XD_8162_OH_CLEVELAND.YZER,FM,Customer,REG,Yzer LLC,YZER,2026-05-13 23:59:59,027,0.0,0.0,0.0,0.0,0.0,0.0,,,1.0,,1.0,1.0
289,8162-H02-025-134412-260511,8162_H02,C_134412,8162,XD_8162_OH_CLEVELAND.YZER,FM,Customer,REG,Yzer LLC,YZER,2026-05-11 23:59:59,025,0.0,0.0,0.0,0.0,0.0,0.0,,,1.0,,1.0,1.0
290,8163-G07-005-589418-260514,8163_G07,C_599132,8162,XD_8162_OH_CLEVELAND.YZER,FM,Customer,REG,Yzer LLC,YZER,2026-05-14 23:59:59,005,0.0,0.0,0.0,0.0,0.0,0.0,,,1.0,,1.0,0.0
291,8162-G05-001-224268-260514,8162_G05,C_441221,8162,XD_8162_OH_CLEVELAND.YZER,FM,Customer,REG,Yzer LLC,YZER,2026-05-14 23:59:59,001,0.0,0.0,0.0,0.0,0.0,0.0,,,1.0,,1.0,1.0
292,8162-G09-017-444117-260514,8162_G09,C_444117,8162,XD_8162_OH_CLEVELAND.YZER,FM,Customer,REG,Yzer LLC,YZER,2026-05-14 23:59:59,017,0.0,0.0,0.0,0.0,0.0,0.0,,,1.0,,1.0,1.0
293,8162-H01-030-756914-260511,8162_H01,C_756914,8162,XD_8162_OH_CLEVELAND.YZER,FM,Customer,REG,Yzer LLC,YZER,2026-05-11 23:59:59,030,0.0,0.0,0.0,0.0,0.0,0.0,,,1.0,,1.0,1.0
294,Z-3592685,8162_GX0,,8162,XD_8162_OH_CLEVELAND.YZER,RC,Route Chrg,REG,Yzer LLC,YZER,2026-05-13 23:59:59,000,0.0,0.0,0.0,0.0,0.0,0.0,,,,,1.0,1.0
295,8162-G09-026-295594-260507,8162_G09,C_295594,8162,XD_8162_OH_CLEVELAND.YZER,FM,Customer,REG,Yzer LLC,YZER,2026-05-07 23:59:59,026,0.0,0.0,0.0,0.0,0.0,0.0,,,1.0,,1.0,1.0
296,8162-G05-035-414946-260512,8162_G05,C_414946,8162,XD_8162_OH_CLEVELAND.YZER,FM,Customer,REG,Yzer LLC,YZER,2026-05-12 23:59:59,035,0.0,0.0,0.0,0.0,0.0,0.0,,,1.0,,1.0,1.0
297,8162-H05-055-925913-260507,8162_H05,C_925913,8162,XD_8162_OH_CLEVELAND.YZER,FM,Customer,REG,Yzer LLC,YZER,2026-05-07 23:59:59,055,0.0,0.0,0.0,0.0,0.0,0.0,,,1.0,,1.0,1.0
298,8162-H04-025-349314-260511,8162_H04,C_349314,8162,XD_8162_OH_CLEVELAND.YZER,FM,Customer,REG,Yzer LLC,YZER,2026-05-11 23:59:59,025,0.0,0.0,0.0,0.0,0.0,0.0,,,1.0,,1.0,1.0
299,8163-H06-015-415508-260514,8163_H06,C_433600,8162,XD_8162_OH_CLEVELAND.YZER,FM,Customer,REG,Yzer LLC,YZER,2026-05-14 23:59:59,015,0.0,0.0,0.0,0.0,0.0,0.0,,,1.0,,1.0,0.0
300,8162-H01-015-444763-260512,8162_H01,C_444763,8162,XD_8162_OH_CLEVELAND.YZER,FM,Customer,REG,Yzer LLC,YZER,2026-05-12 23:59:59,015,0.0,0.0,0.0,0.0,0.0,0.0,,,1.0,,1.0,1.0
301,8162-G04-006-712383-260506,8162_G04,C_712383,8162,XD_8162_OH_CLEVELAND.YZER,FM,Customer,REG,Yzer LLC,YZER,2026-05-06 23:59:59,006,0.0,0.0,0.0,0.0,0.0,0.0,,,1.0,,1.0,0.0
302,8162-G09-002-289531-260507,8162_G09,C_289527,8162,XD_8162_OH_CLEVELAND.YZER,FM,Customer,REG,Yzer LLC,YZER,2026-05-07 23:59:59,002,0.0,0.0,0.0,0.0,0.0,0.0,,,1.0,,1.0,1.0
303,8162-H01-010-446212-260508,8162_H01,C_446212,8162,XD_8162_OH_CLEVELAND.YZER,FM,Customer,REG,Yzer LLC,YZER,2026-05-08 23:59:59,010,0.0,0.0,0.0,0.0,0.0,0.0,,,1.0,,1.0,1.0
304,8163-G06-015-151562-260519,8163_G06,C_065363,8162,XD_8162_OH_CLEVELAND.YZER,FM,Customer,REG,Yzer LLC,YZER,2026-05-19 23:59:59,015,0.0,0.0,0.0,0.0,0.0,0.0,,,1.0,,1.0,0.0
305,8162-H02-035-340423-260514,8162_H02,C_340423,8162,XD_8162_OH_CLEVELAND.YZER,FM,Customer,REG,Yzer LLC,YZER,2026-05-14 23:59:59,035,0.0,0.0,0.0,0.0,0.0,0.0,,,1.0,,1.0,1.0
306,Z-3575512,8162_G09,,8162,XD_8162_OH_CLEVELAND.YZER,RC,Route Chrg,REG,Yzer LLC,YZER,2026-05-07 23:59:59,000,276.86,0.0,276.86,250.0,18.11,8.75,,,,,1.0,1.0
307,Z-3592691,8162_G03,,8162,XD_8162_OH_CLEVELAND.YZER,RC,Route Chrg,REG,Yzer LLC,YZER,2026-05-13 23:59:59,000,376.07,0.0,376.07,338.0,26.24,11.83,,,,,1.0,1.0
308,8162-H02-040-407917-260506,8162_H02,C_407917,8162,XD_8162_OH_CLEVELAND.YZER,FM,Customer,REG,Yzer LLC,YZER,2026-05-06 23:59:59,040,0.0,0.0,0.0,0.0,0.0,0.0,,,1.0,,1.0,1.0
309,8162-H04-005-893019-260514,8162_H04,C_435532,8162,XD_8162_OH_CLEVELAND.YZER,FM,Customer,REG,Yzer LLC,YZER,2026-05-14 23:59:59,005,0.0,0.0,0.0,0.0,0.0,0.0,,,1.0,,1.0,0.0
310,8163-H06-027-905330-260506,8163_H06,C_717269,8162,XD_8162_OH_CLEVELAND.YZER,FM,Customer,REG,Yzer LLC,YZER,2026-05-06 23:59:59,027,0.0,0.0,0.0,0.0,0.0,0.0,,,1.0,,1.0,0.0
311,Z-3575514,8162_H06,,8162,XD_8162_OH_CLEVELAND.YZER,RC,Route Chrg,REG,Yzer LLC,YZER,2026-05-07 23:59:59,000,277.28,0.0,277.28,235.0,34.05,8.23,,,,,1.0,1.0
312,Z-3583666,8163_H03,,8162,XD_8162_OH_CLEVELAND.YZER,RC,Route Chrg,REG,Yzer LLC,YZER,2026-05-11 23:59:59,000,0.0,0.0,0.0,0.0,0.0,0.0,,,,,1.0,1.0
313,8162-G05-007-208840-260508,8162_G05,C_208840,8162,XD_8162_OH_CLEVELAND.YZER,FM,Customer,REG,Yzer LLC,YZER,2026-05-08 23:59:59,007,0.0,0.0,0.0,0.0,0.0,0.0,,,1.0,,1.0,0.0
314,8162-G02-015-038361-260514,8162_G02,C_731867,8162,XD_8162_OH_CLEVELAND.YZER,FM,Customer,REG,Yzer LLC,YZER,2026-05-14 23:59:59,015,0.0,0.0,0.0,0.0,0.0,0.0,,,1.0,,1.0,0.0
315,8162-H01-060-807917-260512,8162_H01,C_807917,8162,XD_8162_OH_CLEVELAND.YZER,FM,Customer,REG,Yzer LLC,YZER,2026-05-12 23:59:59,060,0.0,0.0,0.0,0.0,0.0,0.0,,,1.0,,1.0,1.0
316,8163-G01-005-436015-260512,8163_G01,C_436015,8162,XD_8162_OH_CLEVELAND.YZER,FM,Customer,REG,Yzer LLC,YZER,2026-05-12 23:59:59,005,0.0,0.0,0.0,0.0,0.0,0.0,,,1.0,,1.0,0.0
317,8162-H01-060-807917-260506,8162_H01,C_807917,8162,XD_8162_OH_CLEVELAND.YZER,FM,Customer,REG,Yzer LLC,YZER,2026-05-06 23:59:59,060,0.0,0.0,0.0,0.0,0.0,0.0,,,1.0,,1.0,1.0
318,210534037010,XD_8162_TopSide,,8162,XD_8162_OH_CLEVELAND.YZER,TS,Top Side,REG,Yzer LLC,YZER,2026-05-11 00:00:00,000,39180.62,39180.62,0.0,0.0,0.0,0.0,,,,,,0.0
319,8162-G09-035-245727-260512,8162_G09,C_905119,8162,XD_8162_OH_CLEVELAND.YZER,FM,Customer,REG,Yzer LLC,YZER,2026-05-12 23:59:59,035,0.0,0.0,0.0,0.0,0.0,0.0,,,1.0,,1.0,1.0
320,8162-G07-005-386053-260507,8162_G07,C_599132,8162,XD_8162_OH_CLEVELAND.YZER,FM,Customer,REG,Yzer LLC,YZER,2026-05-07 23:59:59,005,0.0,0.0,0.0,0.0,0.0,0.0,,,1.0,,1.0,0.0
321,8162-H06-015-173364-260508,8162_H06,C_433600,8162,XD_8162_OH_CLEVELAND.YZER,FM,Customer,REG,Yzer LLC,YZER,2026-05-08 23:59:59,015,0.0,0.0,0.0,0.0,0.0,0.0,,,1.0,,1.0,1.0
322,8162-H05-015-134985-260506,8162_H05,C_134985,8162,XD_8162_OH_CLEVELAND.YZER,FM,Customer,REG,Yzer LLC,YZER,2026-05-06 23:59:59,015,0.0,0.0,0.0,0.0,0.0,0.0,,,1.0,,1.0,1.0
323,8162-H02-005-407839-260508,8162_H02,C_407839,8162,XD_8162_OH_CLEVELAND.YZER,FM,Customer,REG,Yzer LLC,YZER,2026-05-08 23:59:59,005,0.0,0.0,0.0,0.0,0.0,0.0,,,1.0,,1.0,1.0
324,8162-G06-035-134431-260511,8162_G06,C_134431,8162,XD_8162_OH_CLEVELAND.YZER,FM,Customer,REG,Yzer LLC,YZER,2026-05-11 23:59:59,035,0.0,0.0,0.0,0.0,0.0,0.0,,,1.0,,1.0,1.0
325,8162-G09-017-444117-260513,8162_G09,C_444117,8162,XD_8162_OH_CLEVELAND.YZER,FM,Customer,REG,Yzer LLC,YZER,2026-05-13 23:59:59,017,0.0,0.0,0.0,0.0,0.0,0.0,,,1.0,,1.0,1.0
326,8162-H03-005-160440-260512,8162_H03,C_160440,8162,XD_8162_OH_CLEVELAND.YZER,FM,Customer,REG,Yzer LLC,YZER,2026-05-12 23:59:59,005,0.0,0.0,0.0,0.0,0.0,0.0,,,1.0,,1.0,1.0
327,8162-G01-035-390526-260514,8162_G01,C_390526,8162,XD_8162_OH_CLEVELAND.YZER,FM,Customer,REG,Yzer LLC,YZER,2026-05-14 23:59:59,035,0.0,0.0,0.0,0.0,0.0,0.0,,,1.0,,1.0,1.0
328,8162-G05-045-237260-260508,8162_G05,C_245718,8162,XD_8162_OH_CLEVELAND.YZER,FM,Customer,REG,Yzer LLC,YZER,2026-05-08 23:59:59,045,0.0,0.0,0.0,0.0,0.0,0.0,,,1.0,,1.0,0.0
329,8162-GX0-004-960596-260519,8162_GX0,C_464241,8162,XD_8162_OH_CLEVELAND.YZER,FM,Customer,REG,Yzer LLC,YZER,2026-05-19 23:59:59,004,0.0,0.0,0.0,0.0,0.0,0.0,,,1.0,,1.0,0.0
330,8162-H06-005-905176-260519,8162_H06,C_905176,8162,XD_8162_OH_CLEVELAND.YZER,FM,Customer,REG,Yzer LLC,YZER,2026-05-19 23:59:59,005,0.0,0.0,0.0,0.0,0.0,0.0,,,1.0,,1.0,0.0
331,8162-H01-030-756914-260519,8162_H01,C_756914,8162,XD_8162_OH_CLEVELAND.YZER,FM,Customer,REG,Yzer LLC,YZER,2026-05-19 23:59:59,030,0.0,0.0,0.0,0.0,0.0,0.0,,,1.0,,1.0,1.0
332,8162-G09-002-289531-260519,8162_G09,C_289527,8162,XD_8162_OH_CLEVELAND.YZER,FM,Customer,REG,Yzer LLC,YZER,2026-05-19 23:59:59,002,0.0,0.0,0.0,0.0,0.0,0.0,,,1.0,,1.0,0.0
333,8162-H03-045-664113-260513,8162_H03,C_664113,8162,XD_8162_OH_CLEVELAND.YZER,FM,Customer,REG,Yzer LLC,YZER,2026-05-13 23:59:59,045,0.0,0.0,0.0,0.0,0.0,0.0,,,1.0,,1.0,1.0
334,8162-G01-005-244545-260511,8162_G01,C_436015,8162,XD_8162_OH_CLEVELAND.YZER,FM,Customer,REG,Yzer LLC,YZER,2026-05-11 23:59:59,005,0.0,0.0,0.0,0.0,0.0,0.0,,,1.0,,1.0,0.0
335,8163-G03-015-864840-260508,8163_G03,C_864840,8162,XD_8162_OH_CLEVELAND.YZER,FM,Customer,REG,Yzer LLC,YZER,2026-05-08 23:59:59,015,0.0,0.0,0.0,0.0,0.0,0.0,,,1.0,,1.0,0.0
336,Z-3587550,8162_G03,,8162,XD_8162_OH_CLEVELAND.YZER,RC,Route Chrg,REG,Yzer LLC,YZER,2026-05-12 23:59:59,000,374.32,0.0,374.32,338.0,24.49,11.83,,,,,1.0,1.0
337,8162-G03-035-777727-260520,8162_G03,C_777727,8162,XD_8162_OH_CLEVELAND.YZER,FM,Customer,REG,Yzer LLC,YZER,2026-05-20 23:59:59,035,0.0,0.0,0.0,0.0,0.0,0.0,,,1.0,,1.0,1.0
338,8162-G06-015-151562-260520,8162_G06,C_065363,8162,XD_8162_OH_CLEVELAND.YZER,FM,Customer,REG,Yzer LLC,YZER,2026-05-20 23:59:59,015,0.0,0.0,0.0,0.0,0.0,0.0,,,1.0,,1.0,0.0
339,8162-H01-025-806927-260520,8162_H01,C_806927,8162,XD_8162_OH_CLEVELAND.YZER,FM,Customer,REG,Yzer LLC,YZER,2026-05-20 23:59:59,025,0.0,0.0,0.0,0.0,0.0,0.0,,,1.0,,1.0,1.0
340,8162-H01-020-446373-260520,8162_H01,C_446373,8162,XD_8162_OH_CLEVELAND.YZER,FM,Customer,REG,Yzer LLC,YZER,2026-05-20 23:59:59,020,0.0,0.0,0.0,0.0,0.0,0.0,,,1.0,,1.0,1.0
341,8163-G01-005-436015-260520,8163_G01,C_436015,8162,XD_8162_OH_CLEVELAND.YZER,FM,Customer,REG,Yzer LLC,YZER,2026-05-20 23:59:59,005,0.0,0.0,0.0,0.0,0.0,0.0,,,1.0,,1.0,0.0
342,Z-3608147,8162_G05,,8162,XD_8162_OH_CLEVELAND.YZER,RC,Route Chrg,REG,Yzer LLC,YZER,2026-05-19 23:59:59,000,338.24,0.0,338.24,304.0,23.6,10.64,,,,,1.0,1.0
343,8162-G09-058-753911-260506,8162_G09,C_753911,8162,XD_8162_OH_CLEVELAND.YZER,FM,Customer,REG,Yzer LLC,YZER,2026-05-06 23:59:59,058,0.0,0.0,0.0,0.0,0.0,0.0,,,1.0,,1.0,1.0
344,8162-H01-040-093505-260521,8162_H01,C_093505,8162,XD_8162_OH_CLEVELAND.YZER,FM,Customer,REG,Yzer LLC,YZER,2026-05-21 23:59:59,040,0.0,0.0,0.0,0.0,0.0,0.0,,,1.0,,1.0,1.0
345,8162-G03-010-223285-260506,8162_G03,C_223285,8162,XD_8162_OH_CLEVELAND.YZER,FM,Customer,REG,Yzer LLC,YZER,2026-05-06 23:59:59,010,0.0,0.0,0.0,0.0,0.0,0.0,,,1.0,,1.0,0.0
346,8162-H05-035-259008-260512,8162_H05,C_259008,8162,XD_8162_OH_CLEVELAND.YZER,FM,Customer,REG,Yzer LLC,YZER,2026-05-12 23:59:59,035,0.0,0.0,0.0,0.0,0.0,0.0,,,1.0,,1.0,1.0
347,8162-H03-015-133964-260521,8162_H03,C_133964,8162,XD_8162_OH_CLEVELAND.YZER,FM,Customer,REG,Yzer LLC,YZER,2026-05-21 23:59:59,015,0.0,0.0,0.0,0.0,0.0,0.0,,,1.0,,1.0,1.0
348,8162-G05-045-237260-260521,8162_G05,C_245718,8162,XD_8162_OH_CLEVELAND.YZER,FM,Customer,REG,Yzer LLC,YZER,2026-05-21 23:59:59,045,0.0,0.0,0.0,0.0,0.0,0.0,,,1.0,,1.0,0.0
349,8162-H04-025-349314-260521,8162_H04,C_349314,8162,XD_8162_OH_CLEVELAND.YZER,FM,Customer,REG,Yzer LLC,YZER,2026-05-21 23:59:59,025,0.0,0.0,0.0,0.0,0.0,0.0,,,1.0,,1.0,1.0
350,8162-H06-035-419882-260512,8162_H06,C_815793,8162,XD_8162_OH_CLEVELAND.YZER,FM,Customer,REG,Yzer LLC,YZER,2026-05-12 23:59:59,035,0.0,0.0,0.0,0.0,0.0,0.0,,,1.0,,1.0,1.0
351,8162-G06-020-230842-260521,8162_G06,C_133946,8162,XD_8162_OH_CLEVELAND.YZER,FM,Customer,REG,Yzer LLC,YZER,2026-05-21 23:59:59,020,0.0,0.0,0.0,0.0,0.0,0.0,,,1.0,,1.0,1.0
352,8162-H02-015-134622-260512,8162_H02,C_134622,8162,XD_8162_OH_CLEVELAND.YZER,FM,Customer,REG,Yzer LLC,YZER,2026-05-12 23:59:59,015,0.0,0.0,0.0,0.0,0.0,0.0,,,1.0,,1.0,1.0
353,8162-H05-035-259008-260521,8162_H05,C_259008,8162,XD_8162_OH_CLEVELAND.YZER,FM,Customer,REG,Yzer LLC,YZER,2026-05-21 23:59:59,035,0.0,0.0,0.0,0.0,0.0,0.0,,,1.0,,1.0,1.0
354,8163-G03-005-892996-260522,8163_G03,C_810447,8162,XD_8162_OH_CLEVELAND.YZER,FM,Customer,REG,Yzer LLC,YZER,2026-05-22 23:59:59,005,0.0,0.0,0.0,0.0,0.0,0.0,,,1.0,,1.0,0.0
355,8162-G07-060-134966-260511,8162_G07,C_134966,8162,XD_8162_OH_CLEVELAND.YZER,FM,Customer,REG,Yzer LLC,YZER,2026-05-11 23:59:59,060,0.0,0.0,0.0,0.0,0.0,0.0,,,1.0,,1.0,1.0
356,8162-G07-010-134526-260526,8162_G07,C_134526,8162,XD_8162_OH_CLEVELAND.YZER,FM,Customer,REG,Yzer LLC,YZER,2026-05-26 23:59:59,010,0.0,0.0,0.0,0.0,0.0,0.0,,,1.0,,1.0,1.0
357,8162-H06-010-151570-260526,8162_H06,C_151568,8162,XD_8162_OH_CLEVELAND.YZER,FM,Customer,REG,Yzer LLC,YZER,2026-05-26 23:59:59,010,0.0,0.0,0.0,0.0,0.0,0.0,,,1.0,,1.0,1.0
358,8162-H01-020-446373-260522,8162_H01,C_446373,8162,XD_8162_OH_CLEVELAND.YZER,FM,Customer,REG,Yzer LLC,YZER,2026-05-22 23:59:59,020,0.0,0.0,0.0,0.0,0.0,0.0,,,1.0,,1.0,1.0
359,8162-G09-002-289527-260512,8162_G09,C_289527,8162,XD_8162_OH_CLEVELAND.YZER,FM,Customer,REG,Yzer LLC,YZER,2026-05-12 23:59:59,002,0.0,0.0,0.0,0.0,0.0,0.0,,,1.0,,1.0,0.0
360,8163-G07-005-589418-260522,8163_G07,C_599132,8162,XD_8162_OH_CLEVELAND.YZER,FM,Customer,REG,Yzer LLC,YZER,2026-05-22 23:59:59,005,0.0,0.0,0.0,0.0,0.0,0.0,,,1.0,,1.0,0.0
361,8163-GX0-004-960596-260522,8163_GX0,C_464241,8162,XD_8162_OH_CLEVELAND.YZER,FM,Customer,REG,Yzer LLC,YZER,2026-05-22 23:59:59,004,0.0,0.0,0.0,0.0,0.0,0.0,,,1.0,,1.0,0.0
362,8162-H06-020-245725-260508,8162_H06,C_717269,8162,XD_8162_OH_CLEVELAND.YZER,FM,Customer,REG,Yzer LLC,YZER,2026-05-08 23:59:59,020,0.0,0.0,0.0,0.0,0.0,0.0,,,1.0,,1.0,0.0
363,8162-H06-020-431206-260513,8162_H06,C_717269,8162,XD_8162_OH_CLEVELAND.YZER,FM,Customer,REG,Yzer LLC,YZER,2026-05-13 23:59:59,020,0.0,0.0,0.0,0.0,0.0,0.0,,,1.0,,1.0,0.0
364,Z-3592625,8162_H03,,8162,XD_8162_OH_CLEVELAND.YZER,RC,Route Chrg,REG,Yzer LLC,YZER,2026-05-13 23:59:59,000,301.53,0.0,301.53,271.0,21.04,9.49,,,,,1.0,1.0
365,8162-H05-005-224273-260526,8162_H05,C_224273,8162,XD_8162_OH_CLEVELAND.YZER,FM,Customer,REG,Yzer LLC,YZER,2026-05-26 23:59:59,005,0.0,0.0,0.0,0.0,0.0,0.0,,,1.0,,1.0,0.0
366,8162-G04-005-679719-260522,8162_G04,C_712383,8162,XD_8162_OH_CLEVELAND.YZER,FM,Customer,REG,Yzer LLC,YZER,2026-05-22 23:59:59,005,0.0,0.0,0.0,0.0,0.0,0.0,,,1.0,,1.0,1.0
367,8162-G03-015-584757-260522,8162_G03,C_864840,8162,XD_8162_OH_CLEVELAND.YZER,FM,Customer,REG,Yzer LLC,YZER,2026-05-22 23:59:59,015,0.0,0.0,0.0,0.0,0.0,0.0,,,1.0,,1.0,1.0
368,8162-G02-020-096440-260519,8162_G02,C_598488,8162,XD_8162_OH_CLEVELAND.YZER,FM,Customer,REG,Yzer LLC,YZER,2026-05-19 23:59:59,020,0.0,0.0,0.0,0.0,0.0,0.0,,,1.0,,1.0,0.0
369,8162-G07-042-339737-260512,8162_G07,C_905014,8162,XD_8162_OH_CLEVELAND.YZER,FM,Customer,REG,Yzer LLC,YZER,2026-05-12 23:59:59,042,0.0,0.0,0.0,0.0,0.0,0.0,,,1.0,,1.0,0.0
370,8162-G04-035-444588-260519,8162_G04,C_444588,8162,XD_8162_OH_CLEVELAND.YZER,FM,Customer,REG,Yzer LLC,YZER,2026-05-19 23:59:59,035,0.0,0.0,0.0,0.0,0.0,0.0,,,1.0,,1.0,1.0
371,8162-H06-010-151578-260519,8162_H06,C_151568,8162,XD_8162_OH_CLEVELAND.YZER,FM,Customer,REG,Yzer LLC,YZER,2026-05-19 23:59:59,010,0.0,0.0,0.0,0.0,0.0,0.0,,,1.0,,1.0,1.0
372,Z-3603665,8163_H03,,8162,XD_8162_OH_CLEVELAND.YZER,RC,Route Chrg,REG,Yzer LLC,YZER,2026-05-18 23:59:59,000,0.0,0.0,0.0,0.0,0.0,0.0,,,,,1.0,1.0
373,8162-G03-005-892996-260514,8162_G03,C_810447,8162,XD_8162_OH_CLEVELAND.YZER,FM,Customer,REG,Yzer LLC,YZER,2026-05-14 23:59:59,005,0.0,0.0,0.0,0.0,0.0,0.0,,,1.0,,1.0,1.0
374,8162-H04-030-770700-260507,8162_H04,C_993260,8162,XD_8162_OH_CLEVELAND.YZER,FM,Customer,REG,Yzer LLC,YZER,2026-05-07 23:59:59,030,0.0,0.0,0.0,0.0,0.0,0.0,,,1.0,,1.0,1.0
375,8162-G02-010-433278-260514,8162_G02,C_433278,8162,XD_8162_OH_CLEVELAND.YZER,FM,Customer,REG,Yzer LLC,YZER,2026-05-14 23:59:59,010,0.0,0.0,0.0,0.0,0.0,0.0,,,1.0,,1.0,1.0
376,8162-H02-040-407917-260520,8162_H02,C_407917,8162,XD_8162_OH_CLEVELAND.YZER,FM,Customer,REG,Yzer LLC,YZER,2026-05-20 23:59:59,040,0.0,0.0,0.0,0.0,0.0,0.0,,,1.0,,1.0,1.0
377,8162-G05-030-610134-260520,8162_G05,C_610134,8162,XD_8162_OH_CLEVELAND.YZER,FM,Customer,REG,Yzer LLC,YZER,2026-05-20 23:59:59,030,0.0,0.0,0.0,0.0,0.0,0.0,,,1.0,,1.0,0.0
378,8162-G04-035-444588-260520,8162_G04,C_444588,8162,XD_8162_OH_CLEVELAND.YZER,FM,Customer,REG,Yzer LLC,YZER,2026-05-20 23:59:59,035,0.0,0.0,0.0,0.0,0.0,0.0,,,1.0,,1.0,1.0
379,8162-H06-020-431206-260520,8162_H06,C_717269,8162,XD_8162_OH_CLEVELAND.YZER,FM,Customer,REG,Yzer LLC,YZER,2026-05-20 23:59:59,020,0.0,0.0,0.0,0.0,0.0,0.0,,,1.0,,1.0,0.0
380,8162-H01-045-924410-260520,8162_H01,C_924410,8162,XD_8162_OH_CLEVELAND.YZER,FM,Customer,REG,Yzer LLC,YZER,2026-05-20 23:59:59,045,0.0,0.0,0.0,0.0,0.0,0.0,,,1.0,,1.0,1.0
381,8163-G06-026-289530-260520,8163_G06,C_289522,8162,XD_8162_OH_CLEVELAND.YZER,FM,Customer,REG,Yzer LLC,YZER,2026-05-20 23:59:59,026,0.0,0.0,0.0,0.0,0.0,0.0,,,1.0,,1.0,0.0
382,8162-H01-060-807917-260520,8162_H01,C_807917,8162,XD_8162_OH_CLEVELAND.YZER,FM,Customer,REG,Yzer LLC,YZER,2026-05-20 23:59:59,060,0.0,0.0,0.0,0.0,0.0,0.0,,,1.0,,1.0,1.0
383,8162-G05-045-280562-260520,8162_G05,C_245718,8162,XD_8162_OH_CLEVELAND.YZER,FM,Customer,REG,Yzer LLC,YZER,2026-05-20 23:59:59,045,0.0,0.0,0.0,0.0,0.0,0.0,,,1.0,,1.0,1.0
384,8162-H03-045-664113-260508,8162_H03,C_664113,8162,XD_8162_OH_CLEVELAND.YZER,FM,Customer,REG,Yzer LLC,YZER,2026-05-08 23:59:59,045,0.0,0.0,0.0,0.0,0.0,0.0,,,1.0,,1.0,1.0
385,Z-3613235,8163_GX0,,8162,XD_8162_OH_CLEVELAND.YZER,RC,Route Chrg,REG,Yzer LLC,YZER,2026-05-20 23:59:59,000,0.0,0.0,0.0,0.0,0.0,0.0,,,,,1.0,1.0
386,8162-G06-025-289522-260514,8162_G06,C_289522,8162,XD_8162_OH_CLEVELAND.YZER,FM,Customer,REG,Yzer LLC,YZER,2026-05-14 23:59:59,025,0.0,0.0,0.0,0.0,0.0,0.0,,,1.0,,1.0,1.0
387,8162-H03-050-442084-260521,8162_H03,C_442084,8162,XD_8162_OH_CLEVELAND.YZER,FM,Customer,REG,Yzer LLC,YZER,2026-05-21 23:59:59,050,0.0,0.0,0.0,0.0,0.0,0.0,,,1.0,,1.0,1.0
388,8162-G03-010-223285-260521,8162_G03,C_223285,8162,XD_8162_OH_CLEVELAND.YZER,FM,Customer,REG,Yzer LLC,YZER,2026-05-21 23:59:59,010,0.0,0.0,0.0,0.0,0.0,0.0,,,1.0,,1.0,0.0
389,Z-3580246,8162_H04,,8162,XD_8162_OH_CLEVELAND.YZER,RC,Route Chrg,REG,Yzer LLC,YZER,2026-05-08 23:59:59,000,271.33,0.0,271.33,245.0,17.75,8.58,,,,,1.0,1.0
390,8162-H02-040-407917-260521,8162_H02,C_407917,8162,XD_8162_OH_CLEVELAND.YZER,FM,Customer,REG,Yzer LLC,YZER,2026-05-21 23:59:59,040,0.0,0.0,0.0,0.0,0.0,0.0,,,1.0,,1.0,1.0
391,8162-G03-005-723011-260512,8162_G03,C_810447,8162,XD_8162_OH_CLEVELAND.YZER,FM,Customer,REG,Yzer LLC,YZER,2026-05-12 23:59:59,005,0.0,0.0,0.0,0.0,0.0,0.0,,,1.0,,1.0,0.0
392,8162-H06-015-162621-260512,8162_H06,C_433600,8162,XD_8162_OH_CLEVELAND.YZER,FM,Customer,REG,Yzer LLC,YZER,2026-05-12 23:59:59,015,0.0,0.0,0.0,0.0,0.0,0.0,,,1.0,,1.0,0.0
393,8162-G09-035-034804-260521,8162_G09,C_905119,8162,XD_8162_OH_CLEVELAND.YZER,FM,Customer,REG,Yzer LLC,YZER,2026-05-21 23:59:59,035,0.0,0.0,0.0,0.0,0.0,0.0,,,1.0,,1.0,1.0
394,8162-G01-020-443013-260521,8162_G01,C_890860,8162,XD_8162_OH_CLEVELAND.YZER,FM,Customer,REG,Yzer LLC,YZER,2026-05-21 23:59:59,020,0.0,0.0,0.0,0.0,0.0,0.0,,,1.0,,1.0,0.0
395,8162-H01-010-446212-260521,8162_H01,C_446212,8162,XD_8162_OH_CLEVELAND.YZER,FM,Customer,REG,Yzer LLC,YZER,2026-05-21 23:59:59,010,0.0,0.0,0.0,0.0,0.0,0.0,,,1.0,,1.0,1.0
396,8162-H01-050-362140-260512,8162_H01,C_362140,8162,XD_8162_OH_CLEVELAND.YZER,FM,Customer,REG,Yzer LLC,YZER,2026-05-12 23:59:59,050,0.0,0.0,0.0,0.0,0.0,0.0,,,1.0,,1.0,1.0
397,8162-H06-005-893003-260526,8162_H06,C_905176,8162,XD_8162_OH_CLEVELAND.YZER,FM,Customer,REG,Yzer LLC,YZER,2026-05-26 23:59:59,005,0.0,0.0,0.0,0.0,0.0,0.0,,,1.0,,1.0,0.0
398,Z-3580237,8162_G09,,8162,XD_8162_OH_CLEVELAND.YZER,RC,Route Chrg,REG,Yzer LLC,YZER,2026-05-08 23:59:59,000,276.86,0.0,276.86,250.0,18.11,8.75,,,,,1.0,1.0
399,Z-3615937,8162_G05,,8162,XD_8162_OH_CLEVELAND.YZER,RC,Route Chrg,REG,Yzer LLC,YZER,2026-05-21 23:59:59,000,336.66,0.0,336.66,304.0,22.02,10.64,,,,,1.0,1.0
400,8162-G02-040-244530-260508,8162_G02,C_017375,8162,XD_8162_OH_CLEVELAND.YZER,FM,Customer,REG,Yzer LLC,YZER,2026-05-08 23:59:59,040,0.0,0.0,0.0,0.0,0.0,0.0,,,1.0,,1.0,1.0
401,8162-H01-050-362140-260513,8162_H01,C_362140,8162,XD_8162_OH_CLEVELAND.YZER,FM,Customer,REG,Yzer LLC,YZER,2026-05-13 23:59:59,050,0.0,0.0,0.0,0.0,0.0,0.0,,,1.0,,1.0,1.0
402,Z-3620692,8162_GX0,,8162,XD_8162_OH_CLEVELAND.YZER,RC,Route Chrg,REG,Yzer LLC,YZER,2026-05-22 23:59:59,000,0.0,0.0,0.0,0.0,0.0,0.0,,,,,1.0,1.0
403,8162-G09-017-444117-260526,8162_G09,C_444117,8162,XD_8162_OH_CLEVELAND.YZER,FM,Customer,REG,Yzer LLC,YZER,2026-05-26 23:59:59,017,0.0,0.0,0.0,0.0,0.0,0.0,,,1.0,,1.0,1.0
404,8162-H06-015-415508-260522,8162_H06,C_433600,8162,XD_8162_OH_CLEVELAND.YZER,FM,Customer,REG,Yzer LLC,YZER,2026-05-22 23:59:59,015,0.0,0.0,0.0,0.0,0.0,0.0,,,1.0,,1.0,0.0
405,8162-G01-030-217734-260514,8162_G01,C_217734,8162,XD_8162_OH_CLEVELAND.YZER,FM,Customer,REG,Yzer LLC,YZER,2026-05-14 23:59:59,030,0.0,0.0,0.0,0.0,0.0,0.0,,,1.0,,1.0,1.0
406,8163-G03-005-070610-260512,8163_G03,C_810447,8162,XD_8162_OH_CLEVELAND.YZER,FM,Customer,REG,Yzer LLC,YZER,2026-05-12 23:59:59,005,0.0,0.0,0.0,0.0,0.0,0.0,,,1.0,,1.0,0.0
407,8162-G09-001-289513-260526,8162_G09,C_289513,8162,XD_8162_OH_CLEVELAND.YZER,FM,Customer,REG,Yzer LLC,YZER,2026-05-26 23:59:59,001,0.0,0.0,0.0,0.0,0.0,0.0,,,1.0,,1.0,1.0
408,8162-G04-035-444588-260522,8162_G04,C_444588,8162,XD_8162_OH_CLEVELAND.YZER,FM,Customer,REG,Yzer LLC,YZER,2026-05-22 23:59:59,035,0.0,0.0,0.0,0.0,0.0,0.0,,,1.0,,1.0,1.0
409,8162-H02-045-624058-260522,8162_H02,C_624058,8162,XD_8162_OH_CLEVELAND.YZER,FM,Customer,REG,Yzer LLC,YZER,2026-05-22 23:59:59,045,0.0,0.0,0.0,0.0,0.0,0.0,,,1.0,,1.0,1.0
410,8163-G02-005-714075-260522,8163_G02,C_713914,8162,XD_8162_OH_CLEVELAND.YZER,FM,Customer,REG,Yzer LLC,YZER,2026-05-22 23:59:59,005,0.0,0.0,0.0,0.0,0.0,0.0,,,1.0,,1.0,0.0
411,Z-3577856,8163_G05,,8162,XD_8162_OH_CLEVELAND.YZER,RC,Route Chrg,REG,Yzer LLC,YZER,2026-05-07 23:59:59,000,,0.0,,,0.0,,7.0,15.0,7.0,15.0,1.0,1.0
412,Z-3571105,8163_G09,,8162,XD_8162_OH_CLEVELAND.YZER,RC,Route Chrg,REG,Yzer LLC,YZER,2026-05-06 23:59:59,000,,0.0,,,0.0,,9.0,27.0,9.0,27.0,1.0,1.0
413,Z-3563288,8163_G04,,8162,XD_8162_OH_CLEVELAND.YZER,RC,Route Chrg,REG,Yzer LLC,YZER,2026-05-04 23:59:59,000,,0.0,,,0.0,,6.0,18.0,6.0,18.0,1.0,1.0
414,Z-3563088,8163_H05,,8162,XD_8162_OH_CLEVELAND.YZER,RC,Route Chrg,REG,Yzer LLC,YZER,2026-05-04 23:59:59,000,,0.0,,,0.0,,8.0,28.0,8.0,28.0,1.0,1.0
415,Z-3559512,8163_G07,,8162,XD_8162_OH_CLEVELAND.YZER,RC,Route Chrg,REG,Yzer LLC,YZER,2026-05-01 23:59:59,000,,0.0,,,0.0,,8.0,15.0,8.0,15.0,1.0,1.0
416,8162-G07-005-386053-260505,8162_G07,C_599132,8162,XD_8162_OH_CLEVELAND.YZER,FM,Customer,REG,Yzer LLC,YZER,2026-05-05 23:59:59,005,0.0,0.0,0.0,0.0,0.0,0.0,,,1.0,,1.0,0.0
417,Z-3559605,8162_H02,,8162,XD_8162_OH_CLEVELAND.YZER,RC,Route Chrg,REG,Yzer LLC,YZER,2026-05-01 23:59:59,000,325.13,0.0,325.13,283.0,32.22,9.91,,,,,1.0,1.0
418,8162-G01-035-390526-260504,8162_G01,C_390526,8162,XD_8162_OH_CLEVELAND.YZER,FM,Customer,REG,Yzer LLC,YZER,2026-05-04 23:59:59,035,0.0,0.0,0.0,0.0,0.0,0.0,,,1.0,,1.0,1.0
419,8162-H02-035-340423-260505,8162_H02,C_340423,8162,XD_8162_OH_CLEVELAND.YZER,FM,Customer,REG,Yzer LLC,YZER,2026-05-05 23:59:59,035,0.0,0.0,0.0,0.0,0.0,0.0,,,1.0,,1.0,1.0
420,Z-3583709,8163_G01,,8162,XD_8162_OH_CLEVELAND.YZER,RC,Route Chrg,REG,Yzer LLC,YZER,2026-05-11 23:59:59,000,,0.0,,,0.0,,5.0,26.0,5.0,26.0,1.0,1.0
421,Z-3587681,8163_G09,,8162,XD_8162_OH_CLEVELAND.YZER,RC,Route Chrg,REG,Yzer LLC,YZER,2026-05-12 23:59:59,000,,0.0,,,0.0,,8.0,27.0,8.0,27.0,1.0,1.0
422,8162-G07-005-050649-260505,8162_G07,C_599132,8162,XD_8162_OH_CLEVELAND.YZER,FM,Customer,REG,Yzer LLC,YZER,2026-05-05 23:59:59,005,0.0,0.0,0.0,0.0,0.0,0.0,,,1.0,,1.0,1.0
423,Z-3613082,8163_G09,,8162,XD_8162_OH_CLEVELAND.YZER,RC,Route Chrg,REG,Yzer LLC,YZER,2026-05-20 23:59:59,000,,0.0,,,0.0,,8.0,24.0,8.0,24.0,1.0,1.0
424,Z-3621501,8163_GX4,,8162,XD_8162_OH_CLEVELAND.YZER,RC,Route Chrg,REG,Yzer LLC,YZER,2026-05-22 23:59:59,000,,0.0,,,0.0,,1.0,1.0,1.0,1.0,1.0,1.0
425,8162-G07-020-235209-260505,8162_G07,C_235209,8162,XD_8162_OH_CLEVELAND.YZER,FM,Customer,REG,Yzer LLC,YZER,2026-05-05 23:59:59,020,0.0,0.0,0.0,0.0,0.0,0.0,,,1.0,,1.0,1.0
426,Z-3616190,8163_G02,,8162,XD_8162_OH_CLEVELAND.YZER,RC,Route Chrg,REG,Yzer LLC,YZER,2026-05-21 23:59:59,000,,0.0,,,0.0,,6.0,185.0,6.0,185.0,1.0,1.0
427,Z-3608234,8162_GX4,,8162,XD_8162_OH_CLEVELAND.YZER,RC,Route Chrg,REG,Yzer LLC,YZER,2026-05-19 23:59:59,000,,0.0,,,0.0,,1.0,6.0,1.0,6.0,1.0,1.0
428,8162-H06-005-905176-260505,8162_H06,C_905176,8162,XD_8162_OH_CLEVELAND.YZER,FM,Customer,REG,Yzer LLC,YZER,2026-05-05 23:59:59,005,0.0,0.0,0.0,0.0,0.0,0.0,,,1.0,,1.0,1.0
429,Z-3631978,8162_HX5,,8162,XD_8162_OH_CLEVELAND.YZER,RC,Route Chrg,REG,Yzer LLC,YZER,2026-05-28 23:59:59,000,0.0,0.0,0.0,0.0,0.0,0.0,,,,,1.0,1.0
430,Z-3636787,8163_H01,,8162,XD_8162_OH_CLEVELAND.YZER,RC,Route Chrg,REG,Yzer LLC,YZER,2026-05-29 23:59:59,000,0.0,0.0,0.0,0.0,0.0,0.0,,,,,1.0,1.0
431,210545282716,XD_8162_TopSide,,8162,XD_8162_OH_CLEVELAND.YZER,TS,Top Side,REG,Yzer LLC,YZER,2026-05-25 00:00:00,000,40317.08,40317.08,0.0,0.0,0.0,0.0,,,,,,0.0
432,8162-H01-060-807917-260527,8162_H01,C_807917,8162,XD_8162_OH_CLEVELAND.YZER,FM,Customer,REG,Yzer LLC,YZER,2026-05-27 23:59:59,060,0.0,0.0,0.0,0.0,0.0,0.0,,,1.0,,1.0,1.0
433,8162-H05-015-134985-260529,8162_H05,C_134985,8162,XD_8162_OH_CLEVELAND.YZER,FM,Customer,REG,Yzer LLC,YZER,2026-05-29 23:59:59,015,0.0,0.0,0.0,0.0,0.0,0.0,,,1.0,,1.0,1.0
434,8162-H01-020-446373-260528,8162_H01,C_446373,8162,XD_8162_OH_CLEVELAND.YZER,FM,Customer,REG,Yzer LLC,YZER,2026-05-28 23:59:59,020,0.0,0.0,0.0,0.0,0.0,0.0,,,1.0,,1.0,1.0
435,8162-G05-001-441221-260529,8162_G05,C_441221,8162,XD_8162_OH_CLEVELAND.YZER,FM,Customer,REG,Yzer LLC,YZER,2026-05-29 23:59:59,001,0.0,0.0,0.0,0.0,0.0,0.0,,,1.0,,1.0,1.0
436,8162-G03-020-667610-260526,8162_G03,C_667610,8162,XD_8162_OH_CLEVELAND.YZER,FM,Customer,REG,Yzer LLC,YZER,2026-05-26 23:59:59,020,0.0,0.0,0.0,0.0,0.0,0.0,,,1.0,,1.0,1.0
437,8162-G06-020-133946-260527,8162_G06,C_133946,8162,XD_8162_OH_CLEVELAND.YZER,FM,Customer,REG,Yzer LLC,YZER,2026-05-27 23:59:59,020,0.0,0.0,0.0,0.0,0.0,0.0,,,1.0,,1.0,1.0
438,8163-G02-005-071322-260528,8163_G02,C_713914,8162,XD_8162_OH_CLEVELAND.YZER,FM,Customer,REG,Yzer LLC,YZER,2026-05-28 23:59:59,005,0.0,0.0,0.0,0.0,0.0,0.0,,,1.0,,1.0,0.0
439,8162-H02-040-407917-260527,8162_H02,C_407917,8162,XD_8162_OH_CLEVELAND.YZER,FM,Customer,REG,Yzer LLC,YZER,2026-05-27 23:59:59,040,0.0,0.0,0.0,0.0,0.0,0.0,,,1.0,,1.0,1.0
440,8162-H04-020-274850-260529,8162_H04,C_274850,8162,XD_8162_OH_CLEVELAND.YZER,FM,Customer,REG,Yzer LLC,YZER,2026-05-29 23:59:59,020,0.0,0.0,0.0,0.0,0.0,0.0,,,1.0,,1.0,1.0
441,8162-G02-020-096440-260527,8162_G02,C_598488,8162,XD_8162_OH_CLEVELAND.YZER,FM,Customer,REG,Yzer LLC,YZER,2026-05-27 23:59:59,020,0.0,0.0,0.0,0.0,0.0,0.0,,,1.0,,1.0,0.0
442,Z-3624571,8162_G03,,8162,XD_8162_OH_CLEVELAND.YZER,RC,Route Chrg,REG,Yzer LLC,YZER,2026-05-26 23:59:59,000,374.32,0.0,374.32,338.0,24.49,11.83,,,,,1.0,1.0
443,Z-3624450,8162_H03,,8162,XD_8162_OH_CLEVELAND.YZER,RC,Route Chrg,REG,Yzer LLC,YZER,2026-05-26 23:59:59,000,300.12,0.0,300.12,271.0,19.63,9.49,,,,,1.0,1.0
444,8162-G07-020-235209-260529,8162_G07,C_235209,8162,XD_8162_OH_CLEVELAND.YZER,FM,Customer,REG,Yzer LLC,YZER,2026-05-29 23:59:59,020,0.0,0.0,0.0,0.0,0.0,0.0,,,1.0,,1.0,1.0
445,8162-H05-060-446021-260529,8162_H05,C_446021,8162,XD_8162_OH_CLEVELAND.YZER,FM,Customer,REG,Yzer LLC,YZER,2026-05-29 23:59:59,060,0.0,0.0,0.0,0.0,0.0,0.0,,,1.0,,1.0,1.0
446,8162-H02-055-195053-260529,8162_H02,C_195053,8162,XD_8162_OH_CLEVELAND.YZER,FM,Customer,REG,Yzer LLC,YZER,2026-05-29 23:59:59,055,0.0,0.0,0.0,0.0,0.0,0.0,,,1.0,,1.0,1.0
447,8162-G05-005-221190-260528,8162_G05,C_441221,8162,XD_8162_OH_CLEVELAND.YZER,FM,Customer,REG,Yzer LLC,YZER,2026-05-28 23:59:59,005,0.0,0.0,0.0,0.0,0.0,0.0,,,1.0,,1.0,0.0
448,8162-G06-026-289530-260528,8162_G06,C_289522,8162,XD_8162_OH_CLEVELAND.YZER,FM,Customer,REG,Yzer LLC,YZER,2026-05-28 23:59:59,026,0.0,0.0,0.0,0.0,0.0,0.0,,,1.0,,1.0,0.0
449,8163-G06-026-289530-260527,8163_G06,C_289522,8162,XD_8162_OH_CLEVELAND.YZER,FM,Customer,REG,Yzer LLC,YZER,2026-05-27 23:59:59,026,0.0,0.0,0.0,0.0,0.0,0.0,,,1.0,,1.0,0.0
450,8162-G05-002-642013-260526,8162_G05,C_219681,8162,XD_8162_OH_CLEVELAND.YZER,FM,Customer,REG,Yzer LLC,YZER,2026-05-26 23:59:59,002,0.0,0.0,0.0,0.0,0.0,0.0,,,1.0,,1.0,0.0
451,8163-G05-005-221190-260528,8163_G05,C_441221,8162,XD_8162_OH_CLEVELAND.YZER,FM,Customer,REG,Yzer LLC,YZER,2026-05-28 23:59:59,005,0.0,0.0,0.0,0.0,0.0,0.0,,,1.0,,1.0,0.0
452,8162-H01-035-865326-260527,8162_H01,C_865326,8162,XD_8162_OH_CLEVELAND.YZER,FM,Customer,REG,Yzer LLC,YZER,2026-05-27 23:59:59,035,0.0,0.0,0.0,0.0,0.0,0.0,,,1.0,,1.0,1.0
453,8162-H06-010-151574-260528,8162_H06,C_151568,8162,XD_8162_OH_CLEVELAND.YZER,FM,Customer,REG,Yzer LLC,YZER,2026-05-28 23:59:59,010,0.0,0.0,0.0,0.0,0.0,0.0,,,1.0,,1.0,1.0
454,8162-G05-001-441221-260514,8162_G05,C_441221,8162,XD_8162_OH_CLEVELAND.YZER,FM,Customer,REG,Yzer LLC,YZER,2026-05-14 23:59:59,001,0.0,0.0,0.0,0.0,0.0,0.0,,,1.0,,1.0,0.0
455,Z-3587643,8162_G06,,8162,XD_8162_OH_CLEVELAND.YZER,RC,Route Chrg,REG,Yzer LLC,YZER,2026-05-12 23:59:59,000,382.08,0.0,382.08,345.0,25.0,12.08,,,,,1.0,1.0
456,8162-H03-050-442084-260513,8162_H03,C_442084,8162,XD_8162_OH_CLEVELAND.YZER,FM,Customer,REG,Yzer LLC,YZER,2026-05-13 23:59:59,050,0.0,0.0,0.0,0.0,0.0,0.0,,,1.0,,1.0,1.0
457,8162-G05-007-208840-260512,8162_G05,C_208840,8162,XD_8162_OH_CLEVELAND.YZER,FM,Customer,REG,Yzer LLC,YZER,2026-05-12 23:59:59,007,0.0,0.0,0.0,0.0,0.0,0.0,,,1.0,,1.0,0.0
458,8162-H04-035-134185-260514,8162_H04,C_134185,8162,XD_8162_OH_CLEVELAND.YZER,FM,Customer,REG,Yzer LLC,YZER,2026-05-14 23:59:59,035,0.0,0.0,0.0,0.0,0.0,0.0,,,1.0,,1.0,1.0
459,8162-G01-040-099634-260512,8162_G01,C_099634,8162,XD_8162_OH_CLEVELAND.YZER,FM,Customer,REG,Yzer LLC,YZER,2026-05-12 23:59:59,040,0.0,0.0,0.0,0.0,0.0,0.0,,,1.0,,1.0,1.0
460,8162-H06-005-893003-260514,8162_H06,C_905176,8162,XD_8162_OH_CLEVELAND.YZER,FM,Customer,REG,Yzer LLC,YZER,2026-05-14 23:59:59,005,0.0,0.0,0.0,0.0,0.0,0.0,,,1.0,,1.0,0.0
461,8162-H05-035-259008-260511,8162_H05,C_259008,8162,XD_8162_OH_CLEVELAND.YZER,FM,Customer,REG,Yzer LLC,YZER,2026-05-11 23:59:59,035,0.0,0.0,0.0,0.0,0.0,0.0,,,1.0,,1.0,1.0
462,8163-G07-042-905014-260507,8163_G07,C_905014,8162,XD_8162_OH_CLEVELAND.YZER,FM,Customer,REG,Yzer LLC,YZER,2026-05-07 23:59:59,042,0.0,0.0,0.0,0.0,0.0,0.0,,,1.0,,1.0,0.0
463,8162-G06-010-151559-260508,8162_G06,C_151558,8162,XD_8162_OH_CLEVELAND.YZER,FM,Customer,REG,Yzer LLC,YZER,2026-05-08 23:59:59,010,0.0,0.0,0.0,0.0,0.0,0.0,,,1.0,,1.0,1.0
464,8162-H01-040-093505-260514,8162_H01,C_093505,8162,XD_8162_OH_CLEVELAND.YZER,FM,Customer,REG,Yzer LLC,YZER,2026-05-14 23:59:59,040,0.0,0.0,0.0,0.0,0.0,0.0,,,1.0,,1.0,1.0
465,8162-H02-045-624058-260507,8162_H02,C_624058,8162,XD_8162_OH_CLEVELAND.YZER,FM,Customer,REG,Yzer LLC,YZER,2026-05-07 23:59:59,045,0.0,0.0,0.0,0.0,0.0,0.0,,,1.0,,1.0,1.0
466,8162-H01-035-865326-260512,8162_H01,C_865326,8162,XD_8162_OH_CLEVELAND.YZER,FM,Customer,REG,Yzer LLC,YZER,2026-05-12 23:59:59,035,0.0,0.0,0.0,0.0,0.0,0.0,,,1.0,,1.0,1.0
467,8162-H01-040-093494-260508,8162_H01,C_093505,8162,XD_8162_OH_CLEVELAND.YZER,FM,Customer,REG,Yzer LLC,YZER,2026-05-08 23:59:59,040,0.0,0.0,0.0,0.0,0.0,0.0,,,1.0,,1.0,1.0
468,8162-H02-005-407839-260518,8162_H02,C_407839,8162,XD_8162_OH_CLEVELAND.YZER,FM,Customer,REG,Yzer LLC,YZER,2026-05-18 23:59:59,005,0.0,0.0,0.0,0.0,0.0,0.0,,,1.0,,1.0,1.0
469,8162-G06-025-289522-260515,8162_G06,C_289522,8162,XD_8162_OH_CLEVELAND.YZER,FM,Customer,REG,Yzer LLC,YZER,2026-05-15 23:59:59,025,0.0,0.0,0.0,0.0,0.0,0.0,,,1.0,,1.0,1.0
470,8162-H04-030-326949-260515,8162_H04,C_993260,8162,XD_8162_OH_CLEVELAND.YZER,FM,Customer,REG,Yzer LLC,YZER,2026-05-15 23:59:59,030,0.0,0.0,0.0,0.0,0.0,0.0,,,1.0,,1.0,1.0
471,8162-H06-020-717269-260515,8162_H06,C_717269,8162,XD_8162_OH_CLEVELAND.YZER,FM,Customer,REG,Yzer LLC,YZER,2026-05-15 23:59:59,020,0.0,0.0,0.0,0.0,0.0,0.0,,,1.0,,1.0,1.0
472,8162-G04-015-134184-260515,8162_G04,C_134184,8162,XD_8162_OH_CLEVELAND.YZER,FM,Customer,REG,Yzer LLC,YZER,2026-05-15 23:59:59,015,0.0,0.0,0.0,0.0,0.0,0.0,,,1.0,,1.0,1.0
473,Z-3600085,8162_H04,,8162,XD_8162_OH_CLEVELAND.YZER,RC,Route Chrg,REG,Yzer LLC,YZER,2026-05-15 23:59:59,000,272.6,0.0,272.6,245.0,19.02,8.58,,,,,1.0,1.0
474,8162-H04-010-146265-260518,8162_H04,C_146265,8162,XD_8162_OH_CLEVELAND.YZER,FM,Customer,REG,Yzer LLC,YZER,2026-05-18 23:59:59,010,0.0,0.0,0.0,0.0,0.0,0.0,,,1.0,,1.0,1.0
475,8162-H04-005-433761-260515,8162_H04,C_435532,8162,XD_8162_OH_CLEVELAND.YZER,FM,Customer,REG,Yzer LLC,YZER,2026-05-15 23:59:59,005,0.0,0.0,0.0,0.0,0.0,0.0,,,1.0,,1.0,1.0
476,8162-G05-045-237260-260515,8162_G05,C_245718,8162,XD_8162_OH_CLEVELAND.YZER,FM,Customer,REG,Yzer LLC,YZER,2026-05-15 23:59:59,045,0.0,0.0,0.0,0.0,0.0,0.0,,,1.0,,1.0,1.0
477,8162-G02-015-038361-260518,8162_G02,C_731867,8162,XD_8162_OH_CLEVELAND.YZER,FM,Customer,REG,Yzer LLC,YZER,2026-05-18 23:59:59,015,0.0,0.0,0.0,0.0,0.0,0.0,,,1.0,,1.0,0.0
478,8162-G01-005-718289-260515,8162_G01,C_436015,8162,XD_8162_OH_CLEVELAND.YZER,FM,Customer,REG,Yzer LLC,YZER,2026-05-15 23:59:59,005,0.0,0.0,0.0,0.0,0.0,0.0,,,1.0,,1.0,0.0
479,8162-G03-025-969803-260518,8162_G03,C_296317,8162,XD_8162_OH_CLEVELAND.YZER,FM,Customer,REG,Yzer LLC,YZER,2026-05-18 23:59:59,025,0.0,0.0,0.0,0.0,0.0,0.0,,,1.0,,1.0,1.0
480,8162-H03-050-442084-260515,8162_H03,C_442084,8162,XD_8162_OH_CLEVELAND.YZER,FM,Customer,REG,Yzer LLC,YZER,2026-05-15 23:59:59,050,0.0,0.0,0.0,0.0,0.0,0.0,,,1.0,,1.0,1.0
481,8162-H01-050-362140-260518,8162_H01,C_362140,8162,XD_8162_OH_CLEVELAND.YZER,FM,Customer,REG,Yzer LLC,YZER,2026-05-18 23:59:59,050,0.0,0.0,0.0,0.0,0.0,0.0,,,1.0,,1.0,1.0
482,8162-G06-025-289530-260506,8162_G06,C_289522,8162,XD_8162_OH_CLEVELAND.YZER,FM,Customer,REG,Yzer LLC,YZER,2026-05-06 23:59:59,025,0.0,0.0,0.0,0.0,0.0,0.0,,,1.0,,1.0,1.0
483,8162-G06-020-230842-260513,8162_G06,C_133946,8162,XD_8162_OH_CLEVELAND.YZER,FM,Customer,REG,Yzer LLC,YZER,2026-05-13 23:59:59,020,0.0,0.0,0.0,0.0,0.0,0.0,,,1.0,,1.0,1.0
484,8162-G04-005-679719-260511,8162_G04,C_712383,8162,XD_8162_OH_CLEVELAND.YZER,FM,Customer,REG,Yzer LLC,YZER,2026-05-11 23:59:59,005,0.0,0.0,0.0,0.0,0.0,0.0,,,1.0,,1.0,1.0
485,8162-G06-025-289522-260512,8162_G06,C_289522,8162,XD_8162_OH_CLEVELAND.YZER,FM,Customer,REG,Yzer LLC,YZER,2026-05-12 23:59:59,025,0.0,0.0,0.0,0.0,0.0,0.0,,,1.0,,1.0,1.0
486,8162-G05-006-224266-260507,8162_G05,C_061312,8162,XD_8162_OH_CLEVELAND.YZER,FM,Customer,REG,Yzer LLC,YZER,2026-05-07 23:59:59,006,0.0,0.0,0.0,0.0,0.0,0.0,,,1.0,,1.0,0.0
487,8162-H06-015-285193-260511,8162_H06,C_433600,8162,XD_8162_OH_CLEVELAND.YZER,FM,Customer,REG,Yzer LLC,YZER,2026-05-11 23:59:59,015,0.0,0.0,0.0,0.0,0.0,0.0,,,1.0,,1.0,0.0
488,Z-3580249,8162_H03,,8162,XD_8162_OH_CLEVELAND.YZER,RC,Route Chrg,REG,Yzer LLC,YZER,2026-05-08 23:59:59,000,300.12,0.0,300.12,271.0,19.63,9.49,,,,,1.0,1.0
489,8162-G06-025-280570-260507,8162_G06,C_289522,8162,XD_8162_OH_CLEVELAND.YZER,FM,Customer,REG,Yzer LLC,YZER,2026-05-07 23:59:59,025,0.0,0.0,0.0,0.0,0.0,0.0,,,1.0,,1.0,1.0
490,8162-G01-025-371496-260513,8162_G01,C_371496,8162,XD_8162_OH_CLEVELAND.YZER,FM,Customer,REG,Yzer LLC,YZER,2026-05-13 23:59:59,025,0.0,0.0,0.0,0.0,0.0,0.0,,,1.0,,1.0,1.0
491,8162-H02-040-407917-260512,8162_H02,C_407917,8162,XD_8162_OH_CLEVELAND.YZER,FM,Customer,REG,Yzer LLC,YZER,2026-05-12 23:59:59,040,0.0,0.0,0.0,0.0,0.0,0.0,,,1.0,,1.0,1.0
492,Z-3567581,8162_H02,,8162,XD_8162_OH_CLEVELAND.YZER,RC,Route Chrg,REG,Yzer LLC,YZER,2026-05-05 23:59:59,000,325.13,0.0,325.13,283.0,32.22,9.91,,,,,1.0,1.0
493,8162-G06-015-151562-260508,8162_G06,C_065363,8162,XD_8162_OH_CLEVELAND.YZER,FM,Customer,REG,Yzer LLC,YZER,2026-05-08 23:59:59,015,0.0,0.0,0.0,0.0,0.0,0.0,,,1.0,,1.0,0.0
494,8162-G05-035-414946-260506,8162_G05,C_414946,8162,XD_8162_OH_CLEVELAND.YZER,FM,Customer,REG,Yzer LLC,YZER,2026-05-06 23:59:59,035,0.0,0.0,0.0,0.0,0.0,0.0,,,1.0,,1.0,1.0
495,8162-G01-005-244545-260508,8162_G01,C_436015,8162,XD_8162_OH_CLEVELAND.YZER,FM,Customer,REG,Yzer LLC,YZER,2026-05-08 23:59:59,005,0.0,0.0,0.0,0.0,0.0,0.0,,,1.0,,1.0,0.0
496,8163-G02-045-209162-260512,8163_G02,C_209162,8162,XD_8162_OH_CLEVELAND.YZER,FM,Customer,REG,Yzer LLC,YZER,2026-05-12 23:59:59,045,0.0,0.0,0.0,0.0,0.0,0.0,,,1.0,,1.0,0.0
497,8162-G06-026-280570-260514,8162_G06,C_289522,8162,XD_8162_OH_CLEVELAND.YZER,FM,Customer,REG,Yzer LLC,YZER,2026-05-14 23:59:59,026,0.0,0.0,0.0,0.0,0.0,0.0,,,1.0,,1.0,0.0
498,8162-H03-005-160440-260514,8162_H03,C_160440,8162,XD_8162_OH_CLEVELAND.YZER,FM,Customer,REG,Yzer LLC,YZER,2026-05-14 23:59:59,005,0.0,0.0,0.0,0.0,0.0,0.0,,,1.0,,1.0,1.0
499,8162-G07-025-955410-260519,8162_G07,C_955410,8162,XD_8162_OH_CLEVELAND.YZER,FM,Customer,REG,Yzer LLC,YZER,2026-05-19 23:59:59,025,0.0,0.0,0.0,0.0,0.0,0.0,,,1.0,,1.0,1.0
500,8162-H04-005-893019-260519,8162_H04,C_435532,8162,XD_8162_OH_CLEVELAND.YZER,FM,Customer,REG,Yzer LLC,YZER,2026-05-19 23:59:59,005,0.0,0.0,0.0,0.0,0.0,0.0,,,1.0,,1.0,0.0
501,8162-G02-015-731867-260519,8162_G02,C_731867,8162,XD_8162_OH_CLEVELAND.YZER,FM,Customer,REG,Yzer LLC,YZER,2026-05-19 23:59:59,015,0.0,0.0,0.0,0.0,0.0,0.0,,,1.0,,1.0,1.0
502,8162-H03-025-339419-260520,8162_H03,C_339419,8162,XD_8162_OH_CLEVELAND.YZER,FM,Customer,REG,Yzer LLC,YZER,2026-05-20 23:59:59,025,0.0,0.0,0.0,0.0,0.0,0.0,,,1.0,,1.0,1.0
503,8162-H04-015-970222-260520,8162_H04,C_970222,8162,XD_8162_OH_CLEVELAND.YZER,FM,Customer,REG,Yzer LLC,YZER,2026-05-20 23:59:59,015,0.0,0.0,0.0,0.0,0.0,0.0,,,1.0,,1.0,1.0
504,8163-G07-005-386053-260520,8163_G07,C_599132,8162,XD_8162_OH_CLEVELAND.YZER,FM,Customer,REG,Yzer LLC,YZER,2026-05-20 23:59:59,005,0.0,0.0,0.0,0.0,0.0,0.0,,,1.0,,1.0,0.0
505,8162-H02-055-195053-260520,8162_H02,C_195053,8162,XD_8162_OH_CLEVELAND.YZER,FM,Customer,REG,Yzer LLC,YZER,2026-05-20 23:59:59,055,0.0,0.0,0.0,0.0,0.0,0.0,,,1.0,,1.0,1.0
506,8162-H02-005-407839-260520,8162_H02,C_407839,8162,XD_8162_OH_CLEVELAND.YZER,FM,Customer,REG,Yzer LLC,YZER,2026-05-20 23:59:59,005,0.0,0.0,0.0,0.0,0.0,0.0,,,1.0,,1.0,1.0
507,8162-H05-005-176725-260520,8162_H05,C_224273,8162,XD_8162_OH_CLEVELAND.YZER,FM,Customer,REG,Yzer LLC,YZER,2026-05-20 23:59:59,005,0.0,0.0,0.0,0.0,0.0,0.0,,,1.0,,1.0,0.0
508,8163-G07-005-589418-260520,8163_G07,C_599132,8162,XD_8162_OH_CLEVELAND.YZER,FM,Customer,REG,Yzer LLC,YZER,2026-05-20 23:59:59,005,0.0,0.0,0.0,0.0,0.0,0.0,,,1.0,,1.0,0.0
509,8162-G02-015-731867-260520,8162_G02,C_731867,8162,XD_8162_OH_CLEVELAND.YZER,FM,Customer,REG,Yzer LLC,YZER,2026-05-20 23:59:59,015,0.0,0.0,0.0,0.0,0.0,0.0,,,1.0,,1.0,1.0
510,8162-H06-015-415508-260520,8162_H06,C_433600,8162,XD_8162_OH_CLEVELAND.YZER,FM,Customer,REG,Yzer LLC,YZER,2026-05-20 23:59:59,015,0.0,0.0,0.0,0.0,0.0,0.0,,,1.0,,1.0,1.0
511,8162-G01-005-050647-260521,8162_G01,C_436015,8162,XD_8162_OH_CLEVELAND.YZER,FM,Customer,REG,Yzer LLC,YZER,2026-05-21 23:59:59,005,0.0,0.0,0.0,0.0,0.0,0.0,,,1.0,,1.0,0.0
512,8162-G09-035-905119-260521,8162_G09,C_905119,8162,XD_8162_OH_CLEVELAND.YZER,FM,Customer,REG,Yzer LLC,YZER,2026-05-21 23:59:59,035,0.0,0.0,0.0,0.0,0.0,0.0,,,1.0,,1.0,0.0
513,8162-G09-017-444117-260521,8162_G09,C_444117,8162,XD_8162_OH_CLEVELAND.YZER,FM,Customer,REG,Yzer LLC,YZER,2026-05-21 23:59:59,017,0.0,0.0,0.0,0.0,0.0,0.0,,,1.0,,1.0,1.0
514,8162-G09-002-289531-260521,8162_G09,C_289527,8162,XD_8162_OH_CLEVELAND.YZER,FM,Customer,REG,Yzer LLC,YZER,2026-05-21 23:59:59,002,0.0,0.0,0.0,0.0,0.0,0.0,,,1.0,,1.0,0.0
515,8162-G05-025-173268-260521,8162_G05,C_173268,8162,XD_8162_OH_CLEVELAND.YZER,FM,Customer,REG,Yzer LLC,YZER,2026-05-21 23:59:59,025,0.0,0.0,0.0,0.0,0.0,0.0,,,1.0,,1.0,1.0
516,8162-G06-015-719738-260521,8162_G06,C_065363,8162,XD_8162_OH_CLEVELAND.YZER,FM,Customer,REG,Yzer LLC,YZER,2026-05-21 23:59:59,015,0.0,0.0,0.0,0.0,0.0,0.0,,,1.0,,1.0,0.0
517,8162-H05-055-925913-260521,8162_H05,C_925913,8162,XD_8162_OH_CLEVELAND.YZER,FM,Customer,REG,Yzer LLC,YZER,2026-05-21 23:59:59,055,0.0,0.0,0.0,0.0,0.0,0.0,,,1.0,,1.0,1.0
518,8162-G03-005-892996-260522,8162_G03,C_810447,8162,XD_8162_OH_CLEVELAND.YZER,FM,Customer,REG,Yzer LLC,YZER,2026-05-22 23:59:59,005,0.0,0.0,0.0,0.0,0.0,0.0,,,1.0,,1.0,0.0
519,8162-G02-035-631816-260522,8162_G02,C_209162,8162,XD_8162_OH_CLEVELAND.YZER,FM,Customer,REG,Yzer LLC,YZER,2026-05-22 23:59:59,035,0.0,0.0,0.0,0.0,0.0,0.0,,,1.0,,1.0,1.0
520,8162-H05-025-253079-260522,8162_H05,C_253079,8162,XD_8162_OH_CLEVELAND.YZER,FM,Customer,REG,Yzer LLC,YZER,2026-05-22 23:59:59,025,0.0,0.0,0.0,0.0,0.0,0.0,,,1.0,,1.0,1.0
521,8162-G09-011-401833-260526,8162_G09,C_401833,8162,XD_8162_OH_CLEVELAND.YZER,FM,Customer,REG,Yzer LLC,YZER,2026-05-26 23:59:59,011,0.0,0.0,0.0,0.0,0.0,0.0,,,1.0,,1.0,1.0
522,8162-H02-040-407917-260526,8162_H02,C_407917,8162,XD_8162_OH_CLEVELAND.YZER,FM,Customer,REG,Yzer LLC,YZER,2026-05-26 23:59:59,040,0.0,0.0,0.0,0.0,0.0,0.0,,,1.0,,1.0,1.0
523,8162-G02-040-244530-260522,8162_G02,C_017375,8162,XD_8162_OH_CLEVELAND.YZER,FM,Customer,REG,Yzer LLC,YZER,2026-05-22 23:59:59,040,0.0,0.0,0.0,0.0,0.0,0.0,,,1.0,,1.0,0.0
524,8162-G02-030-289502-260522,8162_G02,C_289502,8162,XD_8162_OH_CLEVELAND.YZER,FM,Customer,REG,Yzer LLC,YZER,2026-05-22 23:59:59,030,0.0,0.0,0.0,0.0,0.0,0.0,,,1.0,,1.0,1.0
525,8162-H02-005-407839-260522,8162_H02,C_407839,8162,XD_8162_OH_CLEVELAND.YZER,FM,Customer,REG,Yzer LLC,YZER,2026-05-22 23:59:59,005,0.0,0.0,0.0,0.0,0.0,0.0,,,1.0,,1.0,1.0
526,8163-G05-005-221190-260522,8163_G05,C_441221,8162,XD_8162_OH_CLEVELAND.YZER,FM,Customer,REG,Yzer LLC,YZER,2026-05-22 23:59:59,005,0.0,0.0,0.0,0.0,0.0,0.0,,,1.0,,1.0,0.0
527,Z-3575566,8163_G03,,8162,XD_8162_OH_CLEVELAND.YZER,RC,Route Chrg,REG,Yzer LLC,YZER,2026-05-07 23:59:59,000,,0.0,,,0.0,,8.0,74.0,8.0,74.0,1.0,1.0
528,Z-3563292,8163_G07,,8162,XD_8162_OH_CLEVELAND.YZER,RC,Route Chrg,REG,Yzer LLC,YZER,2026-05-04 23:59:59,000,,0.0,,,0.0,,7.0,31.0,7.0,31.0,1.0,1.0
529,Z-3559610,8162_HX2,,8162,XD_8162_OH_CLEVELAND.YZER,RC,Route Chrg,REG,Yzer LLC,YZER,2026-05-01 23:59:59,000,,0.0,,,0.0,,1.0,4.0,1.0,4.0,1.0,1.0
530,Z-3580250,8162_HX5,,8162,XD_8162_OH_CLEVELAND.YZER,RC,Route Chrg,REG,Yzer LLC,YZER,2026-05-08 23:59:59,000,,0.0,,,0.0,,1.0,5.0,1.0,5.0,1.0,1.0
531,Z-3567657,8163_G07,,8162,XD_8162_OH_CLEVELAND.YZER,RC,Route Chrg,REG,Yzer LLC,YZER,2026-05-05 23:59:59,000,,0.0,,,0.0,,7.0,24.0,7.0,24.0,1.0,1.0
532,8162-G05-030-610134-260504,8162_G05,C_610134,8162,XD_8162_OH_CLEVELAND.YZER,FM,Customer,REG,Yzer LLC,YZER,2026-05-04 23:59:59,030,0.0,0.0,0.0,0.0,0.0,0.0,,,1.0,,1.0,1.0
533,8162-H03-050-442084-260505,8162_H03,C_442084,8162,XD_8162_OH_CLEVELAND.YZER,FM,Customer,REG,Yzer LLC,YZER,2026-05-05 23:59:59,050,0.0,0.0,0.0,0.0,0.0,0.0,,,1.0,,1.0,1.0
534,8163-G03-005-070610-260505,8163_G03,C_810447,8162,XD_8162_OH_CLEVELAND.YZER,FM,Customer,REG,Yzer LLC,YZER,2026-05-05 23:59:59,005,0.0,0.0,0.0,0.0,0.0,0.0,,,1.0,,1.0,0.0
535,8162-G07-045-144654-260504,8162_G07,C_144654,8162,XD_8162_OH_CLEVELAND.YZER,FM,Customer,REG,Yzer LLC,YZER,2026-05-04 23:59:59,045,0.0,0.0,0.0,0.0,0.0,0.0,,,1.0,,1.0,1.0
536,8162-G07-025-955410-260504,8162_G07,C_955410,8162,XD_8162_OH_CLEVELAND.YZER,FM,Customer,REG,Yzer LLC,YZER,2026-05-04 23:59:59,025,0.0,0.0,0.0,0.0,0.0,0.0,,,1.0,,1.0,1.0
537,8162-H03-045-664113-260504,8162_H03,C_664113,8162,XD_8162_OH_CLEVELAND.YZER,FM,Customer,REG,Yzer LLC,YZER,2026-05-04 23:59:59,045,0.0,0.0,0.0,0.0,0.0,0.0,,,1.0,,1.0,1.0
538,Z-3583672,8163_H06,,8162,XD_8162_OH_CLEVELAND.YZER,RC,Route Chrg,REG,Yzer LLC,YZER,2026-05-11 23:59:59,000,,0.0,,,0.0,,5.0,15.0,5.0,15.0,1.0,1.0
539,8162-H02-045-624058-260505,8162_H02,C_624058,8162,XD_8162_OH_CLEVELAND.YZER,FM,Customer,REG,Yzer LLC,YZER,2026-05-05 23:59:59,045,0.0,0.0,0.0,0.0,0.0,0.0,,,1.0,,1.0,1.0
540,Z-3595850,8163_G05,,8162,XD_8162_OH_CLEVELAND.YZER,RC,Route Chrg,REG,Yzer LLC,YZER,2026-05-14 23:59:59,000,,0.0,,,0.0,,9.0,25.0,9.0,25.0,1.0,1.0
541,Z-3595772,8163_G04,,8162,XD_8162_OH_CLEVELAND.YZER,RC,Route Chrg,REG,Yzer LLC,YZER,2026-05-14 23:59:59,000,,0.0,,,0.0,,7.0,17.0,7.0,17.0,1.0,1.0
542,Z-3603774,8163_H05,,8162,XD_8162_OH_CLEVELAND.YZER,RC,Route Chrg,REG,Yzer LLC,YZER,2026-05-18 23:59:59,000,,0.0,,,0.0,,8.0,23.0,8.0,23.0,1.0,1.0
543,Z-3616449,8163_G07,,8162,XD_8162_OH_CLEVELAND.YZER,RC,Route Chrg,REG,Yzer LLC,YZER,2026-05-21 23:59:59,000,,0.0,,,0.0,,7.0,24.0,7.0,24.0,1.0,1.0
544,Z-3624345,8162_GX4,,8162,XD_8162_OH_CLEVELAND.YZER,RC,Route Chrg,REG,Yzer LLC,YZER,2026-05-26 23:59:59,000,0.0,0.0,0.0,0.0,0.0,0.0,,,,,1.0,1.0
545,Z-3627836,8163_HX2,,8162,XD_8162_OH_CLEVELAND.YZER,RC,Route Chrg,REG,Yzer LLC,YZER,2026-05-27 23:59:59,000,0.0,0.0,0.0,0.0,0.0,0.0,,,,,1.0,1.0
546,8162-H06-010-151578-260505,8162_H06,C_151568,8162,XD_8162_OH_CLEVELAND.YZER,FM,Customer,REG,Yzer LLC,YZER,2026-05-05 23:59:59,010,0.0,0.0,0.0,0.0,0.0,0.0,,,1.0,,1.0,0.0
547,Z-3632318,8163_G03,,8162,XD_8162_OH_CLEVELAND.YZER,RC,Route Chrg,REG,Yzer LLC,YZER,2026-05-28 23:59:59,000,0.0,0.0,0.0,0.0,0.0,0.0,,,,,1.0,1.0
548,Z-3636794,8163_G09,,8162,XD_8162_OH_CLEVELAND.YZER,RC,Route Chrg,REG,Yzer LLC,YZER,2026-05-29 23:59:59,000,0.0,0.0,0.0,0.0,0.0,0.0,,,,,1.0,1.0
549,8162-G02-020-307053-260526,8162_G02,C_598488,8162,XD_8162_OH_CLEVELAND.YZER,FM,Customer,REG,Yzer LLC,YZER,2026-05-26 23:59:59,020,0.0,0.0,0.0,0.0,0.0,0.0,,,1.0,,1.0,1.0
550,8162-H02-027-376609-260528,8162_H02,C_376609,8162,XD_8162_OH_CLEVELAND.YZER,FM,Customer,REG,Yzer LLC,YZER,2026-05-28 23:59:59,027,0.0,0.0,0.0,0.0,0.0,0.0,,,1.0,,1.0,1.0
551,8162-H04-035-134185-260529,8162_H04,C_134185,8162,XD_8162_OH_CLEVELAND.YZER,FM,Customer,REG,Yzer LLC,YZER,2026-05-29 23:59:59,035,0.0,0.0,0.0,0.0,0.0,0.0,,,1.0,,1.0,1.0
552,Z-3624334,8162_GX0,,8162,XD_8162_OH_CLEVELAND.YZER,RC,Route Chrg,REG,Yzer LLC,YZER,2026-05-26 23:59:59,000,0.0,0.0,0.0,0.0,0.0,0.0,,,,,1.0,1.0
553,8162-G01-035-390526-260529,8162_G01,C_390526,8162,XD_8162_OH_CLEVELAND.YZER,FM,Customer,REG,Yzer LLC,YZER,2026-05-29 23:59:59,035,0.0,0.0,0.0,0.0,0.0,0.0,,,1.0,,1.0,1.0
554,8162-H02-025-134412-260529,8162_H02,C_134412,8162,XD_8162_OH_CLEVELAND.YZER,FM,Customer,REG,Yzer LLC,YZER,2026-05-29 23:59:59,025,0.0,0.0,0.0,0.0,0.0,0.0,,,1.0,,1.0,1.0
555,8163-H06-015-415508-260526,8163_H06,C_433600,8162,XD_8162_OH_CLEVELAND.YZER,FM,Customer,REG,Yzer LLC,YZER,2026-05-26 23:59:59,015,0.0,0.0,0.0,0.0,0.0,0.0,,,1.0,,1.0,0.0
556,8162-G02-015-731867-260529,8162_G02,C_731867,8162,XD_8162_OH_CLEVELAND.YZER,FM,Customer,REG,Yzer LLC,YZER,2026-05-29 23:59:59,015,0.0,0.0,0.0,0.0,0.0,0.0,,,1.0,,1.0,1.0
557,8162-G07-020-235209-260527,8162_G07,C_235209,8162,XD_8162_OH_CLEVELAND.YZER,FM,Customer,REG,Yzer LLC,YZER,2026-05-27 23:59:59,020,0.0,0.0,0.0,0.0,0.0,0.0,,,1.0,,1.0,1.0
558,8162-G05-005-265408-260528,8162_G05,C_441221,8162,XD_8162_OH_CLEVELAND.YZER,FM,Customer,REG,Yzer LLC,YZER,2026-05-28 23:59:59,005,0.0,0.0,0.0,0.0,0.0,0.0,,,1.0,,1.0,0.0
559,8162-H02-020-134501-260527,8162_H02,C_134501,8162,XD_8162_OH_CLEVELAND.YZER,FM,Customer,REG,Yzer LLC,YZER,2026-05-27 23:59:59,020,0.0,0.0,0.0,0.0,0.0,0.0,,,1.0,,1.0,1.0
560,8162-H05-005-224273-260528,8162_H05,C_224273,8162,XD_8162_OH_CLEVELAND.YZER,FM,Customer,REG,Yzer LLC,YZER,2026-05-28 23:59:59,005,0.0,0.0,0.0,0.0,0.0,0.0,,,1.0,,1.0,0.0
561,Z-3627772,8162_G04,,8162,XD_8162_OH_CLEVELAND.YZER,RC,Route Chrg,REG,Yzer LLC,YZER,2026-05-27 23:59:59,000,274.65,0.0,274.65,248.0,17.97,8.68,,,,,1.0,1.0
562,8162-H02-050-579755-260529,8162_H02,C_579755,8162,XD_8162_OH_CLEVELAND.YZER,FM,Customer,REG,Yzer LLC,YZER,2026-05-29 23:59:59,050,0.0,0.0,0.0,0.0,0.0,0.0,,,1.0,,1.0,1.0
563,8163-G07-005-893022-260527,8163_G07,C_599132,8162,XD_8162_OH_CLEVELAND.YZER,FM,Customer,REG,Yzer LLC,YZER,2026-05-27 23:59:59,005,0.0,0.0,0.0,0.0,0.0,0.0,,,1.0,,1.0,0.0
564,8162-G03-035-777727-260528,8162_G03,C_777727,8162,XD_8162_OH_CLEVELAND.YZER,FM,Customer,REG,Yzer LLC,YZER,2026-05-28 23:59:59,035,0.0,0.0,0.0,0.0,0.0,0.0,,,1.0,,1.0,1.0
565,8162-G03-020-667610-260527,8162_G03,C_667610,8162,XD_8162_OH_CLEVELAND.YZER,FM,Customer,REG,Yzer LLC,YZER,2026-05-27 23:59:59,020,0.0,0.0,0.0,0.0,0.0,0.0,,,1.0,,1.0,1.0
566,8162-G03-005-070610-260527,8162_G03,C_810447,8162,XD_8162_OH_CLEVELAND.YZER,FM,Customer,REG,Yzer LLC,YZER,2026-05-27 23:59:59,005,0.0,0.0,0.0,0.0,0.0,0.0,,,1.0,,1.0,1.0
567,8162-H01-040-093505-260527,8162_H01,C_093505,8162,XD_8162_OH_CLEVELAND.YZER,FM,Customer,REG,Yzer LLC,YZER,2026-05-27 23:59:59,040,0.0,0.0,0.0,0.0,0.0,0.0,,,1.0,,1.0,0.0
568,8163-G01-030-633104-260528,8163_G01,C_217734,8162,XD_8162_OH_CLEVELAND.YZER,FM,Customer,REG,Yzer LLC,YZER,2026-05-28 23:59:59,030,0.0,0.0,0.0,0.0,0.0,0.0,,,1.0,,1.0,0.0
569,8162-H06-020-717269-260527,8162_H06,C_717269,8162,XD_8162_OH_CLEVELAND.YZER,FM,Customer,REG,Yzer LLC,YZER,2026-05-27 23:59:59,020,0.0,0.0,0.0,0.0,0.0,0.0,,,1.0,,1.0,0.0
570,Z-3632050,8162_G02,,8162,XD_8162_OH_CLEVELAND.YZER,RC,Route Chrg,REG,Yzer LLC,YZER,2026-05-28 23:59:59,000,440.53,0.0,440.53,375.0,52.4,13.13,,,,,1.0,1.0
571,8162-H06-010-151578-260529,8162_H06,C_151568,8162,XD_8162_OH_CLEVELAND.YZER,FM,Customer,REG,Yzer LLC,YZER,2026-05-29 23:59:59,010,0.0,0.0,0.0,0.0,0.0,0.0,,,1.0,,1.0,0.0
572,8162-G02-055-151671-260529,8162_G02,C_151671,8162,XD_8162_OH_CLEVELAND.YZER,FM,Customer,REG,Yzer LLC,YZER,2026-05-29 23:59:59,055,0.0,0.0,0.0,0.0,0.0,0.0,,,1.0,,1.0,1.0
573,8162-G05-002-219681-260529,8162_G05,C_219681,8162,XD_8162_OH_CLEVELAND.YZER,FM,Customer,REG,Yzer LLC,YZER,2026-05-29 23:59:59,002,0.0,0.0,0.0,0.0,0.0,0.0,,,1.0,,1.0,1.0
574,8163-G04-006-712383-260526,8163_G04,C_712383,8162,XD_8162_OH_CLEVELAND.YZER,FM,Customer,REG,Yzer LLC,YZER,2026-05-26 23:59:59,006,0.0,0.0,0.0,0.0,0.0,0.0,,,1.0,,1.0,0.0
575,8162-G06-015-892865-260528,8162_G06,C_065363,8162,XD_8162_OH_CLEVELAND.YZER,FM,Customer,REG,Yzer LLC,YZER,2026-05-28 23:59:59,015,0.0,0.0,0.0,0.0,0.0,0.0,,,1.0,,1.0,0.0
576,8162-G02-035-631816-260528,8162_G02,C_209162,8162,XD_8162_OH_CLEVELAND.YZER,FM,Customer,REG,Yzer LLC,YZER,2026-05-28 23:59:59,035,0.0,0.0,0.0,0.0,0.0,0.0,,,1.0,,1.0,1.0
577,8162-G05-025-173268-260526,8162_G05,C_173268,8162,XD_8162_OH_CLEVELAND.YZER,FM,Customer,REG,Yzer LLC,YZER,2026-05-26 23:59:59,025,0.0,0.0,0.0,0.0,0.0,0.0,,,1.0,,1.0,1.0
578,8162-G07-045-144654-260529,8162_G07,C_144654,8162,XD_8162_OH_CLEVELAND.YZER,FM,Customer,REG,Yzer LLC,YZER,2026-05-29 23:59:59,045,0.0,0.0,0.0,0.0,0.0,0.0,,,1.0,,1.0,1.0
579,8162-H02-015-134622-260506,8162_H02,C_134622,8162,XD_8162_OH_CLEVELAND.YZER,FM,Customer,REG,Yzer LLC,YZER,2026-05-06 23:59:59,015,0.0,0.0,0.0,0.0,0.0,0.0,,,1.0,,1.0,1.0
580,8162-G04-010-786357-260513,8162_G04,C_833539,8162,XD_8162_OH_CLEVELAND.YZER,FM,Customer,REG,Yzer LLC,YZER,2026-05-13 23:59:59,010,0.0,0.0,0.0,0.0,0.0,0.0,,,1.0,,1.0,1.0
581,8162-H02-040-407917-260507,8162_H02,C_407917,8162,XD_8162_OH_CLEVELAND.YZER,FM,Customer,REG,Yzer LLC,YZER,2026-05-07 23:59:59,040,0.0,0.0,0.0,0.0,0.0,0.0,,,1.0,,1.0,1.0
582,8162-G06-025-289522-260507,8162_G06,C_289522,8162,XD_8162_OH_CLEVELAND.YZER,FM,Customer,REG,Yzer LLC,YZER,2026-05-07 23:59:59,025,0.0,0.0,0.0,0.0,0.0,0.0,,,1.0,,1.0,0.0
583,8162-G09-011-401833-260508,8162_G09,C_401833,8162,XD_8162_OH_CLEVELAND.YZER,FM,Customer,REG,Yzer LLC,YZER,2026-05-08 23:59:59,011,0.0,0.0,0.0,0.0,0.0,0.0,,,1.0,,1.0,1.0
584,8162-G02-015-038361-260513,8162_G02,C_731867,8162,XD_8162_OH_CLEVELAND.YZER,FM,Customer,REG,Yzer LLC,YZER,2026-05-13 23:59:59,015,0.0,0.0,0.0,0.0,0.0,0.0,,,1.0,,1.0,0.0
585,8162-H06-020-245725-260512,8162_H06,C_717269,8162,XD_8162_OH_CLEVELAND.YZER,FM,Customer,REG,Yzer LLC,YZER,2026-05-12 23:59:59,020,0.0,0.0,0.0,0.0,0.0,0.0,,,1.0,,1.0,0.0
586,8162-G04-010-786357-260511,8162_G04,C_833539,8162,XD_8162_OH_CLEVELAND.YZER,FM,Customer,REG,Yzer LLC,YZER,2026-05-11 23:59:59,010,0.0,0.0,0.0,0.0,0.0,0.0,,,1.0,,1.0,0.0
587,8162-G03-015-584757-260514,8162_G03,C_864840,8162,XD_8162_OH_CLEVELAND.YZER,FM,Customer,REG,Yzer LLC,YZER,2026-05-14 23:59:59,015,0.0,0.0,0.0,0.0,0.0,0.0,,,1.0,,1.0,1.0
588,8162-G07-020-235209-260506,8162_G07,C_235209,8162,XD_8162_OH_CLEVELAND.YZER,FM,Customer,REG,Yzer LLC,YZER,2026-05-06 23:59:59,020,0.0,0.0,0.0,0.0,0.0,0.0,,,1.0,,1.0,1.0
589,8162-G02-020-598488-260512,8162_G02,C_598488,8162,XD_8162_OH_CLEVELAND.YZER,FM,Customer,REG,Yzer LLC,YZER,2026-05-12 23:59:59,020,0.0,0.0,0.0,0.0,0.0,0.0,,,1.0,,1.0,0.0
590,8162-G05-025-173268-260515,8162_G05,C_173268,8162,XD_8162_OH_CLEVELAND.YZER,FM,Customer,REG,Yzer LLC,YZER,2026-05-15 23:59:59,025,0.0,0.0,0.0,0.0,0.0,0.0,,,1.0,,1.0,1.0
591,8162-H06-020-431045-260515,8162_H06,C_717269,8162,XD_8162_OH_CLEVELAND.YZER,FM,Customer,REG,Yzer LLC,YZER,2026-05-15 23:59:59,020,0.0,0.0,0.0,0.0,0.0,0.0,,,1.0,,1.0,0.0
592,8162-G04-015-134184-260518,8162_G04,C_134184,8162,XD_8162_OH_CLEVELAND.YZER,FM,Customer,REG,Yzer LLC,YZER,2026-05-18 23:59:59,015,0.0,0.0,0.0,0.0,0.0,0.0,,,1.0,,1.0,1.0
593,8163-G06-026-289530-260515,8163_G06,C_289522,8162,XD_8162_OH_CLEVELAND.YZER,FM,Customer,REG,Yzer LLC,YZER,2026-05-15 23:59:59,026,0.0,0.0,0.0,0.0,0.0,0.0,,,1.0,,1.0,0.0
594,8162-G07-010-134526-260518,8162_G07,C_134526,8162,XD_8162_OH_CLEVELAND.YZER,FM,Customer,REG,Yzer LLC,YZER,2026-05-18 23:59:59,010,0.0,0.0,0.0,0.0,0.0,0.0,,,1.0,,1.0,1.0
595,8162-G09-001-424353-260518,8162_G09,C_289513,8162,XD_8162_OH_CLEVELAND.YZER,FM,Customer,REG,Yzer LLC,YZER,2026-05-18 23:59:59,001,0.0,0.0,0.0,0.0,0.0,0.0,,,1.0,,1.0,0.0
596,8162-G07-030-995737-260518,8162_G07,C_995737,8162,XD_8162_OH_CLEVELAND.YZER,FM,Customer,REG,Yzer LLC,YZER,2026-05-18 23:59:59,030,0.0,0.0,0.0,0.0,0.0,0.0,,,1.0,,1.0,1.0
597,8162-G02-035-631816-260515,8162_G02,C_209162,8162,XD_8162_OH_CLEVELAND.YZER,FM,Customer,REG,Yzer LLC,YZER,2026-05-15 23:59:59,035,0.0,0.0,0.0,0.0,0.0,0.0,,,1.0,,1.0,1.0
598,8162-G01-005-209001-260515,8162_G01,C_436015,8162,XD_8162_OH_CLEVELAND.YZER,FM,Customer,REG,Yzer LLC,YZER,2026-05-15 23:59:59,005,0.0,0.0,0.0,0.0,0.0,0.0,,,1.0,,1.0,0.0
599,8162-H05-005-176725-260519,8162_H05,C_224273,8162,XD_8162_OH_CLEVELAND.YZER,FM,Customer,REG,Yzer LLC,YZER,2026-05-19 23:59:59,005,0.0,0.0,0.0,0.0,0.0,0.0,,,1.0,,1.0,1.0
600,8163-G02-005-714075-260519,8163_G02,C_713914,8162,XD_8162_OH_CLEVELAND.YZER,FM,Customer,REG,Yzer LLC,YZER,2026-05-19 23:59:59,005,0.0,0.0,0.0,0.0,0.0,0.0,,,1.0,,1.0,0.0
601,8162-G06-025-289530-260508,8162_G06,C_289522,8162,XD_8162_OH_CLEVELAND.YZER,FM,Customer,REG,Yzer LLC,YZER,2026-05-08 23:59:59,025,0.0,0.0,0.0,0.0,0.0,0.0,,,1.0,,1.0,0.0
602,8163-G04-006-712383-260508,8163_G04,C_712383,8162,XD_8162_OH_CLEVELAND.YZER,FM,Customer,REG,Yzer LLC,YZER,2026-05-08 23:59:59,006,0.0,0.0,0.0,0.0,0.0,0.0,,,1.0,,1.0,0.0
603,8162-H06-015-162621-260519,8162_H06,C_433600,8162,XD_8162_OH_CLEVELAND.YZER,FM,Customer,REG,Yzer LLC,YZER,2026-05-19 23:59:59,015,0.0,0.0,0.0,0.0,0.0,0.0,,,1.0,,1.0,0.0
604,8162-G01-035-390526-260519,8162_G01,C_390526,8162,XD_8162_OH_CLEVELAND.YZER,FM,Customer,REG,Yzer LLC,YZER,2026-05-19 23:59:59,035,0.0,0.0,0.0,0.0,0.0,0.0,,,1.0,,1.0,1.0
605,8162-G01-005-436015-260506,8162_G01,C_436015,8162,XD_8162_OH_CLEVELAND.YZER,FM,Customer,REG,Yzer LLC,YZER,2026-05-06 23:59:59,005,0.0,0.0,0.0,0.0,0.0,0.0,,,1.0,,1.0,0.0
606,8162-G07-030-995737-260519,8162_G07,C_995737,8162,XD_8162_OH_CLEVELAND.YZER,FM,Customer,REG,Yzer LLC,YZER,2026-05-19 23:59:59,030,0.0,0.0,0.0,0.0,0.0,0.0,,,1.0,,1.0,1.0
607,8162-H04-010-146265-260512,8162_H04,C_146265,8162,XD_8162_OH_CLEVELAND.YZER,FM,Customer,REG,Yzer LLC,YZER,2026-05-12 23:59:59,010,0.0,0.0,0.0,0.0,0.0,0.0,,,1.0,,1.0,1.0
608,8162-G02-020-347303-260519,8162_G02,C_598488,8162,XD_8162_OH_CLEVELAND.YZER,FM,Customer,REG,Yzer LLC,YZER,2026-05-19 23:59:59,020,0.0,0.0,0.0,0.0,0.0,0.0,,,1.0,,1.0,0.0
609,8162-G01-030-217734-260511,8162_G01,C_217734,8162,XD_8162_OH_CLEVELAND.YZER,FM,Customer,REG,Yzer LLC,YZER,2026-05-11 23:59:59,030,0.0,0.0,0.0,0.0,0.0,0.0,,,1.0,,1.0,1.0
610,8163-G07-005-050649-260508,8163_G07,C_599132,8162,XD_8162_OH_CLEVELAND.YZER,FM,Customer,REG,Yzer LLC,YZER,2026-05-08 23:59:59,005,0.0,0.0,0.0,0.0,0.0,0.0,,,1.0,,1.0,0.0
611,8162-G04-010-833539-260520,8162_G04,C_833539,8162,XD_8162_OH_CLEVELAND.YZER,FM,Customer,REG,Yzer LLC,YZER,2026-05-20 23:59:59,010,0.0,0.0,0.0,0.0,0.0,0.0,,,1.0,,1.0,0.0
612,8162-G05-030-246296-260520,8162_G05,C_610134,8162,XD_8162_OH_CLEVELAND.YZER,FM,Customer,REG,Yzer LLC,YZER,2026-05-20 23:59:59,030,0.0,0.0,0.0,0.0,0.0,0.0,,,1.0,,1.0,1.0
613,8162-G03-005-723011-260520,8162_G03,C_810447,8162,XD_8162_OH_CLEVELAND.YZER,FM,Customer,REG,Yzer LLC,YZER,2026-05-20 23:59:59,005,0.0,0.0,0.0,0.0,0.0,0.0,,,1.0,,1.0,1.0
614,8162-HX5-010-992617-260520,8162_HX5,C_678442,8162,XD_8162_OH_CLEVELAND.YZER,FM,Customer,REG,Yzer LLC,YZER,2026-05-20 23:59:59,010,0.0,0.0,0.0,0.0,0.0,0.0,,,1.0,,1.0,0.0
615,8162-G05-002-642013-260520,8162_G05,C_219681,8162,XD_8162_OH_CLEVELAND.YZER,FM,Customer,REG,Yzer LLC,YZER,2026-05-20 23:59:59,002,0.0,0.0,0.0,0.0,0.0,0.0,,,1.0,,1.0,0.0
616,8162-H05-015-134985-260520,8162_H05,C_134985,8162,XD_8162_OH_CLEVELAND.YZER,FM,Customer,REG,Yzer LLC,YZER,2026-05-20 23:59:59,015,0.0,0.0,0.0,0.0,0.0,0.0,,,1.0,,1.0,1.0
617,8162-G07-005-893022-260520,8162_G07,C_599132,8162,XD_8162_OH_CLEVELAND.YZER,FM,Customer,REG,Yzer LLC,YZER,2026-05-20 23:59:59,005,0.0,0.0,0.0,0.0,0.0,0.0,,,1.0,,1.0,1.0
618,8162-H01-040-093494-260520,8162_H01,C_093505,8162,XD_8162_OH_CLEVELAND.YZER,FM,Customer,REG,Yzer LLC,YZER,2026-05-20 23:59:59,040,0.0,0.0,0.0,0.0,0.0,0.0,,,1.0,,1.0,0.0
619,8162-G03-005-892996-260520,8162_G03,C_810447,8162,XD_8162_OH_CLEVELAND.YZER,FM,Customer,REG,Yzer LLC,YZER,2026-05-20 23:59:59,005,0.0,0.0,0.0,0.0,0.0,0.0,,,1.0,,1.0,0.0
620,8162-H02-005-407839-260513,8162_H02,C_407839,8162,XD_8162_OH_CLEVELAND.YZER,FM,Customer,REG,Yzer LLC,YZER,2026-05-13 23:59:59,005,0.0,0.0,0.0,0.0,0.0,0.0,,,1.0,,1.0,1.0
621,Z-3583453,8162_H03,,8162,XD_8162_OH_CLEVELAND.YZER,RC,Route Chrg,REG,Yzer LLC,YZER,2026-05-11 23:59:59,000,300.12,0.0,300.12,271.0,19.63,9.49,,,,,1.0,1.0
622,Z-3587634,8162_H02,,8162,XD_8162_OH_CLEVELAND.YZER,RC,Route Chrg,REG,Yzer LLC,YZER,2026-05-12 23:59:59,000,333.92,0.0,333.92,283.0,41.01,9.91,,,,,1.0,1.0
623,8162-G03-025-296317-260507,8162_G03,C_296317,8162,XD_8162_OH_CLEVELAND.YZER,FM,Customer,REG,Yzer LLC,YZER,2026-05-07 23:59:59,025,0.0,0.0,0.0,0.0,0.0,0.0,,,1.0,,1.0,1.0
624,8162-G05-002-642013-260521,8162_G05,C_219681,8162,XD_8162_OH_CLEVELAND.YZER,FM,Customer,REG,Yzer LLC,YZER,2026-05-21 23:59:59,002,0.0,0.0,0.0,0.0,0.0,0.0,,,1.0,,1.0,0.0
625,8162-H06-015-156589-260512,8162_H06,C_433600,8162,XD_8162_OH_CLEVELAND.YZER,FM,Customer,REG,Yzer LLC,YZER,2026-05-12 23:59:59,015,0.0,0.0,0.0,0.0,0.0,0.0,,,1.0,,1.0,0.0
626,Z-3613007,8162_H05,,8162,XD_8162_OH_CLEVELAND.YZER,RC,Route Chrg,REG,Yzer LLC,YZER,2026-05-20 23:59:59,000,297.33,0.0,297.33,252.0,36.51,8.82,,,,,1.0,1.0
627,8162-G06-015-151562-260521,8162_G06,C_065363,8162,XD_8162_OH_CLEVELAND.YZER,FM,Customer,REG,Yzer LLC,YZER,2026-05-21 23:59:59,015,0.0,0.0,0.0,0.0,0.0,0.0,,,1.0,,1.0,0.0
628,8162-H06-015-415508-260521,8162_H06,C_433600,8162,XD_8162_OH_CLEVELAND.YZER,FM,Customer,REG,Yzer LLC,YZER,2026-05-21 23:59:59,015,0.0,0.0,0.0,0.0,0.0,0.0,,,1.0,,1.0,1.0
629,8162-G02-030-289502-260513,8162_G02,C_289502,8162,XD_8162_OH_CLEVELAND.YZER,FM,Customer,REG,Yzer LLC,YZER,2026-05-13 23:59:59,030,0.0,0.0,0.0,0.0,0.0,0.0,,,1.0,,1.0,1.0
630,8162-H04-005-433761-260508,8162_H04,C_435532,8162,XD_8162_OH_CLEVELAND.YZER,FM,Customer,REG,Yzer LLC,YZER,2026-05-08 23:59:59,005,0.0,0.0,0.0,0.0,0.0,0.0,,,1.0,,1.0,1.0
631,8162-G07-042-339737-260521,8162_G07,C_905014,8162,XD_8162_OH_CLEVELAND.YZER,FM,Customer,REG,Yzer LLC,YZER,2026-05-21 23:59:59,042,0.0,0.0,0.0,0.0,0.0,0.0,,,1.0,,1.0,1.0
632,8162-G09-046-415729-260508,8162_G09,C_415729,8162,XD_8162_OH_CLEVELAND.YZER,FM,Customer,REG,Yzer LLC,YZER,2026-05-08 23:59:59,046,0.0,0.0,0.0,0.0,0.0,0.0,,,1.0,,1.0,1.0
633,8162-H01-040-093505-260526,8162_H01,C_093505,8162,XD_8162_OH_CLEVELAND.YZER,FM,Customer,REG,Yzer LLC,YZER,2026-05-26 23:59:59,040,0.0,0.0,0.0,0.0,0.0,0.0,,,1.0,,1.0,1.0
634,210541046838,XD_8162_TopSide,,8162,XD_8162_OH_CLEVELAND.YZER,TS,Top Side,REG,Yzer LLC,YZER,2026-05-25 00:00:00,000,40317.08,40317.08,0.0,0.0,0.0,0.0,,,,,,0.0
635,8162-H01-025-806927-260508,8162_H01,C_806927,8162,XD_8162_OH_CLEVELAND.YZER,FM,Customer,REG,Yzer LLC,YZER,2026-05-08 23:59:59,025,0.0,0.0,0.0,0.0,0.0,0.0,,,1.0,,1.0,1.0
636,8162-G01-040-099634-260526,8162_G01,C_099634,8162,XD_8162_OH_CLEVELAND.YZER,FM,Customer,REG,Yzer LLC,YZER,2026-05-26 23:59:59,040,0.0,0.0,0.0,0.0,0.0,0.0,,,1.0,,1.0,1.0
637,8162-G01-005-209001-260514,8162_G01,C_436015,8162,XD_8162_OH_CLEVELAND.YZER,FM,Customer,REG,Yzer LLC,YZER,2026-05-14 23:59:59,005,0.0,0.0,0.0,0.0,0.0,0.0,,,1.0,,1.0,0.0
638,8162-G04-006-712383-260522,8162_G04,C_712383,8162,XD_8162_OH_CLEVELAND.YZER,FM,Customer,REG,Yzer LLC,YZER,2026-05-22 23:59:59,006,0.0,0.0,0.0,0.0,0.0,0.0,,,1.0,,1.0,0.0
639,8163-G06-015-151562-260522,8163_G06,C_065363,8162,XD_8162_OH_CLEVELAND.YZER,FM,Customer,REG,Yzer LLC,YZER,2026-05-22 23:59:59,015,0.0,0.0,0.0,0.0,0.0,0.0,,,1.0,,1.0,0.0
640,8162-G07-060-134966-260526,8162_G07,C_134966,8162,XD_8162_OH_CLEVELAND.YZER,FM,Customer,REG,Yzer LLC,YZER,2026-05-26 23:59:59,060,0.0,0.0,0.0,0.0,0.0,0.0,,,1.0,,1.0,1.0
641,8162-G01-040-099634-260522,8162_G01,C_099634,8162,XD_8162_OH_CLEVELAND.YZER,FM,Customer,REG,Yzer LLC,YZER,2026-05-22 23:59:59,040,0.0,0.0,0.0,0.0,0.0,0.0,,,1.0,,1.0,1.0
642,Z-3575536,8163_H06,,8162,XD_8162_OH_CLEVELAND.YZER,RC,Route Chrg,REG,Yzer LLC,YZER,2026-05-07 23:59:59,000,,0.0,,,0.0,,4.0,18.0,4.0,18.0,1.0,1.0
643,Z-3580356,8163_G03,,8162,XD_8162_OH_CLEVELAND.YZER,RC,Route Chrg,REG,Yzer LLC,YZER,2026-05-08 23:59:59,000,,0.0,,,0.0,,8.0,39.0,8.0,39.0,1.0,1.0
644,Z-3563284,8163_G03,,8162,XD_8162_OH_CLEVELAND.YZER,RC,Route Chrg,REG,Yzer LLC,YZER,2026-05-04 23:59:59,000,,0.0,,,0.0,,7.0,42.0,7.0,42.0,1.0,1.0
645,Z-3580381,8163_H04,,8162,XD_8162_OH_CLEVELAND.YZER,RC,Route Chrg,REG,Yzer LLC,YZER,2026-05-08 23:59:59,000,,0.0,,,0.0,,7.0,18.0,7.0,18.0,1.0,1.0
646,Z-3567654,8163_G01,,8162,XD_8162_OH_CLEVELAND.YZER,RC,Route Chrg,REG,Yzer LLC,YZER,2026-05-05 23:59:59,000,,0.0,,,0.0,,6.0,22.0,6.0,22.0,1.0,1.0
647,Z-3570001,8163_GX4,,8162,XD_8162_OH_CLEVELAND.YZER,RC,Route Chrg,REG,Yzer LLC,YZER,2026-05-05 23:59:59,000,,0.0,,,0.0,,,,,,1.0,1.0
648,8162-G02-035-631816-260506,8162_G02,C_209162,8162,XD_8162_OH_CLEVELAND.YZER,FM,Customer,REG,Yzer LLC,YZER,2026-05-06 23:59:59,035,0.0,0.0,0.0,0.0,0.0,0.0,,,1.0,,1.0,1.0
649,Z-3603737,8162_G07,,8162,XD_8162_OH_CLEVELAND.YZER,RC,Route Chrg,REG,Yzer LLC,YZER,2026-05-18 23:59:59,000,305.98,0.0,305.98,275.0,21.35,9.63,,,,,1.0,1.0
650,8162-H06-020-431206-260511,8162_H06,C_717269,8162,XD_8162_OH_CLEVELAND.YZER,FM,Customer,REG,Yzer LLC,YZER,2026-05-11 23:59:59,020,0.0,0.0,0.0,0.0,0.0,0.0,,,1.0,,1.0,0.0
651,8163-H04-005-050648-260519,8163_H04,C_435532,8162,XD_8162_OH_CLEVELAND.YZER,FM,Customer,REG,Yzer LLC,YZER,2026-05-19 23:59:59,005,0.0,0.0,0.0,0.0,0.0,0.0,,,1.0,,1.0,0.0
652,8162-G01-005-436015-260519,8162_G01,C_436015,8162,XD_8162_OH_CLEVELAND.YZER,FM,Customer,REG,Yzer LLC,YZER,2026-05-19 23:59:59,005,0.0,0.0,0.0,0.0,0.0,0.0,,,1.0,,1.0,1.0
653,8162-G06-025-289532-260512,8162_G06,C_289522,8162,XD_8162_OH_CLEVELAND.YZER,FM,Customer,REG,Yzer LLC,YZER,2026-05-12 23:59:59,025,0.0,0.0,0.0,0.0,0.0,0.0,,,1.0,,1.0,0.0
654,8162-G06-025-289522-260520,8162_G06,C_289522,8162,XD_8162_OH_CLEVELAND.YZER,FM,Customer,REG,Yzer LLC,YZER,2026-05-20 23:59:59,025,0.0,0.0,0.0,0.0,0.0,0.0,,,1.0,,1.0,1.0
655,8162-G03-037-426990-260520,8162_G03,C_521590,8162,XD_8162_OH_CLEVELAND.YZER,FM,Customer,REG,Yzer LLC,YZER,2026-05-20 23:59:59,037,0.0,0.0,0.0,0.0,0.0,0.0,,,1.0,,1.0,0.0
656,8162-H05-020-304538-260520,8162_H05,C_304538,8162,XD_8162_OH_CLEVELAND.YZER,FM,Customer,REG,Yzer LLC,YZER,2026-05-20 23:59:59,020,0.0,0.0,0.0,0.0,0.0,0.0,,,1.0,,1.0,1.0
657,8162-G02-040-244530-260520,8162_G02,C_017375,8162,XD_8162_OH_CLEVELAND.YZER,FM,Customer,REG,Yzer LLC,YZER,2026-05-20 23:59:59,040,0.0,0.0,0.0,0.0,0.0,0.0,,,1.0,,1.0,1.0
658,8163-GX0-004-960596-260520,8163_GX0,C_464241,8162,XD_8162_OH_CLEVELAND.YZER,FM,Customer,REG,Yzer LLC,YZER,2026-05-20 23:59:59,004,0.0,0.0,0.0,0.0,0.0,0.0,,,1.0,,1.0,0.0
659,8162-G04-005-679719-260520,8162_G04,C_712383,8162,XD_8162_OH_CLEVELAND.YZER,FM,Customer,REG,Yzer LLC,YZER,2026-05-20 23:59:59,005,0.0,0.0,0.0,0.0,0.0,0.0,,,1.0,,1.0,1.0
660,8162-H05-050-721852-260514,8162_H05,C_721852,8162,XD_8162_OH_CLEVELAND.YZER,FM,Customer,REG,Yzer LLC,YZER,2026-05-14 23:59:59,050,0.0,0.0,0.0,0.0,0.0,0.0,,,1.0,,1.0,1.0
661,Z-3567580,8162_H04,,8162,XD_8162_OH_CLEVELAND.YZER,RC,Route Chrg,REG,Yzer LLC,YZER,2026-05-05 23:59:59,000,264.99,0.0,264.99,245.0,11.41,8.58,,,,,1.0,1.0
662,8162-G05-005-221190-260513,8162_G05,C_441221,8162,XD_8162_OH_CLEVELAND.YZER,FM,Customer,REG,Yzer LLC,YZER,2026-05-13 23:59:59,005,0.0,0.0,0.0,0.0,0.0,0.0,,,1.0,,1.0,0.0
663,8163-G04-005-679719-260507,8163_G04,C_712383,8162,XD_8162_OH_CLEVELAND.YZER,FM,Customer,REG,Yzer LLC,YZER,2026-05-07 23:59:59,005,0.0,0.0,0.0,0.0,0.0,0.0,,,1.0,,1.0,0.0
664,8162-H04-040-350918-260520,8162_H04,C_350918,8162,XD_8162_OH_CLEVELAND.YZER,FM,Customer,REG,Yzer LLC,YZER,2026-05-20 23:59:59,040,0.0,0.0,0.0,0.0,0.0,0.0,,,1.0,,1.0,1.0
665,8162-H04-015-970222-260521,8162_H04,C_970222,8162,XD_8162_OH_CLEVELAND.YZER,FM,Customer,REG,Yzer LLC,YZER,2026-05-21 23:59:59,015,0.0,0.0,0.0,0.0,0.0,0.0,,,1.0,,1.0,1.0
666,8162-G04-045-443911-260506,8162_G04,C_443911,8162,XD_8162_OH_CLEVELAND.YZER,FM,Customer,REG,Yzer LLC,YZER,2026-05-06 23:59:59,045,0.0,0.0,0.0,0.0,0.0,0.0,,,1.0,,1.0,1.0
667,8163-G02-015-038361-260506,8163_G02,C_731867,8162,XD_8162_OH_CLEVELAND.YZER,FM,Customer,REG,Yzer LLC,YZER,2026-05-06 23:59:59,015,0.0,0.0,0.0,0.0,0.0,0.0,,,1.0,,1.0,0.0
668,8162-G03-005-892996-260521,8162_G03,C_810447,8162,XD_8162_OH_CLEVELAND.YZER,FM,Customer,REG,Yzer LLC,YZER,2026-05-21 23:59:59,005,0.0,0.0,0.0,0.0,0.0,0.0,,,1.0,,1.0,0.0
669,8162-G09-028-093545-260514,8162_G09,C_093545,8162,XD_8162_OH_CLEVELAND.YZER,FM,Customer,REG,Yzer LLC,YZER,2026-05-14 23:59:59,028,0.0,0.0,0.0,0.0,0.0,0.0,,,1.0,,1.0,1.0
670,8162-G04-010-875777-260508,8162_G04,C_833539,8162,XD_8162_OH_CLEVELAND.YZER,FM,Customer,REG,Yzer LLC,YZER,2026-05-08 23:59:59,010,0.0,0.0,0.0,0.0,0.0,0.0,,,1.0,,1.0,0.0
671,8162-H05-060-446021-260526,8162_H05,C_446021,8162,XD_8162_OH_CLEVELAND.YZER,FM,Customer,REG,Yzer LLC,YZER,2026-05-26 23:59:59,060,0.0,0.0,0.0,0.0,0.0,0.0,,,1.0,,1.0,1.0
672,8162-G06-015-719738-260512,8162_G06,C_065363,8162,XD_8162_OH_CLEVELAND.YZER,FM,Customer,REG,Yzer LLC,YZER,2026-05-12 23:59:59,015,0.0,0.0,0.0,0.0,0.0,0.0,,,1.0,,1.0,0.0
673,8163-G04-005-679719-260513,8163_G04,C_712383,8162,XD_8162_OH_CLEVELAND.YZER,FM,Customer,REG,Yzer LLC,YZER,2026-05-13 23:59:59,005,0.0,0.0,0.0,0.0,0.0,0.0,,,1.0,,1.0,0.0
674,8163-G01-005-718289-260522,8163_G01,C_436015,8162,XD_8162_OH_CLEVELAND.YZER,FM,Customer,REG,Yzer LLC,YZER,2026-05-22 23:59:59,005,0.0,0.0,0.0,0.0,0.0,0.0,,,1.0,,1.0,0.0
675,8162-G02-020-598488-260508,8162_G02,C_598488,8162,XD_8162_OH_CLEVELAND.YZER,FM,Customer,REG,Yzer LLC,YZER,2026-05-08 23:59:59,020,0.0,0.0,0.0,0.0,0.0,0.0,,,1.0,,1.0,1.0
676,8162-G02-040-017375-260522,8162_G02,C_017375,8162,XD_8162_OH_CLEVELAND.YZER,FM,Customer,REG,Yzer LLC,YZER,2026-05-22 23:59:59,040,0.0,0.0,0.0,0.0,0.0,0.0,,,1.0,,1.0,1.0
677,8162-G06-010-151558-260522,8162_G06,C_151558,8162,XD_8162_OH_CLEVELAND.YZER,FM,Customer,REG,Yzer LLC,YZER,2026-05-22 23:59:59,010,0.0,0.0,0.0,0.0,0.0,0.0,,,1.0,,1.0,1.0
678,8162-H01-020-446373-260507,8162_H01,C_446373,8162,XD_8162_OH_CLEVELAND.YZER,FM,Customer,REG,Yzer LLC,YZER,2026-05-07 23:59:59,020,0.0,0.0,0.0,0.0,0.0,0.0,,,1.0,,1.0,1.0
679,8162-H02-020-134501-260522,8162_H02,C_134501,8162,XD_8162_OH_CLEVELAND.YZER,FM,Customer,REG,Yzer LLC,YZER,2026-05-22 23:59:59,020,0.0,0.0,0.0,0.0,0.0,0.0,,,1.0,,1.0,1.0
680,8162-G03-037-521590-260506,8162_G03,C_521590,8162,XD_8162_OH_CLEVELAND.YZER,FM,Customer,REG,Yzer LLC,YZER,2026-05-06 23:59:59,037,0.0,0.0,0.0,0.0,0.0,0.0,,,1.0,,1.0,1.0
681,8162-H06-010-151578-260526,8162_H06,C_151568,8162,XD_8162_OH_CLEVELAND.YZER,FM,Customer,REG,Yzer LLC,YZER,2026-05-26 23:59:59,010,0.0,0.0,0.0,0.0,0.0,0.0,,,1.0,,1.0,0.0
682,8162-H01-020-446373-260511,8162_H01,C_446373,8162,XD_8162_OH_CLEVELAND.YZER,FM,Customer,REG,Yzer LLC,YZER,2026-05-11 23:59:59,020,0.0,0.0,0.0,0.0,0.0,0.0,,,1.0,,1.0,1.0
683,8162-H06-015-631172-260522,8162_H06,C_433600,8162,XD_8162_OH_CLEVELAND.YZER,FM,Customer,REG,Yzer LLC,YZER,2026-05-22 23:59:59,015,0.0,0.0,0.0,0.0,0.0,0.0,,,1.0,,1.0,0.0
684,8162-G05-005-441221-260507,8162_G05,C_441221,8162,XD_8162_OH_CLEVELAND.YZER,FM,Customer,REG,Yzer LLC,YZER,2026-05-07 23:59:59,005,0.0,0.0,0.0,0.0,0.0,0.0,,,1.0,,1.0,1.0
685,8163-G02-005-754541-260512,8163_G02,C_713914,8162,XD_8162_OH_CLEVELAND.YZER,FM,Customer,REG,Yzer LLC,YZER,2026-05-12 23:59:59,005,0.0,0.0,0.0,0.0,0.0,0.0,,,1.0,,1.0,0.0
686,8162-G06-015-151562-260526,8162_G06,C_065363,8162,XD_8162_OH_CLEVELAND.YZER,FM,Customer,REG,Yzer LLC,YZER,2026-05-26 23:59:59,015,0.0,0.0,0.0,0.0,0.0,0.0,,,1.0,,1.0,0.0
687,8162-H02-005-407839-260526,8162_H02,C_407839,8162,XD_8162_OH_CLEVELAND.YZER,FM,Customer,REG,Yzer LLC,YZER,2026-05-26 23:59:59,005,0.0,0.0,0.0,0.0,0.0,0.0,,,1.0,,1.0,1.0
688,8162-H04-010-146265-260526,8162_H04,C_146265,8162,XD_8162_OH_CLEVELAND.YZER,FM,Customer,REG,Yzer LLC,YZER,2026-05-26 23:59:59,010,0.0,0.0,0.0,0.0,0.0,0.0,,,1.0,,1.0,1.0
689,Z-3616188,8163_GX0,,8162,XD_8162_OH_CLEVELAND.YZER,RC,Route Chrg,REG,Yzer LLC,YZER,2026-05-21 23:59:59,000,0.0,0.0,0.0,0.0,0.0,0.0,,,,,1.0,1.0
690,8162-G05-025-173268-260522,8162_G05,C_173268,8162,XD_8162_OH_CLEVELAND.YZER,FM,Customer,REG,Yzer LLC,YZER,2026-05-22 23:59:59,025,0.0,0.0,0.0,0.0,0.0,0.0,,,1.0,,1.0,1.0
691,Z-3620691,8162_G02,,8162,XD_8162_OH_CLEVELAND.YZER,RC,Route Chrg,REG,Yzer LLC,YZER,2026-05-22 23:59:59,000,442.47,0.0,442.47,375.0,54.34,13.13,,,,,1.0,1.0
692,8162-H01-060-807917-260526,8162_H01,C_807917,8162,XD_8162_OH_CLEVELAND.YZER,FM,Customer,REG,Yzer LLC,YZER,2026-05-26 23:59:59,060,0.0,0.0,0.0,0.0,0.0,0.0,,,1.0,,1.0,1.0
693,8163-G05-001-429087-260522,8163_G05,C_441221,8162,XD_8162_OH_CLEVELAND.YZER,FM,Customer,REG,Yzer LLC,YZER,2026-05-22 23:59:59,001,0.0,0.0,0.0,0.0,0.0,0.0,,,1.0,,1.0,0.0
694,8162-H01-060-807917-260522,8162_H01,C_807917,8162,XD_8162_OH_CLEVELAND.YZER,FM,Customer,REG,Yzer LLC,YZER,2026-05-22 23:59:59,060,0.0,0.0,0.0,0.0,0.0,0.0,,,1.0,,1.0,1.0
695,Z-3573936,8163_G07,,8162,XD_8162_OH_CLEVELAND.YZER,RC,Route Chrg,REG,Yzer LLC,YZER,2026-05-06 23:59:59,000,,0.0,,,0.0,,8.0,21.0,8.0,21.0,1.0,1.0
696,8162-G05-006-034806-260507,8162_G05,C_061312,8162,XD_8162_OH_CLEVELAND.YZER,FM,Customer,REG,Yzer LLC,YZER,2026-05-07 23:59:59,006,0.0,0.0,0.0,0.0,0.0,0.0,,,1.0,,1.0,1.0
697,8162-G05-035-414946-260519,8162_G05,C_414946,8162,XD_8162_OH_CLEVELAND.YZER,FM,Customer,REG,Yzer LLC,YZER,2026-05-19 23:59:59,035,0.0,0.0,0.0,0.0,0.0,0.0,,,1.0,,1.0,1.0
698,8162-G05-001-224268-260519,8162_G05,C_441221,8162,XD_8162_OH_CLEVELAND.YZER,FM,Customer,REG,Yzer LLC,YZER,2026-05-19 23:59:59,001,0.0,0.0,0.0,0.0,0.0,0.0,,,1.0,,1.0,0.0
699,8163-G03-037-521590-260519,8163_G03,C_521590,8162,XD_8162_OH_CLEVELAND.YZER,FM,Customer,REG,Yzer LLC,YZER,2026-05-19 23:59:59,037,0.0,0.0,0.0,0.0,0.0,0.0,,,1.0,,1.0,0.0
700,8162-G04-010-786357-260519,8162_G04,C_833539,8162,XD_8162_OH_CLEVELAND.YZER,FM,Customer,REG,Yzer LLC,YZER,2026-05-19 23:59:59,010,0.0,0.0,0.0,0.0,0.0,0.0,,,1.0,,1.0,1.0
701,Z-3603684,8162_G01,,8162,XD_8162_OH_CLEVELAND.YZER,RC,Route Chrg,REG,Yzer LLC,YZER,2026-05-18 23:59:59,000,255.9,0.0,255.9,230.0,17.85,8.05,,,,,1.0,1.0
702,8162-G01-020-443013-260519,8162_G01,C_890860,8162,XD_8162_OH_CLEVELAND.YZER,FM,Customer,REG,Yzer LLC,YZER,2026-05-19 23:59:59,020,0.0,0.0,0.0,0.0,0.0,0.0,,,1.0,,1.0,1.0
703,8162-H02-045-624058-260514,8162_H02,C_624058,8162,XD_8162_OH_CLEVELAND.YZER,FM,Customer,REG,Yzer LLC,YZER,2026-05-14 23:59:59,045,0.0,0.0,0.0,0.0,0.0,0.0,,,1.0,,1.0,1.0
704,Z-3595527,8162_H04,,8162,XD_8162_OH_CLEVELAND.YZER,RC,Route Chrg,REG,Yzer LLC,YZER,2026-05-14 23:59:59,000,272.6,0.0,272.6,245.0,19.02,8.58,,,,,1.0,1.0
705,8162-H06-015-173378-260520,8162_H06,C_433600,8162,XD_8162_OH_CLEVELAND.YZER,FM,Customer,REG,Yzer LLC,YZER,2026-05-20 23:59:59,015,0.0,0.0,0.0,0.0,0.0,0.0,,,1.0,,1.0,0.0
706,8162-G01-020-443013-260520,8162_G01,C_890860,8162,XD_8162_OH_CLEVELAND.YZER,FM,Customer,REG,Yzer LLC,YZER,2026-05-20 23:59:59,020,0.0,0.0,0.0,0.0,0.0,0.0,,,1.0,,1.0,1.0
707,8162-G04-006-712383-260520,8162_G04,C_712383,8162,XD_8162_OH_CLEVELAND.YZER,FM,Customer,REG,Yzer LLC,YZER,2026-05-20 23:59:59,006,0.0,0.0,0.0,0.0,0.0,0.0,,,1.0,,1.0,0.0
708,8162-H06-010-151568-260520,8162_H06,C_151568,8162,XD_8162_OH_CLEVELAND.YZER,FM,Customer,REG,Yzer LLC,YZER,2026-05-20 23:59:59,010,0.0,0.0,0.0,0.0,0.0,0.0,,,1.0,,1.0,0.0
709,Z-3608164,8162_H01,,8162,XD_8162_OH_CLEVELAND.YZER,RC,Route Chrg,REG,Yzer LLC,YZER,2026-05-19 23:59:59,000,253.68,0.0,253.68,228.0,17.7,7.98,,,,,1.0,1.0
710,8162-G07-030-995737-260520,8162_G07,C_995737,8162,XD_8162_OH_CLEVELAND.YZER,FM,Customer,REG,Yzer LLC,YZER,2026-05-20 23:59:59,030,0.0,0.0,0.0,0.0,0.0,0.0,,,1.0,,1.0,1.0
711,8162-G06-015-892865-260520,8162_G06,C_065363,8162,XD_8162_OH_CLEVELAND.YZER,FM,Customer,REG,Yzer LLC,YZER,2026-05-20 23:59:59,015,0.0,0.0,0.0,0.0,0.0,0.0,,,1.0,,1.0,0.0
712,8162-G07-010-134526-260520,8162_G07,C_134526,8162,XD_8162_OH_CLEVELAND.YZER,FM,Customer,REG,Yzer LLC,YZER,2026-05-20 23:59:59,010,0.0,0.0,0.0,0.0,0.0,0.0,,,1.0,,1.0,1.0
713,8162-G09-013-286750-260511,8162_G09,C_286750,8162,XD_8162_OH_CLEVELAND.YZER,FM,Customer,REG,Yzer LLC,YZER,2026-05-11 23:59:59,013,0.0,0.0,0.0,0.0,0.0,0.0,,,1.0,,1.0,1.0
714,8162-H01-015-444763-260521,8162_H01,C_444763,8162,XD_8162_OH_CLEVELAND.YZER,FM,Customer,REG,Yzer LLC,YZER,2026-05-21 23:59:59,015,0.0,0.0,0.0,0.0,0.0,0.0,,,1.0,,1.0,1.0
715,8162-G02-015-731867-260513,8162_G02,C_731867,8162,XD_8162_OH_CLEVELAND.YZER,FM,Customer,REG,Yzer LLC,YZER,2026-05-13 23:59:59,015,0.0,0.0,0.0,0.0,0.0,0.0,,,1.0,,1.0,1.0
716,8163-H06-015-415508-260521,8163_H06,C_433600,8162,XD_8162_OH_CLEVELAND.YZER,FM,Customer,REG,Yzer LLC,YZER,2026-05-21 23:59:59,015,0.0,0.0,0.0,0.0,0.0,0.0,,,1.0,,1.0,0.0
717,8162-H01-040-093505-260512,8162_H01,C_093505,8162,XD_8162_OH_CLEVELAND.YZER,FM,Customer,REG,Yzer LLC,YZER,2026-05-12 23:59:59,040,0.0,0.0,0.0,0.0,0.0,0.0,,,1.0,,1.0,1.0
718,8162-G06-015-892865-260521,8162_G06,C_065363,8162,XD_8162_OH_CLEVELAND.YZER,FM,Customer,REG,Yzer LLC,YZER,2026-05-21 23:59:59,015,0.0,0.0,0.0,0.0,0.0,0.0,,,1.0,,1.0,0.0
719,8162-G02-010-433278-260521,8162_G02,C_433278,8162,XD_8162_OH_CLEVELAND.YZER,FM,Customer,REG,Yzer LLC,YZER,2026-05-21 23:59:59,010,0.0,0.0,0.0,0.0,0.0,0.0,,,1.0,,1.0,1.0
720,8162-G02-040-061631-260521,8162_G02,C_017375,8162,XD_8162_OH_CLEVELAND.YZER,FM,Customer,REG,Yzer LLC,YZER,2026-05-21 23:59:59,040,0.0,0.0,0.0,0.0,0.0,0.0,,,1.0,,1.0,1.0
721,8162-H06-005-893003-260511,8162_H06,C_905176,8162,XD_8162_OH_CLEVELAND.YZER,FM,Customer,REG,Yzer LLC,YZER,2026-05-11 23:59:59,005,0.0,0.0,0.0,0.0,0.0,0.0,,,1.0,,1.0,0.0
722,8162-G01-030-217734-260521,8162_G01,C_217734,8162,XD_8162_OH_CLEVELAND.YZER,FM,Customer,REG,Yzer LLC,YZER,2026-05-21 23:59:59,030,0.0,0.0,0.0,0.0,0.0,0.0,,,1.0,,1.0,1.0
723,8162-G02-065-406255-260521,8162_G02,C_406255,8162,XD_8162_OH_CLEVELAND.YZER,FM,Customer,REG,Yzer LLC,YZER,2026-05-21 23:59:59,065,0.0,0.0,0.0,0.0,0.0,0.0,,,1.0,,1.0,1.0
724,8163-H06-020-431045-260521,8163_H06,C_717269,8162,XD_8162_OH_CLEVELAND.YZER,FM,Customer,REG,Yzer LLC,YZER,2026-05-21 23:59:59,020,0.0,0.0,0.0,0.0,0.0,0.0,,,1.0,,1.0,0.0
725,8162-H01-030-756914-260512,8162_H01,C_756914,8162,XD_8162_OH_CLEVELAND.YZER,FM,Customer,REG,Yzer LLC,YZER,2026-05-12 23:59:59,030,0.0,0.0,0.0,0.0,0.0,0.0,,,1.0,,1.0,1.0
726,8162-G01-020-443013-260526,8162_G01,C_890860,8162,XD_8162_OH_CLEVELAND.YZER,FM,Customer,REG,Yzer LLC,YZER,2026-05-26 23:59:59,020,0.0,0.0,0.0,0.0,0.0,0.0,,,1.0,,1.0,1.0
727,8162-H05-020-304538-260522,8162_H05,C_304538,8162,XD_8162_OH_CLEVELAND.YZER,FM,Customer,REG,Yzer LLC,YZER,2026-05-22 23:59:59,020,0.0,0.0,0.0,0.0,0.0,0.0,,,1.0,,1.0,1.0
728,8162-G07-025-955410-260512,8162_G07,C_955410,8162,XD_8162_OH_CLEVELAND.YZER,FM,Customer,REG,Yzer LLC,YZER,2026-05-12 23:59:59,025,0.0,0.0,0.0,0.0,0.0,0.0,,,1.0,,1.0,1.0
729,8162-G06-040-807750-260526,8162_G06,C_807750,8162,XD_8162_OH_CLEVELAND.YZER,FM,Customer,REG,Yzer LLC,YZER,2026-05-26 23:59:59,040,0.0,0.0,0.0,0.0,0.0,0.0,,,1.0,,1.0,1.0
730,8162-G06-035-134431-260508,8162_G06,C_134431,8162,XD_8162_OH_CLEVELAND.YZER,FM,Customer,REG,Yzer LLC,YZER,2026-05-08 23:59:59,035,0.0,0.0,0.0,0.0,0.0,0.0,,,1.0,,1.0,1.0
731,8163-G04-006-712383-260522,8163_G04,C_712383,8162,XD_8162_OH_CLEVELAND.YZER,FM,Customer,REG,Yzer LLC,YZER,2026-05-22 23:59:59,006,0.0,0.0,0.0,0.0,0.0,0.0,,,1.0,,1.0,0.0
732,8162-H06-015-162631-260512,8162_H06,C_433600,8162,XD_8162_OH_CLEVELAND.YZER,FM,Customer,REG,Yzer LLC,YZER,2026-05-12 23:59:59,015,0.0,0.0,0.0,0.0,0.0,0.0,,,1.0,,1.0,1.0
733,8162-H03-020-415745-260522,8162_H03,C_415745,8162,XD_8162_OH_CLEVELAND.YZER,FM,Customer,REG,Yzer LLC,YZER,2026-05-22 23:59:59,020,0.0,0.0,0.0,0.0,0.0,0.0,,,1.0,,1.0,1.0
734,8162-H05-055-925913-260514,8162_H05,C_925913,8162,XD_8162_OH_CLEVELAND.YZER,FM,Customer,REG,Yzer LLC,YZER,2026-05-14 23:59:59,055,0.0,0.0,0.0,0.0,0.0,0.0,,,1.0,,1.0,1.0
735,8162-H01-015-444763-260526,8162_H01,C_444763,8162,XD_8162_OH_CLEVELAND.YZER,FM,Customer,REG,Yzer LLC,YZER,2026-05-26 23:59:59,015,0.0,0.0,0.0,0.0,0.0,0.0,,,1.0,,1.0,1.0
736,Z-3616203,8163_H03,,8162,XD_8162_OH_CLEVELAND.YZER,RC,Route Chrg,REG,Yzer LLC,YZER,2026-05-21 23:59:59,000,0.0,0.0,0.0,0.0,0.0,0.0,,,,,1.0,1.0
737,8162-H06-005-905176-260526,8162_H06,C_905176,8162,XD_8162_OH_CLEVELAND.YZER,FM,Customer,REG,Yzer LLC,YZER,2026-05-26 23:59:59,005,0.0,0.0,0.0,0.0,0.0,0.0,,,1.0,,1.0,1.0
738,Z-3570903,8163_H01,,8162,XD_8162_OH_CLEVELAND.YZER,RC,Route Chrg,REG,Yzer LLC,YZER,2026-05-06 23:59:59,000,,0.0,,,0.0,,8.0,24.0,8.0,24.0,1.0,1.0
739,Z-3559517,8163_G01,,8162,XD_8162_OH_CLEVELAND.YZER,RC,Route Chrg,REG,Yzer LLC,YZER,2026-05-01 23:59:59,000,,0.0,,,0.0,,5.0,21.0,5.0,21.0,1.0,1.0
740,8162-G02-065-406255-260513,8162_G02,C_406255,8162,XD_8162_OH_CLEVELAND.YZER,FM,Customer,REG,Yzer LLC,YZER,2026-05-13 23:59:59,065,0.0,0.0,0.0,0.0,0.0,0.0,,,1.0,,1.0,1.0
741,8163-G03-005-070610-260519,8163_G03,C_810447,8162,XD_8162_OH_CLEVELAND.YZER,FM,Customer,REG,Yzer LLC,YZER,2026-05-19 23:59:59,005,0.0,0.0,0.0,0.0,0.0,0.0,,,1.0,,1.0,0.0
742,8162-G05-007-314669-260519,8162_G05,C_208840,8162,XD_8162_OH_CLEVELAND.YZER,FM,Customer,REG,Yzer LLC,YZER,2026-05-19 23:59:59,007,0.0,0.0,0.0,0.0,0.0,0.0,,,1.0,,1.0,1.0
743,8162-G06-035-134431-260519,8162_G06,C_134431,8162,XD_8162_OH_CLEVELAND.YZER,FM,Customer,REG,Yzer LLC,YZER,2026-05-19 23:59:59,035,0.0,0.0,0.0,0.0,0.0,0.0,,,1.0,,1.0,1.0
744,8162-G07-005-893022-260506,8162_G07,C_599132,8162,XD_8162_OH_CLEVELAND.YZER,FM,Customer,REG,Yzer LLC,YZER,2026-05-06 23:59:59,005,0.0,0.0,0.0,0.0,0.0,0.0,,,1.0,,1.0,0.0
745,8163-G02-015-038361-260514,8163_G02,C_731867,8162,XD_8162_OH_CLEVELAND.YZER,FM,Customer,REG,Yzer LLC,YZER,2026-05-14 23:59:59,015,0.0,0.0,0.0,0.0,0.0,0.0,,,1.0,,1.0,0.0
746,Z-3603679,8162_G06,,8162,XD_8162_OH_CLEVELAND.YZER,RC,Route Chrg,REG,Yzer LLC,YZER,2026-05-18 23:59:59,000,383.86,0.0,383.86,345.0,26.78,12.08,,,,,1.0,1.0
747,8162-H06-020-245725-260520,8162_H06,C_717269,8162,XD_8162_OH_CLEVELAND.YZER,FM,Customer,REG,Yzer LLC,YZER,2026-05-20 23:59:59,020,0.0,0.0,0.0,0.0,0.0,0.0,,,1.0,,1.0,1.0
748,8163-H06-015-415508-260520,8163_H06,C_433600,8162,XD_8162_OH_CLEVELAND.YZER,FM,Customer,REG,Yzer LLC,YZER,2026-05-20 23:59:59,015,0.0,0.0,0.0,0.0,0.0,0.0,,,1.0,,1.0,0.0
749,8162-G06-010-151559-260520,8162_G06,C_151558,8162,XD_8162_OH_CLEVELAND.YZER,FM,Customer,REG,Yzer LLC,YZER,2026-05-20 23:59:59,010,0.0,0.0,0.0,0.0,0.0,0.0,,,1.0,,1.0,0.0
750,Z-3608162,8162_H04,,8162,XD_8162_OH_CLEVELAND.YZER,RC,Route Chrg,REG,Yzer LLC,YZER,2026-05-19 23:59:59,000,272.6,0.0,272.6,245.0,19.02,8.58,,,,,1.0,1.0
751,8162-G06-026-289530-260520,8162_G06,C_289522,8162,XD_8162_OH_CLEVELAND.YZER,FM,Customer,REG,Yzer LLC,YZER,2026-05-20 23:59:59,026,0.0,0.0,0.0,0.0,0.0,0.0,,,1.0,,1.0,0.0
752,8162-G01-005-718289-260520,8162_G01,C_436015,8162,XD_8162_OH_CLEVELAND.YZER,FM,Customer,REG,Yzer LLC,YZER,2026-05-20 23:59:59,005,0.0,0.0,0.0,0.0,0.0,0.0,,,1.0,,1.0,0.0
753,8162-G09-011-401833-260520,8162_G09,C_401833,8162,XD_8162_OH_CLEVELAND.YZER,FM,Customer,REG,Yzer LLC,YZER,2026-05-20 23:59:59,011,0.0,0.0,0.0,0.0,0.0,0.0,,,1.0,,1.0,1.0
754,8162-H06-020-431045-260520,8162_H06,C_717269,8162,XD_8162_OH_CLEVELAND.YZER,FM,Customer,REG,Yzer LLC,YZER,2026-05-20 23:59:59,020,0.0,0.0,0.0,0.0,0.0,0.0,,,1.0,,1.0,0.0
755,8162-G06-015-151562-260506,8162_G06,C_065363,8162,XD_8162_OH_CLEVELAND.YZER,FM,Customer,REG,Yzer LLC,YZER,2026-05-06 23:59:59,015,0.0,0.0,0.0,0.0,0.0,0.0,,,1.0,,1.0,0.0
756,8163-G07-005-589418-260507,8163_G07,C_599132,8162,XD_8162_OH_CLEVELAND.YZER,FM,Customer,REG,Yzer LLC,YZER,2026-05-07 23:59:59,005,0.0,0.0,0.0,0.0,0.0,0.0,,,1.0,,1.0,0.0
757,8162-H01-035-865326-260520,8162_H01,C_865326,8162,XD_8162_OH_CLEVELAND.YZER,FM,Customer,REG,Yzer LLC,YZER,2026-05-20 23:59:59,035,0.0,0.0,0.0,0.0,0.0,0.0,,,1.0,,1.0,1.0
758,8162-G06-025-289522-260521,8162_G06,C_289522,8162,XD_8162_OH_CLEVELAND.YZER,FM,Customer,REG,Yzer LLC,YZER,2026-05-21 23:59:59,025,0.0,0.0,0.0,0.0,0.0,0.0,,,1.0,,1.0,1.0
759,8162-G01-005-209001-260521,8162_G01,C_436015,8162,XD_8162_OH_CLEVELAND.YZER,FM,Customer,REG,Yzer LLC,YZER,2026-05-21 23:59:59,005,0.0,0.0,0.0,0.0,0.0,0.0,,,1.0,,1.0,0.0
760,8162-G09-013-286750-260521,8162_G09,C_286750,8162,XD_8162_OH_CLEVELAND.YZER,FM,Customer,REG,Yzer LLC,YZER,2026-05-21 23:59:59,013,0.0,0.0,0.0,0.0,0.0,0.0,,,1.0,,1.0,1.0
761,8162-G05-006-224266-260512,8162_G05,C_061312,8162,XD_8162_OH_CLEVELAND.YZER,FM,Customer,REG,Yzer LLC,YZER,2026-05-12 23:59:59,006,0.0,0.0,0.0,0.0,0.0,0.0,,,1.0,,1.0,1.0
762,8163-G06-015-151562-260514,8163_G06,C_065363,8162,XD_8162_OH_CLEVELAND.YZER,FM,Customer,REG,Yzer LLC,YZER,2026-05-14 23:59:59,015,0.0,0.0,0.0,0.0,0.0,0.0,,,1.0,,1.0,0.0
763,8162-H05-050-721852-260521,8162_H05,C_721852,8162,XD_8162_OH_CLEVELAND.YZER,FM,Customer,REG,Yzer LLC,YZER,2026-05-21 23:59:59,050,0.0,0.0,0.0,0.0,0.0,0.0,,,1.0,,1.0,1.0
764,8162-H01-060-807917-260507,8162_H01,C_807917,8162,XD_8162_OH_CLEVELAND.YZER,FM,Customer,REG,Yzer LLC,YZER,2026-05-07 23:59:59,060,0.0,0.0,0.0,0.0,0.0,0.0,,,1.0,,1.0,1.0
765,8162-G05-002-219681-260513,8162_G05,C_219681,8162,XD_8162_OH_CLEVELAND.YZER,FM,Customer,REG,Yzer LLC,YZER,2026-05-13 23:59:59,002,0.0,0.0,0.0,0.0,0.0,0.0,,,1.0,,1.0,1.0
766,8163-G04-006-712383-260521,8163_G04,C_712383,8162,XD_8162_OH_CLEVELAND.YZER,FM,Customer,REG,Yzer LLC,YZER,2026-05-21 23:59:59,006,0.0,0.0,0.0,0.0,0.0,0.0,,,1.0,,1.0,0.0
767,8162-G04-045-443911-260526,8162_G04,C_443911,8162,XD_8162_OH_CLEVELAND.YZER,FM,Customer,REG,Yzer LLC,YZER,2026-05-26 23:59:59,045,0.0,0.0,0.0,0.0,0.0,0.0,,,1.0,,1.0,1.0
768,8162-G07-042-339737-260514,8162_G07,C_905014,8162,XD_8162_OH_CLEVELAND.YZER,FM,Customer,REG,Yzer LLC,YZER,2026-05-14 23:59:59,042,0.0,0.0,0.0,0.0,0.0,0.0,,,1.0,,1.0,1.0
769,8163-GX0-004-960596-260505,8163_GX0,C_464241,8162,XD_8162_OH_CLEVELAND.YZER,FM,Customer,REG,Yzer LLC,YZER,2026-05-05 23:59:59,004,0.0,0.0,0.0,0.0,0.0,0.0,,,1.0,,1.0,0.0
770,8162-H02-045-624058-260526,8162_H02,C_624058,8162,XD_8162_OH_CLEVELAND.YZER,FM,Customer,REG,Yzer LLC,YZER,2026-05-26 23:59:59,045,0.0,0.0,0.0,0.0,0.0,0.0,,,1.0,,1.0,1.0
771,8162-G03-020-667610-260507,8162_G03,C_667610,8162,XD_8162_OH_CLEVELAND.YZER,FM,Customer,REG,Yzer LLC,YZER,2026-05-07 23:59:59,020,0.0,0.0,0.0,0.0,0.0,0.0,,,1.0,,1.0,1.0
772,8162-H04-030-326949-260522,8162_H04,C_993260,8162,XD_8162_OH_CLEVELAND.YZER,FM,Customer,REG,Yzer LLC,YZER,2026-05-22 23:59:59,030,0.0,0.0,0.0,0.0,0.0,0.0,,,1.0,,1.0,1.0
773,8162-H01-035-865326-260522,8162_H01,C_865326,8162,XD_8162_OH_CLEVELAND.YZER,FM,Customer,REG,Yzer LLC,YZER,2026-05-22 23:59:59,035,0.0,0.0,0.0,0.0,0.0,0.0,,,1.0,,1.0,1.0
774,8162-H01-050-362140-260506,8162_H01,C_362140,8162,XD_8162_OH_CLEVELAND.YZER,FM,Customer,REG,Yzer LLC,YZER,2026-05-06 23:59:59,050,0.0,0.0,0.0,0.0,0.0,0.0,,,1.0,,1.0,1.0
775,8163-G02-050-140655-260522,8163_G02,C_433278,8162,XD_8162_OH_CLEVELAND.YZER,FM,Customer,REG,Yzer LLC,YZER,2026-05-22 23:59:59,050,0.0,0.0,0.0,0.0,0.0,0.0,,,1.0,,1.0,0.0
776,8162-G05-005-221190-260514,8162_G05,C_441221,8162,XD_8162_OH_CLEVELAND.YZER,FM,Customer,REG,Yzer LLC,YZER,2026-05-14 23:59:59,005,0.0,0.0,0.0,0.0,0.0,0.0,,,1.0,,1.0,0.0
777,Z-3587609,8162_H01,,8162,XD_8162_OH_CLEVELAND.YZER,RC,Route Chrg,REG,Yzer LLC,YZER,2026-05-12 23:59:59,000,252.5,0.0,252.5,228.0,16.52,7.98,,,,,1.0,1.0
778,8162-G01-025-371496-260526,8162_G01,C_371496,8162,XD_8162_OH_CLEVELAND.YZER,FM,Customer,REG,Yzer LLC,YZER,2026-05-26 23:59:59,025,0.0,0.0,0.0,0.0,0.0,0.0,,,1.0,,1.0,1.0
779,8162-H02-055-195053-260511,8162_H02,C_195053,8162,XD_8162_OH_CLEVELAND.YZER,FM,Customer,REG,Yzer LLC,YZER,2026-05-11 23:59:59,055,0.0,0.0,0.0,0.0,0.0,0.0,,,1.0,,1.0,1.0
780,8162-G05-045-237260-260511,8162_G05,C_245718,8162,XD_8162_OH_CLEVELAND.YZER,FM,Customer,REG,Yzer LLC,YZER,2026-05-11 23:59:59,045,0.0,0.0,0.0,0.0,0.0,0.0,,,1.0,,1.0,0.0
781,8163-H06-020-431206-260522,8163_H06,C_717269,8162,XD_8162_OH_CLEVELAND.YZER,FM,Customer,REG,Yzer LLC,YZER,2026-05-22 23:59:59,020,0.0,0.0,0.0,0.0,0.0,0.0,,,1.0,,1.0,0.0
782,8163-G03-005-723011-260507,8163_G03,C_810447,8162,XD_8162_OH_CLEVELAND.YZER,FM,Customer,REG,Yzer LLC,YZER,2026-05-07 23:59:59,005,0.0,0.0,0.0,0.0,0.0,0.0,,,1.0,,1.0,0.0
783,8162-G07-020-235209-260526,8162_G07,C_235209,8162,XD_8162_OH_CLEVELAND.YZER,FM,Customer,REG,Yzer LLC,YZER,2026-05-26 23:59:59,020,0.0,0.0,0.0,0.0,0.0,0.0,,,1.0,,1.0,1.0
784,8162-G06-020-133946-260526,8162_G06,C_133946,8162,XD_8162_OH_CLEVELAND.YZER,FM,Customer,REG,Yzer LLC,YZER,2026-05-26 23:59:59,020,0.0,0.0,0.0,0.0,0.0,0.0,,,1.0,,1.0,1.0
785,8162-H04-005-893019-260526,8162_H04,C_435532,8162,XD_8162_OH_CLEVELAND.YZER,FM,Customer,REG,Yzer LLC,YZER,2026-05-26 23:59:59,005,0.0,0.0,0.0,0.0,0.0,0.0,,,1.0,,1.0,0.0
786,8163-G07-005-386053-260522,8163_G07,C_599132,8162,XD_8162_OH_CLEVELAND.YZER,FM,Customer,REG,Yzer LLC,YZER,2026-05-22 23:59:59,005,0.0,0.0,0.0,0.0,0.0,0.0,,,1.0,,1.0,0.0
787,8162-H04-040-350918-260522,8162_H04,C_350918,8162,XD_8162_OH_CLEVELAND.YZER,FM,Customer,REG,Yzer LLC,YZER,2026-05-22 23:59:59,040,0.0,0.0,0.0,0.0,0.0,0.0,,,1.0,,1.0,1.0
788,Z-3559653,8163_H04,,8162,XD_8162_OH_CLEVELAND.YZER,RC,Route Chrg,REG,Yzer LLC,YZER,2026-05-01 23:59:59,000,,0.0,,,0.0,,7.0,20.0,7.0,20.0,1.0,1.0
789,Z-3580359,8163_G07,,8162,XD_8162_OH_CLEVELAND.YZER,RC,Route Chrg,REG,Yzer LLC,YZER,2026-05-08 23:59:59,000,,0.0,,,0.0,,7.0,43.0,7.0,43.0,1.0,1.0
790,8162-G02-020-128886-260504,8162_G02,C_598488,8162,XD_8162_OH_CLEVELAND.YZER,FM,Customer,REG,Yzer LLC,YZER,2026-05-04 23:59:59,020,0.0,0.0,0.0,0.0,0.0,0.0,,,1.0,,1.0,1.0
791,8162-G03-040-386380-260505,8162_G03,C_386380,8162,XD_8162_OH_CLEVELAND.YZER,FM,Customer,REG,Yzer LLC,YZER,2026-05-05 23:59:59,040,0.0,0.0,0.0,0.0,0.0,0.0,,,1.0,,1.0,1.0
792,8162-G07-005-599132-260505,8162_G07,C_599132,8162,XD_8162_OH_CLEVELAND.YZER,FM,Customer,REG,Yzer LLC,YZER,2026-05-05 23:59:59,005,0.0,0.0,0.0,0.0,0.0,0.0,,,1.0,,1.0,0.0
793,8162-G01-035-390526-260505,8162_G01,C_390526,8162,XD_8162_OH_CLEVELAND.YZER,FM,Customer,REG,Yzer LLC,YZER,2026-05-05 23:59:59,035,0.0,0.0,0.0,0.0,0.0,0.0,,,1.0,,1.0,1.0
794,Z-3562927,8162_G06,,8162,XD_8162_OH_CLEVELAND.YZER,RC,Route Chrg,REG,Yzer LLC,YZER,2026-05-04 23:59:59,000,373.15,0.0,373.15,345.0,16.07,12.08,,,,,1.0,1.0
795,8162-G02-040-244530-260504,8162_G02,C_017375,8162,XD_8162_OH_CLEVELAND.YZER,FM,Customer,REG,Yzer LLC,YZER,2026-05-04 23:59:59,040,0.0,0.0,0.0,0.0,0.0,0.0,,,1.0,,1.0,0.0
796,Z-3583678,8163_H01,,8162,XD_8162_OH_CLEVELAND.YZER,RC,Route Chrg,REG,Yzer LLC,YZER,2026-05-11 23:59:59,000,,0.0,,,0.0,,9.0,41.0,9.0,41.0,1.0,1.0
797,Z-3593271,8163_HX5,,8162,XD_8162_OH_CLEVELAND.YZER,RC,Route Chrg,REG,Yzer LLC,YZER,2026-05-13 23:59:59,000,,0.0,,,0.0,,1.0,3.0,1.0,3.0,1.0,1.0
798,Z-3617245,8163_GX4,,8162,XD_8162_OH_CLEVELAND.YZER,RC,Route Chrg,REG,Yzer LLC,YZER,2026-05-21 23:59:59,000,,0.0,,,0.0,,1.0,1.0,1.0,1.0,1.0,1.0
799,8162-G06-015-151561-260505,8162_G06,C_065363,8162,XD_8162_OH_CLEVELAND.YZER,FM,Customer,REG,Yzer LLC,YZER,2026-05-05 23:59:59,015,0.0,0.0,0.0,0.0,0.0,0.0,,,1.0,,1.0,1.0
800,8163-G06-015-151562-260504,8163_G06,C_065363,8162,XD_8162_OH_CLEVELAND.YZER,FM,Customer,REG,Yzer LLC,YZER,2026-05-04 23:59:59,015,0.0,0.0,0.0,0.0,0.0,0.0,,,1.0,,1.0,0.0
801,Z-3608670,8163_GX4,,8162,XD_8162_OH_CLEVELAND.YZER,RC,Route Chrg,REG,Yzer LLC,YZER,2026-05-19 23:59:59,000,,0.0,,,0.0,,1.0,2.0,1.0,2.0,1.0,1.0
802,Z-3620679,8162_HX2,,8162,XD_8162_OH_CLEVELAND.YZER,RC,Route Chrg,REG,Yzer LLC,YZER,2026-05-22 23:59:59,000,,0.0,,,0.0,,1.0,4.0,1.0,4.0,1.0,1.0
803,Z-3624639,8163_H06,,8162,XD_8162_OH_CLEVELAND.YZER,RC,Route Chrg,REG,Yzer LLC,YZER,2026-05-26 23:59:59,000,0.0,0.0,0.0,0.0,0.0,0.0,,,,,1.0,1.0
804,Z-3559598,8162_H05,,8162,XD_8162_OH_CLEVELAND.YZER,RC,Route Chrg,REG,Yzer LLC,YZER,2026-05-01 23:59:59,000,289.51,0.0,289.51,252.0,28.69,8.82,,,,,1.0,1.0
805,8162-G03-005-723011-260526,8162_G03,C_810447,8162,XD_8162_OH_CLEVELAND.YZER,FM,Customer,REG,Yzer LLC,YZER,2026-05-26 23:59:59,005,0.0,0.0,0.0,0.0,0.0,0.0,,,1.0,,1.0,0.0
806,8162-H06-015-415508-260528,8162_H06,C_433600,8162,XD_8162_OH_CLEVELAND.YZER,FM,Customer,REG,Yzer LLC,YZER,2026-05-28 23:59:59,015,0.0,0.0,0.0,0.0,0.0,0.0,,,1.0,,1.0,0.0
807,Z-3627791,8162_H06,,8162,XD_8162_OH_CLEVELAND.YZER,RC,Route Chrg,REG,Yzer LLC,YZER,2026-05-27 23:59:59,000,277.28,0.0,277.28,235.0,34.05,8.23,,,,,1.0,1.0
808,8162-G05-002-642013-260528,8162_G05,C_219681,8162,XD_8162_OH_CLEVELAND.YZER,FM,Customer,REG,Yzer LLC,YZER,2026-05-28 23:59:59,002,0.0,0.0,0.0,0.0,0.0,0.0,,,1.0,,1.0,0.0
809,8162-H04-005-433761-260527,8162_H04,C_435532,8162,XD_8162_OH_CLEVELAND.YZER,FM,Customer,REG,Yzer LLC,YZER,2026-05-27 23:59:59,005,0.0,0.0,0.0,0.0,0.0,0.0,,,1.0,,1.0,1.0
810,8162-G01-025-371496-260529,8162_G01,C_371496,8162,XD_8162_OH_CLEVELAND.YZER,FM,Customer,REG,Yzer LLC,YZER,2026-05-29 23:59:59,025,0.0,0.0,0.0,0.0,0.0,0.0,,,1.0,,1.0,1.0
811,8162-G02-040-244530-260526,8162_G02,C_017375,8162,XD_8162_OH_CLEVELAND.YZER,FM,Customer,REG,Yzer LLC,YZER,2026-05-26 23:59:59,040,0.0,0.0,0.0,0.0,0.0,0.0,,,1.0,,1.0,1.0
812,8162-H01-040-093494-260529,8162_H01,C_093505,8162,XD_8162_OH_CLEVELAND.YZER,FM,Customer,REG,Yzer LLC,YZER,2026-05-29 23:59:59,040,0.0,0.0,0.0,0.0,0.0,0.0,,,1.0,,1.0,1.0
813,Z-3624492,8163_GX0,,8162,XD_8162_OH_CLEVELAND.YZER,RC,Route Chrg,REG,Yzer LLC,YZER,2026-05-26 23:59:59,000,0.0,0.0,0.0,0.0,0.0,0.0,,,,,1.0,1.0
814,Z-3627782,8162_H04,,8162,XD_8162_OH_CLEVELAND.YZER,RC,Route Chrg,REG,Yzer LLC,YZER,2026-05-27 23:59:59,000,271.33,0.0,271.33,245.0,17.75,8.58,,,,,1.0,1.0
815,Z-3632012,8162_H06,,8162,XD_8162_OH_CLEVELAND.YZER,RC,Route Chrg,REG,Yzer LLC,YZER,2026-05-28 23:59:59,000,276.07,0.0,276.07,235.0,32.84,8.23,,,,,1.0,1.0
816,8162-G05-006-224266-260528,8162_G05,C_061312,8162,XD_8162_OH_CLEVELAND.YZER,FM,Customer,REG,Yzer LLC,YZER,2026-05-28 23:59:59,006,0.0,0.0,0.0,0.0,0.0,0.0,,,1.0,,1.0,1.0
817,8163-G07-005-589418-260526,8163_G07,C_599132,8162,XD_8162_OH_CLEVELAND.YZER,FM,Customer,REG,Yzer LLC,YZER,2026-05-26 23:59:59,005,0.0,0.0,0.0,0.0,0.0,0.0,,,1.0,,1.0,0.0
818,8162-G03-025-296317-260529,8162_G03,C_296317,8162,XD_8162_OH_CLEVELAND.YZER,FM,Customer,REG,Yzer LLC,YZER,2026-05-29 23:59:59,025,0.0,0.0,0.0,0.0,0.0,0.0,,,1.0,,1.0,0.0
819,Z-3624588,8162_G05,,8162,XD_8162_OH_CLEVELAND.YZER,RC,Route Chrg,REG,Yzer LLC,YZER,2026-05-26 23:59:59,000,336.66,0.0,336.66,304.0,22.02,10.64,,,,,1.0,1.0
820,Z-3627765,8162_G06,,8162,XD_8162_OH_CLEVELAND.YZER,RC,Route Chrg,REG,Yzer LLC,YZER,2026-05-27 23:59:59,000,382.08,0.0,382.08,345.0,25.0,12.08,,,,,1.0,1.0
821,8162-G05-045-245718-260527,8162_G05,C_245718,8162,XD_8162_OH_CLEVELAND.YZER,FM,Customer,REG,Yzer LLC,YZER,2026-05-27 23:59:59,045,0.0,0.0,0.0,0.0,0.0,0.0,,,1.0,,1.0,0.0
822,8162-H02-050-579755-260527,8162_H02,C_579755,8162,XD_8162_OH_CLEVELAND.YZER,FM,Customer,REG,Yzer LLC,YZER,2026-05-27 23:59:59,050,0.0,0.0,0.0,0.0,0.0,0.0,,,1.0,,1.0,1.0
823,8162-G02-010-433278-260528,8162_G02,C_433278,8162,XD_8162_OH_CLEVELAND.YZER,FM,Customer,REG,Yzer LLC,YZER,2026-05-28 23:59:59,010,0.0,0.0,0.0,0.0,0.0,0.0,,,1.0,,1.0,1.0
824,8163-G02-005-071322-260529,8163_G02,C_713914,8162,XD_8162_OH_CLEVELAND.YZER,FM,Customer,REG,Yzer LLC,YZER,2026-05-29 23:59:59,005,0.0,0.0,0.0,0.0,0.0,0.0,,,1.0,,1.0,0.0
825,Z-3624469,8162_H04,,8162,XD_8162_OH_CLEVELAND.YZER,RC,Route Chrg,REG,Yzer LLC,YZER,2026-05-26 23:59:59,000,271.33,0.0,271.33,245.0,17.75,8.58,,,,,1.0,1.0
826,8162-H05-005-265407-260528,8162_H05,C_224273,8162,XD_8162_OH_CLEVELAND.YZER,FM,Customer,REG,Yzer LLC,YZER,2026-05-28 23:59:59,005,0.0,0.0,0.0,0.0,0.0,0.0,,,1.0,,1.0,1.0
827,8162-G02-050-140655-260529,8162_G02,C_433278,8162,XD_8162_OH_CLEVELAND.YZER,FM,Customer,REG,Yzer LLC,YZER,2026-05-29 23:59:59,050,0.0,0.0,0.0,0.0,0.0,0.0,,,1.0,,1.0,0.0
828,8162-H05-015-134985-260528,8162_H05,C_134985,8162,XD_8162_OH_CLEVELAND.YZER,FM,Customer,REG,Yzer LLC,YZER,2026-05-28 23:59:59,015,0.0,0.0,0.0,0.0,0.0,0.0,,,1.0,,1.0,1.0
829,8162-H01-040-093494-260514,8162_H01,C_093505,8162,XD_8162_OH_CLEVELAND.YZER,FM,Customer,REG,Yzer LLC,YZER,2026-05-14 23:59:59,040,0.0,0.0,0.0,0.0,0.0,0.0,,,1.0,,1.0,0.0
830,8162-G04-010-833539-260512,8162_G04,C_833539,8162,XD_8162_OH_CLEVELAND.YZER,FM,Customer,REG,Yzer LLC,YZER,2026-05-12 23:59:59,010,0.0,0.0,0.0,0.0,0.0,0.0,,,1.0,,1.0,1.0
831,8162-H06-010-151578-260511,8162_H06,C_151568,8162,XD_8162_OH_CLEVELAND.YZER,FM,Customer,REG,Yzer LLC,YZER,2026-05-11 23:59:59,010,0.0,0.0,0.0,0.0,0.0,0.0,,,1.0,,1.0,1.0
832,8162-G06-015-151561-260511,8162_G06,C_065363,8162,XD_8162_OH_CLEVELAND.YZER,FM,Customer,REG,Yzer LLC,YZER,2026-05-11 23:59:59,015,0.0,0.0,0.0,0.0,0.0,0.0,,,1.0,,1.0,0.0
833,8162-G03-005-070610-260511,8162_G03,C_810447,8162,XD_8162_OH_CLEVELAND.YZER,FM,Customer,REG,Yzer LLC,YZER,2026-05-11 23:59:59,005,0.0,0.0,0.0,0.0,0.0,0.0,,,1.0,,1.0,1.0
834,8162-H06-015-173338-260508,8162_H06,C_433600,8162,XD_8162_OH_CLEVELAND.YZER,FM,Customer,REG,Yzer LLC,YZER,2026-05-08 23:59:59,015,0.0,0.0,0.0,0.0,0.0,0.0,,,1.0,,1.0,0.0
835,8162-G03-010-256130-260507,8162_G03,C_223285,8162,XD_8162_OH_CLEVELAND.YZER,FM,Customer,REG,Yzer LLC,YZER,2026-05-07 23:59:59,010,0.0,0.0,0.0,0.0,0.0,0.0,,,1.0,,1.0,1.0
836,8162-G07-010-134526-260506,8162_G07,C_134526,8162,XD_8162_OH_CLEVELAND.YZER,FM,Customer,REG,Yzer LLC,YZER,2026-05-06 23:59:59,010,0.0,0.0,0.0,0.0,0.0,0.0,,,1.0,,1.0,1.0
837,Z-3587636,8162_G09,,8162,XD_8162_OH_CLEVELAND.YZER,RC,Route Chrg,REG,Yzer LLC,YZER,2026-05-12 23:59:59,000,276.86,0.0,276.86,250.0,18.11,8.75,,,,,1.0,1.0
838,8162-H03-020-415745-260514,8162_H03,C_415745,8162,XD_8162_OH_CLEVELAND.YZER,FM,Customer,REG,Yzer LLC,YZER,2026-05-14 23:59:59,020,0.0,0.0,0.0,0.0,0.0,0.0,,,1.0,,1.0,1.0
839,8162-H05-050-721852-260512,8162_H05,C_721852,8162,XD_8162_OH_CLEVELAND.YZER,FM,Customer,REG,Yzer LLC,YZER,2026-05-12 23:59:59,050,0.0,0.0,0.0,0.0,0.0,0.0,,,1.0,,1.0,1.0
840,8162-G01-005-209001-260513,8162_G01,C_436015,8162,XD_8162_OH_CLEVELAND.YZER,FM,Customer,REG,Yzer LLC,YZER,2026-05-13 23:59:59,005,0.0,0.0,0.0,0.0,0.0,0.0,,,1.0,,1.0,1.0
841,8162-H05-020-304538-260507,8162_H05,C_304538,8162,XD_8162_OH_CLEVELAND.YZER,FM,Customer,REG,Yzer LLC,YZER,2026-05-07 23:59:59,020,0.0,0.0,0.0,0.0,0.0,0.0,,,1.0,,1.0,1.0
842,8162-H04-010-146265-260506,8162_H04,C_146265,8162,XD_8162_OH_CLEVELAND.YZER,FM,Customer,REG,Yzer LLC,YZER,2026-05-06 23:59:59,010,0.0,0.0,0.0,0.0,0.0,0.0,,,1.0,,1.0,1.0
843,8163-G04-006-712383-260514,8163_G04,C_712383,8162,XD_8162_OH_CLEVELAND.YZER,FM,Customer,REG,Yzer LLC,YZER,2026-05-14 23:59:59,006,0.0,0.0,0.0,0.0,0.0,0.0,,,1.0,,1.0,0.0
844,8162-H01-050-362140-260515,8162_H01,C_362140,8162,XD_8162_OH_CLEVELAND.YZER,FM,Customer,REG,Yzer LLC,YZER,2026-05-15 23:59:59,050,0.0,0.0,0.0,0.0,0.0,0.0,,,1.0,,1.0,1.0
845,8162-G03-015-584757-260518,8162_G03,C_864840,8162,XD_8162_OH_CLEVELAND.YZER,FM,Customer,REG,Yzer LLC,YZER,2026-05-18 23:59:59,015,0.0,0.0,0.0,0.0,0.0,0.0,,,1.0,,1.0,1.0
846,8162-G05-006-905419-260515,8162_G05,C_061312,8162,XD_8162_OH_CLEVELAND.YZER,FM,Customer,REG,Yzer LLC,YZER,2026-05-15 23:59:59,006,0.0,0.0,0.0,0.0,0.0,0.0,,,1.0,,1.0,0.0
847,8162-G04-010-786357-260515,8162_G04,C_833539,8162,XD_8162_OH_CLEVELAND.YZER,FM,Customer,REG,Yzer LLC,YZER,2026-05-15 23:59:59,010,0.0,0.0,0.0,0.0,0.0,0.0,,,1.0,,1.0,1.0
848,8162-H02-045-624058-260515,8162_H02,C_624058,8162,XD_8162_OH_CLEVELAND.YZER,FM,Customer,REG,Yzer LLC,YZER,2026-05-15 23:59:59,045,0.0,0.0,0.0,0.0,0.0,0.0,,,1.0,,1.0,1.0
849,8162-G06-035-134431-260518,8162_G06,C_134431,8162,XD_8162_OH_CLEVELAND.YZER,FM,Customer,REG,Yzer LLC,YZER,2026-05-18 23:59:59,035,0.0,0.0,0.0,0.0,0.0,0.0,,,1.0,,1.0,1.0
850,8163-G05-001-429087-260518,8163_G05,C_441221,8162,XD_8162_OH_CLEVELAND.YZER,FM,Customer,REG,Yzer LLC,YZER,2026-05-18 23:59:59,001,0.0,0.0,0.0,0.0,0.0,0.0,,,1.0,,1.0,0.0
851,8162-H02-045-624058-260518,8162_H02,C_624058,8162,XD_8162_OH_CLEVELAND.YZER,FM,Customer,REG,Yzer LLC,YZER,2026-05-18 23:59:59,045,0.0,0.0,0.0,0.0,0.0,0.0,,,1.0,,1.0,1.0
852,8162-G09-017-444117-260508,8162_G09,C_444117,8162,XD_8162_OH_CLEVELAND.YZER,FM,Customer,REG,Yzer LLC,YZER,2026-05-08 23:59:59,017,0.0,0.0,0.0,0.0,0.0,0.0,,,1.0,,1.0,1.0
853,8162-H01-035-865326-260507,8162_H01,C_865326,8162,XD_8162_OH_CLEVELAND.YZER,FM,Customer,REG,Yzer LLC,YZER,2026-05-07 23:59:59,035,0.0,0.0,0.0,0.0,0.0,0.0,,,1.0,,1.0,1.0
854,8162-G09-013-286750-260514,8162_G09,C_286750,8162,XD_8162_OH_CLEVELAND.YZER,FM,Customer,REG,Yzer LLC,YZER,2026-05-14 23:59:59,013,0.0,0.0,0.0,0.0,0.0,0.0,,,1.0,,1.0,1.0
855,8163-G01-005-050647-260514,8163_G01,C_436015,8162,XD_8162_OH_CLEVELAND.YZER,FM,Customer,REG,Yzer LLC,YZER,2026-05-14 23:59:59,005,0.0,0.0,0.0,0.0,0.0,0.0,,,1.0,,1.0,0.0
856,8162-G03-040-386380-260508,8162_G03,C_386380,8162,XD_8162_OH_CLEVELAND.YZER,FM,Customer,REG,Yzer LLC,YZER,2026-05-08 23:59:59,040,0.0,0.0,0.0,0.0,0.0,0.0,,,1.0,,1.0,1.0
857,8162-G07-042-314668-260513,8162_G07,C_905014,8162,XD_8162_OH_CLEVELAND.YZER,FM,Customer,REG,Yzer LLC,YZER,2026-05-13 23:59:59,042,0.0,0.0,0.0,0.0,0.0,0.0,,,1.0,,1.0,1.0
858,8162-G09-028-093539-260514,8162_G09,C_093545,8162,XD_8162_OH_CLEVELAND.YZER,FM,Customer,REG,Yzer LLC,YZER,2026-05-14 23:59:59,028,0.0,0.0,0.0,0.0,0.0,0.0,,,1.0,,1.0,0.0
859,8162-G07-005-599132-260513,8162_G07,C_599132,8162,XD_8162_OH_CLEVELAND.YZER,FM,Customer,REG,Yzer LLC,YZER,2026-05-13 23:59:59,005,0.0,0.0,0.0,0.0,0.0,0.0,,,1.0,,1.0,0.0
860,8163-G01-005-436015-260514,8163_G01,C_436015,8162,XD_8162_OH_CLEVELAND.YZER,FM,Customer,REG,Yzer LLC,YZER,2026-05-14 23:59:59,005,0.0,0.0,0.0,0.0,0.0,0.0,,,1.0,,1.0,0.0
861,8162-G03-035-777727-260508,8162_G03,C_777727,8162,XD_8162_OH_CLEVELAND.YZER,FM,Customer,REG,Yzer LLC,YZER,2026-05-08 23:59:59,035,0.0,0.0,0.0,0.0,0.0,0.0,,,1.0,,1.0,1.0
862,8162-H05-035-259008-260506,8162_H05,C_259008,8162,XD_8162_OH_CLEVELAND.YZER,FM,Customer,REG,Yzer LLC,YZER,2026-05-06 23:59:59,035,0.0,0.0,0.0,0.0,0.0,0.0,,,1.0,,1.0,1.0
863,8162-G07-030-995737-260506,8162_G07,C_995737,8162,XD_8162_OH_CLEVELAND.YZER,FM,Customer,REG,Yzer LLC,YZER,2026-05-06 23:59:59,030,0.0,0.0,0.0,0.0,0.0,0.0,,,1.0,,1.0,1.0
864,8163-G06-026-289530-260512,8163_G06,C_289522,8162,XD_8162_OH_CLEVELAND.YZER,FM,Customer,REG,Yzer LLC,YZER,2026-05-12 23:59:59,026,0.0,0.0,0.0,0.0,0.0,0.0,,,1.0,,1.0,0.0
865,8162-G09-058-753911-260511,8162_G09,C_753911,8162,XD_8162_OH_CLEVELAND.YZER,FM,Customer,REG,Yzer LLC,YZER,2026-05-11 23:59:59,058,0.0,0.0,0.0,0.0,0.0,0.0,,,1.0,,1.0,1.0
866,8162-G02-050-140655-260511,8162_G02,C_433278,8162,XD_8162_OH_CLEVELAND.YZER,FM,Customer,REG,Yzer LLC,YZER,2026-05-11 23:59:59,050,0.0,0.0,0.0,0.0,0.0,0.0,,,1.0,,1.0,0.0
867,8162-G07-005-599132-260507,8162_G07,C_599132,8162,XD_8162_OH_CLEVELAND.YZER,FM,Customer,REG,Yzer LLC,YZER,2026-05-07 23:59:59,005,0.0,0.0,0.0,0.0,0.0,0.0,,,1.0,,1.0,1.0
868,8162-G09-017-444117-260512,8162_G09,C_444117,8162,XD_8162_OH_CLEVELAND.YZER,FM,Customer,REG,Yzer LLC,YZER,2026-05-12 23:59:59,017,0.0,0.0,0.0,0.0,0.0,0.0,,,1.0,,1.0,1.0
869,8162-H06-010-151578-260512,8162_H06,C_151568,8162,XD_8162_OH_CLEVELAND.YZER,FM,Customer,REG,Yzer LLC,YZER,2026-05-12 23:59:59,010,0.0,0.0,0.0,0.0,0.0,0.0,,,1.0,,1.0,0.0
870,8162-G03-015-864840-260519,8162_G03,C_864840,8162,XD_8162_OH_CLEVELAND.YZER,FM,Customer,REG,Yzer LLC,YZER,2026-05-19 23:59:59,015,0.0,0.0,0.0,0.0,0.0,0.0,,,1.0,,1.0,1.0
871,8162-G05-005-221190-260504,8162_G05,C_441221,8162,XD_8162_OH_CLEVELAND.YZER,FM,Customer,REG,Yzer LLC,YZER,2026-05-04 23:59:59,005,0.0,0.0,0.0,0.0,0.0,0.0,,,1.0,,1.0,0.0
872,8162-H06-010-151570-260505,8162_H06,C_151568,8162,XD_8162_OH_CLEVELAND.YZER,FM,Customer,REG,Yzer LLC,YZER,2026-05-05 23:59:59,010,0.0,0.0,0.0,0.0,0.0,0.0,,,1.0,,1.0,0.0
873,8162-H05-060-446021-260505,8162_H05,C_446021,8162,XD_8162_OH_CLEVELAND.YZER,FM,Customer,REG,Yzer LLC,YZER,2026-05-05 23:59:59,060,0.0,0.0,0.0,0.0,0.0,0.0,,,1.0,,1.0,1.0
874,8162-G06-035-134431-260505,8162_G06,C_134431,8162,XD_8162_OH_CLEVELAND.YZER,FM,Customer,REG,Yzer LLC,YZER,2026-05-05 23:59:59,035,0.0,0.0,0.0,0.0,0.0,0.0,,,1.0,,1.0,1.0
875,8162-G06-025-289522-260504,8162_G06,C_289522,8162,XD_8162_OH_CLEVELAND.YZER,FM,Customer,REG,Yzer LLC,YZER,2026-05-04 23:59:59,025,0.0,0.0,0.0,0.0,0.0,0.0,,,1.0,,1.0,1.0
876,8163-H06-015-631172-260505,8163_H06,C_433600,8162,XD_8162_OH_CLEVELAND.YZER,FM,Customer,REG,Yzer LLC,YZER,2026-05-05 23:59:59,015,0.0,0.0,0.0,0.0,0.0,0.0,,,1.0,,1.0,0.0
877,8163-G04-006-712383-260504,8163_G04,C_712383,8162,XD_8162_OH_CLEVELAND.YZER,FM,Customer,REG,Yzer LLC,YZER,2026-05-04 23:59:59,006,0.0,0.0,0.0,0.0,0.0,0.0,,,1.0,,1.0,0.0
878,Z-3583718,8163_G05,,8162,XD_8162_OH_CLEVELAND.YZER,RC,Route Chrg,REG,Yzer LLC,YZER,2026-05-11 23:59:59,000,,0.0,,,0.0,,8.0,26.0,8.0,26.0,1.0,1.0
879,Z-3583472,8162_GX4,,8162,XD_8162_OH_CLEVELAND.YZER,RC,Route Chrg,REG,Yzer LLC,YZER,2026-05-11 23:59:59,000,,0.0,,,0.0,,1.0,7.0,1.0,7.0,1.0,1.0
880,8162-H06-020-431045-260505,8162_H06,C_717269,8162,XD_8162_OH_CLEVELAND.YZER,FM,Customer,REG,Yzer LLC,YZER,2026-05-05 23:59:59,020,0.0,0.0,0.0,0.0,0.0,0.0,,,1.0,,1.0,0.0
881,Z-3600169,8163_H05,,8162,XD_8162_OH_CLEVELAND.YZER,RC,Route Chrg,REG,Yzer LLC,YZER,2026-05-15 23:59:59,000,,0.0,,,0.0,,8.0,14.0,8.0,14.0,1.0,1.0
882,Z-3613087,8163_G05,,8162,XD_8162_OH_CLEVELAND.YZER,RC,Route Chrg,REG,Yzer LLC,YZER,2026-05-20 23:59:59,000,,0.0,,,0.0,,9.0,22.0,9.0,22.0,1.0,1.0
883,8162-G01-005-718289-260504,8162_G01,C_436015,8162,XD_8162_OH_CLEVELAND.YZER,FM,Customer,REG,Yzer LLC,YZER,2026-05-04 23:59:59,005,0.0,0.0,0.0,0.0,0.0,0.0,,,1.0,,1.0,0.0
884,Z-3608341,8163_H04,,8162,XD_8162_OH_CLEVELAND.YZER,RC,Route Chrg,REG,Yzer LLC,YZER,2026-05-19 23:59:59,000,,0.0,,,0.0,,7.0,22.0,7.0,22.0,1.0,1.0
885,Z-3624649,8163_G04,,8162,XD_8162_OH_CLEVELAND.YZER,RC,Route Chrg,REG,Yzer LLC,YZER,2026-05-26 23:59:59,000,0.0,0.0,0.0,0.0,0.0,0.0,,,,,1.0,1.0
886,Z-3627760,8162_GX4,,8162,XD_8162_OH_CLEVELAND.YZER,RC,Route Chrg,REG,Yzer LLC,YZER,2026-05-27 23:59:59,000,0.0,0.0,0.0,0.0,0.0,0.0,,,,,1.0,1.0
887,Z-3631955,8163_G06,,8162,XD_8162_OH_CLEVELAND.YZER,RC,Route Chrg,REG,Yzer LLC,YZER,2026-05-28 23:59:59,000,0.0,0.0,0.0,0.0,0.0,0.0,,,,,1.0,1.0
888,8162-G06-015-719738-260505,8162_G06,C_065363,8162,XD_8162_OH_CLEVELAND.YZER,FM,Customer,REG,Yzer LLC,YZER,2026-05-05 23:59:59,015,0.0,0.0,0.0,0.0,0.0,0.0,,,1.0,,1.0,0.0
889,8162-H01-050-362140-260529,8162_H01,C_362140,8162,XD_8162_OH_CLEVELAND.YZER,FM,Customer,REG,Yzer LLC,YZER,2026-05-29 23:59:59,050,0.0,0.0,0.0,0.0,0.0,0.0,,,1.0,,1.0,1.0
890,8162-G06-010-151558-260527,8162_G06,C_151558,8162,XD_8162_OH_CLEVELAND.YZER,FM,Customer,REG,Yzer LLC,YZER,2026-05-27 23:59:59,010,0.0,0.0,0.0,0.0,0.0,0.0,,,1.0,,1.0,1.0
891,8162-H01-015-444763-260527,8162_H01,C_444763,8162,XD_8162_OH_CLEVELAND.YZER,FM,Customer,REG,Yzer LLC,YZER,2026-05-27 23:59:59,015,0.0,0.0,0.0,0.0,0.0,0.0,,,1.0,,1.0,1.0
892,8162-G02-010-433278-260529,8162_G02,C_433278,8162,XD_8162_OH_CLEVELAND.YZER,FM,Customer,REG,Yzer LLC,YZER,2026-05-29 23:59:59,010,0.0,0.0,0.0,0.0,0.0,0.0,,,1.0,,1.0,1.0
893,Z-3632029,8163_GX0,,8162,XD_8162_OH_CLEVELAND.YZER,RC,Route Chrg,REG,Yzer LLC,YZER,2026-05-28 23:59:59,000,0.0,0.0,0.0,0.0,0.0,0.0,,,,,1.0,1.0
894,8162-G02-020-128886-260527,8162_G02,C_598488,8162,XD_8162_OH_CLEVELAND.YZER,FM,Customer,REG,Yzer LLC,YZER,2026-05-27 23:59:59,020,0.0,0.0,0.0,0.0,0.0,0.0,,,1.0,,1.0,1.0
895,8162-G09-013-286750-260528,8162_G09,C_286750,8162,XD_8162_OH_CLEVELAND.YZER,FM,Customer,REG,Yzer LLC,YZER,2026-05-28 23:59:59,013,0.0,0.0,0.0,0.0,0.0,0.0,,,1.0,,1.0,1.0
896,8162-G07-060-134966-260529,8162_G07,C_134966,8162,XD_8162_OH_CLEVELAND.YZER,FM,Customer,REG,Yzer LLC,YZER,2026-05-29 23:59:59,060,0.0,0.0,0.0,0.0,0.0,0.0,,,1.0,,1.0,1.0
897,8163-G03-010-256130-260526,8163_G03,C_223285,8162,XD_8162_OH_CLEVELAND.YZER,FM,Customer,REG,Yzer LLC,YZER,2026-05-26 23:59:59,010,0.0,0.0,0.0,0.0,0.0,0.0,,,1.0,,1.0,0.0
898,8162-G05-001-441221-260528,8162_G05,C_441221,8162,XD_8162_OH_CLEVELAND.YZER,FM,Customer,REG,Yzer LLC,YZER,2026-05-28 23:59:59,001,0.0,0.0,0.0,0.0,0.0,0.0,,,1.0,,1.0,0.0
899,8162-H02-005-407839-260528,8162_H02,C_407839,8162,XD_8162_OH_CLEVELAND.YZER,FM,Customer,REG,Yzer LLC,YZER,2026-05-28 23:59:59,005,0.0,0.0,0.0,0.0,0.0,0.0,,,1.0,,1.0,1.0
900,8162-G09-058-753911-260529,8162_G09,C_753911,8162,XD_8162_OH_CLEVELAND.YZER,FM,Customer,REG,Yzer LLC,YZER,2026-05-29 23:59:59,058,0.0,0.0,0.0,0.0,0.0,0.0,,,1.0,,1.0,1.0
901,8162-G02-015-038361-260526,8162_G02,C_731867,8162,XD_8162_OH_CLEVELAND.YZER,FM,Customer,REG,Yzer LLC,YZER,2026-05-26 23:59:59,015,0.0,0.0,0.0,0.0,0.0,0.0,,,1.0,,1.0,0.0
902,8162-G03-040-386380-260526,8162_G03,C_386380,8162,XD_8162_OH_CLEVELAND.YZER,FM,Customer,REG,Yzer LLC,YZER,2026-05-26 23:59:59,040,0.0,0.0,0.0,0.0,0.0,0.0,,,1.0,,1.0,1.0
903,8162-H06-020-245725-260527,8162_H06,C_717269,8162,XD_8162_OH_CLEVELAND.YZER,FM,Customer,REG,Yzer LLC,YZER,2026-05-27 23:59:59,020,0.0,0.0,0.0,0.0,0.0,0.0,,,1.0,,1.0,1.0
904,8162-G04-005-679719-260528,8162_G04,C_712383,8162,XD_8162_OH_CLEVELAND.YZER,FM,Customer,REG,Yzer LLC,YZER,2026-05-28 23:59:59,005,0.0,0.0,0.0,0.0,0.0,0.0,,,1.0,,1.0,1.0
905,Z-3636835,8162_H01,,8162,XD_8162_OH_CLEVELAND.YZER,RC,Route Chrg,REG,Yzer LLC,YZER,2026-05-29 23:59:59,000,252.5,0.0,252.5,228.0,16.52,7.98,,,,,1.0,1.0
906,8162-G05-025-173268-260528,8162_G05,C_173268,8162,XD_8162_OH_CLEVELAND.YZER,FM,Customer,REG,Yzer LLC,YZER,2026-05-28 23:59:59,025,0.0,0.0,0.0,0.0,0.0,0.0,,,1.0,,1.0,1.0
907,Z-3624356,8162_H02,,8162,XD_8162_OH_CLEVELAND.YZER,RC,Route Chrg,REG,Yzer LLC,YZER,2026-05-26 23:59:59,000,333.92,0.0,333.92,283.0,41.01,9.91,,,,,1.0,1.0
908,8162-H04-005-893019-260527,8162_H04,C_435532,8162,XD_8162_OH_CLEVELAND.YZER,FM,Customer,REG,Yzer LLC,YZER,2026-05-27 23:59:59,005,0.0,0.0,0.0,0.0,0.0,0.0,,,1.0,,1.0,0.0
909,8162-G02-045-209162-260514,8162_G02,C_209162,8162,XD_8162_OH_CLEVELAND.YZER,FM,Customer,REG,Yzer LLC,YZER,2026-05-14 23:59:59,045,0.0,0.0,0.0,0.0,0.0,0.0,,,1.0,,1.0,1.0
910,8162-H01-045-924410-260511,8162_H01,C_924410,8162,XD_8162_OH_CLEVELAND.YZER,FM,Customer,REG,Yzer LLC,YZER,2026-05-11 23:59:59,045,0.0,0.0,0.0,0.0,0.0,0.0,,,1.0,,1.0,1.0
911,8162-G02-015-731867-260507,8162_G02,C_731867,8162,XD_8162_OH_CLEVELAND.YZER,FM,Customer,REG,Yzer LLC,YZER,2026-05-07 23:59:59,015,0.0,0.0,0.0,0.0,0.0,0.0,,,1.0,,1.0,1.0
912,8162-H02-050-579755-260514,8162_H02,C_579755,8162,XD_8162_OH_CLEVELAND.YZER,FM,Customer,REG,Yzer LLC,YZER,2026-05-14 23:59:59,050,0.0,0.0,0.0,0.0,0.0,0.0,,,1.0,,1.0,1.0
913,8162-H05-005-265407-260507,8162_H05,C_224273,8162,XD_8162_OH_CLEVELAND.YZER,FM,Customer,REG,Yzer LLC,YZER,2026-05-07 23:59:59,005,0.0,0.0,0.0,0.0,0.0,0.0,,,1.0,,1.0,1.0
914,8162-H02-020-134501-260513,8162_H02,C_134501,8162,XD_8162_OH_CLEVELAND.YZER,FM,Customer,REG,Yzer LLC,YZER,2026-05-13 23:59:59,020,0.0,0.0,0.0,0.0,0.0,0.0,,,1.0,,1.0,1.0
915,8162-G05-005-441221-260508,8162_G05,C_441221,8162,XD_8162_OH_CLEVELAND.YZER,FM,Customer,REG,Yzer LLC,YZER,2026-05-08 23:59:59,005,0.0,0.0,0.0,0.0,0.0,0.0,,,1.0,,1.0,0.0
916,8162-G07-045-144654-260514,8162_G07,C_144654,8162,XD_8162_OH_CLEVELAND.YZER,FM,Customer,REG,Yzer LLC,YZER,2026-05-14 23:59:59,045,0.0,0.0,0.0,0.0,0.0,0.0,,,1.0,,1.0,1.0
917,8162-G09-046-415729-260507,8162_G09,C_415729,8162,XD_8162_OH_CLEVELAND.YZER,FM,Customer,REG,Yzer LLC,YZER,2026-05-07 23:59:59,046,0.0,0.0,0.0,0.0,0.0,0.0,,,1.0,,1.0,1.0
918,8162-G09-002-289531-260511,8162_G09,C_289527,8162,XD_8162_OH_CLEVELAND.YZER,FM,Customer,REG,Yzer LLC,YZER,2026-05-11 23:59:59,002,0.0,0.0,0.0,0.0,0.0,0.0,,,1.0,,1.0,1.0
919,8162-G05-035-414946-260513,8162_G05,C_414946,8162,XD_8162_OH_CLEVELAND.YZER,FM,Customer,REG,Yzer LLC,YZER,2026-05-13 23:59:59,035,0.0,0.0,0.0,0.0,0.0,0.0,,,1.0,,1.0,1.0
920,8162-G05-030-246296-260515,8162_G05,C_610134,8162,XD_8162_OH_CLEVELAND.YZER,FM,Customer,REG,Yzer LLC,YZER,2026-05-15 23:59:59,030,0.0,0.0,0.0,0.0,0.0,0.0,,,1.0,,1.0,1.0
921,8162-G02-040-017375-260518,8162_G02,C_017375,8162,XD_8162_OH_CLEVELAND.YZER,FM,Customer,REG,Yzer LLC,YZER,2026-05-18 23:59:59,040,0.0,0.0,0.0,0.0,0.0,0.0,,,1.0,,1.0,0.0
922,8162-H03-020-415745-260515,8162_H03,C_415745,8162,XD_8162_OH_CLEVELAND.YZER,FM,Customer,REG,Yzer LLC,YZER,2026-05-15 23:59:59,020,0.0,0.0,0.0,0.0,0.0,0.0,,,1.0,,1.0,1.0
923,8162-G04-030-523596-260518,8162_G04,C_551579,8162,XD_8162_OH_CLEVELAND.YZER,FM,Customer,REG,Yzer LLC,YZER,2026-05-18 23:59:59,030,0.0,0.0,0.0,0.0,0.0,0.0,,,1.0,,1.0,1.0
924,8162-H04-045-603704-260518,8162_H04,C_603704,8162,XD_8162_OH_CLEVELAND.YZER,FM,Customer,REG,Yzer LLC,YZER,2026-05-18 23:59:59,045,0.0,0.0,0.0,0.0,0.0,0.0,,,1.0,,1.0,1.0
925,8162-G02-015-244535-260515,8162_G02,C_731867,8162,XD_8162_OH_CLEVELAND.YZER,FM,Customer,REG,Yzer LLC,YZER,2026-05-15 23:59:59,015,0.0,0.0,0.0,0.0,0.0,0.0,,,1.0,,1.0,1.0
926,8162-G06-015-719738-260518,8162_G06,C_065363,8162,XD_8162_OH_CLEVELAND.YZER,FM,Customer,REG,Yzer LLC,YZER,2026-05-18 23:59:59,015,0.0,0.0,0.0,0.0,0.0,0.0,,,1.0,,1.0,0.0
927,8163-GX0-004-960596-260515,8163_GX0,C_464241,8162,XD_8162_OH_CLEVELAND.YZER,FM,Customer,REG,Yzer LLC,YZER,2026-05-15 23:59:59,004,0.0,0.0,0.0,0.0,0.0,0.0,,,1.0,,1.0,0.0
928,8162-H01-040-093505-260518,8162_H01,C_093505,8162,XD_8162_OH_CLEVELAND.YZER,FM,Customer,REG,Yzer LLC,YZER,2026-05-18 23:59:59,040,0.0,0.0,0.0,0.0,0.0,0.0,,,1.0,,1.0,0.0
929,8162-G05-035-414946-260515,8162_G05,C_414946,8162,XD_8162_OH_CLEVELAND.YZER,FM,Customer,REG,Yzer LLC,YZER,2026-05-15 23:59:59,035,0.0,0.0,0.0,0.0,0.0,0.0,,,1.0,,1.0,1.0
930,8162-G01-020-443013-260518,8162_G01,C_890860,8162,XD_8162_OH_CLEVELAND.YZER,FM,Customer,REG,Yzer LLC,YZER,2026-05-18 23:59:59,020,0.0,0.0,0.0,0.0,0.0,0.0,,,1.0,,1.0,1.0
931,8162-H04-040-350918-260518,8162_H04,C_350918,8162,XD_8162_OH_CLEVELAND.YZER,FM,Customer,REG,Yzer LLC,YZER,2026-05-18 23:59:59,040,0.0,0.0,0.0,0.0,0.0,0.0,,,1.0,,1.0,1.0
932,8162-H03-015-133964-260518,8162_H03,C_133964,8162,XD_8162_OH_CLEVELAND.YZER,FM,Customer,REG,Yzer LLC,YZER,2026-05-18 23:59:59,015,0.0,0.0,0.0,0.0,0.0,0.0,,,1.0,,1.0,1.0
933,8162-G06-025-289532-260515,8162_G06,C_289522,8162,XD_8162_OH_CLEVELAND.YZER,FM,Customer,REG,Yzer LLC,YZER,2026-05-15 23:59:59,025,0.0,0.0,0.0,0.0,0.0,0.0,,,1.0,,1.0,0.0
934,8163-H06-015-415508-260515,8163_H06,C_433600,8162,XD_8162_OH_CLEVELAND.YZER,FM,Customer,REG,Yzer LLC,YZER,2026-05-15 23:59:59,015,0.0,0.0,0.0,0.0,0.0,0.0,,,1.0,,1.0,0.0
935,8162-G05-005-221190-260511,8162_G05,C_441221,8162,XD_8162_OH_CLEVELAND.YZER,FM,Customer,REG,Yzer LLC,YZER,2026-05-11 23:59:59,005,0.0,0.0,0.0,0.0,0.0,0.0,,,1.0,,1.0,0.0
936,8162-H04-035-134185-260519,8162_H04,C_134185,8162,XD_8162_OH_CLEVELAND.YZER,FM,Customer,REG,Yzer LLC,YZER,2026-05-19 23:59:59,035,0.0,0.0,0.0,0.0,0.0,0.0,,,1.0,,1.0,1.0
937,8162-G09-046-415729-260514,8162_G09,C_415729,8162,XD_8162_OH_CLEVELAND.YZER,FM,Customer,REG,Yzer LLC,YZER,2026-05-14 23:59:59,046,0.0,0.0,0.0,0.0,0.0,0.0,,,1.0,,1.0,1.0
938,Z-3583455,8162_H01,,8162,XD_8162_OH_CLEVELAND.YZER,RC,Route Chrg,REG,Yzer LLC,YZER,2026-05-11 23:59:59,000,252.5,0.0,252.5,228.0,16.52,7.98,,,,,1.0,1.0
939,8162-H01-030-756914-260520,8162_H01,C_756914,8162,XD_8162_OH_CLEVELAND.YZER,FM,Customer,REG,Yzer LLC,YZER,2026-05-20 23:59:59,030,0.0,0.0,0.0,0.0,0.0,0.0,,,1.0,,1.0,1.0
940,8162-G01-035-390526-260520,8162_G01,C_390526,8162,XD_8162_OH_CLEVELAND.YZER,FM,Customer,REG,Yzer LLC,YZER,2026-05-20 23:59:59,035,0.0,0.0,0.0,0.0,0.0,0.0,,,1.0,,1.0,1.0
941,8162-H04-025-349314-260520,8162_H04,C_349314,8162,XD_8162_OH_CLEVELAND.YZER,FM,Customer,REG,Yzer LLC,YZER,2026-05-20 23:59:59,025,0.0,0.0,0.0,0.0,0.0,0.0,,,1.0,,1.0,1.0
942,8162-H01-040-093505-260520,8162_H01,C_093505,8162,XD_8162_OH_CLEVELAND.YZER,FM,Customer,REG,Yzer LLC,YZER,2026-05-20 23:59:59,040,0.0,0.0,0.0,0.0,0.0,0.0,,,1.0,,1.0,1.0
943,8162-G02-055-151238-260520,8162_G02,C_151671,8162,XD_8162_OH_CLEVELAND.YZER,FM,Customer,REG,Yzer LLC,YZER,2026-05-20 23:59:59,055,0.0,0.0,0.0,0.0,0.0,0.0,,,1.0,,1.0,1.0
944,8162-G01-005-209001-260520,8162_G01,C_436015,8162,XD_8162_OH_CLEVELAND.YZER,FM,Customer,REG,Yzer LLC,YZER,2026-05-20 23:59:59,005,0.0,0.0,0.0,0.0,0.0,0.0,,,1.0,,1.0,0.0
945,8162-H01-015-444602-260520,8162_H01,C_444763,8162,XD_8162_OH_CLEVELAND.YZER,FM,Customer,REG,Yzer LLC,YZER,2026-05-20 23:59:59,015,0.0,0.0,0.0,0.0,0.0,0.0,,,1.0,,1.0,0.0
946,8163-G06-015-151561-260520,8163_G06,C_065363,8162,XD_8162_OH_CLEVELAND.YZER,FM,Customer,REG,Yzer LLC,YZER,2026-05-20 23:59:59,015,0.0,0.0,0.0,0.0,0.0,0.0,,,1.0,,1.0,0.0
947,8162-G09-001-289513-260506,8162_G09,C_289513,8162,XD_8162_OH_CLEVELAND.YZER,FM,Customer,REG,Yzer LLC,YZER,2026-05-06 23:59:59,001,0.0,0.0,0.0,0.0,0.0,0.0,,,1.0,,1.0,1.0
948,8162-G05-020-599776-260521,8162_G05,C_599776,8162,XD_8162_OH_CLEVELAND.YZER,FM,Customer,REG,Yzer LLC,YZER,2026-05-21 23:59:59,020,0.0,0.0,0.0,0.0,0.0,0.0,,,1.0,,1.0,1.0
949,8162-G01-005-718289-260513,8162_G01,C_436015,8162,XD_8162_OH_CLEVELAND.YZER,FM,Customer,REG,Yzer LLC,YZER,2026-05-13 23:59:59,005,0.0,0.0,0.0,0.0,0.0,0.0,,,1.0,,1.0,0.0
950,8162-G07-060-134966-260508,8162_G07,C_134966,8162,XD_8162_OH_CLEVELAND.YZER,FM,Customer,REG,Yzer LLC,YZER,2026-05-08 23:59:59,060,0.0,0.0,0.0,0.0,0.0,0.0,,,1.0,,1.0,1.0
951,8163-G02-005-754541-260521,8163_G02,C_713914,8162,XD_8162_OH_CLEVELAND.YZER,FM,Customer,REG,Yzer LLC,YZER,2026-05-21 23:59:59,005,0.0,0.0,0.0,0.0,0.0,0.0,,,1.0,,1.0,0.0
952,8162-G04-010-875777-260521,8162_G04,C_833539,8162,XD_8162_OH_CLEVELAND.YZER,FM,Customer,REG,Yzer LLC,YZER,2026-05-21 23:59:59,010,0.0,0.0,0.0,0.0,0.0,0.0,,,1.0,,1.0,0.0
953,8162-H04-025-349314-260513,8162_H04,C_349314,8162,XD_8162_OH_CLEVELAND.YZER,FM,Customer,REG,Yzer LLC,YZER,2026-05-13 23:59:59,025,0.0,0.0,0.0,0.0,0.0,0.0,,,1.0,,1.0,1.0
954,Z-3575562,8163_GX0,,8162,XD_8162_OH_CLEVELAND.YZER,RC,Route Chrg,REG,Yzer LLC,YZER,2026-05-07 23:59:59,000,0.0,0.0,0.0,0.0,0.0,0.0,,,,,1.0,1.0
955,8162-G09-058-753911-260521,8162_G09,C_753911,8162,XD_8162_OH_CLEVELAND.YZER,FM,Customer,REG,Yzer LLC,YZER,2026-05-21 23:59:59,058,0.0,0.0,0.0,0.0,0.0,0.0,,,1.0,,1.0,1.0
956,8163-G04-005-679719-260521,8163_G04,C_712383,8162,XD_8162_OH_CLEVELAND.YZER,FM,Customer,REG,Yzer LLC,YZER,2026-05-21 23:59:59,005,0.0,0.0,0.0,0.0,0.0,0.0,,,1.0,,1.0,0.0
957,8162-H01-015-444763-260507,8162_H01,C_444763,8162,XD_8162_OH_CLEVELAND.YZER,FM,Customer,REG,Yzer LLC,YZER,2026-05-07 23:59:59,015,0.0,0.0,0.0,0.0,0.0,0.0,,,1.0,,1.0,1.0
958,8162-H06-010-151568-260514,8162_H06,C_151568,8162,XD_8162_OH_CLEVELAND.YZER,FM,Customer,REG,Yzer LLC,YZER,2026-05-14 23:59:59,010,0.0,0.0,0.0,0.0,0.0,0.0,,,1.0,,1.0,0.0
959,8162-G04-015-134184-260522,8162_G04,C_134184,8162,XD_8162_OH_CLEVELAND.YZER,FM,Customer,REG,Yzer LLC,YZER,2026-05-22 23:59:59,015,0.0,0.0,0.0,0.0,0.0,0.0,,,1.0,,1.0,1.0
960,8162-G07-005-589418-260508,8162_G07,C_599132,8162,XD_8162_OH_CLEVELAND.YZER,FM,Customer,REG,Yzer LLC,YZER,2026-05-08 23:59:59,005,0.0,0.0,0.0,0.0,0.0,0.0,,,1.0,,1.0,0.0
961,Z-3620651,8162_H05,,8162,XD_8162_OH_CLEVELAND.YZER,RC,Route Chrg,REG,Yzer LLC,YZER,2026-05-22 23:59:59,000,297.33,0.0,297.33,252.0,36.51,8.82,,,,,1.0,1.0
962,8162-H06-040-892876-260507,8162_H06,C_946980,8162,XD_8162_OH_CLEVELAND.YZER,FM,Customer,REG,Yzer LLC,YZER,2026-05-07 23:59:59,040,0.0,0.0,0.0,0.0,0.0,0.0,,,1.0,,1.0,1.0
963,8162-G06-010-151559-260511,8162_G06,C_151558,8162,XD_8162_OH_CLEVELAND.YZER,FM,Customer,REG,Yzer LLC,YZER,2026-05-11 23:59:59,010,0.0,0.0,0.0,0.0,0.0,0.0,,,1.0,,1.0,0.0
964,Z-3595780,8163_H03,,8162,XD_8162_OH_CLEVELAND.YZER,RC,Route Chrg,REG,Yzer LLC,YZER,2026-05-14 23:59:59,000,0.0,0.0,0.0,0.0,0.0,0.0,,,,,1.0,1.0
965,8162-H04-035-134185-260512,8162_H04,C_134185,8162,XD_8162_OH_CLEVELAND.YZER,FM,Customer,REG,Yzer LLC,YZER,2026-05-12 23:59:59,035,0.0,0.0,0.0,0.0,0.0,0.0,,,1.0,,1.0,1.0
966,8162-H01-045-924410-260513,8162_H01,C_924410,8162,XD_8162_OH_CLEVELAND.YZER,FM,Customer,REG,Yzer LLC,YZER,2026-05-13 23:59:59,045,0.0,0.0,0.0,0.0,0.0,0.0,,,1.0,,1.0,1.0
967,8162-G03-010-256130-260522,8162_G03,C_223285,8162,XD_8162_OH_CLEVELAND.YZER,FM,Customer,REG,Yzer LLC,YZER,2026-05-22 23:59:59,010,0.0,0.0,0.0,0.0,0.0,0.0,,,1.0,,1.0,0.0
968,8162-G07-005-599132-260526,8162_G07,C_599132,8162,XD_8162_OH_CLEVELAND.YZER,FM,Customer,REG,Yzer LLC,YZER,2026-05-26 23:59:59,005,0.0,0.0,0.0,0.0,0.0,0.0,,,1.0,,1.0,0.0
969,8162-H04-045-603704-260526,8162_H04,C_603704,8162,XD_8162_OH_CLEVELAND.YZER,FM,Customer,REG,Yzer LLC,YZER,2026-05-26 23:59:59,045,0.0,0.0,0.0,0.0,0.0,0.0,,,1.0,,1.0,1.0
970,8162-H05-050-721852-260522,8162_H05,C_721852,8162,XD_8162_OH_CLEVELAND.YZER,FM,Customer,REG,Yzer LLC,YZER,2026-05-22 23:59:59,050,0.0,0.0,0.0,0.0,0.0,0.0,,,1.0,,1.0,1.0
971,8162-G06-010-151559-260522,8162_G06,C_151558,8162,XD_8162_OH_CLEVELAND.YZER,FM,Customer,REG,Yzer LLC,YZER,2026-05-22 23:59:59,010,0.0,0.0,0.0,0.0,0.0,0.0,,,1.0,,1.0,0.0
972,Z-3575454,8162_GX4,,8162,XD_8162_OH_CLEVELAND.YZER,RC,Route Chrg,REG,Yzer LLC,YZER,2026-05-07 23:59:59,000,,0.0,,,0.0,,1.0,6.0,1.0,6.0,1.0,1.0
973,Z-3562808,8162_GX4,,8162,XD_8162_OH_CLEVELAND.YZER,RC,Route Chrg,REG,Yzer LLC,YZER,2026-05-04 23:59:59,000,,0.0,,,0.0,,1.0,7.0,1.0,7.0,1.0,1.0
974,Z-3567675,8163_H05,,8162,XD_8162_OH_CLEVELAND.YZER,RC,Route Chrg,REG,Yzer LLC,YZER,2026-05-05 23:59:59,000,,0.0,,,0.0,,8.0,11.0,8.0,11.0,1.0,1.0
975,8162-G02-010-433278-260519,8162_G02,C_433278,8162,XD_8162_OH_CLEVELAND.YZER,FM,Customer,REG,Yzer LLC,YZER,2026-05-19 23:59:59,010,0.0,0.0,0.0,0.0,0.0,0.0,,,1.0,,1.0,1.0
976,8163-G02-005-071322-260519,8163_G02,C_713914,8162,XD_8162_OH_CLEVELAND.YZER,FM,Customer,REG,Yzer LLC,YZER,2026-05-19 23:59:59,005,0.0,0.0,0.0,0.0,0.0,0.0,,,1.0,,1.0,0.0
977,8162-G03-030-724609-260519,8162_G03,C_724609,8162,XD_8162_OH_CLEVELAND.YZER,FM,Customer,REG,Yzer LLC,YZER,2026-05-19 23:59:59,030,0.0,0.0,0.0,0.0,0.0,0.0,,,1.0,,1.0,1.0
978,8162-G07-005-893022-260514,8162_G07,C_599132,8162,XD_8162_OH_CLEVELAND.YZER,FM,Customer,REG,Yzer LLC,YZER,2026-05-14 23:59:59,005,0.0,0.0,0.0,0.0,0.0,0.0,,,1.0,,1.0,0.0
979,8162-G02-020-198160-260507,8162_G02,C_598488,8162,XD_8162_OH_CLEVELAND.YZER,FM,Customer,REG,Yzer LLC,YZER,2026-05-07 23:59:59,020,0.0,0.0,0.0,0.0,0.0,0.0,,,1.0,,1.0,1.0
980,8162-H05-050-721852-260519,8162_H05,C_721852,8162,XD_8162_OH_CLEVELAND.YZER,FM,Customer,REG,Yzer LLC,YZER,2026-05-19 23:59:59,050,0.0,0.0,0.0,0.0,0.0,0.0,,,1.0,,1.0,1.0
981,8162-H06-015-415508-260519,8162_H06,C_433600,8162,XD_8162_OH_CLEVELAND.YZER,FM,Customer,REG,Yzer LLC,YZER,2026-05-19 23:59:59,015,0.0,0.0,0.0,0.0,0.0,0.0,,,1.0,,1.0,0.0
982,8162-H04-030-326949-260506,8162_H04,C_993260,8162,XD_8162_OH_CLEVELAND.YZER,FM,Customer,REG,Yzer LLC,YZER,2026-05-06 23:59:59,030,0.0,0.0,0.0,0.0,0.0,0.0,,,1.0,,1.0,1.0
983,8162-G02-010-433278-260513,8162_G02,C_433278,8162,XD_8162_OH_CLEVELAND.YZER,FM,Customer,REG,Yzer LLC,YZER,2026-05-13 23:59:59,010,0.0,0.0,0.0,0.0,0.0,0.0,,,1.0,,1.0,1.0
984,8162-G07-005-599132-260520,8162_G07,C_599132,8162,XD_8162_OH_CLEVELAND.YZER,FM,Customer,REG,Yzer LLC,YZER,2026-05-20 23:59:59,005,0.0,0.0,0.0,0.0,0.0,0.0,,,1.0,,1.0,0.0
985,8162-G05-006-224266-260520,8162_G05,C_061312,8162,XD_8162_OH_CLEVELAND.YZER,FM,Customer,REG,Yzer LLC,YZER,2026-05-20 23:59:59,006,0.0,0.0,0.0,0.0,0.0,0.0,,,1.0,,1.0,1.0
986,8162-H04-045-603704-260520,8162_H04,C_603704,8162,XD_8162_OH_CLEVELAND.YZER,FM,Customer,REG,Yzer LLC,YZER,2026-05-20 23:59:59,045,0.0,0.0,0.0,0.0,0.0,0.0,,,1.0,,1.0,1.0
987,8162-G01-025-371496-260520,8162_G01,C_371496,8162,XD_8162_OH_CLEVELAND.YZER,FM,Customer,REG,Yzer LLC,YZER,2026-05-20 23:59:59,025,0.0,0.0,0.0,0.0,0.0,0.0,,,1.0,,1.0,1.0
988,8162-H04-010-146265-260520,8162_H04,C_146265,8162,XD_8162_OH_CLEVELAND.YZER,FM,Customer,REG,Yzer LLC,YZER,2026-05-20 23:59:59,010,0.0,0.0,0.0,0.0,0.0,0.0,,,1.0,,1.0,1.0
989,8162-G09-017-444117-260520,8162_G09,C_444117,8162,XD_8162_OH_CLEVELAND.YZER,FM,Customer,REG,Yzer LLC,YZER,2026-05-20 23:59:59,017,0.0,0.0,0.0,0.0,0.0,0.0,,,1.0,,1.0,1.0
990,8162-G09-002-289527-260520,8162_G09,C_289527,8162,XD_8162_OH_CLEVELAND.YZER,FM,Customer,REG,Yzer LLC,YZER,2026-05-20 23:59:59,002,0.0,0.0,0.0,0.0,0.0,0.0,,,1.0,,1.0,1.0
991,8162-G09-013-286750-260520,8162_G09,C_286750,8162,XD_8162_OH_CLEVELAND.YZER,FM,Customer,REG,Yzer LLC,YZER,2026-05-20 23:59:59,013,0.0,0.0,0.0,0.0,0.0,0.0,,,1.0,,1.0,1.0
992,8162-G03-025-296317-260520,8162_G03,C_296317,8162,XD_8162_OH_CLEVELAND.YZER,FM,Customer,REG,Yzer LLC,YZER,2026-05-20 23:59:59,025,0.0,0.0,0.0,0.0,0.0,0.0,,,1.0,,1.0,0.0
993,8162-H02-050-579755-260513,8162_H02,C_579755,8162,XD_8162_OH_CLEVELAND.YZER,FM,Customer,REG,Yzer LLC,YZER,2026-05-13 23:59:59,050,0.0,0.0,0.0,0.0,0.0,0.0,,,1.0,,1.0,1.0
994,8163-G06-026-289530-260521,8163_G06,C_289522,8162,XD_8162_OH_CLEVELAND.YZER,FM,Customer,REG,Yzer LLC,YZER,2026-05-21 23:59:59,026,0.0,0.0,0.0,0.0,0.0,0.0,,,1.0,,1.0,0.0
995,8162-G05-045-280562-260514,8162_G05,C_245718,8162,XD_8162_OH_CLEVELAND.YZER,FM,Customer,REG,Yzer LLC,YZER,2026-05-14 23:59:59,045,0.0,0.0,0.0,0.0,0.0,0.0,,,1.0,,1.0,1.0
996,8162-G07-030-995737-260521,8162_G07,C_995737,8162,XD_8162_OH_CLEVELAND.YZER,FM,Customer,REG,Yzer LLC,YZER,2026-05-21 23:59:59,030,0.0,0.0,0.0,0.0,0.0,0.0,,,1.0,,1.0,1.0
997,8162-G02-040-017375-260521,8162_G02,C_017375,8162,XD_8162_OH_CLEVELAND.YZER,FM,Customer,REG,Yzer LLC,YZER,2026-05-21 23:59:59,040,0.0,0.0,0.0,0.0,0.0,0.0,,,1.0,,1.0,0.0
998,8162-G07-005-386053-260521,8162_G07,C_599132,8162,XD_8162_OH_CLEVELAND.YZER,FM,Customer,REG,Yzer LLC,YZER,2026-05-21 23:59:59,005,0.0,0.0,0.0,0.0,0.0,0.0,,,1.0,,1.0,0.0
999,8162-H06-040-892876-260521,8162_H06,C_946980,8162,XD_8162_OH_CLEVELAND.YZER,FM,Customer,REG,Yzer LLC,YZER,2026-05-21 23:59:59,040,0.0,0.0,0.0,0.0,0.0,0.0,,,1.0,,1.0,1.0
1000,8162-G02-040-061631-260507,8162_G02,C_017375,8162,XD_8162_OH_CLEVELAND.YZER,FM,Customer,REG,Yzer LLC,YZER,2026-05-07 23:59:59,040,0.0,0.0,0.0,0.0,0.0,0.0,,,1.0,,1.0,1.0
1001,Z-3595618,8162_H01,,8162,XD_8162_OH_CLEVELAND.YZER,RC,Route Chrg,REG,Yzer LLC,YZER,2026-05-14 23:59:59,000,253.68,0.0,253.68,228.0,17.7,7.98,,,,,1.0,1.0
1002,Z-3613044,8162_G07,,8162,XD_8162_OH_CLEVELAND.YZER,RC,Route Chrg,REG,Yzer LLC,YZER,2026-05-20 23:59:59,000,304.55,0.0,304.55,275.0,19.92,9.63,,,,,1.0,1.0
1003,8162-H05-015-134985-260512,8162_H05,C_134985,8162,XD_8162_OH_CLEVELAND.YZER,FM,Customer,REG,Yzer LLC,YZER,2026-05-12 23:59:59,015,0.0,0.0,0.0,0.0,0.0,0.0,,,1.0,,1.0,1.0
1004,8162-G07-025-955410-260521,8162_G07,C_955410,8162,XD_8162_OH_CLEVELAND.YZER,FM,Customer,REG,Yzer LLC,YZER,2026-05-21 23:59:59,025,0.0,0.0,0.0,0.0,0.0,0.0,,,1.0,,1.0,1.0
1005,8162-G01-005-103109-260521,8162_G01,C_436015,8162,XD_8162_OH_CLEVELAND.YZER,FM,Customer,REG,Yzer LLC,YZER,2026-05-21 23:59:59,005,0.0,0.0,0.0,0.0,0.0,0.0,,,1.0,,1.0,0.0
1006,8162-G01-040-099634-260521,8162_G01,C_099634,8162,XD_8162_OH_CLEVELAND.YZER,FM,Customer,REG,Yzer LLC,YZER,2026-05-21 23:59:59,040,0.0,0.0,0.0,0.0,0.0,0.0,,,1.0,,1.0,1.0
1007,8162-H06-010-151574-260521,8162_H06,C_151568,8162,XD_8162_OH_CLEVELAND.YZER,FM,Customer,REG,Yzer LLC,YZER,2026-05-21 23:59:59,010,0.0,0.0,0.0,0.0,0.0,0.0,,,1.0,,1.0,0.0
1008,8162-H01-020-446373-260512,8162_H01,C_446373,8162,XD_8162_OH_CLEVELAND.YZER,FM,Customer,REG,Yzer LLC,YZER,2026-05-12 23:59:59,020,0.0,0.0,0.0,0.0,0.0,0.0,,,1.0,,1.0,1.0
1009,8162-H04-035-134185-260522,8162_H04,C_134185,8162,XD_8162_OH_CLEVELAND.YZER,FM,Customer,REG,Yzer LLC,YZER,2026-05-22 23:59:59,035,0.0,0.0,0.0,0.0,0.0,0.0,,,1.0,,1.0,1.0
1010,Z-3580233,8162_G04,,8162,XD_8162_OH_CLEVELAND.YZER,RC,Route Chrg,REG,Yzer LLC,YZER,2026-05-08 23:59:59,000,274.65,0.0,274.65,248.0,17.97,8.68,,,,,1.0,1.0
1011,8162-G01-040-099634-260508,8162_G01,C_099634,8162,XD_8162_OH_CLEVELAND.YZER,FM,Customer,REG,Yzer LLC,YZER,2026-05-08 23:59:59,040,0.0,0.0,0.0,0.0,0.0,0.0,,,1.0,,1.0,1.0
1012,8162-H01-045-924410-260507,8162_H01,C_924410,8162,XD_8162_OH_CLEVELAND.YZER,FM,Customer,REG,Yzer LLC,YZER,2026-05-07 23:59:59,045,0.0,0.0,0.0,0.0,0.0,0.0,,,1.0,,1.0,1.0
1013,8162-G07-005-589418-260522,8162_G07,C_599132,8162,XD_8162_OH_CLEVELAND.YZER,FM,Customer,REG,Yzer LLC,YZER,2026-05-22 23:59:59,005,0.0,0.0,0.0,0.0,0.0,0.0,,,1.0,,1.0,0.0
1014,8162-H04-005-433761-260526,8162_H04,C_435532,8162,XD_8162_OH_CLEVELAND.YZER,FM,Customer,REG,Yzer LLC,YZER,2026-05-26 23:59:59,005,0.0,0.0,0.0,0.0,0.0,0.0,,,1.0,,1.0,1.0
1015,8162-G01-020-890860-260511,8162_G01,C_890860,8162,XD_8162_OH_CLEVELAND.YZER,FM,Customer,REG,Yzer LLC,YZER,2026-05-11 23:59:59,020,0.0,0.0,0.0,0.0,0.0,0.0,,,1.0,,1.0,1.0
1016,Z-3567625,8162_H06,,8162,XD_8162_OH_CLEVELAND.YZER,RC,Route Chrg,REG,Yzer LLC,YZER,2026-05-05 23:59:59,000,269.99,0.0,269.99,235.0,26.76,8.23,,,,,1.0,1.0
1017,8162-G06-040-807750-260522,8162_G06,C_807750,8162,XD_8162_OH_CLEVELAND.YZER,FM,Customer,REG,Yzer LLC,YZER,2026-05-22 23:59:59,040,0.0,0.0,0.0,0.0,0.0,0.0,,,1.0,,1.0,1.0
1018,Z-3615873,8162_H06,,8162,XD_8162_OH_CLEVELAND.YZER,RC,Route Chrg,REG,Yzer LLC,YZER,2026-05-21 23:59:59,000,277.28,0.0,277.28,235.0,34.05,8.23,,,,,1.0,1.0
1019,Z-3620675,8162_H03,,8162,XD_8162_OH_CLEVELAND.YZER,RC,Route Chrg,REG,Yzer LLC,YZER,2026-05-22 23:59:59,000,300.12,0.0,300.12,271.0,19.63,9.49,,,,,1.0,1.0
1020,8162-G04-045-443911-260522,8162_G04,C_443911,8162,XD_8162_OH_CLEVELAND.YZER,FM,Customer,REG,Yzer LLC,YZER,2026-05-22 23:59:59,045,0.0,0.0,0.0,0.0,0.0,0.0,,,1.0,,1.0,1.0
1021,Z-3577849,8163_G06,,8162,XD_8162_OH_CLEVELAND.YZER,RC,Route Chrg,REG,Yzer LLC,YZER,2026-05-07 23:59:59,000,,0.0,,,0.0,,5.0,15.0,5.0,15.0,1.0,1.0
1022,Z-3570899,8163_H02,,8162,XD_8162_OH_CLEVELAND.YZER,RC,Route Chrg,REG,Yzer LLC,YZER,2026-05-06 23:59:59,000,,0.0,,,0.0,,9.0,15.0,9.0,15.0,1.0,1.0
1023,Z-3563209,8163_G02,,8162,XD_8162_OH_CLEVELAND.YZER,RC,Route Chrg,REG,Yzer LLC,YZER,2026-05-04 23:59:59,000,,0.0,,,0.0,,7.0,99.0,7.0,99.0,1.0,1.0
1024,Z-3562976,8162_HX2,,8162,XD_8162_OH_CLEVELAND.YZER,RC,Route Chrg,REG,Yzer LLC,YZER,2026-05-04 23:59:59,000,,0.0,,,0.0,,1.0,4.0,1.0,4.0,1.0,1.0
1025,Z-3580466,8163_G01,,8162,XD_8162_OH_CLEVELAND.YZER,RC,Route Chrg,REG,Yzer LLC,YZER,2026-05-08 23:59:59,000,,0.0,,,0.0,,5.0,12.0,5.0,12.0,1.0,1.0
1026,8162-G03-025-969803-260505,8162_G03,C_296317,8162,XD_8162_OH_CLEVELAND.YZER,FM,Customer,REG,Yzer LLC,YZER,2026-05-05 23:59:59,025,0.0,0.0,0.0,0.0,0.0,0.0,,,1.0,,1.0,1.0
1027,8162-G02-015-038361-260504,8162_G02,C_731867,8162,XD_8162_OH_CLEVELAND.YZER,FM,Customer,REG,Yzer LLC,YZER,2026-05-04 23:59:59,015,0.0,0.0,0.0,0.0,0.0,0.0,,,1.0,,1.0,0.0
1028,8162-H06-015-631172-260504,8162_H06,C_433600,8162,XD_8162_OH_CLEVELAND.YZER,FM,Customer,REG,Yzer LLC,YZER,2026-05-04 23:59:59,015,0.0,0.0,0.0,0.0,0.0,0.0,,,1.0,,1.0,0.0
1029,8162-H01-025-806927-260504,8162_H01,C_806927,8162,XD_8162_OH_CLEVELAND.YZER,FM,Customer,REG,Yzer LLC,YZER,2026-05-04 23:59:59,025,0.0,0.0,0.0,0.0,0.0,0.0,,,1.0,,1.0,1.0
1030,8162-H05-020-304538-260504,8162_H05,C_304538,8162,XD_8162_OH_CLEVELAND.YZER,FM,Customer,REG,Yzer LLC,YZER,2026-05-04 23:59:59,020,0.0,0.0,0.0,0.0,0.0,0.0,,,1.0,,1.0,1.0
1031,8163-G04-006-839466-260505,8163_G04,C_712383,8162,XD_8162_OH_CLEVELAND.YZER,FM,Customer,REG,Yzer LLC,YZER,2026-05-05 23:59:59,006,0.0,0.0,0.0,0.0,0.0,0.0,,,1.0,,1.0,0.0
1032,8162-G05-006-224266-260504,8162_G05,C_061312,8162,XD_8162_OH_CLEVELAND.YZER,FM,Customer,REG,Yzer LLC,YZER,2026-05-04 23:59:59,006,0.0,0.0,0.0,0.0,0.0,0.0,,,1.0,,1.0,0.0
1033,8162-G01-025-371496-260504,8162_G01,C_371496,8162,XD_8162_OH_CLEVELAND.YZER,FM,Customer,REG,Yzer LLC,YZER,2026-05-04 23:59:59,025,0.0,0.0,0.0,0.0,0.0,0.0,,,1.0,,1.0,1.0
1034,8163-G02-015-038361-260505,8163_G02,C_731867,8162,XD_8162_OH_CLEVELAND.YZER,FM,Customer,REG,Yzer LLC,YZER,2026-05-05 23:59:59,015,0.0,0.0,0.0,0.0,0.0,0.0,,,1.0,,1.0,0.0
1035,Z-3600198,8163_H06,,8162,XD_8162_OH_CLEVELAND.YZER,RC,Route Chrg,REG,Yzer LLC,YZER,2026-05-15 23:59:59,000,,0.0,,,0.0,,6.0,29.0,6.0,29.0,1.0,1.0
1036,Z-3559414,8162_G06,,8162,XD_8162_OH_CLEVELAND.YZER,RC,Route Chrg,REG,Yzer LLC,YZER,2026-05-01 23:59:59,000,373.15,0.0,373.15,345.0,16.07,12.08,,,,,1.0,1.0
1037,Z-3620769,8163_H02,,8162,XD_8162_OH_CLEVELAND.YZER,RC,Route Chrg,REG,Yzer LLC,YZER,2026-05-22 23:59:59,000,,0.0,,,0.0,,9.0,15.0,9.0,15.0,1.0,1.0
1038,Z-3608682,8163_HX5,,8162,XD_8162_OH_CLEVELAND.YZER,RC,Route Chrg,REG,Yzer LLC,YZER,2026-05-19 23:59:59,000,,0.0,,,0.0,,1.0,1.0,1.0,1.0,1.0,1.0
1039,Z-3608678,8163_HX2,,8162,XD_8162_OH_CLEVELAND.YZER,RC,Route Chrg,REG,Yzer LLC,YZER,2026-05-19 23:59:59,000,,0.0,,,0.0,,1.0,1.0,1.0,1.0,1.0,1.0
1040,8162-G05-005-441221-260505,8162_G05,C_441221,8162,XD_8162_OH_CLEVELAND.YZER,FM,Customer,REG,Yzer LLC,YZER,2026-05-05 23:59:59,005,0.0,0.0,0.0,0.0,0.0,0.0,,,1.0,,1.0,1.0
1041,Z-3631952,8163_HX5,,8162,XD_8162_OH_CLEVELAND.YZER,RC,Route Chrg,REG,Yzer LLC,YZER,2026-05-28 23:59:59,000,0.0,0.0,0.0,0.0,0.0,0.0,,,,,1.0,1.0
1042,Z-3636791,8163_G07,,8162,XD_8162_OH_CLEVELAND.YZER,RC,Route Chrg,REG,Yzer LLC,YZER,2026-05-29 23:59:59,000,0.0,0.0,0.0,0.0,0.0,0.0,,,,,1.0,1.0
1043,8162-G05-035-414946-260527,8162_G05,C_414946,8162,XD_8162_OH_CLEVELAND.YZER,FM,Customer,REG,Yzer LLC,YZER,2026-05-27 23:59:59,035,0.0,0.0,0.0,0.0,0.0,0.0,,,1.0,,1.0,1.0
1044,8162-G06-040-807750-260529,8162_G06,C_807750,8162,XD_8162_OH_CLEVELAND.YZER,FM,Customer,REG,Yzer LLC,YZER,2026-05-29 23:59:59,040,0.0,0.0,0.0,0.0,0.0,0.0,,,1.0,,1.0,1.0
1045,8163-G05-001-441221-260526,8163_G05,C_441221,8162,XD_8162_OH_CLEVELAND.YZER,FM,Customer,REG,Yzer LLC,YZER,2026-05-26 23:59:59,001,0.0,0.0,0.0,0.0,0.0,0.0,,,1.0,,1.0,0.0
1046,8162-G01-005-718289-260527,8162_G01,C_436015,8162,XD_8162_OH_CLEVELAND.YZER,FM,Customer,REG,Yzer LLC,YZER,2026-05-27 23:59:59,005,0.0,0.0,0.0,0.0,0.0,0.0,,,1.0,,1.0,0.0
1047,8162-H01-030-756914-260529,8162_H01,C_756914,8162,XD_8162_OH_CLEVELAND.YZER,FM,Customer,REG,Yzer LLC,YZER,2026-05-29 23:59:59,030,0.0,0.0,0.0,0.0,0.0,0.0,,,1.0,,1.0,1.0
1048,Z-3632085,8162_G05,,8162,XD_8162_OH_CLEVELAND.YZER,RC,Route Chrg,REG,Yzer LLC,YZER,2026-05-28 23:59:59,000,336.66,0.0,336.66,304.0,22.02,10.64,,,,,1.0,1.0
1049,8163-G02-015-038361-260527,8163_G02,C_731867,8162,XD_8162_OH_CLEVELAND.YZER,FM,Customer,REG,Yzer LLC,YZER,2026-05-27 23:59:59,015,0.0,0.0,0.0,0.0,0.0,0.0,,,1.0,,1.0,0.0
1050,8162-G03-025-969803-260528,8162_G03,C_296317,8162,XD_8162_OH_CLEVELAND.YZER,FM,Customer,REG,Yzer LLC,YZER,2026-05-28 23:59:59,025,0.0,0.0,0.0,0.0,0.0,0.0,,,1.0,,1.0,0.0
1051,8162-G01-020-443013-260528,8162_G01,C_890860,8162,XD_8162_OH_CLEVELAND.YZER,FM,Customer,REG,Yzer LLC,YZER,2026-05-28 23:59:59,020,0.0,0.0,0.0,0.0,0.0,0.0,,,1.0,,1.0,1.0
1052,8162-G05-007-314669-260527,8162_G05,C_208840,8162,XD_8162_OH_CLEVELAND.YZER,FM,Customer,REG,Yzer LLC,YZER,2026-05-27 23:59:59,007,0.0,0.0,0.0,0.0,0.0,0.0,,,1.0,,1.0,0.0
1053,8162-G02-040-061631-260528,8162_G02,C_017375,8162,XD_8162_OH_CLEVELAND.YZER,FM,Customer,REG,Yzer LLC,YZER,2026-05-28 23:59:59,040,0.0,0.0,0.0,0.0,0.0,0.0,,,1.0,,1.0,1.0
1054,8162-G09-046-415729-260527,8162_G09,C_415729,8162,XD_8162_OH_CLEVELAND.YZER,FM,Customer,REG,Yzer LLC,YZER,2026-05-27 23:59:59,046,0.0,0.0,0.0,0.0,0.0,0.0,,,1.0,,1.0,1.0
1055,8163-G04-005-679719-260528,8163_G04,C_712383,8162,XD_8162_OH_CLEVELAND.YZER,FM,Customer,REG,Yzer LLC,YZER,2026-05-28 23:59:59,005,0.0,0.0,0.0,0.0,0.0,0.0,,,1.0,,1.0,0.0
1056,8162-H01-020-446373-260527,8162_H01,C_446373,8162,XD_8162_OH_CLEVELAND.YZER,FM,Customer,REG,Yzer LLC,YZER,2026-05-27 23:59:59,020,0.0,0.0,0.0,0.0,0.0,0.0,,,1.0,,1.0,1.0
1057,8162-G01-005-103109-260527,8162_G01,C_436015,8162,XD_8162_OH_CLEVELAND.YZER,FM,Customer,REG,Yzer LLC,YZER,2026-05-27 23:59:59,005,0.0,0.0,0.0,0.0,0.0,0.0,,,1.0,,1.0,0.0
1058,Z-3632100,8162_G09,,8162,XD_8162_OH_CLEVELAND.YZER,RC,Route Chrg,REG,Yzer LLC,YZER,2026-05-28 23:59:59,000,276.86,0.0,276.86,250.0,18.11,8.75,,,,,1.0,1.0
1059,8162-G06-010-151559-260527,8162_G06,C_151558,8162,XD_8162_OH_CLEVELAND.YZER,FM,Customer,REG,Yzer LLC,YZER,2026-05-27 23:59:59,010,0.0,0.0,0.0,0.0,0.0,0.0,,,1.0,,1.0,0.0
1060,8162-G02-050-140655-260526,8162_G02,C_433278,8162,XD_8162_OH_CLEVELAND.YZER,FM,Customer,REG,Yzer LLC,YZER,2026-05-26 23:59:59,050,0.0,0.0,0.0,0.0,0.0,0.0,,,1.0,,1.0,0.0
1061,8162-G07-005-034802-260528,8162_G07,C_599132,8162,XD_8162_OH_CLEVELAND.YZER,FM,Customer,REG,Yzer LLC,YZER,2026-05-28 23:59:59,005,0.0,0.0,0.0,0.0,0.0,0.0,,,1.0,,1.0,1.0
1062,8162-G07-010-134526-260528,8162_G07,C_134526,8162,XD_8162_OH_CLEVELAND.YZER,FM,Customer,REG,Yzer LLC,YZER,2026-05-28 23:59:59,010,0.0,0.0,0.0,0.0,0.0,0.0,,,1.0,,1.0,1.0
1063,8162-H02-015-134622-260529,8162_H02,C_134622,8162,XD_8162_OH_CLEVELAND.YZER,FM,Customer,REG,Yzer LLC,YZER,2026-05-29 23:59:59,015,0.0,0.0,0.0,0.0,0.0,0.0,,,1.0,,1.0,1.0
1064,8162-G06-015-151562-260529,8162_G06,C_065363,8162,XD_8162_OH_CLEVELAND.YZER,FM,Customer,REG,Yzer LLC,YZER,2026-05-29 23:59:59,015,0.0,0.0,0.0,0.0,0.0,0.0,,,1.0,,1.0,0.0
1065,8163-G06-025-289532-260527,8163_G06,C_289522,8162,XD_8162_OH_CLEVELAND.YZER,FM,Customer,REG,Yzer LLC,YZER,2026-05-27 23:59:59,025,0.0,0.0,0.0,0.0,0.0,0.0,,,1.0,,1.0,0.0
1066,8162-G09-002-289527-260511,8162_G09,C_289527,8162,XD_8162_OH_CLEVELAND.YZER,FM,Customer,REG,Yzer LLC,YZER,2026-05-11 23:59:59,002,0.0,0.0,0.0,0.0,0.0,0.0,,,1.0,,1.0,0.0
1067,8162-G03-005-723011-260508,8162_G03,C_810447,8162,XD_8162_OH_CLEVELAND.YZER,FM,Customer,REG,Yzer LLC,YZER,2026-05-08 23:59:59,005,0.0,0.0,0.0,0.0,0.0,0.0,,,1.0,,1.0,1.0
1068,8162-G09-017-444117-260506,8162_G09,C_444117,8162,XD_8162_OH_CLEVELAND.YZER,FM,Customer,REG,Yzer LLC,YZER,2026-05-06 23:59:59,017,0.0,0.0,0.0,0.0,0.0,0.0,,,1.0,,1.0,1.0
1069,8162-G04-035-444588-260513,8162_G04,C_444588,8162,XD_8162_OH_CLEVELAND.YZER,FM,Customer,REG,Yzer LLC,YZER,2026-05-13 23:59:59,035,0.0,0.0,0.0,0.0,0.0,0.0,,,1.0,,1.0,1.0
1070,8162-G04-045-443911-260514,8162_G04,C_443911,8162,XD_8162_OH_CLEVELAND.YZER,FM,Customer,REG,Yzer LLC,YZER,2026-05-14 23:59:59,045,0.0,0.0,0.0,0.0,0.0,0.0,,,1.0,,1.0,1.0
1071,8162-H01-045-924410-260512,8162_H01,C_924410,8162,XD_8162_OH_CLEVELAND.YZER,FM,Customer,REG,Yzer LLC,YZER,2026-05-12 23:59:59,045,0.0,0.0,0.0,0.0,0.0,0.0,,,1.0,,1.0,1.0
1072,8162-G01-040-099634-260514,8162_G01,C_099634,8162,XD_8162_OH_CLEVELAND.YZER,FM,Customer,REG,Yzer LLC,YZER,2026-05-14 23:59:59,040,0.0,0.0,0.0,0.0,0.0,0.0,,,1.0,,1.0,1.0
1073,8162-H06-020-431045-260511,8162_H06,C_717269,8162,XD_8162_OH_CLEVELAND.YZER,FM,Customer,REG,Yzer LLC,YZER,2026-05-11 23:59:59,020,0.0,0.0,0.0,0.0,0.0,0.0,,,1.0,,1.0,0.0
1074,8163-G06-026-289530-260511,8163_G06,C_289522,8162,XD_8162_OH_CLEVELAND.YZER,FM,Customer,REG,Yzer LLC,YZER,2026-05-11 23:59:59,026,0.0,0.0,0.0,0.0,0.0,0.0,,,1.0,,1.0,0.0
1075,8162-G05-006-034806-260514,8162_G05,C_061312,8162,XD_8162_OH_CLEVELAND.YZER,FM,Customer,REG,Yzer LLC,YZER,2026-05-14 23:59:59,006,0.0,0.0,0.0,0.0,0.0,0.0,,,1.0,,1.0,1.0
1076,8162-H06-010-151572-260506,8162_H06,C_151568,8162,XD_8162_OH_CLEVELAND.YZER,FM,Customer,REG,Yzer LLC,YZER,2026-05-06 23:59:59,010,0.0,0.0,0.0,0.0,0.0,0.0,,,1.0,,1.0,0.0
1077,8162-H06-015-631172-260515,8162_H06,C_433600,8162,XD_8162_OH_CLEVELAND.YZER,FM,Customer,REG,Yzer LLC,YZER,2026-05-15 23:59:59,015,0.0,0.0,0.0,0.0,0.0,0.0,,,1.0,,1.0,0.0
1078,8162-H06-015-415508-260515,8162_H06,C_433600,8162,XD_8162_OH_CLEVELAND.YZER,FM,Customer,REG,Yzer LLC,YZER,2026-05-15 23:59:59,015,0.0,0.0,0.0,0.0,0.0,0.0,,,1.0,,1.0,1.0
1079,8162-H06-015-415508-260518,8162_H06,C_433600,8162,XD_8162_OH_CLEVELAND.YZER,FM,Customer,REG,Yzer LLC,YZER,2026-05-18 23:59:59,015,0.0,0.0,0.0,0.0,0.0,0.0,,,1.0,,1.0,0.0
1080,8162-G09-013-286750-260515,8162_G09,C_286750,8162,XD_8162_OH_CLEVELAND.YZER,FM,Customer,REG,Yzer LLC,YZER,2026-05-15 23:59:59,013,0.0,0.0,0.0,0.0,0.0,0.0,,,1.0,,1.0,1.0
1081,8162-G01-025-371496-260515,8162_G01,C_371496,8162,XD_8162_OH_CLEVELAND.YZER,FM,Customer,REG,Yzer LLC,YZER,2026-05-15 23:59:59,025,0.0,0.0,0.0,0.0,0.0,0.0,,,1.0,,1.0,1.0
1082,8162-G04-045-443911-260518,8162_G04,C_443911,8162,XD_8162_OH_CLEVELAND.YZER,FM,Customer,REG,Yzer LLC,YZER,2026-05-18 23:59:59,045,0.0,0.0,0.0,0.0,0.0,0.0,,,1.0,,1.0,1.0
1083,8162-H02-040-407917-260514,8162_H02,C_407917,8162,XD_8162_OH_CLEVELAND.YZER,FM,Customer,REG,Yzer LLC,YZER,2026-05-14 23:59:59,040,0.0,0.0,0.0,0.0,0.0,0.0,,,1.0,,1.0,1.0
1084,8162-H04-005-893019-260513,8162_H04,C_435532,8162,XD_8162_OH_CLEVELAND.YZER,FM,Customer,REG,Yzer LLC,YZER,2026-05-13 23:59:59,005,0.0,0.0,0.0,0.0,0.0,0.0,,,1.0,,1.0,0.0
1085,Z-3567621,8162_G09,,8162,XD_8162_OH_CLEVELAND.YZER,RC,Route Chrg,REG,Yzer LLC,YZER,2026-05-05 23:59:59,000,270.39,0.0,270.39,250.0,11.64,8.75,,,,,1.0,1.0
1086,8162-H05-035-259008-260514,8162_H05,C_259008,8162,XD_8162_OH_CLEVELAND.YZER,FM,Customer,REG,Yzer LLC,YZER,2026-05-14 23:59:59,035,0.0,0.0,0.0,0.0,0.0,0.0,,,1.0,,1.0,1.0
1087,8162-G05-020-599776-260508,8162_G05,C_599776,8162,XD_8162_OH_CLEVELAND.YZER,FM,Customer,REG,Yzer LLC,YZER,2026-05-08 23:59:59,020,0.0,0.0,0.0,0.0,0.0,0.0,,,1.0,,1.0,1.0
1088,8162-G03-015-864840-260511,8162_G03,C_864840,8162,XD_8162_OH_CLEVELAND.YZER,FM,Customer,REG,Yzer LLC,YZER,2026-05-11 23:59:59,015,0.0,0.0,0.0,0.0,0.0,0.0,,,1.0,,1.0,1.0
1089,8162-H03-015-133964-260513,8162_H03,C_133964,8162,XD_8162_OH_CLEVELAND.YZER,FM,Customer,REG,Yzer LLC,YZER,2026-05-13 23:59:59,015,0.0,0.0,0.0,0.0,0.0,0.0,,,1.0,,1.0,1.0
1090,8163-G06-026-289530-260514,8163_G06,C_289522,8162,XD_8162_OH_CLEVELAND.YZER,FM,Customer,REG,Yzer LLC,YZER,2026-05-14 23:59:59,026,0.0,0.0,0.0,0.0,0.0,0.0,,,1.0,,1.0,0.0
1091,8162-H03-015-133964-260511,8162_H03,C_133964,8162,XD_8162_OH_CLEVELAND.YZER,FM,Customer,REG,Yzer LLC,YZER,2026-05-11 23:59:59,015,0.0,0.0,0.0,0.0,0.0,0.0,,,1.0,,1.0,1.0
1092,8163-G02-005-714075-260508,8163_G02,C_713914,8162,XD_8162_OH_CLEVELAND.YZER,FM,Customer,REG,Yzer LLC,YZER,2026-05-08 23:59:59,005,0.0,0.0,0.0,0.0,0.0,0.0,,,1.0,,1.0,0.0
1093,8162-H01-010-446212-260513,8162_H01,C_446212,8162,XD_8162_OH_CLEVELAND.YZER,FM,Customer,REG,Yzer LLC,YZER,2026-05-13 23:59:59,010,0.0,0.0,0.0,0.0,0.0,0.0,,,1.0,,1.0,1.0
1094,8162-G07-005-893022-260511,8162_G07,C_599132,8162,XD_8162_OH_CLEVELAND.YZER,FM,Customer,REG,Yzer LLC,YZER,2026-05-11 23:59:59,005,0.0,0.0,0.0,0.0,0.0,0.0,,,1.0,,1.0,0.0
1095,Z-3575424,8162_G04,,8162,XD_8162_OH_CLEVELAND.YZER,RC,Route Chrg,REG,Yzer LLC,YZER,2026-05-07 23:59:59,000,274.65,0.0,274.65,248.0,17.97,8.68,,,,,1.0,1.0
1096,8162-H06-040-892876-260511,8162_H06,C_946980,8162,XD_8162_OH_CLEVELAND.YZER,FM,Customer,REG,Yzer LLC,YZER,2026-05-11 23:59:59,040,0.0,0.0,0.0,0.0,0.0,0.0,,,1.0,,1.0,1.0
1097,8162-H06-010-151572-260507,8162_H06,C_151568,8162,XD_8162_OH_CLEVELAND.YZER,FM,Customer,REG,Yzer LLC,YZER,2026-05-07 23:59:59,010,0.0,0.0,0.0,0.0,0.0,0.0,,,1.0,,1.0,0.0
1098,8162-H03-005-160440-260507,8162_H03,C_160440,8162,XD_8162_OH_CLEVELAND.YZER,FM,Customer,REG,Yzer LLC,YZER,2026-05-07 23:59:59,005,0.0,0.0,0.0,0.0,0.0,0.0,,,1.0,,1.0,1.0
1099,8163-G03-005-070610-260513,8163_G03,C_810447,8162,XD_8162_OH_CLEVELAND.YZER,FM,Customer,REG,Yzer LLC,YZER,2026-05-13 23:59:59,005,0.0,0.0,0.0,0.0,0.0,0.0,,,1.0,,1.0,0.0
1100,8162-G09-011-401833-260513,8162_G09,C_401833,8162,XD_8162_OH_CLEVELAND.YZER,FM,Customer,REG,Yzer LLC,YZER,2026-05-13 23:59:59,011,0.0,0.0,0.0,0.0,0.0,0.0,,,1.0,,1.0,1.0
1101,8162-H02-020-134501-260512,8162_H02,C_134501,8162,XD_8162_OH_CLEVELAND.YZER,FM,Customer,REG,Yzer LLC,YZER,2026-05-12 23:59:59,020,0.0,0.0,0.0,0.0,0.0,0.0,,,1.0,,1.0,1.0
1102,8162-H04-005-050648-260511,8162_H04,C_435532,8162,XD_8162_OH_CLEVELAND.YZER,FM,Customer,REG,Yzer LLC,YZER,2026-05-11 23:59:59,005,0.0,0.0,0.0,0.0,0.0,0.0,,,1.0,,1.0,1.0
1103,8163-G03-037-426990-260514,8163_G03,C_521590,8162,XD_8162_OH_CLEVELAND.YZER,FM,Customer,REG,Yzer LLC,YZER,2026-05-14 23:59:59,037,0.0,0.0,0.0,0.0,0.0,0.0,,,1.0,,1.0,0.0
1104,8162-G03-010-256130-260508,8162_G03,C_223285,8162,XD_8162_OH_CLEVELAND.YZER,FM,Customer,REG,Yzer LLC,YZER,2026-05-08 23:59:59,010,0.0,0.0,0.0,0.0,0.0,0.0,,,1.0,,1.0,0.0
1105,8162-G03-025-296317-260519,8162_G03,C_296317,8162,XD_8162_OH_CLEVELAND.YZER,FM,Customer,REG,Yzer LLC,YZER,2026-05-19 23:59:59,025,0.0,0.0,0.0,0.0,0.0,0.0,,,1.0,,1.0,1.0
1106,Z-3603648,8162_H03,,8162,XD_8162_OH_CLEVELAND.YZER,RC,Route Chrg,REG,Yzer LLC,YZER,2026-05-18 23:59:59,000,301.53,0.0,301.53,271.0,21.04,9.49,,,,,1.0,1.0
1107,8162-G01-020-890860-260519,8162_G01,C_890860,8162,XD_8162_OH_CLEVELAND.YZER,FM,Customer,REG,Yzer LLC,YZER,2026-05-19 23:59:59,020,0.0,0.0,0.0,0.0,0.0,0.0,,,1.0,,1.0,0.0
1108,8162-G03-020-068918-260519,8162_G03,C_667610,8162,XD_8162_OH_CLEVELAND.YZER,FM,Customer,REG,Yzer LLC,YZER,2026-05-19 23:59:59,020,0.0,0.0,0.0,0.0,0.0,0.0,,,1.0,,1.0,1.0
1109,8162-G05-005-224268-260508,8162_G05,C_441221,8162,XD_8162_OH_CLEVELAND.YZER,FM,Customer,REG,Yzer LLC,YZER,2026-05-08 23:59:59,005,0.0,0.0,0.0,0.0,0.0,0.0,,,1.0,,1.0,0.0
1110,8162-G02-030-289502-260519,8162_G02,C_289502,8162,XD_8162_OH_CLEVELAND.YZER,FM,Customer,REG,Yzer LLC,YZER,2026-05-19 23:59:59,030,0.0,0.0,0.0,0.0,0.0,0.0,,,1.0,,1.0,1.0
1111,8162-G03-005-723011-260519,8162_G03,C_810447,8162,XD_8162_OH_CLEVELAND.YZER,FM,Customer,REG,Yzer LLC,YZER,2026-05-19 23:59:59,005,0.0,0.0,0.0,0.0,0.0,0.0,,,1.0,,1.0,1.0
1112,8162-H01-015-444602-260508,8162_H01,C_444763,8162,XD_8162_OH_CLEVELAND.YZER,FM,Customer,REG,Yzer LLC,YZER,2026-05-08 23:59:59,015,0.0,0.0,0.0,0.0,0.0,0.0,,,1.0,,1.0,1.0
1113,8162-H03-015-133964-260520,8162_H03,C_133964,8162,XD_8162_OH_CLEVELAND.YZER,FM,Customer,REG,Yzer LLC,YZER,2026-05-20 23:59:59,015,0.0,0.0,0.0,0.0,0.0,0.0,,,1.0,,1.0,1.0
1114,8162-GX0-004-960596-260520,8162_GX0,C_464241,8162,XD_8162_OH_CLEVELAND.YZER,FM,Customer,REG,Yzer LLC,YZER,2026-05-20 23:59:59,004,0.0,0.0,0.0,0.0,0.0,0.0,,,1.0,,1.0,0.0
1115,8163-G06-015-719738-260520,8163_G06,C_065363,8162,XD_8162_OH_CLEVELAND.YZER,FM,Customer,REG,Yzer LLC,YZER,2026-05-20 23:59:59,015,0.0,0.0,0.0,0.0,0.0,0.0,,,1.0,,1.0,0.0
1116,8162-H01-050-362140-260520,8162_H01,C_362140,8162,XD_8162_OH_CLEVELAND.YZER,FM,Customer,REG,Yzer LLC,YZER,2026-05-20 23:59:59,050,0.0,0.0,0.0,0.0,0.0,0.0,,,1.0,,1.0,1.0
1117,8162-G03-010-256130-260520,8162_G03,C_223285,8162,XD_8162_OH_CLEVELAND.YZER,FM,Customer,REG,Yzer LLC,YZER,2026-05-20 23:59:59,010,0.0,0.0,0.0,0.0,0.0,0.0,,,1.0,,1.0,0.0
1118,8162-G03-010-223285-260520,8162_G03,C_223285,8162,XD_8162_OH_CLEVELAND.YZER,FM,Customer,REG,Yzer LLC,YZER,2026-05-20 23:59:59,010,0.0,0.0,0.0,0.0,0.0,0.0,,,1.0,,1.0,1.0
1119,8162-G09-001-289513-260507,8162_G09,C_289513,8162,XD_8162_OH_CLEVELAND.YZER,FM,Customer,REG,Yzer LLC,YZER,2026-05-07 23:59:59,001,0.0,0.0,0.0,0.0,0.0,0.0,,,1.0,,1.0,1.0
1120,8162-G07-045-144654-260521,8162_G07,C_144654,8162,XD_8162_OH_CLEVELAND.YZER,FM,Customer,REG,Yzer LLC,YZER,2026-05-21 23:59:59,045,0.0,0.0,0.0,0.0,0.0,0.0,,,1.0,,1.0,1.0
1121,Z-3613020,8162_G04,,8162,XD_8162_OH_CLEVELAND.YZER,RC,Route Chrg,REG,Yzer LLC,YZER,2026-05-20 23:59:59,000,274.65,0.0,274.65,248.0,17.97,8.68,,,,,1.0,1.0
1122,8162-G01-030-217734-260506,8162_G01,C_217734,8162,XD_8162_OH_CLEVELAND.YZER,FM,Customer,REG,Yzer LLC,YZER,2026-05-06 23:59:59,030,0.0,0.0,0.0,0.0,0.0,0.0,,,1.0,,1.0,1.0
1123,8163-G02-040-017375-260521,8163_G02,C_017375,8162,XD_8162_OH_CLEVELAND.YZER,FM,Customer,REG,Yzer LLC,YZER,2026-05-21 23:59:59,040,0.0,0.0,0.0,0.0,0.0,0.0,,,1.0,,1.0,0.0
1124,8162-G09-002-289531-260513,8162_G09,C_289527,8162,XD_8162_OH_CLEVELAND.YZER,FM,Customer,REG,Yzer LLC,YZER,2026-05-13 23:59:59,002,0.0,0.0,0.0,0.0,0.0,0.0,,,1.0,,1.0,0.0
1125,8162-G05-030-034797-260521,8162_G05,C_610134,8162,XD_8162_OH_CLEVELAND.YZER,FM,Customer,REG,Yzer LLC,YZER,2026-05-21 23:59:59,030,0.0,0.0,0.0,0.0,0.0,0.0,,,1.0,,1.0,1.0
1126,8162-H05-060-446021-260506,8162_H05,C_446021,8162,XD_8162_OH_CLEVELAND.YZER,FM,Customer,REG,Yzer LLC,YZER,2026-05-06 23:59:59,060,0.0,0.0,0.0,0.0,0.0,0.0,,,1.0,,1.0,1.0
1127,8162-HX5-010-992617-260521,8162_HX5,C_678442,8162,XD_8162_OH_CLEVELAND.YZER,FM,Customer,REG,Yzer LLC,YZER,2026-05-21 23:59:59,010,0.0,0.0,0.0,0.0,0.0,0.0,,,1.0,,1.0,0.0
1128,8162-H01-015-444763-260514,8162_H01,C_444763,8162,XD_8162_OH_CLEVELAND.YZER,FM,Customer,REG,Yzer LLC,YZER,2026-05-14 23:59:59,015,0.0,0.0,0.0,0.0,0.0,0.0,,,1.0,,1.0,1.0
1129,Z-3613011,8162_H02,,8162,XD_8162_OH_CLEVELAND.YZER,RC,Route Chrg,REG,Yzer LLC,YZER,2026-05-20 23:59:59,000,333.92,0.0,333.92,283.0,41.01,9.91,,,,,1.0,1.0
1130,8162-G09-002-289527-260522,8162_G09,C_289527,8162,XD_8162_OH_CLEVELAND.YZER,FM,Customer,REG,Yzer LLC,YZER,2026-05-22 23:59:59,002,0.0,0.0,0.0,0.0,0.0,0.0,,,1.0,,1.0,0.0
1131,8163-H06-015-415508-260522,8163_H06,C_433600,8162,XD_8162_OH_CLEVELAND.YZER,FM,Customer,REG,Yzer LLC,YZER,2026-05-22 23:59:59,015,0.0,0.0,0.0,0.0,0.0,0.0,,,1.0,,1.0,0.0
1132,8162-G07-005-599132-260506,8162_G07,C_599132,8162,XD_8162_OH_CLEVELAND.YZER,FM,Customer,REG,Yzer LLC,YZER,2026-05-06 23:59:59,005,0.0,0.0,0.0,0.0,0.0,0.0,,,1.0,,1.0,1.0
1133,8162-G01-005-436015-260526,8162_G01,C_436015,8162,XD_8162_OH_CLEVELAND.YZER,FM,Customer,REG,Yzer LLC,YZER,2026-05-26 23:59:59,005,0.0,0.0,0.0,0.0,0.0,0.0,,,1.0,,1.0,1.0
1134,8162-G06-025-289522-260513,8162_G06,C_289522,8162,XD_8162_OH_CLEVELAND.YZER,FM,Customer,REG,Yzer LLC,YZER,2026-05-13 23:59:59,025,0.0,0.0,0.0,0.0,0.0,0.0,,,1.0,,1.0,1.0
1135,8163-G03-005-723011-260522,8163_G03,C_810447,8162,XD_8162_OH_CLEVELAND.YZER,FM,Customer,REG,Yzer LLC,YZER,2026-05-22 23:59:59,005,0.0,0.0,0.0,0.0,0.0,0.0,,,1.0,,1.0,0.0
1136,8162-H06-010-151572-260511,8162_H06,C_151568,8162,XD_8162_OH_CLEVELAND.YZER,FM,Customer,REG,Yzer LLC,YZER,2026-05-11 23:59:59,010,0.0,0.0,0.0,0.0,0.0,0.0,,,1.0,,1.0,0.0
1137,8162-H03-025-339419-260512,8162_H03,C_339419,8162,XD_8162_OH_CLEVELAND.YZER,FM,Customer,REG,Yzer LLC,YZER,2026-05-12 23:59:59,025,0.0,0.0,0.0,0.0,0.0,0.0,,,1.0,,1.0,1.0
1138,8162-G04-010-786357-260526,8162_G04,C_833539,8162,XD_8162_OH_CLEVELAND.YZER,FM,Customer,REG,Yzer LLC,YZER,2026-05-26 23:59:59,010,0.0,0.0,0.0,0.0,0.0,0.0,,,1.0,,1.0,1.0
1139,8162-G09-058-753911-260526,8162_G09,C_753911,8162,XD_8162_OH_CLEVELAND.YZER,FM,Customer,REG,Yzer LLC,YZER,2026-05-26 23:59:59,058,0.0,0.0,0.0,0.0,0.0,0.0,,,1.0,,1.0,1.0
1140,8162-H03-045-664113-260526,8162_H03,C_664113,8162,XD_8162_OH_CLEVELAND.YZER,FM,Customer,REG,Yzer LLC,YZER,2026-05-26 23:59:59,045,0.0,0.0,0.0,0.0,0.0,0.0,,,1.0,,1.0,1.0
1141,Z-3573932,8163_G06,,8162,XD_8162_OH_CLEVELAND.YZER,RC,Route Chrg,REG,Yzer LLC,YZER,2026-05-06 23:59:59,000,,0.0,,,0.0,,6.0,10.0,6.0,10.0,1.0,1.0
1142,Z-3570887,8162_HX5,,8162,XD_8162_OH_CLEVELAND.YZER,RC,Route Chrg,REG,Yzer LLC,YZER,2026-05-06 23:59:59,000,,0.0,,,0.0,,1.0,5.0,1.0,5.0,1.0,1.0
1143,Z-3559773,8163_G09,,8162,XD_8162_OH_CLEVELAND.YZER,RC,Route Chrg,REG,Yzer LLC,YZER,2026-05-01 23:59:59,000,,0.0,,,0.0,,9.0,25.0,9.0,25.0,1.0,1.0
1144,Z-3580172,8162_GX4,,8162,XD_8162_OH_CLEVELAND.YZER,RC,Route Chrg,REG,Yzer LLC,YZER,2026-05-08 23:59:59,000,,0.0,,,0.0,,1.0,2.0,1.0,2.0,1.0,1.0
1145,Z-3567583,8162_HX5,,8162,XD_8162_OH_CLEVELAND.YZER,RC,Route Chrg,REG,Yzer LLC,YZER,2026-05-05 23:59:59,000,,0.0,,,0.0,,1.0,10.0,1.0,10.0,1.0,1.0
1146,Z-3567761,8163_G04,,8162,XD_8162_OH_CLEVELAND.YZER,RC,Route Chrg,REG,Yzer LLC,YZER,2026-05-05 23:59:59,000,,0.0,,,0.0,,6.0,23.0,6.0,23.0,1.0,1.0
1147,8162-G05-002-642013-260511,8162_G05,C_219681,8162,XD_8162_OH_CLEVELAND.YZER,FM,Customer,REG,Yzer LLC,YZER,2026-05-11 23:59:59,002,0.0,0.0,0.0,0.0,0.0,0.0,,,1.0,,1.0,1.0
1148,8162-H06-010-151574-260519,8162_H06,C_151568,8162,XD_8162_OH_CLEVELAND.YZER,FM,Customer,REG,Yzer LLC,YZER,2026-05-19 23:59:59,010,0.0,0.0,0.0,0.0,0.0,0.0,,,1.0,,1.0,0.0
1149,8162-G09-001-424353-260519,8162_G09,C_289513,8162,XD_8162_OH_CLEVELAND.YZER,FM,Customer,REG,Yzer LLC,YZER,2026-05-19 23:59:59,001,0.0,0.0,0.0,0.0,0.0,0.0,,,1.0,,1.0,0.0
1150,Z-3603682,8162_G09,,8162,XD_8162_OH_CLEVELAND.YZER,RC,Route Chrg,REG,Yzer LLC,YZER,2026-05-18 23:59:59,000,278.16,0.0,278.16,250.0,19.41,8.75,,,,,1.0,1.0
1151,Z-3592610,8162_H04,,8162,XD_8162_OH_CLEVELAND.YZER,RC,Route Chrg,REG,Yzer LLC,YZER,2026-05-13 23:59:59,000,272.6,0.0,272.6,245.0,19.02,8.58,,,,,1.0,1.0
1152,8162-H02-050-579755-260519,8162_H02,C_579755,8162,XD_8162_OH_CLEVELAND.YZER,FM,Customer,REG,Yzer LLC,YZER,2026-05-19 23:59:59,050,0.0,0.0,0.0,0.0,0.0,0.0,,,1.0,,1.0,1.0
1153,8163-G05-005-221190-260519,8163_G05,C_441221,8162,XD_8162_OH_CLEVELAND.YZER,FM,Customer,REG,Yzer LLC,YZER,2026-05-19 23:59:59,005,0.0,0.0,0.0,0.0,0.0,0.0,,,1.0,,1.0,0.0
1154,8162-G09-028-093545-260507,8162_G09,C_093545,8162,XD_8162_OH_CLEVELAND.YZER,FM,Customer,REG,Yzer LLC,YZER,2026-05-07 23:59:59,028,0.0,0.0,0.0,0.0,0.0,0.0,,,1.0,,1.0,1.0
1155,Z-3603696,8162_H02,,8162,XD_8162_OH_CLEVELAND.YZER,RC,Route Chrg,REG,Yzer LLC,YZER,2026-05-18 23:59:59,000,335.38,0.0,335.38,283.0,42.47,9.91,,,,,1.0,1.0
1156,Z-3580241,8162_G05,,8162,XD_8162_OH_CLEVELAND.YZER,RC,Route Chrg,REG,Yzer LLC,YZER,2026-05-08 23:59:59,000,336.66,0.0,336.66,304.0,22.02,10.64,,,,,1.0,1.0
1157,8162-G02-020-598488-260520,8162_G02,C_598488,8162,XD_8162_OH_CLEVELAND.YZER,FM,Customer,REG,Yzer LLC,YZER,2026-05-20 23:59:59,020,0.0,0.0,0.0,0.0,0.0,0.0,,,1.0,,1.0,1.0
1158,Z-3608161,8162_H02,,8162,XD_8162_OH_CLEVELAND.YZER,RC,Route Chrg,REG,Yzer LLC,YZER,2026-05-19 23:59:59,000,335.38,0.0,335.38,283.0,42.47,9.91,,,,,1.0,1.0
1159,8162-H02-020-134501-260520,8162_H02,C_134501,8162,XD_8162_OH_CLEVELAND.YZER,FM,Customer,REG,Yzer LLC,YZER,2026-05-20 23:59:59,020,0.0,0.0,0.0,0.0,0.0,0.0,,,1.0,,1.0,1.0
1160,8162-H01-015-444763-260520,8162_H01,C_444763,8162,XD_8162_OH_CLEVELAND.YZER,FM,Customer,REG,Yzer LLC,YZER,2026-05-20 23:59:59,015,0.0,0.0,0.0,0.0,0.0,0.0,,,1.0,,1.0,1.0
1161,8162-H03-050-442084-260520,8162_H03,C_442084,8162,XD_8162_OH_CLEVELAND.YZER,FM,Customer,REG,Yzer LLC,YZER,2026-05-20 23:59:59,050,0.0,0.0,0.0,0.0,0.0,0.0,,,1.0,,1.0,1.0
1162,8163-G02-005-071322-260520,8163_G02,C_713914,8162,XD_8162_OH_CLEVELAND.YZER,FM,Customer,REG,Yzer LLC,YZER,2026-05-20 23:59:59,005,0.0,0.0,0.0,0.0,0.0,0.0,,,1.0,,1.0,0.0
1163,8162-G02-035-631816-260520,8162_G02,C_209162,8162,XD_8162_OH_CLEVELAND.YZER,FM,Customer,REG,Yzer LLC,YZER,2026-05-20 23:59:59,035,0.0,0.0,0.0,0.0,0.0,0.0,,,1.0,,1.0,1.0
1164,8162-G07-060-134966-260513,8162_G07,C_134966,8162,XD_8162_OH_CLEVELAND.YZER,FM,Customer,REG,Yzer LLC,YZER,2026-05-13 23:59:59,060,0.0,0.0,0.0,0.0,0.0,0.0,,,1.0,,1.0,1.0
1165,8162-G01-005-103109-260507,8162_G01,C_436015,8162,XD_8162_OH_CLEVELAND.YZER,FM,Customer,REG,Yzer LLC,YZER,2026-05-07 23:59:59,005,0.0,0.0,0.0,0.0,0.0,0.0,,,1.0,,1.0,0.0
1166,8162-G06-015-892865-260514,8162_G06,C_065363,8162,XD_8162_OH_CLEVELAND.YZER,FM,Customer,REG,Yzer LLC,YZER,2026-05-14 23:59:59,015,0.0,0.0,0.0,0.0,0.0,0.0,,,1.0,,1.0,0.0
1167,8162-H06-010-151572-260521,8162_H06,C_151568,8162,XD_8162_OH_CLEVELAND.YZER,FM,Customer,REG,Yzer LLC,YZER,2026-05-21 23:59:59,010,0.0,0.0,0.0,0.0,0.0,0.0,,,1.0,,1.0,0.0
1168,Z-3595624,8162_G04,,8162,XD_8162_OH_CLEVELAND.YZER,RC,Route Chrg,REG,Yzer LLC,YZER,2026-05-14 23:59:59,000,275.93,0.0,275.93,248.0,19.25,8.68,,,,,1.0,1.0
1169,8162-H04-005-893019-260512,8162_H04,C_435532,8162,XD_8162_OH_CLEVELAND.YZER,FM,Customer,REG,Yzer LLC,YZER,2026-05-12 23:59:59,005,0.0,0.0,0.0,0.0,0.0,0.0,,,1.0,,1.0,0.0
1170,8162-G06-025-289532-260521,8162_G06,C_289522,8162,XD_8162_OH_CLEVELAND.YZER,FM,Customer,REG,Yzer LLC,YZER,2026-05-21 23:59:59,025,0.0,0.0,0.0,0.0,0.0,0.0,,,1.0,,1.0,0.0
1171,8162-G09-035-905119-260508,8162_G09,C_905119,8162,XD_8162_OH_CLEVELAND.YZER,FM,Customer,REG,Yzer LLC,YZER,2026-05-08 23:59:59,035,0.0,0.0,0.0,0.0,0.0,0.0,,,1.0,,1.0,1.0
1172,8162-H05-050-721852-260507,8162_H05,C_721852,8162,XD_8162_OH_CLEVELAND.YZER,FM,Customer,REG,Yzer LLC,YZER,2026-05-07 23:59:59,050,0.0,0.0,0.0,0.0,0.0,0.0,,,1.0,,1.0,1.0
1173,8162-G06-020-133946-260506,8162_G06,C_133946,8162,XD_8162_OH_CLEVELAND.YZER,FM,Customer,REG,Yzer LLC,YZER,2026-05-06 23:59:59,020,0.0,0.0,0.0,0.0,0.0,0.0,,,1.0,,1.0,1.0
1174,8162-G02-065-406255-260522,8162_G02,C_406255,8162,XD_8162_OH_CLEVELAND.YZER,FM,Customer,REG,Yzer LLC,YZER,2026-05-22 23:59:59,065,0.0,0.0,0.0,0.0,0.0,0.0,,,1.0,,1.0,1.0
1175,8162-H06-035-419882-260511,8162_H06,C_815793,8162,XD_8162_OH_CLEVELAND.YZER,FM,Customer,REG,Yzer LLC,YZER,2026-05-11 23:59:59,035,0.0,0.0,0.0,0.0,0.0,0.0,,,1.0,,1.0,1.0
1176,8162-G05-007-208840-260511,8162_G05,C_208840,8162,XD_8162_OH_CLEVELAND.YZER,FM,Customer,REG,Yzer LLC,YZER,2026-05-11 23:59:59,007,0.0,0.0,0.0,0.0,0.0,0.0,,,1.0,,1.0,1.0
1177,8162-H03-020-415745-260513,8162_H03,C_415745,8162,XD_8162_OH_CLEVELAND.YZER,FM,Customer,REG,Yzer LLC,YZER,2026-05-13 23:59:59,020,0.0,0.0,0.0,0.0,0.0,0.0,,,1.0,,1.0,1.0
1178,8162-H05-015-134985-260522,8162_H05,C_134985,8162,XD_8162_OH_CLEVELAND.YZER,FM,Customer,REG,Yzer LLC,YZER,2026-05-22 23:59:59,015,0.0,0.0,0.0,0.0,0.0,0.0,,,1.0,,1.0,1.0
1179,8162-GX0-004-960596-260508,8162_GX0,C_464241,8162,XD_8162_OH_CLEVELAND.YZER,FM,Customer,REG,Yzer LLC,YZER,2026-05-08 23:59:59,004,0.0,0.0,0.0,0.0,0.0,0.0,,,1.0,,1.0,0.0
1180,8162-G01-040-418680-260526,8162_G01,C_099634,8162,XD_8162_OH_CLEVELAND.YZER,FM,Customer,REG,Yzer LLC,YZER,2026-05-26 23:59:59,040,0.0,0.0,0.0,0.0,0.0,0.0,,,1.0,,1.0,1.0
1181,8162-H02-025-134412-260522,8162_H02,C_134412,8162,XD_8162_OH_CLEVELAND.YZER,FM,Customer,REG,Yzer LLC,YZER,2026-05-22 23:59:59,025,0.0,0.0,0.0,0.0,0.0,0.0,,,1.0,,1.0,1.0
1182,8163-G01-020-443013-260522,8163_G01,C_890860,8162,XD_8162_OH_CLEVELAND.YZER,FM,Customer,REG,Yzer LLC,YZER,2026-05-22 23:59:59,020,0.0,0.0,0.0,0.0,0.0,0.0,,,1.0,,1.0,0.0
1183,8162-G01-015-273236-260522,8162_G01,C_273236,8162,XD_8162_OH_CLEVELAND.YZER,FM,Customer,REG,Yzer LLC,YZER,2026-05-22 23:59:59,015,0.0,0.0,0.0,0.0,0.0,0.0,,,1.0,,1.0,1.0
1184,8162-H06-015-631172-260526,8162_H06,C_433600,8162,XD_8162_OH_CLEVELAND.YZER,FM,Customer,REG,Yzer LLC,YZER,2026-05-26 23:59:59,015,0.0,0.0,0.0,0.0,0.0,0.0,,,1.0,,1.0,1.0
1185,Z-3575541,8163_H04,,8162,XD_8162_OH_CLEVELAND.YZER,RC,Route Chrg,REG,Yzer LLC,YZER,2026-05-07 23:59:59,000,,0.0,,,0.0,,7.0,20.0,7.0,20.0,1.0,1.0
1186,Z-3580274,8163_G02,,8162,XD_8162_OH_CLEVELAND.YZER,RC,Route Chrg,REG,Yzer LLC,YZER,2026-05-08 23:59:59,000,,0.0,,,0.0,,9.0,101.0,9.0,101.0,1.0,1.0
1187,Z-3567714,8163_G02,,8162,XD_8162_OH_CLEVELAND.YZER,RC,Route Chrg,REG,Yzer LLC,YZER,2026-05-05 23:59:59,000,,0.0,,,0.0,,5.0,146.0,5.0,146.0,1.0,1.0
1188,Z-3567684,8163_HX5,,8162,XD_8162_OH_CLEVELAND.YZER,RC,Route Chrg,REG,Yzer LLC,YZER,2026-05-05 23:59:59,000,,0.0,,,0.0,,1.0,5.0,1.0,5.0,1.0,1.0
1189,8162-G04-015-134184-260505,8162_G04,C_134184,8162,XD_8162_OH_CLEVELAND.YZER,FM,Customer,REG,Yzer LLC,YZER,2026-05-05 23:59:59,015,0.0,0.0,0.0,0.0,0.0,0.0,,,1.0,,1.0,1.0
1190,8162-H04-005-893019-260505,8162_H04,C_435532,8162,XD_8162_OH_CLEVELAND.YZER,FM,Customer,REG,Yzer LLC,YZER,2026-05-05 23:59:59,005,0.0,0.0,0.0,0.0,0.0,0.0,,,1.0,,1.0,0.0
1191,8162-H04-005-893019-260504,8162_H04,C_435532,8162,XD_8162_OH_CLEVELAND.YZER,FM,Customer,REG,Yzer LLC,YZER,2026-05-04 23:59:59,005,0.0,0.0,0.0,0.0,0.0,0.0,,,1.0,,1.0,0.0
1192,8162-G04-017-325752-260504,8162_G04,C_286184,8162,XD_8162_OH_CLEVELAND.YZER,FM,Customer,REG,Yzer LLC,YZER,2026-05-04 23:59:59,017,0.0,0.0,0.0,0.0,0.0,0.0,,,1.0,,1.0,1.0
1193,Z-3562925,8162_GX0,,8162,XD_8162_OH_CLEVELAND.YZER,RC,Route Chrg,REG,Yzer LLC,YZER,2026-05-04 23:59:59,000,0.0,0.0,0.0,0.0,0.0,0.0,,,,,1.0,1.0
1194,8162-G05-025-173268-260504,8162_G05,C_173268,8162,XD_8162_OH_CLEVELAND.YZER,FM,Customer,REG,Yzer LLC,YZER,2026-05-04 23:59:59,025,0.0,0.0,0.0,0.0,0.0,0.0,,,1.0,,1.0,1.0
1195,8163-H04-005-050648-260504,8163_H04,C_435532,8162,XD_8162_OH_CLEVELAND.YZER,FM,Customer,REG,Yzer LLC,YZER,2026-05-04 23:59:59,005,0.0,0.0,0.0,0.0,0.0,0.0,,,1.0,,1.0,0.0
1196,8163-G04-005-679719-260505,8163_G04,C_712383,8162,XD_8162_OH_CLEVELAND.YZER,FM,Customer,REG,Yzer LLC,YZER,2026-05-05 23:59:59,005,0.0,0.0,0.0,0.0,0.0,0.0,,,1.0,,1.0,0.0
1197,210528312616,XD_8162_TopSide,,8162,XD_8162_OH_CLEVELAND.YZER,TS,Top Side,REG,Yzer LLC,YZER,2026-05-04 00:00:00,000,40361.55,40361.55,0.0,0.0,0.0,0.0,,,,,,0.0
1198,8162-H06-020-245725-260505,8162_H06,C_717269,8162,XD_8162_OH_CLEVELAND.YZER,FM,Customer,REG,Yzer LLC,YZER,2026-05-05 23:59:59,020,0.0,0.0,0.0,0.0,0.0,0.0,,,1.0,,1.0,1.0
1199,Z-3592791,8163_H01,,8162,XD_8162_OH_CLEVELAND.YZER,RC,Route Chrg,REG,Yzer LLC,YZER,2026-05-13 23:59:59,000,,0.0,,,0.0,,8.0,26.0,8.0,26.0,1.0,1.0
1200,Z-3595778,8163_H05,,8162,XD_8162_OH_CLEVELAND.YZER,RC,Route Chrg,REG,Yzer LLC,YZER,2026-05-14 23:59:59,000,,0.0,,,0.0,,8.0,16.0,8.0,16.0,1.0,1.0
1201,Z-3600204,8163_G01,,8162,XD_8162_OH_CLEVELAND.YZER,RC,Route Chrg,REG,Yzer LLC,YZER,2026-05-15 23:59:59,000,,0.0,,,0.0,,5.0,29.0,5.0,29.0,1.0,1.0
1202,Z-3616180,8163_H06,,8162,XD_8162_OH_CLEVELAND.YZER,RC,Route Chrg,REG,Yzer LLC,YZER,2026-05-21 23:59:59,000,,0.0,,,0.0,,5.0,22.0,5.0,22.0,1.0,1.0
1203,Z-3620683,8162_HX5,,8162,XD_8162_OH_CLEVELAND.YZER,RC,Route Chrg,REG,Yzer LLC,YZER,2026-05-22 23:59:59,000,,0.0,,,0.0,,1.0,10.0,1.0,10.0,1.0,1.0
1204,Z-3613009,8162_HX5,,8162,XD_8162_OH_CLEVELAND.YZER,RC,Route Chrg,REG,Yzer LLC,YZER,2026-05-20 23:59:59,000,,0.0,,,0.0,,1.0,10.0,1.0,10.0,1.0,1.0
1205,Z-3620793,8163_H01,,8162,XD_8162_OH_CLEVELAND.YZER,RC,Route Chrg,REG,Yzer LLC,YZER,2026-05-22 23:59:59,000,,0.0,,,0.0,,9.0,51.0,9.0,51.0,1.0,1.0
1206,Z-3603990,8163_G07,,8162,XD_8162_OH_CLEVELAND.YZER,RC,Route Chrg,REG,Yzer LLC,YZER,2026-05-18 23:59:59,000,,0.0,,,0.0,,6.0,18.0,6.0,18.0,1.0,1.0
1207,Z-3613033,8163_G06,,8162,XD_8162_OH_CLEVELAND.YZER,RC,Route Chrg,REG,Yzer LLC,YZER,2026-05-20 23:59:59,000,,0.0,,,0.0,,7.0,17.0,7.0,17.0,1.0,1.0
1208,Z-3627783,8162_HX5,,8162,XD_8162_OH_CLEVELAND.YZER,RC,Route Chrg,REG,Yzer LLC,YZER,2026-05-27 23:59:59,000,0.0,0.0,0.0,0.0,0.0,0.0,,,,,1.0,1.0
1209,8162-G05-005-441221-260504,8162_G05,C_441221,8162,XD_8162_OH_CLEVELAND.YZER,FM,Customer,REG,Yzer LLC,YZER,2026-05-04 23:59:59,005,0.0,0.0,0.0,0.0,0.0,0.0,,,1.0,,1.0,1.0
1210,Z-3636797,8163_H05,,8162,XD_8162_OH_CLEVELAND.YZER,RC,Route Chrg,REG,Yzer LLC,YZER,2026-05-29 23:59:59,000,0.0,0.0,0.0,0.0,0.0,0.0,,,,,1.0,1.0
1211,Z-3637104,8163_HX5,,8162,XD_8162_OH_CLEVELAND.YZER,RC,Route Chrg,REG,Yzer LLC,YZER,2026-05-29 23:59:59,000,0.0,0.0,0.0,0.0,0.0,0.0,,,,,1.0,1.0
1212,8162-G09-026-295594-260528,8162_G09,C_295594,8162,XD_8162_OH_CLEVELAND.YZER,FM,Customer,REG,Yzer LLC,YZER,2026-05-28 23:59:59,026,0.0,0.0,0.0,0.0,0.0,0.0,,,1.0,,1.0,1.0
1213,8162-G05-045-280562-260528,8162_G05,C_245718,8162,XD_8162_OH_CLEVELAND.YZER,FM,Customer,REG,Yzer LLC,YZER,2026-05-28 23:59:59,045,0.0,0.0,0.0,0.0,0.0,0.0,,,1.0,,1.0,1.0
1214,Z-3627762,8162_G07,,8162,XD_8162_OH_CLEVELAND.YZER,RC,Route Chrg,REG,Yzer LLC,YZER,2026-05-27 23:59:59,000,304.55,0.0,304.55,275.0,19.92,9.63,,,,,1.0,1.0
1215,8162-G06-015-151561-260527,8162_G06,C_065363,8162,XD_8162_OH_CLEVELAND.YZER,FM,Customer,REG,Yzer LLC,YZER,2026-05-27 23:59:59,015,0.0,0.0,0.0,0.0,0.0,0.0,,,1.0,,1.0,1.0
1216,8162-H06-020-431045-260527,8162_H06,C_717269,8162,XD_8162_OH_CLEVELAND.YZER,FM,Customer,REG,Yzer LLC,YZER,2026-05-27 23:59:59,020,0.0,0.0,0.0,0.0,0.0,0.0,,,1.0,,1.0,0.0
1217,8163-HX5-010-992617-260528,8163_HX5,C_678442,8162,XD_8162_OH_CLEVELAND.YZER,FM,Customer,REG,Yzer LLC,YZER,2026-05-28 23:59:59,010,0.0,0.0,0.0,0.0,0.0,0.0,,,1.0,,1.0,0.0
1218,Z-3624351,8162_H05,,8162,XD_8162_OH_CLEVELAND.YZER,RC,Route Chrg,REG,Yzer LLC,YZER,2026-05-26 23:59:59,000,297.33,0.0,297.33,252.0,36.51,8.82,,,,,1.0,1.0
1219,8162-G01-040-099634-260527,8162_G01,C_099634,8162,XD_8162_OH_CLEVELAND.YZER,FM,Customer,REG,Yzer LLC,YZER,2026-05-27 23:59:59,040,0.0,0.0,0.0,0.0,0.0,0.0,,,1.0,,1.0,1.0
1220,8162-G03-015-584757-260529,8162_G03,C_864840,8162,XD_8162_OH_CLEVELAND.YZER,FM,Customer,REG,Yzer LLC,YZER,2026-05-29 23:59:59,015,0.0,0.0,0.0,0.0,0.0,0.0,,,1.0,,1.0,0.0
1221,8162-G05-005-221190-260529,8162_G05,C_441221,8162,XD_8162_OH_CLEVELAND.YZER,FM,Customer,REG,Yzer LLC,YZER,2026-05-29 23:59:59,005,0.0,0.0,0.0,0.0,0.0,0.0,,,1.0,,1.0,0.0
1222,8163-G02-050-140655-260526,8163_G02,C_433278,8162,XD_8162_OH_CLEVELAND.YZER,FM,Customer,REG,Yzer LLC,YZER,2026-05-26 23:59:59,050,0.0,0.0,0.0,0.0,0.0,0.0,,,1.0,,1.0,0.0
1223,Z-3627759,8162_G01,,8162,XD_8162_OH_CLEVELAND.YZER,RC,Route Chrg,REG,Yzer LLC,YZER,2026-05-27 23:59:59,000,254.71,0.0,254.71,230.0,16.66,8.05,,,,,1.0,1.0
1224,8162-G05-001-224268-260526,8162_G05,C_441221,8162,XD_8162_OH_CLEVELAND.YZER,FM,Customer,REG,Yzer LLC,YZER,2026-05-26 23:59:59,001,0.0,0.0,0.0,0.0,0.0,0.0,,,1.0,,1.0,0.0
1225,8162-H01-045-924410-260529,8162_H01,C_924410,8162,XD_8162_OH_CLEVELAND.YZER,FM,Customer,REG,Yzer LLC,YZER,2026-05-29 23:59:59,045,0.0,0.0,0.0,0.0,0.0,0.0,,,1.0,,1.0,1.0
1226,8163-H06-020-431045-260527,8163_H06,C_717269,8162,XD_8162_OH_CLEVELAND.YZER,FM,Customer,REG,Yzer LLC,YZER,2026-05-27 23:59:59,020,0.0,0.0,0.0,0.0,0.0,0.0,,,1.0,,1.0,0.0
1227,8162-G09-035-905119-260528,8162_G09,C_905119,8162,XD_8162_OH_CLEVELAND.YZER,FM,Customer,REG,Yzer LLC,YZER,2026-05-28 23:59:59,035,0.0,0.0,0.0,0.0,0.0,0.0,,,1.0,,1.0,0.0
1228,8163-H06-015-415508-260527,8163_H06,C_433600,8162,XD_8162_OH_CLEVELAND.YZER,FM,Customer,REG,Yzer LLC,YZER,2026-05-27 23:59:59,015,0.0,0.0,0.0,0.0,0.0,0.0,,,1.0,,1.0,0.0
1229,8162-H06-020-431206-260529,8162_H06,C_717269,8162,XD_8162_OH_CLEVELAND.YZER,FM,Customer,REG,Yzer LLC,YZER,2026-05-29 23:59:59,020,0.0,0.0,0.0,0.0,0.0,0.0,,,1.0,,1.0,0.0
1230,8162-G01-020-443013-260529,8162_G01,C_890860,8162,XD_8162_OH_CLEVELAND.YZER,FM,Customer,REG,Yzer LLC,YZER,2026-05-29 23:59:59,020,0.0,0.0,0.0,0.0,0.0,0.0,,,1.0,,1.0,1.0
1231,Z-3636896,8163_GX0,,8162,XD_8162_OH_CLEVELAND.YZER,RC,Route Chrg,REG,Yzer LLC,YZER,2026-05-29 23:59:59,000,0.0,0.0,0.0,0.0,0.0,0.0,,,,,1.0,1.0
1232,8162-G03-025-969803-260527,8162_G03,C_296317,8162,XD_8162_OH_CLEVELAND.YZER,FM,Customer,REG,Yzer LLC,YZER,2026-05-27 23:59:59,025,0.0,0.0,0.0,0.0,0.0,0.0,,,1.0,,1.0,0.0
1233,8162-H05-050-721852-260529,8162_H05,C_721852,8162,XD_8162_OH_CLEVELAND.YZER,FM,Customer,REG,Yzer LLC,YZER,2026-05-29 23:59:59,050,0.0,0.0,0.0,0.0,0.0,0.0,,,1.0,,1.0,1.0
1234,8162-G01-030-217734-260528,8162_G01,C_217734,8162,XD_8162_OH_CLEVELAND.YZER,FM,Customer,REG,Yzer LLC,YZER,2026-05-28 23:59:59,030,0.0,0.0,0.0,0.0,0.0,0.0,,,1.0,,1.0,0.0
1235,Z-3636830,8162_H04,,8162,XD_8162_OH_CLEVELAND.YZER,RC,Route Chrg,REG,Yzer LLC,YZER,2026-05-29 23:59:59,000,271.33,0.0,271.33,245.0,17.75,8.58,,,,,1.0,1.0
1236,8162-G05-020-599776-260528,8162_G05,C_599776,8162,XD_8162_OH_CLEVELAND.YZER,FM,Customer,REG,Yzer LLC,YZER,2026-05-28 23:59:59,020,0.0,0.0,0.0,0.0,0.0,0.0,,,1.0,,1.0,1.0
1237,Z-3624325,8162_G06,,8162,XD_8162_OH_CLEVELAND.YZER,RC,Route Chrg,REG,Yzer LLC,YZER,2026-05-26 23:59:59,000,382.08,0.0,382.08,345.0,25.0,12.08,,,,,1.0,1.0
1238,8162-G09-046-415729-260528,8162_G09,C_415729,8162,XD_8162_OH_CLEVELAND.YZER,FM,Customer,REG,Yzer LLC,YZER,2026-05-28 23:59:59,046,0.0,0.0,0.0,0.0,0.0,0.0,,,1.0,,1.0,1.0
1239,8162-G01-005-436015-260508,8162_G01,C_436015,8162,XD_8162_OH_CLEVELAND.YZER,FM,Customer,REG,Yzer LLC,YZER,2026-05-08 23:59:59,005,0.0,0.0,0.0,0.0,0.0,0.0,,,1.0,,1.0,0.0
1240,8162-H01-040-093505-260513,8162_H01,C_093505,8162,XD_8162_OH_CLEVELAND.YZER,FM,Customer,REG,Yzer LLC,YZER,2026-05-13 23:59:59,040,0.0,0.0,0.0,0.0,0.0,0.0,,,1.0,,1.0,0.0
1241,8162-G01-035-390526-260507,8162_G01,C_390526,8162,XD_8162_OH_CLEVELAND.YZER,FM,Customer,REG,Yzer LLC,YZER,2026-05-07 23:59:59,035,0.0,0.0,0.0,0.0,0.0,0.0,,,1.0,,1.0,1.0
1242,8162-H02-020-134501-260508,8162_H02,C_134501,8162,XD_8162_OH_CLEVELAND.YZER,FM,Customer,REG,Yzer LLC,YZER,2026-05-08 23:59:59,020,0.0,0.0,0.0,0.0,0.0,0.0,,,1.0,,1.0,1.0
1243,Z-3583478,8162_G03,,8162,XD_8162_OH_CLEVELAND.YZER,RC,Route Chrg,REG,Yzer LLC,YZER,2026-05-11 23:59:59,000,374.32,0.0,374.32,338.0,24.49,11.83,,,,,1.0,1.0
1244,8162-H05-005-176725-260513,8162_H05,C_224273,8162,XD_8162_OH_CLEVELAND.YZER,FM,Customer,REG,Yzer LLC,YZER,2026-05-13 23:59:59,005,0.0,0.0,0.0,0.0,0.0,0.0,,,1.0,,1.0,0.0
1245,8162-H02-020-134501-260507,8162_H02,C_134501,8162,XD_8162_OH_CLEVELAND.YZER,FM,Customer,REG,Yzer LLC,YZER,2026-05-07 23:59:59,020,0.0,0.0,0.0,0.0,0.0,0.0,,,1.0,,1.0,1.0
1246,8162-G05-001-441221-260512,8162_G05,C_441221,8162,XD_8162_OH_CLEVELAND.YZER,FM,Customer,REG,Yzer LLC,YZER,2026-05-12 23:59:59,001,0.0,0.0,0.0,0.0,0.0,0.0,,,1.0,,1.0,1.0
1247,8162-G07-030-995737-260513,8162_G07,C_995737,8162,XD_8162_OH_CLEVELAND.YZER,FM,Customer,REG,Yzer LLC,YZER,2026-05-13 23:59:59,030,0.0,0.0,0.0,0.0,0.0,0.0,,,1.0,,1.0,1.0
1248,8162-G07-042-905014-260512,8162_G07,C_905014,8162,XD_8162_OH_CLEVELAND.YZER,FM,Customer,REG,Yzer LLC,YZER,2026-05-12 23:59:59,042,0.0,0.0,0.0,0.0,0.0,0.0,,,1.0,,1.0,1.0
1249,8163-G04-006-712383-260512,8163_G04,C_712383,8162,XD_8162_OH_CLEVELAND.YZER,FM,Customer,REG,Yzer LLC,YZER,2026-05-12 23:59:59,006,0.0,0.0,0.0,0.0,0.0,0.0,,,1.0,,1.0,0.0
1250,8162-G09-002-289527-260508,8162_G09,C_289527,8162,XD_8162_OH_CLEVELAND.YZER,FM,Customer,REG,Yzer LLC,YZER,2026-05-08 23:59:59,002,0.0,0.0,0.0,0.0,0.0,0.0,,,1.0,,1.0,0.0
1251,8162-G04-045-443911-260513,8162_G04,C_443911,8162,XD_8162_OH_CLEVELAND.YZER,FM,Customer,REG,Yzer LLC,YZER,2026-05-13 23:59:59,045,0.0,0.0,0.0,0.0,0.0,0.0,,,1.0,,1.0,1.0
1252,8162-G05-020-599776-260515,8162_G05,C_599776,8162,XD_8162_OH_CLEVELAND.YZER,FM,Customer,REG,Yzer LLC,YZER,2026-05-15 23:59:59,020,0.0,0.0,0.0,0.0,0.0,0.0,,,1.0,,1.0,1.0
1253,8162-G01-035-390526-260515,8162_G01,C_390526,8162,XD_8162_OH_CLEVELAND.YZER,FM,Customer,REG,Yzer LLC,YZER,2026-05-15 23:59:59,035,0.0,0.0,0.0,0.0,0.0,0.0,,,1.0,,1.0,1.0
1254,8162-H03-005-160440-260518,8162_H03,C_160440,8162,XD_8162_OH_CLEVELAND.YZER,FM,Customer,REG,Yzer LLC,YZER,2026-05-18 23:59:59,005,0.0,0.0,0.0,0.0,0.0,0.0,,,1.0,,1.0,1.0
1255,8162-G03-020-667610-260518,8162_G03,C_667610,8162,XD_8162_OH_CLEVELAND.YZER,FM,Customer,REG,Yzer LLC,YZER,2026-05-18 23:59:59,020,0.0,0.0,0.0,0.0,0.0,0.0,,,1.0,,1.0,1.0
1256,8162-H04-005-050648-260518,8162_H04,C_435532,8162,XD_8162_OH_CLEVELAND.YZER,FM,Customer,REG,Yzer LLC,YZER,2026-05-18 23:59:59,005,0.0,0.0,0.0,0.0,0.0,0.0,,,1.0,,1.0,0.0
1257,8162-G01-005-209001-260518,8162_G01,C_436015,8162,XD_8162_OH_CLEVELAND.YZER,FM,Customer,REG,Yzer LLC,YZER,2026-05-18 23:59:59,005,0.0,0.0,0.0,0.0,0.0,0.0,,,1.0,,1.0,1.0
1258,8162-G06-015-151561-260515,8162_G06,C_065363,8162,XD_8162_OH_CLEVELAND.YZER,FM,Customer,REG,Yzer LLC,YZER,2026-05-15 23:59:59,015,0.0,0.0,0.0,0.0,0.0,0.0,,,1.0,,1.0,0.0
1259,8163-H01-015-444602-260518,8163_H01,C_444763,8162,XD_8162_OH_CLEVELAND.YZER,FM,Customer,REG,Yzer LLC,YZER,2026-05-18 23:59:59,015,0.0,0.0,0.0,0.0,0.0,0.0,,,1.0,,1.0,0.0
1260,8163-G01-005-436015-260518,8163_G01,C_436015,8162,XD_8162_OH_CLEVELAND.YZER,FM,Customer,REG,Yzer LLC,YZER,2026-05-18 23:59:59,005,0.0,0.0,0.0,0.0,0.0,0.0,,,1.0,,1.0,0.0
1261,8162-G07-042-339737-260515,8162_G07,C_905014,8162,XD_8162_OH_CLEVELAND.YZER,FM,Customer,REG,Yzer LLC,YZER,2026-05-15 23:59:59,042,0.0,0.0,0.0,0.0,0.0,0.0,,,1.0,,1.0,1.0
1262,8162-G05-001-224268-260515,8162_G05,C_441221,8162,XD_8162_OH_CLEVELAND.YZER,FM,Customer,REG,Yzer LLC,YZER,2026-05-15 23:59:59,001,0.0,0.0,0.0,0.0,0.0,0.0,,,1.0,,1.0,0.0
1263,Z-3600072,8162_G04,,8162,XD_8162_OH_CLEVELAND.YZER,RC,Route Chrg,REG,Yzer LLC,YZER,2026-05-15 23:59:59,000,275.93,0.0,275.93,248.0,19.25,8.68,,,,,1.0,1.0
1264,8162-H01-040-093494-260518,8162_H01,C_093505,8162,XD_8162_OH_CLEVELAND.YZER,FM,Customer,REG,Yzer LLC,YZER,2026-05-18 23:59:59,040,0.0,0.0,0.0,0.0,0.0,0.0,,,1.0,,1.0,1.0
1265,Z-3600042,8162_H02,,8162,XD_8162_OH_CLEVELAND.YZER,RC,Route Chrg,REG,Yzer LLC,YZER,2026-05-15 23:59:59,000,335.38,0.0,335.38,283.0,42.47,9.91,,,,,1.0,1.0
1266,8162-G09-017-444117-260515,8162_G09,C_444117,8162,XD_8162_OH_CLEVELAND.YZER,FM,Customer,REG,Yzer LLC,YZER,2026-05-15 23:59:59,017,0.0,0.0,0.0,0.0,0.0,0.0,,,1.0,,1.0,1.0
1267,8162-G05-035-414946-260518,8162_G05,C_414946,8162,XD_8162_OH_CLEVELAND.YZER,FM,Customer,REG,Yzer LLC,YZER,2026-05-18 23:59:59,035,0.0,0.0,0.0,0.0,0.0,0.0,,,1.0,,1.0,1.0
1268,8162-G04-005-679719-260506,8162_G04,C_712383,8162,XD_8162_OH_CLEVELAND.YZER,FM,Customer,REG,Yzer LLC,YZER,2026-05-06 23:59:59,005,0.0,0.0,0.0,0.0,0.0,0.0,,,1.0,,1.0,1.0
1269,8162-G05-025-173268-260511,8162_G05,C_173268,8162,XD_8162_OH_CLEVELAND.YZER,FM,Customer,REG,Yzer LLC,YZER,2026-05-11 23:59:59,025,0.0,0.0,0.0,0.0,0.0,0.0,,,1.0,,1.0,1.0
1270,8162-G05-025-173268-260512,8162_G05,C_173268,8162,XD_8162_OH_CLEVELAND.YZER,FM,Customer,REG,Yzer LLC,YZER,2026-05-12 23:59:59,025,0.0,0.0,0.0,0.0,0.0,0.0,,,1.0,,1.0,1.0
1271,8162-G03-025-296317-260513,8162_G03,C_296317,8162,XD_8162_OH_CLEVELAND.YZER,FM,Customer,REG,Yzer LLC,YZER,2026-05-13 23:59:59,025,0.0,0.0,0.0,0.0,0.0,0.0,,,1.0,,1.0,1.0
1272,8162-H04-030-326949-260507,8162_H04,C_993260,8162,XD_8162_OH_CLEVELAND.YZER,FM,Customer,REG,Yzer LLC,YZER,2026-05-07 23:59:59,030,0.0,0.0,0.0,0.0,0.0,0.0,,,1.0,,1.0,0.0
1273,8162-G05-007-208840-260506,8162_G05,C_208840,8162,XD_8162_OH_CLEVELAND.YZER,FM,Customer,REG,Yzer LLC,YZER,2026-05-06 23:59:59,007,0.0,0.0,0.0,0.0,0.0,0.0,,,1.0,,1.0,1.0
1274,Z-3583463,8162_H04,,8162,XD_8162_OH_CLEVELAND.YZER,RC,Route Chrg,REG,Yzer LLC,YZER,2026-05-11 23:59:59,000,271.33,0.0,271.33,245.0,17.75,8.58,,,,,1.0,1.0
1275,8162-G09-002-289527-260507,8162_G09,C_289527,8162,XD_8162_OH_CLEVELAND.YZER,FM,Customer,REG,Yzer LLC,YZER,2026-05-07 23:59:59,002,0.0,0.0,0.0,0.0,0.0,0.0,,,1.0,,1.0,0.0
1276,8162-G05-005-265408-260507,8162_G05,C_441221,8162,XD_8162_OH_CLEVELAND.YZER,FM,Customer,REG,Yzer LLC,YZER,2026-05-07 23:59:59,005,0.0,0.0,0.0,0.0,0.0,0.0,,,1.0,,1.0,0.0
1277,8162-G04-010-875777-260512,8162_G04,C_833539,8162,XD_8162_OH_CLEVELAND.YZER,FM,Customer,REG,Yzer LLC,YZER,2026-05-12 23:59:59,010,0.0,0.0,0.0,0.0,0.0,0.0,,,1.0,,1.0,0.0
1278,8163-G07-005-589418-260512,8163_G07,C_599132,8162,XD_8162_OH_CLEVELAND.YZER,FM,Customer,REG,Yzer LLC,YZER,2026-05-12 23:59:59,005,0.0,0.0,0.0,0.0,0.0,0.0,,,1.0,,1.0,0.0
1279,8162-G06-015-151562-260512,8162_G06,C_065363,8162,XD_8162_OH_CLEVELAND.YZER,FM,Customer,REG,Yzer LLC,YZER,2026-05-12 23:59:59,015,0.0,0.0,0.0,0.0,0.0,0.0,,,1.0,,1.0,0.0
1280,8162-H01-025-806927-260511,8162_H01,C_806927,8162,XD_8162_OH_CLEVELAND.YZER,FM,Customer,REG,Yzer LLC,YZER,2026-05-11 23:59:59,025,0.0,0.0,0.0,0.0,0.0,0.0,,,1.0,,1.0,1.0
1281,8163-G06-025-289522-260507,8163_G06,C_289522,8162,XD_8162_OH_CLEVELAND.YZER,FM,Customer,REG,Yzer LLC,YZER,2026-05-07 23:59:59,025,0.0,0.0,0.0,0.0,0.0,0.0,,,1.0,,1.0,0.0
1282,8162-G09-035-905119-260519,8162_G09,C_905119,8162,XD_8162_OH_CLEVELAND.YZER,FM,Customer,REG,Yzer LLC,YZER,2026-05-19 23:59:59,035,0.0,0.0,0.0,0.0,0.0,0.0,,,1.0,,1.0,1.0
1283,8162-H02-020-134501-260519,8162_H02,C_134501,8162,XD_8162_OH_CLEVELAND.YZER,FM,Customer,REG,Yzer LLC,YZER,2026-05-19 23:59:59,020,0.0,0.0,0.0,0.0,0.0,0.0,,,1.0,,1.0,1.0
1284,8162-G09-002-289527-260504,8162_G09,C_289527,8162,XD_8162_OH_CLEVELAND.YZER,FM,Customer,REG,Yzer LLC,YZER,2026-05-04 23:59:59,002,0.0,0.0,0.0,0.0,0.0,0.0,,,1.0,,1.0,0.0
1285,8162-G06-040-807750-260505,8162_G06,C_807750,8162,XD_8162_OH_CLEVELAND.YZER,FM,Customer,REG,Yzer LLC,YZER,2026-05-05 23:59:59,040,0.0,0.0,0.0,0.0,0.0,0.0,,,1.0,,1.0,1.0
1286,8162-G02-040-017375-260504,8162_G02,C_017375,8162,XD_8162_OH_CLEVELAND.YZER,FM,Customer,REG,Yzer LLC,YZER,2026-05-04 23:59:59,040,0.0,0.0,0.0,0.0,0.0,0.0,,,1.0,,1.0,1.0
1287,8162-G06-015-892865-260505,8162_G06,C_065363,8162,XD_8162_OH_CLEVELAND.YZER,FM,Customer,REG,Yzer LLC,YZER,2026-05-05 23:59:59,015,0.0,0.0,0.0,0.0,0.0,0.0,,,1.0,,1.0,0.0
1288,8163-H06-020-431206-260505,8163_H06,C_717269,8162,XD_8162_OH_CLEVELAND.YZER,FM,Customer,REG,Yzer LLC,YZER,2026-05-05 23:59:59,020,0.0,0.0,0.0,0.0,0.0,0.0,,,1.0,,1.0,0.0
1289,8162-G03-035-777727-260505,8162_G03,C_777727,8162,XD_8162_OH_CLEVELAND.YZER,FM,Customer,REG,Yzer LLC,YZER,2026-05-05 23:59:59,035,0.0,0.0,0.0,0.0,0.0,0.0,,,1.0,,1.0,1.0
1290,8162-G07-030-995737-260504,8162_G07,C_995737,8162,XD_8162_OH_CLEVELAND.YZER,FM,Customer,REG,Yzer LLC,YZER,2026-05-04 23:59:59,030,0.0,0.0,0.0,0.0,0.0,0.0,,,1.0,,1.0,1.0
1291,Z-3583669,8163_H02,,8162,XD_8162_OH_CLEVELAND.YZER,RC,Route Chrg,REG,Yzer LLC,YZER,2026-05-11 23:59:59,000,,0.0,,,0.0,,10.0,23.0,10.0,23.0,1.0,1.0
1292,Z-3584582,8162_HX5,,8162,XD_8162_OH_CLEVELAND.YZER,RC,Route Chrg,REG,Yzer LLC,YZER,2026-05-11 23:59:59,000,,0.0,,,0.0,,1.0,1.0,1.0,1.0,1.0,1.0
1293,8163-G01-005-718289-260504,8163_G01,C_436015,8162,XD_8162_OH_CLEVELAND.YZER,FM,Customer,REG,Yzer LLC,YZER,2026-05-04 23:59:59,005,0.0,0.0,0.0,0.0,0.0,0.0,,,1.0,,1.0,0.0
1294,Z-3592915,8163_G07,,8162,XD_8162_OH_CLEVELAND.YZER,RC,Route Chrg,REG,Yzer LLC,YZER,2026-05-13 23:59:59,000,,0.0,,,0.0,,8.0,26.0,8.0,26.0,1.0,1.0
1295,8162-H05-015-134985-260504,8162_H05,C_134985,8162,XD_8162_OH_CLEVELAND.YZER,FM,Customer,REG,Yzer LLC,YZER,2026-05-04 23:59:59,015,0.0,0.0,0.0,0.0,0.0,0.0,,,1.0,,1.0,1.0
1296,Z-3603779,8163_G05,,8162,XD_8162_OH_CLEVELAND.YZER,RC,Route Chrg,REG,Yzer LLC,YZER,2026-05-18 23:59:59,000,,0.0,,,0.0,,9.0,37.0,9.0,37.0,1.0,1.0
1297,Z-3636809,8163_H04,,8162,XD_8162_OH_CLEVELAND.YZER,RC,Route Chrg,REG,Yzer LLC,YZER,2026-05-29 23:59:59,000,0.0,0.0,0.0,0.0,0.0,0.0,,,,,1.0,1.0
1298,8162-H05-020-304538-260505,8162_H05,C_304538,8162,XD_8162_OH_CLEVELAND.YZER,FM,Customer,REG,Yzer LLC,YZER,2026-05-05 23:59:59,020,0.0,0.0,0.0,0.0,0.0,0.0,,,1.0,,1.0,1.0
1299,8163-G07-005-386053-260505,8163_G07,C_599132,8162,XD_8162_OH_CLEVELAND.YZER,FM,Customer,REG,Yzer LLC,YZER,2026-05-05 23:59:59,005,0.0,0.0,0.0,0.0,0.0,0.0,,,1.0,,1.0,0.0
1300,8162-G05-002-219681-260526,8162_G05,C_219681,8162,XD_8162_OH_CLEVELAND.YZER,FM,Customer,REG,Yzer LLC,YZER,2026-05-26 23:59:59,002,0.0,0.0,0.0,0.0,0.0,0.0,,,1.0,,1.0,1.0
1301,8162-G04-045-443911-260527,8162_G04,C_443911,8162,XD_8162_OH_CLEVELAND.YZER,FM,Customer,REG,Yzer LLC,YZER,2026-05-27 23:59:59,045,0.0,0.0,0.0,0.0,0.0,0.0,,,1.0,,1.0,1.0
1302,8162-G06-035-134431-260529,8162_G06,C_134431,8162,XD_8162_OH_CLEVELAND.YZER,FM,Customer,REG,Yzer LLC,YZER,2026-05-29 23:59:59,035,0.0,0.0,0.0,0.0,0.0,0.0,,,1.0,,1.0,1.0
1303,8162-G02-020-096443-260527,8162_G02,C_598488,8162,XD_8162_OH_CLEVELAND.YZER,FM,Customer,REG,Yzer LLC,YZER,2026-05-27 23:59:59,020,0.0,0.0,0.0,0.0,0.0,0.0,,,1.0,,1.0,0.0
1304,Z-3624339,8162_G07,,8162,XD_8162_OH_CLEVELAND.YZER,RC,Route Chrg,REG,Yzer LLC,YZER,2026-05-26 23:59:59,000,304.55,0.0,304.55,275.0,19.92,9.63,,,,,1.0,1.0
1305,8162-G04-015-134184-260527,8162_G04,C_134184,8162,XD_8162_OH_CLEVELAND.YZER,FM,Customer,REG,Yzer LLC,YZER,2026-05-27 23:59:59,015,0.0,0.0,0.0,0.0,0.0,0.0,,,1.0,,1.0,1.0
1306,8162-G05-001-224268-260527,8162_G05,C_441221,8162,XD_8162_OH_CLEVELAND.YZER,FM,Customer,REG,Yzer LLC,YZER,2026-05-27 23:59:59,001,0.0,0.0,0.0,0.0,0.0,0.0,,,1.0,,1.0,0.0
1307,8162-G09-011-401833-260529,8162_G09,C_401833,8162,XD_8162_OH_CLEVELAND.YZER,FM,Customer,REG,Yzer LLC,YZER,2026-05-29 23:59:59,011,0.0,0.0,0.0,0.0,0.0,0.0,,,1.0,,1.0,1.0
1308,8162-G05-007-208840-260527,8162_G05,C_208840,8162,XD_8162_OH_CLEVELAND.YZER,FM,Customer,REG,Yzer LLC,YZER,2026-05-27 23:59:59,007,0.0,0.0,0.0,0.0,0.0,0.0,,,1.0,,1.0,1.0
1309,8162-G07-005-893022-260528,8162_G07,C_599132,8162,XD_8162_OH_CLEVELAND.YZER,FM,Customer,REG,Yzer LLC,YZER,2026-05-28 23:59:59,005,0.0,0.0,0.0,0.0,0.0,0.0,,,1.0,,1.0,0.0
1310,8162-H04-040-350918-260529,8162_H04,C_350918,8162,XD_8162_OH_CLEVELAND.YZER,FM,Customer,REG,Yzer LLC,YZER,2026-05-29 23:59:59,040,0.0,0.0,0.0,0.0,0.0,0.0,,,1.0,,1.0,1.0
1311,8163-H05-005-224273-260526,8163_H05,C_224273,8162,XD_8162_OH_CLEVELAND.YZER,FM,Customer,REG,Yzer LLC,YZER,2026-05-26 23:59:59,005,0.0,0.0,0.0,0.0,0.0,0.0,,,1.0,,1.0,0.0
1312,8162-G04-017-286184-260527,8162_G04,C_286184,8162,XD_8162_OH_CLEVELAND.YZER,FM,Customer,REG,Yzer LLC,YZER,2026-05-27 23:59:59,017,0.0,0.0,0.0,0.0,0.0,0.0,,,1.0,,1.0,1.0
1313,8162-G03-030-724609-260529,8162_G03,C_724609,8162,XD_8162_OH_CLEVELAND.YZER,FM,Customer,REG,Yzer LLC,YZER,2026-05-29 23:59:59,030,0.0,0.0,0.0,0.0,0.0,0.0,,,1.0,,1.0,1.0
1314,8162-G07-045-144654-260527,8162_G07,C_144654,8162,XD_8162_OH_CLEVELAND.YZER,FM,Customer,REG,Yzer LLC,YZER,2026-05-27 23:59:59,045,0.0,0.0,0.0,0.0,0.0,0.0,,,1.0,,1.0,1.0
1315,8162-G03-037-521590-260527,8162_G03,C_521590,8162,XD_8162_OH_CLEVELAND.YZER,FM,Customer,REG,Yzer LLC,YZER,2026-05-27 23:59:59,037,0.0,0.0,0.0,0.0,0.0,0.0,,,1.0,,1.0,1.0
1316,Z-3624454,8162_H01,,8162,XD_8162_OH_CLEVELAND.YZER,RC,Route Chrg,REG,Yzer LLC,YZER,2026-05-26 23:59:59,000,252.5,0.0,252.5,228.0,16.52,7.98,,,,,1.0,1.0
1317,8162-H06-005-893003-260512,8162_H06,C_905176,8162,XD_8162_OH_CLEVELAND.YZER,FM,Customer,REG,Yzer LLC,YZER,2026-05-12 23:59:59,005,0.0,0.0,0.0,0.0,0.0,0.0,,,1.0,,1.0,0.0
1318,8162-G06-035-134431-260512,8162_G06,C_134431,8162,XD_8162_OH_CLEVELAND.YZER,FM,Customer,REG,Yzer LLC,YZER,2026-05-12 23:59:59,035,0.0,0.0,0.0,0.0,0.0,0.0,,,1.0,,1.0,1.0
1319,8162-G01-005-209001-260507,8162_G01,C_436015,8162,XD_8162_OH_CLEVELAND.YZER,FM,Customer,REG,Yzer LLC,YZER,2026-05-07 23:59:59,005,0.0,0.0,0.0,0.0,0.0,0.0,,,1.0,,1.0,1.0
1320,Z-3583565,8162_H02,,8162,XD_8162_OH_CLEVELAND.YZER,RC,Route Chrg,REG,Yzer LLC,YZER,2026-05-11 23:59:59,000,333.92,0.0,333.92,283.0,41.01,9.91,,,,,1.0,1.0
1321,8162-G09-001-289513-260513,8162_G09,C_289513,8162,XD_8162_OH_CLEVELAND.YZER,FM,Customer,REG,Yzer LLC,YZER,2026-05-13 23:59:59,001,0.0,0.0,0.0,0.0,0.0,0.0,,,1.0,,1.0,1.0
1322,8162-G04-005-679719-260513,8162_G04,C_712383,8162,XD_8162_OH_CLEVELAND.YZER,FM,Customer,REG,Yzer LLC,YZER,2026-05-13 23:59:59,005,0.0,0.0,0.0,0.0,0.0,0.0,,,1.0,,1.0,1.0
1323,8162-H06-040-892876-260506,8162_H06,C_946980,8162,XD_8162_OH_CLEVELAND.YZER,FM,Customer,REG,Yzer LLC,YZER,2026-05-06 23:59:59,040,0.0,0.0,0.0,0.0,0.0,0.0,,,1.0,,1.0,1.0
1324,8162-G04-010-875777-260513,8162_G04,C_833539,8162,XD_8162_OH_CLEVELAND.YZER,FM,Customer,REG,Yzer LLC,YZER,2026-05-13 23:59:59,010,0.0,0.0,0.0,0.0,0.0,0.0,,,1.0,,1.0,0.0
1325,8162-G09-035-034804-260514,8162_G09,C_905119,8162,XD_8162_OH_CLEVELAND.YZER,FM,Customer,REG,Yzer LLC,YZER,2026-05-14 23:59:59,035,0.0,0.0,0.0,0.0,0.0,0.0,,,1.0,,1.0,1.0
1326,8162-G01-015-273236-260511,8162_G01,C_273236,8162,XD_8162_OH_CLEVELAND.YZER,FM,Customer,REG,Yzer LLC,YZER,2026-05-11 23:59:59,015,0.0,0.0,0.0,0.0,0.0,0.0,,,1.0,,1.0,1.0
1327,8162-H05-020-304538-260512,8162_H05,C_304538,8162,XD_8162_OH_CLEVELAND.YZER,FM,Customer,REG,Yzer LLC,YZER,2026-05-12 23:59:59,020,0.0,0.0,0.0,0.0,0.0,0.0,,,1.0,,1.0,1.0
1328,8163-G02-005-754541-260514,8163_G02,C_713914,8162,XD_8162_OH_CLEVELAND.YZER,FM,Customer,REG,Yzer LLC,YZER,2026-05-14 23:59:59,005,0.0,0.0,0.0,0.0,0.0,0.0,,,1.0,,1.0,0.0
1329,8162-G04-010-786357-260506,8162_G04,C_833539,8162,XD_8162_OH_CLEVELAND.YZER,FM,Customer,REG,Yzer LLC,YZER,2026-05-06 23:59:59,010,0.0,0.0,0.0,0.0,0.0,0.0,,,1.0,,1.0,1.0
1330,8162-H05-060-446021-260511,8162_H05,C_446021,8162,XD_8162_OH_CLEVELAND.YZER,FM,Customer,REG,Yzer LLC,YZER,2026-05-11 23:59:59,060,0.0,0.0,0.0,0.0,0.0,0.0,,,1.0,,1.0,1.0
1331,8162-H02-050-579755-260515,8162_H02,C_579755,8162,XD_8162_OH_CLEVELAND.YZER,FM,Customer,REG,Yzer LLC,YZER,2026-05-15 23:59:59,050,0.0,0.0,0.0,0.0,0.0,0.0,,,1.0,,1.0,1.0
1332,8162-H01-035-865326-260518,8162_H01,C_865326,8162,XD_8162_OH_CLEVELAND.YZER,FM,Customer,REG,Yzer LLC,YZER,2026-05-18 23:59:59,035,0.0,0.0,0.0,0.0,0.0,0.0,,,1.0,,1.0,1.0
1333,8163-G06-025-289532-260518,8163_G06,C_289522,8162,XD_8162_OH_CLEVELAND.YZER,FM,Customer,REG,Yzer LLC,YZER,2026-05-18 23:59:59,025,0.0,0.0,0.0,0.0,0.0,0.0,,,1.0,,1.0,0.0
1334,8162-H01-045-924410-260518,8162_H01,C_924410,8162,XD_8162_OH_CLEVELAND.YZER,FM,Customer,REG,Yzer LLC,YZER,2026-05-18 23:59:59,045,0.0,0.0,0.0,0.0,0.0,0.0,,,1.0,,1.0,1.0
1335,8162-G05-001-224268-260518,8162_G05,C_441221,8162,XD_8162_OH_CLEVELAND.YZER,FM,Customer,REG,Yzer LLC,YZER,2026-05-18 23:59:59,001,0.0,0.0,0.0,0.0,0.0,0.0,,,1.0,,1.0,0.0
1336,8162-G02-010-433278-260518,8162_G02,C_433278,8162,XD_8162_OH_CLEVELAND.YZER,FM,Customer,REG,Yzer LLC,YZER,2026-05-18 23:59:59,010,0.0,0.0,0.0,0.0,0.0,0.0,,,1.0,,1.0,1.0
1337,8162-H02-027-376609-260518,8162_H02,C_376609,8162,XD_8162_OH_CLEVELAND.YZER,FM,Customer,REG,Yzer LLC,YZER,2026-05-18 23:59:59,027,0.0,0.0,0.0,0.0,0.0,0.0,,,1.0,,1.0,1.0
1338,8162-H06-010-151572-260518,8162_H06,C_151568,8162,XD_8162_OH_CLEVELAND.YZER,FM,Customer,REG,Yzer LLC,YZER,2026-05-18 23:59:59,010,0.0,0.0,0.0,0.0,0.0,0.0,,,1.0,,1.0,0.0
1339,8162-H01-020-446373-260514,8162_H01,C_446373,8162,XD_8162_OH_CLEVELAND.YZER,FM,Customer,REG,Yzer LLC,YZER,2026-05-14 23:59:59,020,0.0,0.0,0.0,0.0,0.0,0.0,,,1.0,,1.0,1.0
1340,8163-G07-005-589418-260511,8163_G07,C_599132,8162,XD_8162_OH_CLEVELAND.YZER,FM,Customer,REG,Yzer LLC,YZER,2026-05-11 23:59:59,005,0.0,0.0,0.0,0.0,0.0,0.0,,,1.0,,1.0,0.0
1341,8162-H02-035-340423-260511,8162_H02,C_340423,8162,XD_8162_OH_CLEVELAND.YZER,FM,Customer,REG,Yzer LLC,YZER,2026-05-11 23:59:59,035,0.0,0.0,0.0,0.0,0.0,0.0,,,1.0,,1.0,1.0
1342,8162-H02-050-579755-260511,8162_H02,C_579755,8162,XD_8162_OH_CLEVELAND.YZER,FM,Customer,REG,Yzer LLC,YZER,2026-05-11 23:59:59,050,0.0,0.0,0.0,0.0,0.0,0.0,,,1.0,,1.0,1.0
1343,8163-G09-001-289513-260505,8163_G09,C_289513,8162,XD_8162_OH_CLEVELAND.YZER,FM,Customer,REG,Yzer LLC,YZER,2026-05-05 23:59:59,001,0.0,0.0,0.0,0.0,0.0,0.0,,,1.0,,1.0,0.0
1344,8162-G05-006-224266-260506,8162_G05,C_061312,8162,XD_8162_OH_CLEVELAND.YZER,FM,Customer,REG,Yzer LLC,YZER,2026-05-06 23:59:59,006,0.0,0.0,0.0,0.0,0.0,0.0,,,1.0,,1.0,0.0
1345,8162-G01-030-633104-260507,8162_G01,C_217734,8162,XD_8162_OH_CLEVELAND.YZER,FM,Customer,REG,Yzer LLC,YZER,2026-05-07 23:59:59,030,0.0,0.0,0.0,0.0,0.0,0.0,,,1.0,,1.0,0.0
1346,8162-H01-050-362140-260508,8162_H01,C_362140,8162,XD_8162_OH_CLEVELAND.YZER,FM,Customer,REG,Yzer LLC,YZER,2026-05-08 23:59:59,050,0.0,0.0,0.0,0.0,0.0,0.0,,,1.0,,1.0,1.0
1347,8162-H01-035-865326-260508,8162_H01,C_865326,8162,XD_8162_OH_CLEVELAND.YZER,FM,Customer,REG,Yzer LLC,YZER,2026-05-08 23:59:59,035,0.0,0.0,0.0,0.0,0.0,0.0,,,1.0,,1.0,1.0
1348,8163-GX0-004-960596-260511,8163_GX0,C_464241,8162,XD_8162_OH_CLEVELAND.YZER,FM,Customer,REG,Yzer LLC,YZER,2026-05-11 23:59:59,004,0.0,0.0,0.0,0.0,0.0,0.0,,,1.0,,1.0,0.0
1349,8162-G09-028-093545-260513,8162_G09,C_093545,8162,XD_8162_OH_CLEVELAND.YZER,FM,Customer,REG,Yzer LLC,YZER,2026-05-13 23:59:59,028,0.0,0.0,0.0,0.0,0.0,0.0,,,1.0,,1.0,1.0
1350,8162-G06-015-719738-260508,8162_G06,C_065363,8162,XD_8162_OH_CLEVELAND.YZER,FM,Customer,REG,Yzer LLC,YZER,2026-05-08 23:59:59,015,0.0,0.0,0.0,0.0,0.0,0.0,,,1.0,,1.0,0.0
1351,8162-H06-005-893003-260506,8162_H06,C_905176,8162,XD_8162_OH_CLEVELAND.YZER,FM,Customer,REG,Yzer LLC,YZER,2026-05-06 23:59:59,005,0.0,0.0,0.0,0.0,0.0,0.0,,,1.0,,1.0,1.0
1352,8162-H05-005-176725-260512,8162_H05,C_224273,8162,XD_8162_OH_CLEVELAND.YZER,FM,Customer,REG,Yzer LLC,YZER,2026-05-12 23:59:59,005,0.0,0.0,0.0,0.0,0.0,0.0,,,1.0,,1.0,0.0
1353,8162-H01-045-924410-260506,8162_H01,C_924410,8162,XD_8162_OH_CLEVELAND.YZER,FM,Customer,REG,Yzer LLC,YZER,2026-05-06 23:59:59,045,0.0,0.0,0.0,0.0,0.0,0.0,,,1.0,,1.0,1.0
1354,8162-G05-006-905419-260512,8162_G05,C_061312,8162,XD_8162_OH_CLEVELAND.YZER,FM,Customer,REG,Yzer LLC,YZER,2026-05-12 23:59:59,006,0.0,0.0,0.0,0.0,0.0,0.0,,,1.0,,1.0,0.0
1355,8162-G09-002-289531-260508,8162_G09,C_289527,8162,XD_8162_OH_CLEVELAND.YZER,FM,Customer,REG,Yzer LLC,YZER,2026-05-08 23:59:59,002,0.0,0.0,0.0,0.0,0.0,0.0,,,1.0,,1.0,0.0
1356,8162-H01-045-924410-260514,8162_H01,C_924410,8162,XD_8162_OH_CLEVELAND.YZER,FM,Customer,REG,Yzer LLC,YZER,2026-05-14 23:59:59,045,0.0,0.0,0.0,0.0,0.0,0.0,,,1.0,,1.0,1.0
1357,Z-3592728,8162_G01,,8162,XD_8162_OH_CLEVELAND.YZER,RC,Route Chrg,REG,Yzer LLC,YZER,2026-05-13 23:59:59,000,255.9,0.0,255.9,230.0,17.85,8.05,,,,,1.0,1.0
1358,8162-H03-015-133964-260505,8162_H03,C_133964,8162,XD_8162_OH_CLEVELAND.YZER,FM,Customer,REG,Yzer LLC,YZER,2026-05-05 23:59:59,015,0.0,0.0,0.0,0.0,0.0,0.0,,,1.0,,1.0,1.0
1359,8162-GX0-004-960596-260504,8162_GX0,C_464241,8162,XD_8162_OH_CLEVELAND.YZER,FM,Customer,REG,Yzer LLC,YZER,2026-05-04 23:59:59,004,0.0,0.0,0.0,0.0,0.0,0.0,,,1.0,,1.0,0.0
1360,8163-H06-020-431045-260505,8163_H06,C_717269,8162,XD_8162_OH_CLEVELAND.YZER,FM,Customer,REG,Yzer LLC,YZER,2026-05-05 23:59:59,020,0.0,0.0,0.0,0.0,0.0,0.0,,,1.0,,1.0,0.0
1361,8162-G09-035-905119-260505,8162_G09,C_905119,8162,XD_8162_OH_CLEVELAND.YZER,FM,Customer,REG,Yzer LLC,YZER,2026-05-05 23:59:59,035,0.0,0.0,0.0,0.0,0.0,0.0,,,1.0,,1.0,1.0
1362,8162-H01-040-093505-260504,8162_H01,C_093505,8162,XD_8162_OH_CLEVELAND.YZER,FM,Customer,REG,Yzer LLC,YZER,2026-05-04 23:59:59,040,0.0,0.0,0.0,0.0,0.0,0.0,,,1.0,,1.0,0.0
1363,8162-H06-020-431045-260504,8162_H06,C_717269,8162,XD_8162_OH_CLEVELAND.YZER,FM,Customer,REG,Yzer LLC,YZER,2026-05-04 23:59:59,020,0.0,0.0,0.0,0.0,0.0,0.0,,,1.0,,1.0,0.0
1364,8162-G01-005-244545-260505,8162_G01,C_436015,8162,XD_8162_OH_CLEVELAND.YZER,FM,Customer,REG,Yzer LLC,YZER,2026-05-05 23:59:59,005,0.0,0.0,0.0,0.0,0.0,0.0,,,1.0,,1.0,0.0
1365,Z-3559485,8162_G09,,8162,XD_8162_OH_CLEVELAND.YZER,RC,Route Chrg,REG,Yzer LLC,YZER,2026-05-01 23:59:59,000,270.39,0.0,270.39,250.0,11.64,8.75,,,,,1.0,1.0
1366,8162-H06-015-173361-260504,8162_H06,C_433600,8162,XD_8162_OH_CLEVELAND.YZER,FM,Customer,REG,Yzer LLC,YZER,2026-05-04 23:59:59,015,0.0,0.0,0.0,0.0,0.0,0.0,,,1.0,,1.0,0.0
1367,Z-3593270,8163_GX4,,8162,XD_8162_OH_CLEVELAND.YZER,RC,Route Chrg,REG,Yzer LLC,YZER,2026-05-13 23:59:59,000,,0.0,,,0.0,,1.0,1.0,1.0,1.0,1.0,1.0
1368,Z-3600070,8162_GX4,,8162,XD_8162_OH_CLEVELAND.YZER,RC,Route Chrg,REG,Yzer LLC,YZER,2026-05-15 23:59:59,000,,0.0,,,0.0,,1.0,4.0,1.0,4.0,1.0,1.0
1369,Z-3562985,8162_H06,,8162,XD_8162_OH_CLEVELAND.YZER,RC,Route Chrg,REG,Yzer LLC,YZER,2026-05-04 23:59:59,000,269.99,0.0,269.99,235.0,26.76,8.23,,,,,1.0,1.0
1370,Z-3603775,8163_H06,,8162,XD_8162_OH_CLEVELAND.YZER,RC,Route Chrg,REG,Yzer LLC,YZER,2026-05-18 23:59:59,000,,0.0,,,0.0,,6.0,30.0,6.0,30.0,1.0,1.0
1371,Z-3603772,8163_H01,,8162,XD_8162_OH_CLEVELAND.YZER,RC,Route Chrg,REG,Yzer LLC,YZER,2026-05-18 23:59:59,000,,0.0,,,0.0,,10.0,39.0,10.0,39.0,1.0,1.0
1372,Z-3608339,8163_H06,,8162,XD_8162_OH_CLEVELAND.YZER,RC,Route Chrg,REG,Yzer LLC,YZER,2026-05-19 23:59:59,000,,0.0,,,0.0,,5.0,35.0,5.0,35.0,1.0,1.0
1373,Z-3620786,8163_HX2,,8162,XD_8162_OH_CLEVELAND.YZER,RC,Route Chrg,REG,Yzer LLC,YZER,2026-05-22 23:59:59,000,,0.0,,,0.0,,1.0,9.0,1.0,9.0,1.0,1.0
1374,Z-3631989,8163_G07,,8162,XD_8162_OH_CLEVELAND.YZER,RC,Route Chrg,REG,Yzer LLC,YZER,2026-05-28 23:59:59,000,0.0,0.0,0.0,0.0,0.0,0.0,,,,,1.0,1.0
1375,Z-3636876,8163_G06,,8162,XD_8162_OH_CLEVELAND.YZER,RC,Route Chrg,REG,Yzer LLC,YZER,2026-05-29 23:59:59,000,0.0,0.0,0.0,0.0,0.0,0.0,,,,,1.0,1.0
1376,8162-G02-045-209162-260528,8162_G02,C_209162,8162,XD_8162_OH_CLEVELAND.YZER,FM,Customer,REG,Yzer LLC,YZER,2026-05-28 23:59:59,045,0.0,0.0,0.0,0.0,0.0,0.0,,,1.0,,1.0,0.0
1377,8162-H03-045-664113-260529,8162_H03,C_664113,8162,XD_8162_OH_CLEVELAND.YZER,FM,Customer,REG,Yzer LLC,YZER,2026-05-29 23:59:59,045,0.0,0.0,0.0,0.0,0.0,0.0,,,1.0,,1.0,1.0
1378,8162-G03-005-892996-260529,8162_G03,C_810447,8162,XD_8162_OH_CLEVELAND.YZER,FM,Customer,REG,Yzer LLC,YZER,2026-05-29 23:59:59,005,0.0,0.0,0.0,0.0,0.0,0.0,,,1.0,,1.0,0.0
1379,8162-H03-050-442084-260529,8162_H03,C_442084,8162,XD_8162_OH_CLEVELAND.YZER,FM,Customer,REG,Yzer LLC,YZER,2026-05-29 23:59:59,050,0.0,0.0,0.0,0.0,0.0,0.0,,,1.0,,1.0,1.0
1380,8162-G06-025-289522-260527,8162_G06,C_289522,8162,XD_8162_OH_CLEVELAND.YZER,FM,Customer,REG,Yzer LLC,YZER,2026-05-27 23:59:59,025,0.0,0.0,0.0,0.0,0.0,0.0,,,1.0,,1.0,1.0
1381,8162-G09-001-289513-260529,8162_G09,C_289513,8162,XD_8162_OH_CLEVELAND.YZER,FM,Customer,REG,Yzer LLC,YZER,2026-05-29 23:59:59,001,0.0,0.0,0.0,0.0,0.0,0.0,,,1.0,,1.0,1.0
1382,8162-G06-026-289530-260527,8162_G06,C_289522,8162,XD_8162_OH_CLEVELAND.YZER,FM,Customer,REG,Yzer LLC,YZER,2026-05-27 23:59:59,026,0.0,0.0,0.0,0.0,0.0,0.0,,,1.0,,1.0,0.0
1383,8163-G06-010-151558-260526,8163_G06,C_151558,8162,XD_8162_OH_CLEVELAND.YZER,FM,Customer,REG,Yzer LLC,YZER,2026-05-26 23:59:59,010,0.0,0.0,0.0,0.0,0.0,0.0,,,1.0,,1.0,0.0
1384,8162-H04-015-970222-260527,8162_H04,C_970222,8162,XD_8162_OH_CLEVELAND.YZER,FM,Customer,REG,Yzer LLC,YZER,2026-05-27 23:59:59,015,0.0,0.0,0.0,0.0,0.0,0.0,,,1.0,,1.0,1.0
1385,8162-H06-005-905176-260527,8162_H06,C_905176,8162,XD_8162_OH_CLEVELAND.YZER,FM,Customer,REG,Yzer LLC,YZER,2026-05-27 23:59:59,005,0.0,0.0,0.0,0.0,0.0,0.0,,,1.0,,1.0,1.0
1386,8162-G06-025-289522-260528,8162_G06,C_289522,8162,XD_8162_OH_CLEVELAND.YZER,FM,Customer,REG,Yzer LLC,YZER,2026-05-28 23:59:59,025,0.0,0.0,0.0,0.0,0.0,0.0,,,1.0,,1.0,1.0
1387,8162-G04-017-286184-260529,8162_G04,C_286184,8162,XD_8162_OH_CLEVELAND.YZER,FM,Customer,REG,Yzer LLC,YZER,2026-05-29 23:59:59,017,0.0,0.0,0.0,0.0,0.0,0.0,,,1.0,,1.0,1.0
1388,8162-G03-015-864840-260527,8162_G03,C_864840,8162,XD_8162_OH_CLEVELAND.YZER,FM,Customer,REG,Yzer LLC,YZER,2026-05-27 23:59:59,015,0.0,0.0,0.0,0.0,0.0,0.0,,,1.0,,1.0,0.0
1389,8162-H04-040-350918-260528,8162_H04,C_350918,8162,XD_8162_OH_CLEVELAND.YZER,FM,Customer,REG,Yzer LLC,YZER,2026-05-28 23:59:59,040,0.0,0.0,0.0,0.0,0.0,0.0,,,1.0,,1.0,1.0
1390,8163-G06-010-151559-260529,8163_G06,C_151558,8162,XD_8162_OH_CLEVELAND.YZER,FM,Customer,REG,Yzer LLC,YZER,2026-05-29 23:59:59,010,0.0,0.0,0.0,0.0,0.0,0.0,,,1.0,,1.0,0.0
1391,8163-G06-015-151561-260527,8163_G06,C_065363,8162,XD_8162_OH_CLEVELAND.YZER,FM,Customer,REG,Yzer LLC,YZER,2026-05-27 23:59:59,015,0.0,0.0,0.0,0.0,0.0,0.0,,,1.0,,1.0,0.0
1392,Z-3636877,8162_H06,,8162,XD_8162_OH_CLEVELAND.YZER,RC,Route Chrg,REG,Yzer LLC,YZER,2026-05-29 23:59:59,000,276.07,0.0,276.07,235.0,32.84,8.23,,,,,1.0,1.0
1393,Z-3636824,8162_G07,,8162,XD_8162_OH_CLEVELAND.YZER,RC,Route Chrg,REG,Yzer LLC,YZER,2026-05-29 23:59:59,000,304.55,0.0,304.55,275.0,19.92,9.63,,,,,1.0,1.0
1394,8162-G04-035-444588-260528,8162_G04,C_444588,8162,XD_8162_OH_CLEVELAND.YZER,FM,Customer,REG,Yzer LLC,YZER,2026-05-28 23:59:59,035,0.0,0.0,0.0,0.0,0.0,0.0,,,1.0,,1.0,1.0
1395,8163-G02-015-038361-260528,8163_G02,C_731867,8162,XD_8162_OH_CLEVELAND.YZER,FM,Customer,REG,Yzer LLC,YZER,2026-05-28 23:59:59,015,0.0,0.0,0.0,0.0,0.0,0.0,,,1.0,,1.0,0.0
1396,8162-G05-006-224266-260529,8162_G05,C_061312,8162,XD_8162_OH_CLEVELAND.YZER,FM,Customer,REG,Yzer LLC,YZER,2026-05-29 23:59:59,006,0.0,0.0,0.0,0.0,0.0,0.0,,,1.0,,1.0,0.0
1397,Z-3636862,8162_G05,,8162,XD_8162_OH_CLEVELAND.YZER,RC,Route Chrg,REG,Yzer LLC,YZER,2026-05-29 23:59:59,000,336.66,0.0,336.66,304.0,22.02,10.64,,,,,1.0,1.0
1398,8162-G06-035-134431-260527,8162_G06,C_134431,8162,XD_8162_OH_CLEVELAND.YZER,FM,Customer,REG,Yzer LLC,YZER,2026-05-27 23:59:59,035,0.0,0.0,0.0,0.0,0.0,0.0,,,1.0,,1.0,1.0
1399,8162-G04-030-523596-260527,8162_G04,C_551579,8162,XD_8162_OH_CLEVELAND.YZER,FM,Customer,REG,Yzer LLC,YZER,2026-05-27 23:59:59,030,0.0,0.0,0.0,0.0,0.0,0.0,,,1.0,,1.0,1.0
1400,8162-G05-030-610134-260526,8162_G05,C_610134,8162,XD_8162_OH_CLEVELAND.YZER,FM,Customer,REG,Yzer LLC,YZER,2026-05-26 23:59:59,030,0.0,0.0,0.0,0.0,0.0,0.0,,,1.0,,1.0,0.0
1401,8162-H04-025-349314-260529,8162_H04,C_349314,8162,XD_8162_OH_CLEVELAND.YZER,FM,Customer,REG,Yzer LLC,YZER,2026-05-29 23:59:59,025,0.0,0.0,0.0,0.0,0.0,0.0,,,1.0,,1.0,1.0
1402,8162-G01-020-890860-260528,8162_G01,C_890860,8162,XD_8162_OH_CLEVELAND.YZER,FM,Customer,REG,Yzer LLC,YZER,2026-05-28 23:59:59,020,0.0,0.0,0.0,0.0,0.0,0.0,,,1.0,,1.0,0.0
1403,8162-H02-027-376609-260511,8162_H02,C_376609,8162,XD_8162_OH_CLEVELAND.YZER,FM,Customer,REG,Yzer LLC,YZER,2026-05-11 23:59:59,027,0.0,0.0,0.0,0.0,0.0,0.0,,,1.0,,1.0,1.0
1404,8162-G04-030-523596-260507,8162_G04,C_551579,8162,XD_8162_OH_CLEVELAND.YZER,FM,Customer,REG,Yzer LLC,YZER,2026-05-07 23:59:59,030,0.0,0.0,0.0,0.0,0.0,0.0,,,1.0,,1.0,1.0
1405,8162-H04-015-970222-260508,8162_H04,C_970222,8162,XD_8162_OH_CLEVELAND.YZER,FM,Customer,REG,Yzer LLC,YZER,2026-05-08 23:59:59,015,0.0,0.0,0.0,0.0,0.0,0.0,,,1.0,,1.0,1.0
1406,8162-G07-025-955410-260508,8162_G07,C_955410,8162,XD_8162_OH_CLEVELAND.YZER,FM,Customer,REG,Yzer LLC,YZER,2026-05-08 23:59:59,025,0.0,0.0,0.0,0.0,0.0,0.0,,,1.0,,1.0,1.0
1407,8162-G09-046-415729-260513,8162_G09,C_415729,8162,XD_8162_OH_CLEVELAND.YZER,FM,Customer,REG,Yzer LLC,YZER,2026-05-13 23:59:59,046,0.0,0.0,0.0,0.0,0.0,0.0,,,1.0,,1.0,1.0
1408,8162-G02-040-017375-260508,8162_G02,C_017375,8162,XD_8162_OH_CLEVELAND.YZER,FM,Customer,REG,Yzer LLC,YZER,2026-05-08 23:59:59,040,0.0,0.0,0.0,0.0,0.0,0.0,,,1.0,,1.0,0.0
1409,8162-G01-005-209001-260508,8162_G01,C_436015,8162,XD_8162_OH_CLEVELAND.YZER,FM,Customer,REG,Yzer LLC,YZER,2026-05-08 23:59:59,005,0.0,0.0,0.0,0.0,0.0,0.0,,,1.0,,1.0,1.0
1410,8162-G04-010-833539-260511,8162_G04,C_833539,8162,XD_8162_OH_CLEVELAND.YZER,FM,Customer,REG,Yzer LLC,YZER,2026-05-11 23:59:59,010,0.0,0.0,0.0,0.0,0.0,0.0,,,1.0,,1.0,1.0
1411,8163-G01-005-718289-260508,8163_G01,C_436015,8162,XD_8162_OH_CLEVELAND.YZER,FM,Customer,REG,Yzer LLC,YZER,2026-05-08 23:59:59,005,0.0,0.0,0.0,0.0,0.0,0.0,,,1.0,,1.0,0.0
1412,8162-G03-030-724609-260514,8162_G03,C_724609,8162,XD_8162_OH_CLEVELAND.YZER,FM,Customer,REG,Yzer LLC,YZER,2026-05-14 23:59:59,030,0.0,0.0,0.0,0.0,0.0,0.0,,,1.0,,1.0,1.0
1413,8162-G09-028-093545-260511,8162_G09,C_093545,8162,XD_8162_OH_CLEVELAND.YZER,FM,Customer,REG,Yzer LLC,YZER,2026-05-11 23:59:59,028,0.0,0.0,0.0,0.0,0.0,0.0,,,1.0,,1.0,1.0
1414,8162-G04-010-833539-260508,8162_G04,C_833539,8162,XD_8162_OH_CLEVELAND.YZER,FM,Customer,REG,Yzer LLC,YZER,2026-05-08 23:59:59,010,0.0,0.0,0.0,0.0,0.0,0.0,,,1.0,,1.0,0.0
1415,8163-G06-010-151559-260511,8163_G06,C_151558,8162,XD_8162_OH_CLEVELAND.YZER,FM,Customer,REG,Yzer LLC,YZER,2026-05-11 23:59:59,010,0.0,0.0,0.0,0.0,0.0,0.0,,,1.0,,1.0,0.0
1416,8162-G03-015-864840-260515,8162_G03,C_864840,8162,XD_8162_OH_CLEVELAND.YZER,FM,Customer,REG,Yzer LLC,YZER,2026-05-15 23:59:59,015,0.0,0.0,0.0,0.0,0.0,0.0,,,1.0,,1.0,1.0
1417,8162-G09-001-289513-260515,8162_G09,C_289513,8162,XD_8162_OH_CLEVELAND.YZER,FM,Customer,REG,Yzer LLC,YZER,2026-05-15 23:59:59,001,0.0,0.0,0.0,0.0,0.0,0.0,,,1.0,,1.0,1.0
1418,Z-3600191,8162_G03,,8162,XD_8162_OH_CLEVELAND.YZER,RC,Route Chrg,REG,Yzer LLC,YZER,2026-05-15 23:59:59,000,376.07,0.0,376.07,338.0,26.24,11.83,,,,,1.0,1.0
1419,8162-G09-011-401833-260518,8162_G09,C_401833,8162,XD_8162_OH_CLEVELAND.YZER,FM,Customer,REG,Yzer LLC,YZER,2026-05-18 23:59:59,011,0.0,0.0,0.0,0.0,0.0,0.0,,,1.0,,1.0,1.0
1420,8162-G01-025-371496-260518,8162_G01,C_371496,8162,XD_8162_OH_CLEVELAND.YZER,FM,Customer,REG,Yzer LLC,YZER,2026-05-18 23:59:59,025,0.0,0.0,0.0,0.0,0.0,0.0,,,1.0,,1.0,1.0
1421,8162-H02-040-407917-260515,8162_H02,C_407917,8162,XD_8162_OH_CLEVELAND.YZER,FM,Customer,REG,Yzer LLC,YZER,2026-05-15 23:59:59,040,0.0,0.0,0.0,0.0,0.0,0.0,,,1.0,,1.0,1.0
1422,8162-H03-045-664113-260518,8162_H03,C_664113,8162,XD_8162_OH_CLEVELAND.YZER,FM,Customer,REG,Yzer LLC,YZER,2026-05-18 23:59:59,045,0.0,0.0,0.0,0.0,0.0,0.0,,,1.0,,1.0,1.0
1423,8162-G01-030-217734-260515,8162_G01,C_217734,8162,XD_8162_OH_CLEVELAND.YZER,FM,Customer,REG,Yzer LLC,YZER,2026-05-15 23:59:59,030,0.0,0.0,0.0,0.0,0.0,0.0,,,1.0,,1.0,1.0
1424,8163-G02-005-714075-260515,8163_G02,C_713914,8162,XD_8162_OH_CLEVELAND.YZER,FM,Customer,REG,Yzer LLC,YZER,2026-05-15 23:59:59,005,0.0,0.0,0.0,0.0,0.0,0.0,,,1.0,,1.0,0.0
1425,8162-G09-028-093545-260518,8162_G09,C_093545,8162,XD_8162_OH_CLEVELAND.YZER,FM,Customer,REG,Yzer LLC,YZER,2026-05-18 23:59:59,028,0.0,0.0,0.0,0.0,0.0,0.0,,,1.0,,1.0,0.0
1426,Z-3600177,8163_H03,,8162,XD_8162_OH_CLEVELAND.YZER,RC,Route Chrg,REG,Yzer LLC,YZER,2026-05-15 23:59:59,000,0.0,0.0,0.0,0.0,0.0,0.0,,,,,1.0,1.0
1427,8162-G01-005-050647-260515,8162_G01,C_436015,8162,XD_8162_OH_CLEVELAND.YZER,FM,Customer,REG,Yzer LLC,YZER,2026-05-15 23:59:59,005,0.0,0.0,0.0,0.0,0.0,0.0,,,1.0,,1.0,0.0
1428,8162-H01-015-444763-260518,8162_H01,C_444763,8162,XD_8162_OH_CLEVELAND.YZER,FM,Customer,REG,Yzer LLC,YZER,2026-05-18 23:59:59,015,0.0,0.0,0.0,0.0,0.0,0.0,,,1.0,,1.0,1.0
1429,8162-G03-037-426990-260518,8162_G03,C_521590,8162,XD_8162_OH_CLEVELAND.YZER,FM,Customer,REG,Yzer LLC,YZER,2026-05-18 23:59:59,037,0.0,0.0,0.0,0.0,0.0,0.0,,,1.0,,1.0,0.0
1430,8162-G03-030-724609-260515,8162_G03,C_724609,8162,XD_8162_OH_CLEVELAND.YZER,FM,Customer,REG,Yzer LLC,YZER,2026-05-15 23:59:59,030,0.0,0.0,0.0,0.0,0.0,0.0,,,1.0,,1.0,1.0
1431,Z-3600087,8162_H05,,8162,XD_8162_OH_CLEVELAND.YZER,RC,Route Chrg,REG,Yzer LLC,YZER,2026-05-15 23:59:59,000,298.64,0.0,298.64,252.0,37.82,8.82,,,,,1.0,1.0
1432,8162-H06-040-892876-260518,8162_H06,C_946980,8162,XD_8162_OH_CLEVELAND.YZER,FM,Customer,REG,Yzer LLC,YZER,2026-05-18 23:59:59,040,0.0,0.0,0.0,0.0,0.0,0.0,,,1.0,,1.0,1.0
1433,8162-G01-040-099634-260515,8162_G01,C_099634,8162,XD_8162_OH_CLEVELAND.YZER,FM,Customer,REG,Yzer LLC,YZER,2026-05-15 23:59:59,040,0.0,0.0,0.0,0.0,0.0,0.0,,,1.0,,1.0,1.0
1434,8162-H06-010-151574-260508,8162_H06,C_151568,8162,XD_8162_OH_CLEVELAND.YZER,FM,Customer,REG,Yzer LLC,YZER,2026-05-08 23:59:59,010,0.0,0.0,0.0,0.0,0.0,0.0,,,1.0,,1.0,0.0
1435,8162-G09-013-286750-260512,8162_G09,C_286750,8162,XD_8162_OH_CLEVELAND.YZER,FM,Customer,REG,Yzer LLC,YZER,2026-05-12 23:59:59,013,0.0,0.0,0.0,0.0,0.0,0.0,,,1.0,,1.0,1.0
1436,8162-H01-020-446373-260513,8162_H01,C_446373,8162,XD_8162_OH_CLEVELAND.YZER,FM,Customer,REG,Yzer LLC,YZER,2026-05-13 23:59:59,020,0.0,0.0,0.0,0.0,0.0,0.0,,,1.0,,1.0,1.0
1437,8163-G04-006-712383-260513,8163_G04,C_712383,8162,XD_8162_OH_CLEVELAND.YZER,FM,Customer,REG,Yzer LLC,YZER,2026-05-13 23:59:59,006,0.0,0.0,0.0,0.0,0.0,0.0,,,1.0,,1.0,0.0
1438,8162-H04-040-350918-260512,8162_H04,C_350918,8162,XD_8162_OH_CLEVELAND.YZER,FM,Customer,REG,Yzer LLC,YZER,2026-05-12 23:59:59,040,0.0,0.0,0.0,0.0,0.0,0.0,,,1.0,,1.0,1.0
1439,8162-H05-025-253079-260508,8162_H05,C_253079,8162,XD_8162_OH_CLEVELAND.YZER,FM,Customer,REG,Yzer LLC,YZER,2026-05-08 23:59:59,025,0.0,0.0,0.0,0.0,0.0,0.0,,,1.0,,1.0,1.0
1440,8162-G03-015-864840-260507,8162_G03,C_864840,8162,XD_8162_OH_CLEVELAND.YZER,FM,Customer,REG,Yzer LLC,YZER,2026-05-07 23:59:59,015,0.0,0.0,0.0,0.0,0.0,0.0,,,1.0,,1.0,1.0
1441,8163-G01-020-443013-260514,8163_G01,C_890860,8162,XD_8162_OH_CLEVELAND.YZER,FM,Customer,REG,Yzer LLC,YZER,2026-05-14 23:59:59,020,0.0,0.0,0.0,0.0,0.0,0.0,,,1.0,,1.0,0.0
1442,8162-G02-020-347303-260512,8162_G02,C_598488,8162,XD_8162_OH_CLEVELAND.YZER,FM,Customer,REG,Yzer LLC,YZER,2026-05-12 23:59:59,020,0.0,0.0,0.0,0.0,0.0,0.0,,,1.0,,1.0,1.0
1443,Z-3592693,8162_G02,,8162,XD_8162_OH_CLEVELAND.YZER,RC,Route Chrg,REG,Yzer LLC,YZER,2026-05-13 23:59:59,000,444.41,0.0,444.41,375.0,56.28,13.13,,,,,1.0,1.0
1444,8162-H04-020-274850-260512,8162_H04,C_274850,8162,XD_8162_OH_CLEVELAND.YZER,FM,Customer,REG,Yzer LLC,YZER,2026-05-12 23:59:59,020,0.0,0.0,0.0,0.0,0.0,0.0,,,1.0,,1.0,1.0
1445,8162-G03-005-723011-260506,8162_G03,C_810447,8162,XD_8162_OH_CLEVELAND.YZER,FM,Customer,REG,Yzer LLC,YZER,2026-05-06 23:59:59,005,0.0,0.0,0.0,0.0,0.0,0.0,,,1.0,,1.0,0.0
1446,8162-G06-025-289522-260511,8162_G06,C_289522,8162,XD_8162_OH_CLEVELAND.YZER,FM,Customer,REG,Yzer LLC,YZER,2026-05-11 23:59:59,025,0.0,0.0,0.0,0.0,0.0,0.0,,,1.0,,1.0,1.0
1447,8162-G02-020-598488-260519,8162_G02,C_598488,8162,XD_8162_OH_CLEVELAND.YZER,FM,Customer,REG,Yzer LLC,YZER,2026-05-19 23:59:59,020,0.0,0.0,0.0,0.0,0.0,0.0,,,1.0,,1.0,0.0
1448,8162-G03-005-070610-260519,8162_G03,C_810447,8162,XD_8162_OH_CLEVELAND.YZER,FM,Customer,REG,Yzer LLC,YZER,2026-05-19 23:59:59,005,0.0,0.0,0.0,0.0,0.0,0.0,,,1.0,,1.0,0.0
1449,8162-G03-035-777727-260519,8162_G03,C_777727,8162,XD_8162_OH_CLEVELAND.YZER,FM,Customer,REG,Yzer LLC,YZER,2026-05-19 23:59:59,035,0.0,0.0,0.0,0.0,0.0,0.0,,,1.0,,1.0,1.0
1450,8162-H06-010-151568-260512,8162_H06,C_151568,8162,XD_8162_OH_CLEVELAND.YZER,FM,Customer,REG,Yzer LLC,YZER,2026-05-12 23:59:59,010,0.0,0.0,0.0,0.0,0.0,0.0,,,1.0,,1.0,0.0
1451,Z-3567755,8163_H03,,8162,XD_8162_OH_CLEVELAND.YZER,RC,Route Chrg,REG,Yzer LLC,YZER,2026-05-05 23:59:59,000,0.0,0.0,0.0,0.0,0.0,0.0,,,,,1.0,1.0
1452,Z-3603647,8162_H05,,8162,XD_8162_OH_CLEVELAND.YZER,RC,Route Chrg,REG,Yzer LLC,YZER,2026-05-18 23:59:59,000,298.64,0.0,298.64,252.0,37.82,8.82,,,,,1.0,1.0
1453,Z-3603683,8162_G05,,8162,XD_8162_OH_CLEVELAND.YZER,RC,Route Chrg,REG,Yzer LLC,YZER,2026-05-18 23:59:59,000,338.24,0.0,338.24,304.0,23.6,10.64,,,,,1.0,1.0
1454,8162-G07-010-134526-260513,8162_G07,C_134526,8162,XD_8162_OH_CLEVELAND.YZER,FM,Customer,REG,Yzer LLC,YZER,2026-05-13 23:59:59,010,0.0,0.0,0.0,0.0,0.0,0.0,,,1.0,,1.0,1.0
1455,8162-G03-020-667610-260519,8162_G03,C_667610,8162,XD_8162_OH_CLEVELAND.YZER,FM,Customer,REG,Yzer LLC,YZER,2026-05-19 23:59:59,020,0.0,0.0,0.0,0.0,0.0,0.0,,,1.0,,1.0,0.0
1456,8162-H06-020-717269-260519,8162_H06,C_717269,8162,XD_8162_OH_CLEVELAND.YZER,FM,Customer,REG,Yzer LLC,YZER,2026-05-19 23:59:59,020,0.0,0.0,0.0,0.0,0.0,0.0,,,1.0,,1.0,0.0
1457,8162-G09-035-034804-260519,8162_G09,C_905119,8162,XD_8162_OH_CLEVELAND.YZER,FM,Customer,REG,Yzer LLC,YZER,2026-05-19 23:59:59,035,0.0,0.0,0.0,0.0,0.0,0.0,,,1.0,,1.0,0.0
1458,8162-H01-050-362140-260519,8162_H01,C_362140,8162,XD_8162_OH_CLEVELAND.YZER,FM,Customer,REG,Yzer LLC,YZER,2026-05-19 23:59:59,050,0.0,0.0,0.0,0.0,0.0,0.0,,,1.0,,1.0,1.0
1459,8162-G05-045-237260-260505,8162_G05,C_245718,8162,XD_8162_OH_CLEVELAND.YZER,FM,Customer,REG,Yzer LLC,YZER,2026-05-05 23:59:59,045,0.0,0.0,0.0,0.0,0.0,0.0,,,1.0,,1.0,1.0
1460,8163-H06-020-431206-260504,8163_H06,C_717269,8162,XD_8162_OH_CLEVELAND.YZER,FM,Customer,REG,Yzer LLC,YZER,2026-05-04 23:59:59,020,0.0,0.0,0.0,0.0,0.0,0.0,,,1.0,,1.0,0.0
1461,8162-H06-020-717269-260504,8162_H06,C_717269,8162,XD_8162_OH_CLEVELAND.YZER,FM,Customer,REG,Yzer LLC,YZER,2026-05-04 23:59:59,020,0.0,0.0,0.0,0.0,0.0,0.0,,,1.0,,1.0,1.0
1462,8162-G09-002-289531-260504,8162_G09,C_289527,8162,XD_8162_OH_CLEVELAND.YZER,FM,Customer,REG,Yzer LLC,YZER,2026-05-04 23:59:59,002,0.0,0.0,0.0,0.0,0.0,0.0,,,1.0,,1.0,1.0
1463,8162-G02-015-038361-260505,8162_G02,C_731867,8162,XD_8162_OH_CLEVELAND.YZER,FM,Customer,REG,Yzer LLC,YZER,2026-05-05 23:59:59,015,0.0,0.0,0.0,0.0,0.0,0.0,,,1.0,,1.0,0.0
1464,8162-G05-045-245718-260505,8162_G05,C_245718,8162,XD_8162_OH_CLEVELAND.YZER,FM,Customer,REG,Yzer LLC,YZER,2026-05-05 23:59:59,045,0.0,0.0,0.0,0.0,0.0,0.0,,,1.0,,1.0,0.0
1465,8162-G09-058-753911-260505,8162_G09,C_753911,8162,XD_8162_OH_CLEVELAND.YZER,FM,Customer,REG,Yzer LLC,YZER,2026-05-05 23:59:59,058,0.0,0.0,0.0,0.0,0.0,0.0,,,1.0,,1.0,1.0
1466,8162-H06-020-245725-260529,8162_H06,C_717269,8162,XD_8162_OH_CLEVELAND.YZER,FM,Customer,REG,Yzer LLC,YZER,2026-05-29 23:59:59,020,0.0,0.0,0.0,0.0,0.0,0.0,,,1.0,,1.0,1.0
1467,8162-H01-015-444602-260529,8162_H01,C_444763,8162,XD_8162_OH_CLEVELAND.YZER,FM,Customer,REG,Yzer LLC,YZER,2026-05-29 23:59:59,015,0.0,0.0,0.0,0.0,0.0,0.0,,,1.0,,1.0,0.0
1468,8162-H05-015-134985-260527,8162_H05,C_134985,8162,XD_8162_OH_CLEVELAND.YZER,FM,Customer,REG,Yzer LLC,YZER,2026-05-27 23:59:59,015,0.0,0.0,0.0,0.0,0.0,0.0,,,1.0,,1.0,1.0
1469,8162-G06-025-289532-260527,8162_G06,C_289522,8162,XD_8162_OH_CLEVELAND.YZER,FM,Customer,REG,Yzer LLC,YZER,2026-05-27 23:59:59,025,0.0,0.0,0.0,0.0,0.0,0.0,,,1.0,,1.0,0.0
1470,8162-G05-045-237260-260529,8162_G05,C_245718,8162,XD_8162_OH_CLEVELAND.YZER,FM,Customer,REG,Yzer LLC,YZER,2026-05-29 23:59:59,045,0.0,0.0,0.0,0.0,0.0,0.0,,,1.0,,1.0,0.0
1471,8162-H02-005-407839-260529,8162_H02,C_407839,8162,XD_8162_OH_CLEVELAND.YZER,FM,Customer,REG,Yzer LLC,YZER,2026-05-29 23:59:59,005,0.0,0.0,0.0,0.0,0.0,0.0,,,1.0,,1.0,1.0
1472,8162-H02-055-195053-260528,8162_H02,C_195053,8162,XD_8162_OH_CLEVELAND.YZER,FM,Customer,REG,Yzer LLC,YZER,2026-05-28 23:59:59,055,0.0,0.0,0.0,0.0,0.0,0.0,,,1.0,,1.0,1.0
1473,8162-G06-010-151558-260528,8162_G06,C_151558,8162,XD_8162_OH_CLEVELAND.YZER,FM,Customer,REG,Yzer LLC,YZER,2026-05-28 23:59:59,010,0.0,0.0,0.0,0.0,0.0,0.0,,,1.0,,1.0,1.0
1474,8162-H03-050-442084-260527,8162_H03,C_442084,8162,XD_8162_OH_CLEVELAND.YZER,FM,Customer,REG,Yzer LLC,YZER,2026-05-27 23:59:59,050,0.0,0.0,0.0,0.0,0.0,0.0,,,1.0,,1.0,1.0
1475,8162-H02-050-579755-260528,8162_H02,C_579755,8162,XD_8162_OH_CLEVELAND.YZER,FM,Customer,REG,Yzer LLC,YZER,2026-05-28 23:59:59,050,0.0,0.0,0.0,0.0,0.0,0.0,,,1.0,,1.0,1.0
1476,8162-G03-040-386380-260527,8162_G03,C_386380,8162,XD_8162_OH_CLEVELAND.YZER,FM,Customer,REG,Yzer LLC,YZER,2026-05-27 23:59:59,040,0.0,0.0,0.0,0.0,0.0,0.0,,,1.0,,1.0,1.0
1477,8162-G06-015-151562-260527,8162_G06,C_065363,8162,XD_8162_OH_CLEVELAND.YZER,FM,Customer,REG,Yzer LLC,YZER,2026-05-27 23:59:59,015,0.0,0.0,0.0,0.0,0.0,0.0,,,1.0,,1.0,0.0
1478,8163-G01-020-443013-260529,8163_G01,C_890860,8162,XD_8162_OH_CLEVELAND.YZER,FM,Customer,REG,Yzer LLC,YZER,2026-05-29 23:59:59,020,0.0,0.0,0.0,0.0,0.0,0.0,,,1.0,,1.0,0.0
1479,8162-G05-001-441221-260527,8162_G05,C_441221,8162,XD_8162_OH_CLEVELAND.YZER,FM,Customer,REG,Yzer LLC,YZER,2026-05-27 23:59:59,001,0.0,0.0,0.0,0.0,0.0,0.0,,,1.0,,1.0,1.0
1480,8162-GX4-008-106473-260529,8162_GX4,C_106473,8162,XD_8162_OH_CLEVELAND.YZER,FM,Customer,REG,Yzer LLC,YZER,2026-05-29 23:59:59,008,0.0,0.0,0.0,0.0,0.0,0.0,,,1.0,,1.0,0.0
1481,8162-H04-040-350918-260527,8162_H04,C_350918,8162,XD_8162_OH_CLEVELAND.YZER,FM,Customer,REG,Yzer LLC,YZER,2026-05-27 23:59:59,040,0.0,0.0,0.0,0.0,0.0,0.0,,,1.0,,1.0,1.0
1482,8162-G03-037-521590-260508,8162_G03,C_521590,8162,XD_8162_OH_CLEVELAND.YZER,FM,Customer,REG,Yzer LLC,YZER,2026-05-08 23:59:59,037,0.0,0.0,0.0,0.0,0.0,0.0,,,1.0,,1.0,1.0
1483,8163-G05-005-441221-260508,8163_G05,C_441221,8162,XD_8162_OH_CLEVELAND.YZER,FM,Customer,REG,Yzer LLC,YZER,2026-05-08 23:59:59,005,0.0,0.0,0.0,0.0,0.0,0.0,,,1.0,,1.0,0.0
1484,8162-H03-020-415745-260512,8162_H03,C_415745,8162,XD_8162_OH_CLEVELAND.YZER,FM,Customer,REG,Yzer LLC,YZER,2026-05-12 23:59:59,020,0.0,0.0,0.0,0.0,0.0,0.0,,,1.0,,1.0,1.0
1485,8162-G05-002-219681-260511,8162_G05,C_219681,8162,XD_8162_OH_CLEVELAND.YZER,FM,Customer,REG,Yzer LLC,YZER,2026-05-11 23:59:59,002,0.0,0.0,0.0,0.0,0.0,0.0,,,1.0,,1.0,0.0
1486,8162-H04-035-134185-260513,8162_H04,C_134185,8162,XD_8162_OH_CLEVELAND.YZER,FM,Customer,REG,Yzer LLC,YZER,2026-05-13 23:59:59,035,0.0,0.0,0.0,0.0,0.0,0.0,,,1.0,,1.0,1.0
1487,8162-H06-005-893003-260507,8162_H06,C_905176,8162,XD_8162_OH_CLEVELAND.YZER,FM,Customer,REG,Yzer LLC,YZER,2026-05-07 23:59:59,005,0.0,0.0,0.0,0.0,0.0,0.0,,,1.0,,1.0,1.0
1488,8162-H03-050-442084-260512,8162_H03,C_442084,8162,XD_8162_OH_CLEVELAND.YZER,FM,Customer,REG,Yzer LLC,YZER,2026-05-12 23:59:59,050,0.0,0.0,0.0,0.0,0.0,0.0,,,1.0,,1.0,1.0
1489,8163-G06-015-151562-260511,8163_G06,C_065363,8162,XD_8162_OH_CLEVELAND.YZER,FM,Customer,REG,Yzer LLC,YZER,2026-05-11 23:59:59,015,0.0,0.0,0.0,0.0,0.0,0.0,,,1.0,,1.0,0.0
1490,8162-G05-045-280562-260507,8162_G05,C_245718,8162,XD_8162_OH_CLEVELAND.YZER,FM,Customer,REG,Yzer LLC,YZER,2026-05-07 23:59:59,045,0.0,0.0,0.0,0.0,0.0,0.0,,,1.0,,1.0,1.0
1491,8162-H01-040-093494-260511,8162_H01,C_093505,8162,XD_8162_OH_CLEVELAND.YZER,FM,Customer,REG,Yzer LLC,YZER,2026-05-11 23:59:59,040,0.0,0.0,0.0,0.0,0.0,0.0,,,1.0,,1.0,1.0
1492,8162-H02-035-340423-260507,8162_H02,C_340423,8162,XD_8162_OH_CLEVELAND.YZER,FM,Customer,REG,Yzer LLC,YZER,2026-05-07 23:59:59,035,0.0,0.0,0.0,0.0,0.0,0.0,,,1.0,,1.0,1.0
1493,8163-GX0-004-960596-260506,8163_GX0,C_464241,8162,XD_8162_OH_CLEVELAND.YZER,FM,Customer,REG,Yzer LLC,YZER,2026-05-06 23:59:59,004,0.0,0.0,0.0,0.0,0.0,0.0,,,1.0,,1.0,0.0
1494,8162-H01-025-806927-260514,8162_H01,C_806927,8162,XD_8162_OH_CLEVELAND.YZER,FM,Customer,REG,Yzer LLC,YZER,2026-05-14 23:59:59,025,0.0,0.0,0.0,0.0,0.0,0.0,,,1.0,,1.0,1.0
1495,8162-G06-040-807750-260508,8162_G06,C_807750,8162,XD_8162_OH_CLEVELAND.YZER,FM,Customer,REG,Yzer LLC,YZER,2026-05-08 23:59:59,040,0.0,0.0,0.0,0.0,0.0,0.0,,,1.0,,1.0,1.0
1496,8162-G09-028-093539-260515,8162_G09,C_093545,8162,XD_8162_OH_CLEVELAND.YZER,FM,Customer,REG,Yzer LLC,YZER,2026-05-15 23:59:59,028,0.0,0.0,0.0,0.0,0.0,0.0,,,1.0,,1.0,0.0
1497,8162-G03-040-386380-260515,8162_G03,C_386380,8162,XD_8162_OH_CLEVELAND.YZER,FM,Customer,REG,Yzer LLC,YZER,2026-05-15 23:59:59,040,0.0,0.0,0.0,0.0,0.0,0.0,,,1.0,,1.0,1.0
1498,8162-H02-025-134412-260518,8162_H02,C_134412,8162,XD_8162_OH_CLEVELAND.YZER,FM,Customer,REG,Yzer LLC,YZER,2026-05-18 23:59:59,025,0.0,0.0,0.0,0.0,0.0,0.0,,,1.0,,1.0,1.0
1499,8162-H06-010-151578-260515,8162_H06,C_151568,8162,XD_8162_OH_CLEVELAND.YZER,FM,Customer,REG,Yzer LLC,YZER,2026-05-15 23:59:59,010,0.0,0.0,0.0,0.0,0.0,0.0,,,1.0,,1.0,1.0
1500,8162-G03-025-296317-260518,8162_G03,C_296317,8162,XD_8162_OH_CLEVELAND.YZER,FM,Customer,REG,Yzer LLC,YZER,2026-05-18 23:59:59,025,0.0,0.0,0.0,0.0,0.0,0.0,,,1.0,,1.0,0.0
1501,Z-3600074,8162_G02,,8162,XD_8162_OH_CLEVELAND.YZER,RC,Route Chrg,REG,Yzer LLC,YZER,2026-05-15 23:59:59,000,444.41,0.0,444.41,375.0,56.28,13.13,,,,,1.0,1.0
1502,8162-H01-030-756914-260515,8162_H01,C_756914,8162,XD_8162_OH_CLEVELAND.YZER,FM,Customer,REG,Yzer LLC,YZER,2026-05-15 23:59:59,030,0.0,0.0,0.0,0.0,0.0,0.0,,,1.0,,1.0,1.0
1503,8162-H02-040-407917-260518,8162_H02,C_407917,8162,XD_8162_OH_CLEVELAND.YZER,FM,Customer,REG,Yzer LLC,YZER,2026-05-18 23:59:59,040,0.0,0.0,0.0,0.0,0.0,0.0,,,1.0,,1.0,1.0
1504,8162-H02-055-195053-260518,8162_H02,C_195053,8162,XD_8162_OH_CLEVELAND.YZER,FM,Customer,REG,Yzer LLC,YZER,2026-05-18 23:59:59,055,0.0,0.0,0.0,0.0,0.0,0.0,,,1.0,,1.0,1.0
1505,8162-G05-030-610134-260518,8162_G05,C_610134,8162,XD_8162_OH_CLEVELAND.YZER,FM,Customer,REG,Yzer LLC,YZER,2026-05-18 23:59:59,030,0.0,0.0,0.0,0.0,0.0,0.0,,,1.0,,1.0,1.0
1506,8162-G01-035-390526-260518,8162_G01,C_390526,8162,XD_8162_OH_CLEVELAND.YZER,FM,Customer,REG,Yzer LLC,YZER,2026-05-18 23:59:59,035,0.0,0.0,0.0,0.0,0.0,0.0,,,1.0,,1.0,1.0
1507,8162-H03-020-415745-260518,8162_H03,C_415745,8162,XD_8162_OH_CLEVELAND.YZER,FM,Customer,REG,Yzer LLC,YZER,2026-05-18 23:59:59,020,0.0,0.0,0.0,0.0,0.0,0.0,,,1.0,,1.0,1.0
1508,Z-3559471,8162_G01,,8162,XD_8162_OH_CLEVELAND.YZER,RC,Route Chrg,REG,Yzer LLC,YZER,2026-05-01 23:59:59,000,248.76,0.0,248.76,230.0,10.71,8.05,,,,,1.0,1.0
1509,8162-H03-015-133964-260504,8162_H03,C_133964,8162,XD_8162_OH_CLEVELAND.YZER,FM,Customer,REG,Yzer LLC,YZER,2026-05-04 23:59:59,015,0.0,0.0,0.0,0.0,0.0,0.0,,,1.0,,1.0,1.0
1510,8162-G03-030-724609-260504,8162_G03,C_724609,8162,XD_8162_OH_CLEVELAND.YZER,FM,Customer,REG,Yzer LLC,YZER,2026-05-04 23:59:59,030,0.0,0.0,0.0,0.0,0.0,0.0,,,1.0,,1.0,1.0
1511,8162-H06-010-151578-260504,8162_H06,C_151568,8162,XD_8162_OH_CLEVELAND.YZER,FM,Customer,REG,Yzer LLC,YZER,2026-05-04 23:59:59,010,0.0,0.0,0.0,0.0,0.0,0.0,,,1.0,,1.0,0.0
1512,8163-G07-005-599132-260504,8163_G07,C_599132,8162,XD_8162_OH_CLEVELAND.YZER,FM,Customer,REG,Yzer LLC,YZER,2026-05-04 23:59:59,005,0.0,0.0,0.0,0.0,0.0,0.0,,,1.0,,1.0,0.0
1513,8162-G07-060-134966-260505,8162_G07,C_134966,8162,XD_8162_OH_CLEVELAND.YZER,FM,Customer,REG,Yzer LLC,YZER,2026-05-05 23:59:59,060,0.0,0.0,0.0,0.0,0.0,0.0,,,1.0,,1.0,1.0
1514,8162-H01-030-756914-260504,8162_H01,C_756914,8162,XD_8162_OH_CLEVELAND.YZER,FM,Customer,REG,Yzer LLC,YZER,2026-05-04 23:59:59,030,0.0,0.0,0.0,0.0,0.0,0.0,,,1.0,,1.0,1.0
1515,8162-H05-050-721852-260504,8162_H05,C_721852,8162,XD_8162_OH_CLEVELAND.YZER,FM,Customer,REG,Yzer LLC,YZER,2026-05-04 23:59:59,050,0.0,0.0,0.0,0.0,0.0,0.0,,,1.0,,1.0,1.0
1516,Z-3584188,8163_G04,,8162,XD_8162_OH_CLEVELAND.YZER,RC,Route Chrg,REG,Yzer LLC,YZER,2026-05-11 23:59:59,000,,0.0,,,0.0,,6.0,15.0,6.0,15.0,1.0,1.0
1517,8162-H06-005-893003-260504,8162_H06,C_905176,8162,XD_8162_OH_CLEVELAND.YZER,FM,Customer,REG,Yzer LLC,YZER,2026-05-04 23:59:59,005,0.0,0.0,0.0,0.0,0.0,0.0,,,1.0,,1.0,1.0
1518,Z-3587679,8163_G03,,8162,XD_8162_OH_CLEVELAND.YZER,RC,Route Chrg,REG,Yzer LLC,YZER,2026-05-12 23:59:59,000,,0.0,,,0.0,,8.0,27.0,8.0,27.0,1.0,1.0
1519,Z-3592735,8163_H06,,8162,XD_8162_OH_CLEVELAND.YZER,RC,Route Chrg,REG,Yzer LLC,YZER,2026-05-13 23:59:59,000,,0.0,,,0.0,,5.0,28.0,5.0,28.0,1.0,1.0
1520,Z-3597825,8162_HX2,,8162,XD_8162_OH_CLEVELAND.YZER,RC,Route Chrg,REG,Yzer LLC,YZER,2026-05-14 23:59:59,000,,0.0,,,0.0,,1.0,2.0,1.0,2.0,1.0,1.0
1521,Z-3608158,8162_HX2,,8162,XD_8162_OH_CLEVELAND.YZER,RC,Route Chrg,REG,Yzer LLC,YZER,2026-05-19 23:59:59,000,,0.0,,,0.0,,1.0,5.0,1.0,5.0,1.0,1.0
1522,Z-3624651,8163_G06,,8162,XD_8162_OH_CLEVELAND.YZER,RC,Route Chrg,REG,Yzer LLC,YZER,2026-05-26 23:59:59,000,0.0,0.0,0.0,0.0,0.0,0.0,,,,,1.0,1.0
1523,Z-3620720,8163_H05,,8162,XD_8162_OH_CLEVELAND.YZER,RC,Route Chrg,REG,Yzer LLC,YZER,2026-05-22 23:59:59,000,,0.0,,,0.0,,8.0,19.0,8.0,19.0,1.0,1.0
1524,Z-3627477,8163_H05,,8162,XD_8162_OH_CLEVELAND.YZER,RC,Route Chrg,REG,Yzer LLC,YZER,2026-05-27 23:59:59,000,0.0,0.0,0.0,0.0,0.0,0.0,,,,,1.0,1.0
1525,Z-3632314,8163_GX4,,8162,XD_8162_OH_CLEVELAND.YZER,RC,Route Chrg,REG,Yzer LLC,YZER,2026-05-28 23:59:59,000,0.0,0.0,0.0,0.0,0.0,0.0,,,,,1.0,1.0
1526,8162-G02-020-598488-260527,8162_G02,C_598488,8162,XD_8162_OH_CLEVELAND.YZER,FM,Customer,REG,Yzer LLC,YZER,2026-05-27 23:59:59,020,0.0,0.0,0.0,0.0,0.0,0.0,,,1.0,,1.0,0.0
1527,Z-3632017,8162_H02,,8162,XD_8162_OH_CLEVELAND.YZER,RC,Route Chrg,REG,Yzer LLC,YZER,2026-05-28 23:59:59,000,332.45,0.0,332.45,283.0,39.54,9.91,,,,,1.0,1.0
1528,8162-H03-020-415745-260528,8162_H03,C_415745,8162,XD_8162_OH_CLEVELAND.YZER,FM,Customer,REG,Yzer LLC,YZER,2026-05-28 23:59:59,020,0.0,0.0,0.0,0.0,0.0,0.0,,,1.0,,1.0,1.0
1529,8162-H06-005-893003-260529,8162_H06,C_905176,8162,XD_8162_OH_CLEVELAND.YZER,FM,Customer,REG,Yzer LLC,YZER,2026-05-29 23:59:59,005,0.0,0.0,0.0,0.0,0.0,0.0,,,1.0,,1.0,0.0
1530,8162-G02-040-017375-260529,8162_G02,C_017375,8162,XD_8162_OH_CLEVELAND.YZER,FM,Customer,REG,Yzer LLC,YZER,2026-05-29 23:59:59,040,0.0,0.0,0.0,0.0,0.0,0.0,,,1.0,,1.0,0.0
1531,8163-G06-026-289530-260526,8163_G06,C_289522,8162,XD_8162_OH_CLEVELAND.YZER,FM,Customer,REG,Yzer LLC,YZER,2026-05-26 23:59:59,026,0.0,0.0,0.0,0.0,0.0,0.0,,,1.0,,1.0,0.0
1532,Z-3632036,8162_G04,,8162,XD_8162_OH_CLEVELAND.YZER,RC,Route Chrg,REG,Yzer LLC,YZER,2026-05-28 23:59:59,000,274.65,0.0,274.65,248.0,17.97,8.68,,,,,1.0,1.0
1533,8162-H03-025-339419-260529,8162_H03,C_339419,8162,XD_8162_OH_CLEVELAND.YZER,FM,Customer,REG,Yzer LLC,YZER,2026-05-29 23:59:59,025,0.0,0.0,0.0,0.0,0.0,0.0,,,1.0,,1.0,1.0
1534,8162-G04-010-875777-260527,8162_G04,C_833539,8162,XD_8162_OH_CLEVELAND.YZER,FM,Customer,REG,Yzer LLC,YZER,2026-05-27 23:59:59,010,0.0,0.0,0.0,0.0,0.0,0.0,,,1.0,,1.0,0.0
1535,8162-G07-030-995737-260529,8162_G07,C_995737,8162,XD_8162_OH_CLEVELAND.YZER,FM,Customer,REG,Yzer LLC,YZER,2026-05-29 23:59:59,030,0.0,0.0,0.0,0.0,0.0,0.0,,,1.0,,1.0,1.0
1536,Z-3636812,8162_H02,,8162,XD_8162_OH_CLEVELAND.YZER,RC,Route Chrg,REG,Yzer LLC,YZER,2026-05-29 23:59:59,000,332.45,0.0,332.45,283.0,39.54,9.91,,,,,1.0,1.0
1537,8162-G06-020-133946-260529,8162_G06,C_133946,8162,XD_8162_OH_CLEVELAND.YZER,FM,Customer,REG,Yzer LLC,YZER,2026-05-29 23:59:59,020,0.0,0.0,0.0,0.0,0.0,0.0,,,1.0,,1.0,1.0
1538,8163-G02-005-754541-260526,8163_G02,C_713914,8162,XD_8162_OH_CLEVELAND.YZER,FM,Customer,REG,Yzer LLC,YZER,2026-05-26 23:59:59,005,0.0,0.0,0.0,0.0,0.0,0.0,,,1.0,,1.0,0.0
1539,8162-H02-040-407917-260529,8162_H02,C_407917,8162,XD_8162_OH_CLEVELAND.YZER,FM,Customer,REG,Yzer LLC,YZER,2026-05-29 23:59:59,040,0.0,0.0,0.0,0.0,0.0,0.0,,,1.0,,1.0,1.0
1540,8162-H06-040-892876-260527,8162_H06,C_946980,8162,XD_8162_OH_CLEVELAND.YZER,FM,Customer,REG,Yzer LLC,YZER,2026-05-27 23:59:59,040,0.0,0.0,0.0,0.0,0.0,0.0,,,1.0,,1.0,1.0
1541,8162-H02-055-195053-260527,8162_H02,C_195053,8162,XD_8162_OH_CLEVELAND.YZER,FM,Customer,REG,Yzer LLC,YZER,2026-05-27 23:59:59,055,0.0,0.0,0.0,0.0,0.0,0.0,,,1.0,,1.0,1.0
1542,Z-3632095,8162_G06,,8162,XD_8162_OH_CLEVELAND.YZER,RC,Route Chrg,REG,Yzer LLC,YZER,2026-05-28 23:59:59,000,382.08,0.0,382.08,345.0,25.0,12.08,,,,,1.0,1.0
1543,8162-G03-035-777727-260529,8162_G03,C_777727,8162,XD_8162_OH_CLEVELAND.YZER,FM,Customer,REG,Yzer LLC,YZER,2026-05-29 23:59:59,035,0.0,0.0,0.0,0.0,0.0,0.0,,,1.0,,1.0,1.0
1544,8162-G03-035-777727-260527,8162_G03,C_777727,8162,XD_8162_OH_CLEVELAND.YZER,FM,Customer,REG,Yzer LLC,YZER,2026-05-27 23:59:59,035,0.0,0.0,0.0,0.0,0.0,0.0,,,1.0,,1.0,1.0
1545,8162-G03-005-892996-260526,8162_G03,C_810447,8162,XD_8162_OH_CLEVELAND.YZER,FM,Customer,REG,Yzer LLC,YZER,2026-05-26 23:59:59,005,0.0,0.0,0.0,0.0,0.0,0.0,,,1.0,,1.0,0.0
1546,8162-H01-060-807917-260529,8162_H01,C_807917,8162,XD_8162_OH_CLEVELAND.YZER,FM,Customer,REG,Yzer LLC,YZER,2026-05-29 23:59:59,060,0.0,0.0,0.0,0.0,0.0,0.0,,,1.0,,1.0,1.0
1547,8163-G02-005-071322-260527,8163_G02,C_713914,8162,XD_8162_OH_CLEVELAND.YZER,FM,Customer,REG,Yzer LLC,YZER,2026-05-27 23:59:59,005,0.0,0.0,0.0,0.0,0.0,0.0,,,1.0,,1.0,0.0
1548,8162-H06-020-717269-260528,8162_H06,C_717269,8162,XD_8162_OH_CLEVELAND.YZER,FM,Customer,REG,Yzer LLC,YZER,2026-05-28 23:59:59,020,0.0,0.0,0.0,0.0,0.0,0.0,,,1.0,,1.0,0.0
1549,8163-G01-005-718289-260527,8163_G01,C_436015,8162,XD_8162_OH_CLEVELAND.YZER,FM,Customer,REG,Yzer LLC,YZER,2026-05-27 23:59:59,005,0.0,0.0,0.0,0.0,0.0,0.0,,,1.0,,1.0,0.0
1550,8163-G06-015-719738-260527,8163_G06,C_065363,8162,XD_8162_OH_CLEVELAND.YZER,FM,Customer,REG,Yzer LLC,YZER,2026-05-27 23:59:59,015,0.0,0.0,0.0,0.0,0.0,0.0,,,1.0,,1.0,0.0
1551,Z-3627767,8162_G05,,8162,XD_8162_OH_CLEVELAND.YZER,RC,Route Chrg,REG,Yzer LLC,YZER,2026-05-27 23:59:59,000,336.66,0.0,336.66,304.0,22.02,10.64,,,,,1.0,1.0
1552,8162-G03-015-864840-260529,8162_G03,C_864840,8162,XD_8162_OH_CLEVELAND.YZER,FM,Customer,REG,Yzer LLC,YZER,2026-05-29 23:59:59,015,0.0,0.0,0.0,0.0,0.0,0.0,,,1.0,,1.0,1.0
1553,8163-G02-005-713914-260527,8163_G02,C_713914,8162,XD_8162_OH_CLEVELAND.YZER,FM,Customer,REG,Yzer LLC,YZER,2026-05-27 23:59:59,005,0.0,0.0,0.0,0.0,0.0,0.0,,,1.0,,1.0,0.0
1554,Z-3627814,8162_G03,,8162,XD_8162_OH_CLEVELAND.YZER,RC,Route Chrg,REG,Yzer LLC,YZER,2026-05-27 23:59:59,000,374.32,0.0,374.32,338.0,24.49,11.83,,,,,1.0,1.0
1555,8162-G05-006-224266-260527,8162_G05,C_061312,8162,XD_8162_OH_CLEVELAND.YZER,FM,Customer,REG,Yzer LLC,YZER,2026-05-27 23:59:59,006,0.0,0.0,0.0,0.0,0.0,0.0,,,1.0,,1.0,1.0
1556,8162-G06-026-280570-260528,8162_G06,C_289522,8162,XD_8162_OH_CLEVELAND.YZER,FM,Customer,REG,Yzer LLC,YZER,2026-05-28 23:59:59,026,0.0,0.0,0.0,0.0,0.0,0.0,,,1.0,,1.0,0.0
1557,8162-G03-025-296317-260527,8162_G03,C_296317,8162,XD_8162_OH_CLEVELAND.YZER,FM,Customer,REG,Yzer LLC,YZER,2026-05-27 23:59:59,025,0.0,0.0,0.0,0.0,0.0,0.0,,,1.0,,1.0,1.0
1558,8162-G05-030-246296-260527,8162_G05,C_610134,8162,XD_8162_OH_CLEVELAND.YZER,FM,Customer,REG,Yzer LLC,YZER,2026-05-27 23:59:59,030,0.0,0.0,0.0,0.0,0.0,0.0,,,1.0,,1.0,0.0
1559,8162-H01-035-865326-260529,8162_H01,C_865326,8162,XD_8162_OH_CLEVELAND.YZER,FM,Customer,REG,Yzer LLC,YZER,2026-05-29 23:59:59,035,0.0,0.0,0.0,0.0,0.0,0.0,,,1.0,,1.0,1.0
1560,8162-H02-015-134622-260511,8162_H02,C_134622,8162,XD_8162_OH_CLEVELAND.YZER,FM,Customer,REG,Yzer LLC,YZER,2026-05-11 23:59:59,015,0.0,0.0,0.0,0.0,0.0,0.0,,,1.0,,1.0,1.0
1561,8162-G04-015-134184-260506,8162_G04,C_134184,8162,XD_8162_OH_CLEVELAND.YZER,FM,Customer,REG,Yzer LLC,YZER,2026-05-06 23:59:59,015,0.0,0.0,0.0,0.0,0.0,0.0,,,1.0,,1.0,1.0
1562,8162-H03-020-415745-260506,8162_H03,C_415745,8162,XD_8162_OH_CLEVELAND.YZER,FM,Customer,REG,Yzer LLC,YZER,2026-05-06 23:59:59,020,0.0,0.0,0.0,0.0,0.0,0.0,,,1.0,,1.0,1.0
1563,8162-G07-005-386053-260506,8162_G07,C_599132,8162,XD_8162_OH_CLEVELAND.YZER,FM,Customer,REG,Yzer LLC,YZER,2026-05-06 23:59:59,005,0.0,0.0,0.0,0.0,0.0,0.0,,,1.0,,1.0,0.0
1564,8162-G09-035-905119-260507,8162_G09,C_905119,8162,XD_8162_OH_CLEVELAND.YZER,FM,Customer,REG,Yzer LLC,YZER,2026-05-07 23:59:59,035,0.0,0.0,0.0,0.0,0.0,0.0,,,1.0,,1.0,0.0
1565,8162-G02-020-096443-260512,8162_G02,C_598488,8162,XD_8162_OH_CLEVELAND.YZER,FM,Customer,REG,Yzer LLC,YZER,2026-05-12 23:59:59,020,0.0,0.0,0.0,0.0,0.0,0.0,,,1.0,,1.0,0.0
1566,8162-G04-010-833539-260507,8162_G04,C_833539,8162,XD_8162_OH_CLEVELAND.YZER,FM,Customer,REG,Yzer LLC,YZER,2026-05-07 23:59:59,010,0.0,0.0,0.0,0.0,0.0,0.0,,,1.0,,1.0,0.0
1567,8162-G03-030-724609-260513,8162_G03,C_724609,8162,XD_8162_OH_CLEVELAND.YZER,FM,Customer,REG,Yzer LLC,YZER,2026-05-13 23:59:59,030,0.0,0.0,0.0,0.0,0.0,0.0,,,1.0,,1.0,1.0
1568,8162-G07-020-235209-260513,8162_G07,C_235209,8162,XD_8162_OH_CLEVELAND.YZER,FM,Customer,REG,Yzer LLC,YZER,2026-05-13 23:59:59,020,0.0,0.0,0.0,0.0,0.0,0.0,,,1.0,,1.0,1.0
1569,Z-3575515,8162_G05,,8162,XD_8162_OH_CLEVELAND.YZER,RC,Route Chrg,REG,Yzer LLC,YZER,2026-05-07 23:59:59,000,336.66,0.0,336.66,304.0,22.02,10.64,,,,,1.0,1.0
1570,8162-G03-025-296317-260512,8162_G03,C_296317,8162,XD_8162_OH_CLEVELAND.YZER,FM,Customer,REG,Yzer LLC,YZER,2026-05-12 23:59:59,025,0.0,0.0,0.0,0.0,0.0,0.0,,,1.0,,1.0,0.0
1571,8163-G05-006-034806-260514,8163_G05,C_061312,8162,XD_8162_OH_CLEVELAND.YZER,FM,Customer,REG,Yzer LLC,YZER,2026-05-14 23:59:59,006,0.0,0.0,0.0,0.0,0.0,0.0,,,1.0,,1.0,0.0
1572,8162-G02-020-598488-260518,8162_G02,C_598488,8162,XD_8162_OH_CLEVELAND.YZER,FM,Customer,REG,Yzer LLC,YZER,2026-05-18 23:59:59,020,0.0,0.0,0.0,0.0,0.0,0.0,,,1.0,,1.0,1.0
1573,8162-G06-026-289530-260515,8162_G06,C_289522,8162,XD_8162_OH_CLEVELAND.YZER,FM,Customer,REG,Yzer LLC,YZER,2026-05-15 23:59:59,026,0.0,0.0,0.0,0.0,0.0,0.0,,,1.0,,1.0,0.0
1574,8162-G07-045-144654-260518,8162_G07,C_144654,8162,XD_8162_OH_CLEVELAND.YZER,FM,Customer,REG,Yzer LLC,YZER,2026-05-18 23:59:59,045,0.0,0.0,0.0,0.0,0.0,0.0,,,1.0,,1.0,1.0
1575,8162-G05-030-610134-260515,8162_G05,C_610134,8162,XD_8162_OH_CLEVELAND.YZER,FM,Customer,REG,Yzer LLC,YZER,2026-05-15 23:59:59,030,0.0,0.0,0.0,0.0,0.0,0.0,,,1.0,,1.0,0.0
1576,8162-G09-028-093539-260518,8162_G09,C_093545,8162,XD_8162_OH_CLEVELAND.YZER,FM,Customer,REG,Yzer LLC,YZER,2026-05-18 23:59:59,028,0.0,0.0,0.0,0.0,0.0,0.0,,,1.0,,1.0,1.0
1577,8162-G09-002-289527-260518,8162_G09,C_289527,8162,XD_8162_OH_CLEVELAND.YZER,FM,Customer,REG,Yzer LLC,YZER,2026-05-18 23:59:59,002,0.0,0.0,0.0,0.0,0.0,0.0,,,1.0,,1.0,1.0
1578,Z-3600053,8162_H03,,8162,XD_8162_OH_CLEVELAND.YZER,RC,Route Chrg,REG,Yzer LLC,YZER,2026-05-15 23:59:59,000,301.53,0.0,301.53,271.0,21.04,9.49,,,,,1.0,1.0
1579,8162-G09-002-289527-260515,8162_G09,C_289527,8162,XD_8162_OH_CLEVELAND.YZER,FM,Customer,REG,Yzer LLC,YZER,2026-05-15 23:59:59,002,0.0,0.0,0.0,0.0,0.0,0.0,,,1.0,,1.0,0.0
1580,8162-G03-005-070610-260518,8162_G03,C_810447,8162,XD_8162_OH_CLEVELAND.YZER,FM,Customer,REG,Yzer LLC,YZER,2026-05-18 23:59:59,005,0.0,0.0,0.0,0.0,0.0,0.0,,,1.0,,1.0,0.0
1581,8162-G09-026-295594-260518,8162_G09,C_295594,8162,XD_8162_OH_CLEVELAND.YZER,FM,Customer,REG,Yzer LLC,YZER,2026-05-18 23:59:59,026,0.0,0.0,0.0,0.0,0.0,0.0,,,1.0,,1.0,1.0
1582,8162-G01-005-436015-260515,8162_G01,C_436015,8162,XD_8162_OH_CLEVELAND.YZER,FM,Customer,REG,Yzer LLC,YZER,2026-05-15 23:59:59,005,0.0,0.0,0.0,0.0,0.0,0.0,,,1.0,,1.0,1.0
1583,Z-3600158,8163_GX0,,8162,XD_8162_OH_CLEVELAND.YZER,RC,Route Chrg,REG,Yzer LLC,YZER,2026-05-15 23:59:59,000,0.0,0.0,0.0,0.0,0.0,0.0,,,,,1.0,1.0
1584,8162-H05-005-224273-260507,8162_H05,C_224273,8162,XD_8162_OH_CLEVELAND.YZER,FM,Customer,REG,Yzer LLC,YZER,2026-05-07 23:59:59,005,0.0,0.0,0.0,0.0,0.0,0.0,,,1.0,,1.0,0.0
1585,8162-G07-025-955410-260511,8162_G07,C_955410,8162,XD_8162_OH_CLEVELAND.YZER,FM,Customer,REG,Yzer LLC,YZER,2026-05-11 23:59:59,025,0.0,0.0,0.0,0.0,0.0,0.0,,,1.0,,1.0,1.0
1586,8162-G07-050-275462-260513,8162_G07,C_275462,8162,XD_8162_OH_CLEVELAND.YZER,FM,Customer,REG,Yzer LLC,YZER,2026-05-13 23:59:59,050,0.0,0.0,0.0,0.0,0.0,0.0,,,1.0,,1.0,1.0
1587,8163-G04-006-712383-260511,8163_G04,C_712383,8162,XD_8162_OH_CLEVELAND.YZER,FM,Customer,REG,Yzer LLC,YZER,2026-05-11 23:59:59,006,0.0,0.0,0.0,0.0,0.0,0.0,,,1.0,,1.0,0.0
1588,8162-H06-020-717269-260507,8162_H06,C_717269,8162,XD_8162_OH_CLEVELAND.YZER,FM,Customer,REG,Yzer LLC,YZER,2026-05-07 23:59:59,020,0.0,0.0,0.0,0.0,0.0,0.0,,,1.0,,1.0,0.0
1589,8163-H06-015-631172-260511,8163_H06,C_433600,8162,XD_8162_OH_CLEVELAND.YZER,FM,Customer,REG,Yzer LLC,YZER,2026-05-11 23:59:59,015,0.0,0.0,0.0,0.0,0.0,0.0,,,1.0,,1.0,0.0
1590,8162-H04-030-326949-260511,8162_H04,C_993260,8162,XD_8162_OH_CLEVELAND.YZER,FM,Customer,REG,Yzer LLC,YZER,2026-05-11 23:59:59,030,0.0,0.0,0.0,0.0,0.0,0.0,,,1.0,,1.0,1.0
1591,8162-H05-005-176725-260514,8162_H05,C_224273,8162,XD_8162_OH_CLEVELAND.YZER,FM,Customer,REG,Yzer LLC,YZER,2026-05-14 23:59:59,005,0.0,0.0,0.0,0.0,0.0,0.0,,,1.0,,1.0,0.0
1592,8163-G05-005-221190-260507,8163_G05,C_441221,8162,XD_8162_OH_CLEVELAND.YZER,FM,Customer,REG,Yzer LLC,YZER,2026-05-07 23:59:59,005,0.0,0.0,0.0,0.0,0.0,0.0,,,1.0,,1.0,0.0
1593,8162-G03-010-256130-260513,8162_G03,C_223285,8162,XD_8162_OH_CLEVELAND.YZER,FM,Customer,REG,Yzer LLC,YZER,2026-05-13 23:59:59,010,0.0,0.0,0.0,0.0,0.0,0.0,,,1.0,,1.0,1.0
1594,8162-G01-035-390526-260513,8162_G01,C_390526,8162,XD_8162_OH_CLEVELAND.YZER,FM,Customer,REG,Yzer LLC,YZER,2026-05-13 23:59:59,035,0.0,0.0,0.0,0.0,0.0,0.0,,,1.0,,1.0,1.0
1595,8162-H05-060-446021-260508,8162_H05,C_446021,8162,XD_8162_OH_CLEVELAND.YZER,FM,Customer,REG,Yzer LLC,YZER,2026-05-08 23:59:59,060,0.0,0.0,0.0,0.0,0.0,0.0,,,1.0,,1.0,1.0
1596,8162-H04-015-970222-260513,8162_H04,C_970222,8162,XD_8162_OH_CLEVELAND.YZER,FM,Customer,REG,Yzer LLC,YZER,2026-05-13 23:59:59,015,0.0,0.0,0.0,0.0,0.0,0.0,,,1.0,,1.0,1.0
1597,8162-H06-020-431045-260508,8162_H06,C_717269,8162,XD_8162_OH_CLEVELAND.YZER,FM,Customer,REG,Yzer LLC,YZER,2026-05-08 23:59:59,020,0.0,0.0,0.0,0.0,0.0,0.0,,,1.0,,1.0,0.0
1598,8162-G02-065-406255-260512,8162_G02,C_406255,8162,XD_8162_OH_CLEVELAND.YZER,FM,Customer,REG,Yzer LLC,YZER,2026-05-12 23:59:59,065,0.0,0.0,0.0,0.0,0.0,0.0,,,1.0,,1.0,1.0
1599,8162-G06-015-892865-260511,8162_G06,C_065363,8162,XD_8162_OH_CLEVELAND.YZER,FM,Customer,REG,Yzer LLC,YZER,2026-05-11 23:59:59,015,0.0,0.0,0.0,0.0,0.0,0.0,,,1.0,,1.0,1.0
1600,8162-G01-015-273236-260519,8162_G01,C_273236,8162,XD_8162_OH_CLEVELAND.YZER,FM,Customer,REG,Yzer LLC,YZER,2026-05-19 23:59:59,015,0.0,0.0,0.0,0.0,0.0,0.0,,,1.0,,1.0,1.0
1601,8163-G09-001-289513-260519,8163_G09,C_289513,8162,XD_8162_OH_CLEVELAND.YZER,FM,Customer,REG,Yzer LLC,YZER,2026-05-19 23:59:59,001,0.0,0.0,0.0,0.0,0.0,0.0,,,1.0,,1.0,0.0
1602,8162-G03-025-296317-260505,8162_G03,C_296317,8162,XD_8162_OH_CLEVELAND.YZER,FM,Customer,REG,Yzer LLC,YZER,2026-05-05 23:59:59,025,0.0,0.0,0.0,0.0,0.0,0.0,,,1.0,,1.0,0.0
1603,8162-H06-010-151568-260505,8162_H06,C_151568,8162,XD_8162_OH_CLEVELAND.YZER,FM,Customer,REG,Yzer LLC,YZER,2026-05-05 23:59:59,010,0.0,0.0,0.0,0.0,0.0,0.0,,,1.0,,1.0,1.0
1604,Z-3583704,8163_G02,,8162,XD_8162_OH_CLEVELAND.YZER,RC,Route Chrg,REG,Yzer LLC,YZER,2026-05-11 23:59:59,000,,0.0,,,0.0,,8.0,89.0,8.0,89.0,1.0,1.0
1605,8162-H06-040-892876-260504,8162_H06,C_946980,8162,XD_8162_OH_CLEVELAND.YZER,FM,Customer,REG,Yzer LLC,YZER,2026-05-04 23:59:59,040,0.0,0.0,0.0,0.0,0.0,0.0,,,1.0,,1.0,1.0
1606,Z-3596152,8163_HX2,,8162,XD_8162_OH_CLEVELAND.YZER,RC,Route Chrg,REG,Yzer LLC,YZER,2026-05-14 23:59:59,000,,0.0,,,0.0,,1.0,1.0,1.0,1.0,1.0,1.0
1607,8162-G04-010-833539-260505,8162_G04,C_833539,8162,XD_8162_OH_CLEVELAND.YZER,FM,Customer,REG,Yzer LLC,YZER,2026-05-05 23:59:59,010,0.0,0.0,0.0,0.0,0.0,0.0,,,1.0,,1.0,0.0
1608,Z-3613094,8163_H04,,8162,XD_8162_OH_CLEVELAND.YZER,RC,Route Chrg,REG,Yzer LLC,YZER,2026-05-20 23:59:59,000,,0.0,,,0.0,,7.0,14.0,7.0,14.0,1.0,1.0
1609,Z-3616187,8163_G05,,8162,XD_8162_OH_CLEVELAND.YZER,RC,Route Chrg,REG,Yzer LLC,YZER,2026-05-21 23:59:59,000,,0.0,,,0.0,,9.0,25.0,9.0,25.0,1.0,1.0
1610,Z-3613077,8163_G02,,8162,XD_8162_OH_CLEVELAND.YZER,RC,Route Chrg,REG,Yzer LLC,YZER,2026-05-20 23:59:59,000,,0.0,,,0.0,,5.0,97.0,5.0,97.0,1.0,1.0
1611,Z-3628421,8163_GX4,,8162,XD_8162_OH_CLEVELAND.YZER,RC,Route Chrg,REG,Yzer LLC,YZER,2026-05-27 23:59:59,000,0.0,0.0,0.0,0.0,0.0,0.0,,,,,1.0,1.0
1612,Z-3636774,8162_HX5,,8162,XD_8162_OH_CLEVELAND.YZER,RC,Route Chrg,REG,Yzer LLC,YZER,2026-05-29 23:59:59,000,0.0,0.0,0.0,0.0,0.0,0.0,,,,,1.0,1.0
1613,8162-H05-035-259008-260528,8162_H05,C_259008,8162,XD_8162_OH_CLEVELAND.YZER,FM,Customer,REG,Yzer LLC,YZER,2026-05-28 23:59:59,035,0.0,0.0,0.0,0.0,0.0,0.0,,,1.0,,1.0,1.0
1614,8162-G02-035-631816-260527,8162_G02,C_209162,8162,XD_8162_OH_CLEVELAND.YZER,FM,Customer,REG,Yzer LLC,YZER,2026-05-27 23:59:59,035,0.0,0.0,0.0,0.0,0.0,0.0,,,1.0,,1.0,1.0
1615,8162-H06-005-893003-260527,8162_H06,C_905176,8162,XD_8162_OH_CLEVELAND.YZER,FM,Customer,REG,Yzer LLC,YZER,2026-05-27 23:59:59,005,0.0,0.0,0.0,0.0,0.0,0.0,,,1.0,,1.0,0.0
1616,8162-G03-010-223285-260528,8162_G03,C_223285,8162,XD_8162_OH_CLEVELAND.YZER,FM,Customer,REG,Yzer LLC,YZER,2026-05-28 23:59:59,010,0.0,0.0,0.0,0.0,0.0,0.0,,,1.0,,1.0,0.0
1617,8162-H02-045-624058-260528,8162_H02,C_624058,8162,XD_8162_OH_CLEVELAND.YZER,FM,Customer,REG,Yzer LLC,YZER,2026-05-28 23:59:59,045,0.0,0.0,0.0,0.0,0.0,0.0,,,1.0,,1.0,1.0
1618,8162-G09-002-289527-260529,8162_G09,C_289527,8162,XD_8162_OH_CLEVELAND.YZER,FM,Customer,REG,Yzer LLC,YZER,2026-05-29 23:59:59,002,0.0,0.0,0.0,0.0,0.0,0.0,,,1.0,,1.0,1.0
1619,8162-G01-005-209001-260527,8162_G01,C_436015,8162,XD_8162_OH_CLEVELAND.YZER,FM,Customer,REG,Yzer LLC,YZER,2026-05-27 23:59:59,005,0.0,0.0,0.0,0.0,0.0,0.0,,,1.0,,1.0,0.0
1620,8162-G01-040-099634-260528,8162_G01,C_099634,8162,XD_8162_OH_CLEVELAND.YZER,FM,Customer,REG,Yzer LLC,YZER,2026-05-28 23:59:59,040,0.0,0.0,0.0,0.0,0.0,0.0,,,1.0,,1.0,1.0
1621,8162-G07-060-134966-260528,8162_G07,C_134966,8162,XD_8162_OH_CLEVELAND.YZER,FM,Customer,REG,Yzer LLC,YZER,2026-05-28 23:59:59,060,0.0,0.0,0.0,0.0,0.0,0.0,,,1.0,,1.0,1.0
1622,8162-G03-015-584757-260527,8162_G03,C_864840,8162,XD_8162_OH_CLEVELAND.YZER,FM,Customer,REG,Yzer LLC,YZER,2026-05-27 23:59:59,015,0.0,0.0,0.0,0.0,0.0,0.0,,,1.0,,1.0,1.0
1623,8162-G03-020-667610-260529,8162_G03,C_667610,8162,XD_8162_OH_CLEVELAND.YZER,FM,Customer,REG,Yzer LLC,YZER,2026-05-29 23:59:59,020,0.0,0.0,0.0,0.0,0.0,0.0,,,1.0,,1.0,0.0
1624,8162-G03-035-777727-260526,8162_G03,C_777727,8162,XD_8162_OH_CLEVELAND.YZER,FM,Customer,REG,Yzer LLC,YZER,2026-05-26 23:59:59,035,0.0,0.0,0.0,0.0,0.0,0.0,,,1.0,,1.0,1.0
1625,8162-H01-035-865326-260528,8162_H01,C_865326,8162,XD_8162_OH_CLEVELAND.YZER,FM,Customer,REG,Yzer LLC,YZER,2026-05-28 23:59:59,035,0.0,0.0,0.0,0.0,0.0,0.0,,,1.0,,1.0,1.0
1626,8162-H06-010-151578-260528,8162_H06,C_151568,8162,XD_8162_OH_CLEVELAND.YZER,FM,Customer,REG,Yzer LLC,YZER,2026-05-28 23:59:59,010,0.0,0.0,0.0,0.0,0.0,0.0,,,1.0,,1.0,0.0
1627,8162-H02-035-340423-260528,8162_H02,C_340423,8162,XD_8162_OH_CLEVELAND.YZER,FM,Customer,REG,Yzer LLC,YZER,2026-05-28 23:59:59,035,0.0,0.0,0.0,0.0,0.0,0.0,,,1.0,,1.0,1.0
1628,8162-G02-015-731867-260526,8162_G02,C_731867,8162,XD_8162_OH_CLEVELAND.YZER,FM,Customer,REG,Yzer LLC,YZER,2026-05-26 23:59:59,015,0.0,0.0,0.0,0.0,0.0,0.0,,,1.0,,1.0,0.0
1629,8162-H04-005-893019-260529,8162_H04,C_435532,8162,XD_8162_OH_CLEVELAND.YZER,FM,Customer,REG,Yzer LLC,YZER,2026-05-29 23:59:59,005,0.0,0.0,0.0,0.0,0.0,0.0,,,1.0,,1.0,0.0
1630,8162-G09-001-424353-260529,8162_G09,C_289513,8162,XD_8162_OH_CLEVELAND.YZER,FM,Customer,REG,Yzer LLC,YZER,2026-05-29 23:59:59,001,0.0,0.0,0.0,0.0,0.0,0.0,,,1.0,,1.0,0.0
1631,8162-H05-055-925913-260529,8162_H05,C_925913,8162,XD_8162_OH_CLEVELAND.YZER,FM,Customer,REG,Yzer LLC,YZER,2026-05-29 23:59:59,055,0.0,0.0,0.0,0.0,0.0,0.0,,,1.0,,1.0,1.0
1632,8162-G07-005-893022-260507,8162_G07,C_599132,8162,XD_8162_OH_CLEVELAND.YZER,FM,Customer,REG,Yzer LLC,YZER,2026-05-07 23:59:59,005,0.0,0.0,0.0,0.0,0.0,0.0,,,1.0,,1.0,0.0
1633,8162-G02-010-433278-260507,8162_G02,C_433278,8162,XD_8162_OH_CLEVELAND.YZER,FM,Customer,REG,Yzer LLC,YZER,2026-05-07 23:59:59,010,0.0,0.0,0.0,0.0,0.0,0.0,,,1.0,,1.0,1.0
1634,8162-H04-030-770700-260513,8162_H04,C_993260,8162,XD_8162_OH_CLEVELAND.YZER,FM,Customer,REG,Yzer LLC,YZER,2026-05-13 23:59:59,030,0.0,0.0,0.0,0.0,0.0,0.0,,,1.0,,1.0,0.0
1635,8162-G05-025-173268-260514,8162_G05,C_173268,8162,XD_8162_OH_CLEVELAND.YZER,FM,Customer,REG,Yzer LLC,YZER,2026-05-14 23:59:59,025,0.0,0.0,0.0,0.0,0.0,0.0,,,1.0,,1.0,1.0
1636,8162-H06-010-151570-260514,8162_H06,C_151568,8162,XD_8162_OH_CLEVELAND.YZER,FM,Customer,REG,Yzer LLC,YZER,2026-05-14 23:59:59,010,0.0,0.0,0.0,0.0,0.0,0.0,,,1.0,,1.0,0.0
1637,8162-G02-045-209162-260512,8162_G02,C_209162,8162,XD_8162_OH_CLEVELAND.YZER,FM,Customer,REG,Yzer LLC,YZER,2026-05-12 23:59:59,045,0.0,0.0,0.0,0.0,0.0,0.0,,,1.0,,1.0,0.0
1638,8163-G09-001-289513-260511,8163_G09,C_289513,8162,XD_8162_OH_CLEVELAND.YZER,FM,Customer,REG,Yzer LLC,YZER,2026-05-11 23:59:59,001,0.0,0.0,0.0,0.0,0.0,0.0,,,1.0,,1.0,0.0
1639,8162-G06-035-134431-260514,8162_G06,C_134431,8162,XD_8162_OH_CLEVELAND.YZER,FM,Customer,REG,Yzer LLC,YZER,2026-05-14 23:59:59,035,0.0,0.0,0.0,0.0,0.0,0.0,,,1.0,,1.0,1.0
1640,8162-H02-027-376609-260507,8162_H02,C_376609,8162,XD_8162_OH_CLEVELAND.YZER,FM,Customer,REG,Yzer LLC,YZER,2026-05-07 23:59:59,027,0.0,0.0,0.0,0.0,0.0,0.0,,,1.0,,1.0,1.0
1641,8162-H05-005-224273-260512,8162_H05,C_224273,8162,XD_8162_OH_CLEVELAND.YZER,FM,Customer,REG,Yzer LLC,YZER,2026-05-12 23:59:59,005,0.0,0.0,0.0,0.0,0.0,0.0,,,1.0,,1.0,1.0
1642,Z-3592686,8162_H06,,8162,XD_8162_OH_CLEVELAND.YZER,RC,Route Chrg,REG,Yzer LLC,YZER,2026-05-13 23:59:59,000,278.5,0.0,278.5,235.0,35.27,8.23,,,,,1.0,1.0
1643,8162-H02-055-195053-260514,8162_H02,C_195053,8162,XD_8162_OH_CLEVELAND.YZER,FM,Customer,REG,Yzer LLC,YZER,2026-05-14 23:59:59,055,0.0,0.0,0.0,0.0,0.0,0.0,,,1.0,,1.0,1.0
1644,8162-H03-050-442084-260508,8162_H03,C_442084,8162,XD_8162_OH_CLEVELAND.YZER,FM,Customer,REG,Yzer LLC,YZER,2026-05-08 23:59:59,050,0.0,0.0,0.0,0.0,0.0,0.0,,,1.0,,1.0,1.0
1645,8162-G06-040-807750-260518,8162_G06,C_807750,8162,XD_8162_OH_CLEVELAND.YZER,FM,Customer,REG,Yzer LLC,YZER,2026-05-18 23:59:59,040,0.0,0.0,0.0,0.0,0.0,0.0,,,1.0,,1.0,1.0
1646,8162-G01-020-890860-260518,8162_G01,C_890860,8162,XD_8162_OH_CLEVELAND.YZER,FM,Customer,REG,Yzer LLC,YZER,2026-05-18 23:59:59,020,0.0,0.0,0.0,0.0,0.0,0.0,,,1.0,,1.0,0.0
1647,8162-G03-010-256130-260518,8162_G03,C_223285,8162,XD_8162_OH_CLEVELAND.YZER,FM,Customer,REG,Yzer LLC,YZER,2026-05-18 23:59:59,010,0.0,0.0,0.0,0.0,0.0,0.0,,,1.0,,1.0,0.0
1648,8162-G03-030-724609-260518,8162_G03,C_724609,8162,XD_8162_OH_CLEVELAND.YZER,FM,Customer,REG,Yzer LLC,YZER,2026-05-18 23:59:59,030,0.0,0.0,0.0,0.0,0.0,0.0,,,1.0,,1.0,1.0
1649,8162-G09-046-415729-260515,8162_G09,C_415729,8162,XD_8162_OH_CLEVELAND.YZER,FM,Customer,REG,Yzer LLC,YZER,2026-05-15 23:59:59,046,0.0,0.0,0.0,0.0,0.0,0.0,,,1.0,,1.0,1.0
1650,8162-G07-020-235209-260518,8162_G07,C_235209,8162,XD_8162_OH_CLEVELAND.YZER,FM,Customer,REG,Yzer LLC,YZER,2026-05-18 23:59:59,020,0.0,0.0,0.0,0.0,0.0,0.0,,,1.0,,1.0,1.0
1651,Z-3600075,8162_GX0,,8162,XD_8162_OH_CLEVELAND.YZER,RC,Route Chrg,REG,Yzer LLC,YZER,2026-05-15 23:59:59,000,0.0,0.0,0.0,0.0,0.0,0.0,,,,,1.0,1.0
1652,8162-H03-025-339419-260515,8162_H03,C_339419,8162,XD_8162_OH_CLEVELAND.YZER,FM,Customer,REG,Yzer LLC,YZER,2026-05-15 23:59:59,025,0.0,0.0,0.0,0.0,0.0,0.0,,,1.0,,1.0,1.0
1653,8162-G01-030-217734-260518,8162_G01,C_217734,8162,XD_8162_OH_CLEVELAND.YZER,FM,Customer,REG,Yzer LLC,YZER,2026-05-18 23:59:59,030,0.0,0.0,0.0,0.0,0.0,0.0,,,1.0,,1.0,1.0
1654,8162-G05-007-208840-260518,8162_G05,C_208840,8162,XD_8162_OH_CLEVELAND.YZER,FM,Customer,REG,Yzer LLC,YZER,2026-05-18 23:59:59,007,0.0,0.0,0.0,0.0,0.0,0.0,,,1.0,,1.0,0.0
1655,8162-G09-002-280566-260515,8162_G09,C_289527,8162,XD_8162_OH_CLEVELAND.YZER,FM,Customer,REG,Yzer LLC,YZER,2026-05-15 23:59:59,002,0.0,0.0,0.0,0.0,0.0,0.0,,,1.0,,1.0,1.0
1656,8163-G02-005-754541-260518,8163_G02,C_713914,8162,XD_8162_OH_CLEVELAND.YZER,FM,Customer,REG,Yzer LLC,YZER,2026-05-18 23:59:59,005,0.0,0.0,0.0,0.0,0.0,0.0,,,1.0,,1.0,0.0
1657,8162-H06-010-151569-260518,8162_H06,C_151568,8162,XD_8162_OH_CLEVELAND.YZER,FM,Customer,REG,Yzer LLC,YZER,2026-05-18 23:59:59,010,0.0,0.0,0.0,0.0,0.0,0.0,,,1.0,,1.0,0.0
1658,8163-G04-006-712383-260515,8163_G04,C_712383,8162,XD_8162_OH_CLEVELAND.YZER,FM,Customer,REG,Yzer LLC,YZER,2026-05-15 23:59:59,006,0.0,0.0,0.0,0.0,0.0,0.0,,,1.0,,1.0,0.0
1659,8162-G09-001-424353-260511,8162_G09,C_289513,8162,XD_8162_OH_CLEVELAND.YZER,FM,Customer,REG,Yzer LLC,YZER,2026-05-11 23:59:59,001,0.0,0.0,0.0,0.0,0.0,0.0,,,1.0,,1.0,0.0
1660,8162-G07-020-235209-260508,8162_G07,C_235209,8162,XD_8162_OH_CLEVELAND.YZER,FM,Customer,REG,Yzer LLC,YZER,2026-05-08 23:59:59,020,0.0,0.0,0.0,0.0,0.0,0.0,,,1.0,,1.0,1.0
1661,8163-H06-015-631172-260513,8163_H06,C_433600,8162,XD_8162_OH_CLEVELAND.YZER,FM,Customer,REG,Yzer LLC,YZER,2026-05-13 23:59:59,015,0.0,0.0,0.0,0.0,0.0,0.0,,,1.0,,1.0,0.0
1662,8162-G07-005-589418-260507,8162_G07,C_599132,8162,XD_8162_OH_CLEVELAND.YZER,FM,Customer,REG,Yzer LLC,YZER,2026-05-07 23:59:59,005,0.0,0.0,0.0,0.0,0.0,0.0,,,1.0,,1.0,0.0
1663,8162-G03-030-724609-260507,8162_G03,C_724609,8162,XD_8162_OH_CLEVELAND.YZER,FM,Customer,REG,Yzer LLC,YZER,2026-05-07 23:59:59,030,0.0,0.0,0.0,0.0,0.0,0.0,,,1.0,,1.0,1.0
1664,8162-G07-005-599132-260508,8162_G07,C_599132,8162,XD_8162_OH_CLEVELAND.YZER,FM,Customer,REG,Yzer LLC,YZER,2026-05-08 23:59:59,005,0.0,0.0,0.0,0.0,0.0,0.0,,,1.0,,1.0,1.0
1665,8162-G07-005-034802-260514,8162_G07,C_599132,8162,XD_8162_OH_CLEVELAND.YZER,FM,Customer,REG,Yzer LLC,YZER,2026-05-14 23:59:59,005,0.0,0.0,0.0,0.0,0.0,0.0,,,1.0,,1.0,0.0
1666,8162-G07-005-589418-260511,8162_G07,C_599132,8162,XD_8162_OH_CLEVELAND.YZER,FM,Customer,REG,Yzer LLC,YZER,2026-05-11 23:59:59,005,0.0,0.0,0.0,0.0,0.0,0.0,,,1.0,,1.0,0.0
1667,8162-G02-020-598488-260514,8162_G02,C_598488,8162,XD_8162_OH_CLEVELAND.YZER,FM,Customer,REG,Yzer LLC,YZER,2026-05-14 23:59:59,020,0.0,0.0,0.0,0.0,0.0,0.0,,,1.0,,1.0,1.0
1668,8162-H05-015-134985-260513,8162_H05,C_134985,8162,XD_8162_OH_CLEVELAND.YZER,FM,Customer,REG,Yzer LLC,YZER,2026-05-13 23:59:59,015,0.0,0.0,0.0,0.0,0.0,0.0,,,1.0,,1.0,1.0
1669,8162-G07-020-235209-260514,8162_G07,C_235209,8162,XD_8162_OH_CLEVELAND.YZER,FM,Customer,REG,Yzer LLC,YZER,2026-05-14 23:59:59,020,0.0,0.0,0.0,0.0,0.0,0.0,,,1.0,,1.0,1.0
1670,8162-G07-045-144654-260511,8162_G07,C_144654,8162,XD_8162_OH_CLEVELAND.YZER,FM,Customer,REG,Yzer LLC,YZER,2026-05-11 23:59:59,045,0.0,0.0,0.0,0.0,0.0,0.0,,,1.0,,1.0,1.0
1671,8162-G01-025-371496-260506,8162_G01,C_371496,8162,XD_8162_OH_CLEVELAND.YZER,FM,Customer,REG,Yzer LLC,YZER,2026-05-06 23:59:59,025,0.0,0.0,0.0,0.0,0.0,0.0,,,1.0,,1.0,1.0
1672,8162-G05-006-224266-260513,8162_G05,C_061312,8162,XD_8162_OH_CLEVELAND.YZER,FM,Customer,REG,Yzer LLC,YZER,2026-05-13 23:59:59,006,0.0,0.0,0.0,0.0,0.0,0.0,,,1.0,,1.0,0.0
1673,8162-G09-001-289513-260512,8162_G09,C_289513,8162,XD_8162_OH_CLEVELAND.YZER,FM,Customer,REG,Yzer LLC,YZER,2026-05-12 23:59:59,001,0.0,0.0,0.0,0.0,0.0,0.0,,,1.0,,1.0,1.0
1674,8162-H04-040-350918-260513,8162_H04,C_350918,8162,XD_8162_OH_CLEVELAND.YZER,FM,Customer,REG,Yzer LLC,YZER,2026-05-13 23:59:59,040,0.0,0.0,0.0,0.0,0.0,0.0,,,1.0,,1.0,1.0
1675,8162-H02-025-134412-260519,8162_H02,C_134412,8162,XD_8162_OH_CLEVELAND.YZER,FM,Customer,REG,Yzer LLC,YZER,2026-05-19 23:59:59,025,0.0,0.0,0.0,0.0,0.0,0.0,,,1.0,,1.0,1.0
1676,8162-H04-040-350918-260505,8162_H04,C_350918,8162,XD_8162_OH_CLEVELAND.YZER,FM,Customer,REG,Yzer LLC,YZER,2026-05-05 23:59:59,040,0.0,0.0,0.0,0.0,0.0,0.0,,,1.0,,1.0,1.0
1677,8162-G01-020-890860-260505,8162_G01,C_890860,8162,XD_8162_OH_CLEVELAND.YZER,FM,Customer,REG,Yzer LLC,YZER,2026-05-05 23:59:59,020,0.0,0.0,0.0,0.0,0.0,0.0,,,1.0,,1.0,0.0
1678,Z-3559513,8163_GX0,,8162,XD_8162_OH_CLEVELAND.YZER,RC,Route Chrg,REG,Yzer LLC,YZER,2026-05-01 23:59:59,000,0.0,0.0,0.0,0.0,0.0,0.0,,,,,1.0,1.0
1679,8162-G07-005-599132-260504,8162_G07,C_599132,8162,XD_8162_OH_CLEVELAND.YZER,FM,Customer,REG,Yzer LLC,YZER,2026-05-04 23:59:59,005,0.0,0.0,0.0,0.0,0.0,0.0,,,1.0,,1.0,1.0
1680,8162-G03-020-667610-260504,8162_G03,C_667610,8162,XD_8162_OH_CLEVELAND.YZER,FM,Customer,REG,Yzer LLC,YZER,2026-05-04 23:59:59,020,0.0,0.0,0.0,0.0,0.0,0.0,,,1.0,,1.0,1.0
1681,8162-G01-020-443013-260505,8162_G01,C_890860,8162,XD_8162_OH_CLEVELAND.YZER,FM,Customer,REG,Yzer LLC,YZER,2026-05-05 23:59:59,020,0.0,0.0,0.0,0.0,0.0,0.0,,,1.0,,1.0,1.0
1682,Z-3587862,8163_G07,,8162,XD_8162_OH_CLEVELAND.YZER,RC,Route Chrg,REG,Yzer LLC,YZER,2026-05-12 23:59:59,000,,0.0,,,0.0,,6.0,28.0,6.0,28.0,1.0,1.0
1683,Z-3587898,8163_GX4,,8162,XD_8162_OH_CLEVELAND.YZER,RC,Route Chrg,REG,Yzer LLC,YZER,2026-05-12 23:59:59,000,,0.0,,,0.0,,1.0,3.0,1.0,3.0,1.0,1.0
1684,8162-H04-030-326949-260505,8162_H04,C_993260,8162,XD_8162_OH_CLEVELAND.YZER,FM,Customer,REG,Yzer LLC,YZER,2026-05-05 23:59:59,030,0.0,0.0,0.0,0.0,0.0,0.0,,,1.0,,1.0,1.0
1685,Z-3592896,8163_G01,,8162,XD_8162_OH_CLEVELAND.YZER,RC,Route Chrg,REG,Yzer LLC,YZER,2026-05-13 23:59:59,000,,0.0,,,0.0,,6.0,22.0,6.0,22.0,1.0,1.0
1686,Z-3600080,8162_HX5,,8162,XD_8162_OH_CLEVELAND.YZER,RC,Route Chrg,REG,Yzer LLC,YZER,2026-05-15 23:59:59,000,,0.0,,,0.0,,1.0,7.0,1.0,7.0,1.0,1.0
1687,Z-3599911,8162_HX2,,8162,XD_8162_OH_CLEVELAND.YZER,RC,Route Chrg,REG,Yzer LLC,YZER,2026-05-15 23:59:59,000,,0.0,,,0.0,,1.0,2.0,1.0,2.0,1.0,1.0
1688,Z-3620730,8163_H06,,8162,XD_8162_OH_CLEVELAND.YZER,RC,Route Chrg,REG,Yzer LLC,YZER,2026-05-22 23:59:59,000,,0.0,,,0.0,,4.0,25.0,4.0,25.0,1.0,1.0
1689,Z-3620722,8163_HX5,,8162,XD_8162_OH_CLEVELAND.YZER,RC,Route Chrg,REG,Yzer LLC,YZER,2026-05-22 23:59:59,000,,0.0,,,0.0,,1.0,2.0,1.0,2.0,1.0,1.0
1690,Z-3603553,8162_HX5,,8162,XD_8162_OH_CLEVELAND.YZER,RC,Route Chrg,REG,Yzer LLC,YZER,2026-05-18 23:59:59,000,,0.0,,,0.0,,1.0,6.0,1.0,6.0,1.0,1.0
1691,Z-3608337,8163_G07,,8162,XD_8162_OH_CLEVELAND.YZER,RC,Route Chrg,REG,Yzer LLC,YZER,2026-05-19 23:59:59,000,,0.0,,,0.0,,8.0,22.0,8.0,22.0,1.0,1.0
1692,Z-3616185,8163_G09,,8162,XD_8162_OH_CLEVELAND.YZER,RC,Route Chrg,REG,Yzer LLC,YZER,2026-05-21 23:59:59,000,,0.0,,,0.0,,9.0,24.0,9.0,24.0,1.0,1.0
1693,Z-3627892,8163_G05,,8162,XD_8162_OH_CLEVELAND.YZER,RC,Route Chrg,REG,Yzer LLC,YZER,2026-05-27 23:59:59,000,0.0,0.0,0.0,0.0,0.0,0.0,,,,,1.0,1.0
1694,8162-G02-020-598488-260505,8162_G02,C_598488,8162,XD_8162_OH_CLEVELAND.YZER,FM,Customer,REG,Yzer LLC,YZER,2026-05-05 23:59:59,020,0.0,0.0,0.0,0.0,0.0,0.0,,,1.0,,1.0,0.0
1695,Z-3632025,8163_H04,,8162,XD_8162_OH_CLEVELAND.YZER,RC,Route Chrg,REG,Yzer LLC,YZER,2026-05-28 23:59:59,000,0.0,0.0,0.0,0.0,0.0,0.0,,,,,1.0,1.0
1696,Z-3637103,8163_GX4,,8162,XD_8162_OH_CLEVELAND.YZER,RC,Route Chrg,REG,Yzer LLC,YZER,2026-05-29 23:59:59,000,0.0,0.0,0.0,0.0,0.0,0.0,,,,,1.0,1.0
1697,8162-G07-025-955410-260527,8162_G07,C_955410,8162,XD_8162_OH_CLEVELAND.YZER,FM,Customer,REG,Yzer LLC,YZER,2026-05-27 23:59:59,025,0.0,0.0,0.0,0.0,0.0,0.0,,,1.0,,1.0,1.0
1698,8162-G05-001-429087-260527,8162_G05,C_441221,8162,XD_8162_OH_CLEVELAND.YZER,FM,Customer,REG,Yzer LLC,YZER,2026-05-27 23:59:59,001,0.0,0.0,0.0,0.0,0.0,0.0,,,1.0,,1.0,0.0
1699,8162-G03-037-426990-260527,8162_G03,C_521590,8162,XD_8162_OH_CLEVELAND.YZER,FM,Customer,REG,Yzer LLC,YZER,2026-05-27 23:59:59,037,0.0,0.0,0.0,0.0,0.0,0.0,,,1.0,,1.0,0.0
1700,8162-G09-017-444117-260527,8162_G09,C_444117,8162,XD_8162_OH_CLEVELAND.YZER,FM,Customer,REG,Yzer LLC,YZER,2026-05-27 23:59:59,017,0.0,0.0,0.0,0.0,0.0,0.0,,,1.0,,1.0,1.0
1701,8163-G06-015-151562-260529,8163_G06,C_065363,8162,XD_8162_OH_CLEVELAND.YZER,FM,Customer,REG,Yzer LLC,YZER,2026-05-29 23:59:59,015,0.0,0.0,0.0,0.0,0.0,0.0,,,1.0,,1.0,0.0
1702,8162-H05-035-259008-260529,8162_H05,C_259008,8162,XD_8162_OH_CLEVELAND.YZER,FM,Customer,REG,Yzer LLC,YZER,2026-05-29 23:59:59,035,0.0,0.0,0.0,0.0,0.0,0.0,,,1.0,,1.0,1.0
1703,8162-H05-020-304538-260527,8162_H05,C_304538,8162,XD_8162_OH_CLEVELAND.YZER,FM,Customer,REG,Yzer LLC,YZER,2026-05-27 23:59:59,020,0.0,0.0,0.0,0.0,0.0,0.0,,,1.0,,1.0,1.0
1704,8163-G04-005-730632-260526,8163_G04,C_712383,8162,XD_8162_OH_CLEVELAND.YZER,FM,Customer,REG,Yzer LLC,YZER,2026-05-26 23:59:59,005,0.0,0.0,0.0,0.0,0.0,0.0,,,1.0,,1.0,0.0
1705,8162-G02-040-244530-260529,8162_G02,C_017375,8162,XD_8162_OH_CLEVELAND.YZER,FM,Customer,REG,Yzer LLC,YZER,2026-05-29 23:59:59,040,0.0,0.0,0.0,0.0,0.0,0.0,,,1.0,,1.0,1.0
1706,8162-G02-030-289502-260529,8162_G02,C_289502,8162,XD_8162_OH_CLEVELAND.YZER,FM,Customer,REG,Yzer LLC,YZER,2026-05-29 23:59:59,030,0.0,0.0,0.0,0.0,0.0,0.0,,,1.0,,1.0,1.0
1707,8163-GX0-004-464241-260529,8163_GX0,C_464241,8162,XD_8162_OH_CLEVELAND.YZER,FM,Customer,REG,Yzer LLC,YZER,2026-05-29 23:59:59,004,0.0,0.0,0.0,0.0,0.0,0.0,,,1.0,,1.0,0.0
1708,8162-H02-035-340423-260527,8162_H02,C_340423,8162,XD_8162_OH_CLEVELAND.YZER,FM,Customer,REG,Yzer LLC,YZER,2026-05-27 23:59:59,035,0.0,0.0,0.0,0.0,0.0,0.0,,,1.0,,1.0,1.0
1709,8163-G02-005-713914-260528,8163_G02,C_713914,8162,XD_8162_OH_CLEVELAND.YZER,FM,Customer,REG,Yzer LLC,YZER,2026-05-28 23:59:59,005,0.0,0.0,0.0,0.0,0.0,0.0,,,1.0,,1.0,0.0
1710,8162-G02-040-244530-260528,8162_G02,C_017375,8162,XD_8162_OH_CLEVELAND.YZER,FM,Customer,REG,Yzer LLC,YZER,2026-05-28 23:59:59,040,0.0,0.0,0.0,0.0,0.0,0.0,,,1.0,,1.0,0.0
1711,8162-G06-010-151558-260529,8162_G06,C_151558,8162,XD_8162_OH_CLEVELAND.YZER,FM,Customer,REG,Yzer LLC,YZER,2026-05-29 23:59:59,010,0.0,0.0,0.0,0.0,0.0,0.0,,,1.0,,1.0,1.0
1712,8162-HX5-010-992617-260528,8162_HX5,C_678442,8162,XD_8162_OH_CLEVELAND.YZER,FM,Customer,REG,Yzer LLC,YZER,2026-05-28 23:59:59,010,0.0,0.0,0.0,0.0,0.0,0.0,,,1.0,,1.0,0.0
1713,8162-H05-005-224273-260529,8162_H05,C_224273,8162,XD_8162_OH_CLEVELAND.YZER,FM,Customer,REG,Yzer LLC,YZER,2026-05-29 23:59:59,005,0.0,0.0,0.0,0.0,0.0,0.0,,,1.0,,1.0,0.0
1714,8162-H01-025-806927-260527,8162_H01,C_806927,8162,XD_8162_OH_CLEVELAND.YZER,FM,Customer,REG,Yzer LLC,YZER,2026-05-27 23:59:59,025,0.0,0.0,0.0,0.0,0.0,0.0,,,1.0,,1.0,1.0
1715,8162-G04-005-679719-260527,8162_G04,C_712383,8162,XD_8162_OH_CLEVELAND.YZER,FM,Customer,REG,Yzer LLC,YZER,2026-05-27 23:59:59,005,0.0,0.0,0.0,0.0,0.0,0.0,,,1.0,,1.0,1.0
1716,8162-G05-020-599776-260527,8162_G05,C_599776,8162,XD_8162_OH_CLEVELAND.YZER,FM,Customer,REG,Yzer LLC,YZER,2026-05-27 23:59:59,020,0.0,0.0,0.0,0.0,0.0,0.0,,,1.0,,1.0,1.0
1717,Z-3632033,8162_GX0,,8162,XD_8162_OH_CLEVELAND.YZER,RC,Route Chrg,REG,Yzer LLC,YZER,2026-05-28 23:59:59,000,0.0,0.0,0.0,0.0,0.0,0.0,,,,,1.0,1.0
1718,Z-3567593,8162_H01,,8162,XD_8162_OH_CLEVELAND.YZER,RC,Route Chrg,REG,Yzer LLC,YZER,2026-05-05 23:59:59,000,246.6,0.0,246.6,228.0,10.62,7.98,,,,,1.0,1.0
1719,8162-G09-002-289527-260506,8162_G09,C_289527,8162,XD_8162_OH_CLEVELAND.YZER,FM,Customer,REG,Yzer LLC,YZER,2026-05-06 23:59:59,002,0.0,0.0,0.0,0.0,0.0,0.0,,,1.0,,1.0,0.0
1720,8162-H06-010-151578-260513,8162_H06,C_151568,8162,XD_8162_OH_CLEVELAND.YZER,FM,Customer,REG,Yzer LLC,YZER,2026-05-13 23:59:59,010,0.0,0.0,0.0,0.0,0.0,0.0,,,1.0,,1.0,1.0
1721,8162-G09-058-753911-260512,8162_G09,C_753911,8162,XD_8162_OH_CLEVELAND.YZER,FM,Customer,REG,Yzer LLC,YZER,2026-05-12 23:59:59,058,0.0,0.0,0.0,0.0,0.0,0.0,,,1.0,,1.0,1.0
1722,Z-3592918,8163_GX0,,8162,XD_8162_OH_CLEVELAND.YZER,RC,Route Chrg,REG,Yzer LLC,YZER,2026-05-13 23:59:59,000,0.0,0.0,0.0,0.0,0.0,0.0,,,,,1.0,1.0
1723,8162-H04-010-146265-260514,8162_H04,C_146265,8162,XD_8162_OH_CLEVELAND.YZER,FM,Customer,REG,Yzer LLC,YZER,2026-05-14 23:59:59,010,0.0,0.0,0.0,0.0,0.0,0.0,,,1.0,,1.0,1.0
1724,8163-H06-020-431045-260507,8163_H06,C_717269,8162,XD_8162_OH_CLEVELAND.YZER,FM,Customer,REG,Yzer LLC,YZER,2026-05-07 23:59:59,020,0.0,0.0,0.0,0.0,0.0,0.0,,,1.0,,1.0,0.0
1725,8162-G04-010-875777-260507,8162_G04,C_833539,8162,XD_8162_OH_CLEVELAND.YZER,FM,Customer,REG,Yzer LLC,YZER,2026-05-07 23:59:59,010,0.0,0.0,0.0,0.0,0.0,0.0,,,1.0,,1.0,0.0
1726,8162-G03-037-521590-260511,8162_G03,C_521590,8162,XD_8162_OH_CLEVELAND.YZER,FM,Customer,REG,Yzer LLC,YZER,2026-05-11 23:59:59,037,0.0,0.0,0.0,0.0,0.0,0.0,,,1.0,,1.0,0.0
1727,8162-G06-015-151562-260511,8162_G06,C_065363,8162,XD_8162_OH_CLEVELAND.YZER,FM,Customer,REG,Yzer LLC,YZER,2026-05-11 23:59:59,015,0.0,0.0,0.0,0.0,0.0,0.0,,,1.0,,1.0,0.0
1728,8162-G06-025-289532-260514,8162_G06,C_289522,8162,XD_8162_OH_CLEVELAND.YZER,FM,Customer,REG,Yzer LLC,YZER,2026-05-14 23:59:59,025,0.0,0.0,0.0,0.0,0.0,0.0,,,1.0,,1.0,0.0
1729,8162-H05-020-304538-260513,8162_H05,C_304538,8162,XD_8162_OH_CLEVELAND.YZER,FM,Customer,REG,Yzer LLC,YZER,2026-05-13 23:59:59,020,0.0,0.0,0.0,0.0,0.0,0.0,,,1.0,,1.0,1.0
1730,8162-G06-035-134431-260507,8162_G06,C_134431,8162,XD_8162_OH_CLEVELAND.YZER,FM,Customer,REG,Yzer LLC,YZER,2026-05-07 23:59:59,035,0.0,0.0,0.0,0.0,0.0,0.0,,,1.0,,1.0,1.0
1731,8162-G03-005-723011-260514,8162_G03,C_810447,8162,XD_8162_OH_CLEVELAND.YZER,FM,Customer,REG,Yzer LLC,YZER,2026-05-14 23:59:59,005,0.0,0.0,0.0,0.0,0.0,0.0,,,1.0,,1.0,0.0
1732,8162-G03-005-070610-260515,8162_G03,C_810447,8162,XD_8162_OH_CLEVELAND.YZER,FM,Customer,REG,Yzer LLC,YZER,2026-05-15 23:59:59,005,0.0,0.0,0.0,0.0,0.0,0.0,,,1.0,,1.0,0.0
1733,8163-G03-005-070610-260515,8163_G03,C_810447,8162,XD_8162_OH_CLEVELAND.YZER,FM,Customer,REG,Yzer LLC,YZER,2026-05-15 23:59:59,005,0.0,0.0,0.0,0.0,0.0,0.0,,,1.0,,1.0,0.0
1734,8162-H06-015-631172-260518,8162_H06,C_433600,8162,XD_8162_OH_CLEVELAND.YZER,FM,Customer,REG,Yzer LLC,YZER,2026-05-18 23:59:59,015,0.0,0.0,0.0,0.0,0.0,0.0,,,1.0,,1.0,1.0
1735,8162-H04-025-349314-260515,8162_H04,C_349314,8162,XD_8162_OH_CLEVELAND.YZER,FM,Customer,REG,Yzer LLC,YZER,2026-05-15 23:59:59,025,0.0,0.0,0.0,0.0,0.0,0.0,,,1.0,,1.0,1.0
1736,8162-H02-020-134501-260518,8162_H02,C_134501,8162,XD_8162_OH_CLEVELAND.YZER,FM,Customer,REG,Yzer LLC,YZER,2026-05-18 23:59:59,020,0.0,0.0,0.0,0.0,0.0,0.0,,,1.0,,1.0,1.0
1737,8162-G05-045-245718-260518,8162_G05,C_245718,8162,XD_8162_OH_CLEVELAND.YZER,FM,Customer,REG,Yzer LLC,YZER,2026-05-18 23:59:59,045,0.0,0.0,0.0,0.0,0.0,0.0,,,1.0,,1.0,0.0
1738,8162-G07-060-134966-260515,8162_G07,C_134966,8162,XD_8162_OH_CLEVELAND.YZER,FM,Customer,REG,Yzer LLC,YZER,2026-05-15 23:59:59,060,0.0,0.0,0.0,0.0,0.0,0.0,,,1.0,,1.0,1.0
1739,8162-H06-010-151578-260518,8162_H06,C_151568,8162,XD_8162_OH_CLEVELAND.YZER,FM,Customer,REG,Yzer LLC,YZER,2026-05-18 23:59:59,010,0.0,0.0,0.0,0.0,0.0,0.0,,,1.0,,1.0,1.0
1740,8162-G04-030-523596-260515,8162_G04,C_551579,8162,XD_8162_OH_CLEVELAND.YZER,FM,Customer,REG,Yzer LLC,YZER,2026-05-15 23:59:59,030,0.0,0.0,0.0,0.0,0.0,0.0,,,1.0,,1.0,1.0
1741,8163-G04-005-679719-260518,8163_G04,C_712383,8162,XD_8162_OH_CLEVELAND.YZER,FM,Customer,REG,Yzer LLC,YZER,2026-05-18 23:59:59,005,0.0,0.0,0.0,0.0,0.0,0.0,,,1.0,,1.0,0.0
1742,8162-H06-015-285193-260518,8162_H06,C_433600,8162,XD_8162_OH_CLEVELAND.YZER,FM,Customer,REG,Yzer LLC,YZER,2026-05-18 23:59:59,015,0.0,0.0,0.0,0.0,0.0,0.0,,,1.0,,1.0,0.0
1743,8162-H06-010-151568-260518,8162_H06,C_151568,8162,XD_8162_OH_CLEVELAND.YZER,FM,Customer,REG,Yzer LLC,YZER,2026-05-18 23:59:59,010,0.0,0.0,0.0,0.0,0.0,0.0,,,1.0,,1.0,0.0
1744,8162-G09-035-905119-260515,8162_G09,C_905119,8162,XD_8162_OH_CLEVELAND.YZER,FM,Customer,REG,Yzer LLC,YZER,2026-05-15 23:59:59,035,0.0,0.0,0.0,0.0,0.0,0.0,,,1.0,,1.0,1.0
1745,8163-G01-005-718289-260515,8163_G01,C_436015,8162,XD_8162_OH_CLEVELAND.YZER,FM,Customer,REG,Yzer LLC,YZER,2026-05-15 23:59:59,005,0.0,0.0,0.0,0.0,0.0,0.0,,,1.0,,1.0,0.0
1746,8162-G02-015-731867-260515,8162_G02,C_731867,8162,XD_8162_OH_CLEVELAND.YZER,FM,Customer,REG,Yzer LLC,YZER,2026-05-15 23:59:59,015,0.0,0.0,0.0,0.0,0.0,0.0,,,1.0,,1.0,0.0
1747,8162-G09-058-753911-260518,8162_G09,C_753911,8162,XD_8162_OH_CLEVELAND.YZER,FM,Customer,REG,Yzer LLC,YZER,2026-05-18 23:59:59,058,0.0,0.0,0.0,0.0,0.0,0.0,,,1.0,,1.0,1.0
1748,8162-G03-005-070610-260507,8162_G03,C_810447,8162,XD_8162_OH_CLEVELAND.YZER,FM,Customer,REG,Yzer LLC,YZER,2026-05-07 23:59:59,005,0.0,0.0,0.0,0.0,0.0,0.0,,,1.0,,1.0,1.0
1749,8162-G02-035-631816-260507,8162_G02,C_209162,8162,XD_8162_OH_CLEVELAND.YZER,FM,Customer,REG,Yzer LLC,YZER,2026-05-07 23:59:59,035,0.0,0.0,0.0,0.0,0.0,0.0,,,1.0,,1.0,1.0
1750,8162-H02-035-340423-260512,8162_H02,C_340423,8162,XD_8162_OH_CLEVELAND.YZER,FM,Customer,REG,Yzer LLC,YZER,2026-05-12 23:59:59,035,0.0,0.0,0.0,0.0,0.0,0.0,,,1.0,,1.0,1.0
1751,8162-H06-005-905176-260513,8162_H06,C_905176,8162,XD_8162_OH_CLEVELAND.YZER,FM,Customer,REG,Yzer LLC,YZER,2026-05-13 23:59:59,005,0.0,0.0,0.0,0.0,0.0,0.0,,,1.0,,1.0,0.0
1752,8162-G03-010-256130-260511,8162_G03,C_223285,8162,XD_8162_OH_CLEVELAND.YZER,FM,Customer,REG,Yzer LLC,YZER,2026-05-11 23:59:59,010,0.0,0.0,0.0,0.0,0.0,0.0,,,1.0,,1.0,0.0
1753,8162-G01-040-099634-260506,8162_G01,C_099634,8162,XD_8162_OH_CLEVELAND.YZER,FM,Customer,REG,Yzer LLC,YZER,2026-05-06 23:59:59,040,0.0,0.0,0.0,0.0,0.0,0.0,,,1.0,,1.0,1.0
1754,8162-G06-015-151562-260513,8162_G06,C_065363,8162,XD_8162_OH_CLEVELAND.YZER,FM,Customer,REG,Yzer LLC,YZER,2026-05-13 23:59:59,015,0.0,0.0,0.0,0.0,0.0,0.0,,,1.0,,1.0,0.0
1755,8162-G03-005-723011-260511,8162_G03,C_810447,8162,XD_8162_OH_CLEVELAND.YZER,FM,Customer,REG,Yzer LLC,YZER,2026-05-11 23:59:59,005,0.0,0.0,0.0,0.0,0.0,0.0,,,1.0,,1.0,0.0
1756,8162-G07-005-893022-260508,8162_G07,C_599132,8162,XD_8162_OH_CLEVELAND.YZER,FM,Customer,REG,Yzer LLC,YZER,2026-05-08 23:59:59,005,0.0,0.0,0.0,0.0,0.0,0.0,,,1.0,,1.0,0.0
1757,8162-G04-005-679719-260512,8162_G04,C_712383,8162,XD_8162_OH_CLEVELAND.YZER,FM,Customer,REG,Yzer LLC,YZER,2026-05-12 23:59:59,005,0.0,0.0,0.0,0.0,0.0,0.0,,,1.0,,1.0,1.0
1758,8162-G03-010-223285-260508,8162_G03,C_223285,8162,XD_8162_OH_CLEVELAND.YZER,FM,Customer,REG,Yzer LLC,YZER,2026-05-08 23:59:59,010,0.0,0.0,0.0,0.0,0.0,0.0,,,1.0,,1.0,1.0
1759,8162-H06-040-892876-260513,8162_H06,C_946980,8162,XD_8162_OH_CLEVELAND.YZER,FM,Customer,REG,Yzer LLC,YZER,2026-05-13 23:59:59,040,0.0,0.0,0.0,0.0,0.0,0.0,,,1.0,,1.0,1.0
1760,8162-H05-005-176725-260504,8162_H05,C_224273,8162,XD_8162_OH_CLEVELAND.YZER,FM,Customer,REG,Yzer LLC,YZER,2026-05-04 23:59:59,005,0.0,0.0,0.0,0.0,0.0,0.0,,,1.0,,1.0,1.0
1761,8162-G03-005-892996-260505,8162_G03,C_810447,8162,XD_8162_OH_CLEVELAND.YZER,FM,Customer,REG,Yzer LLC,YZER,2026-05-05 23:59:59,005,0.0,0.0,0.0,0.0,0.0,0.0,,,1.0,,1.0,1.0
1762,8162-G07-020-235209-260504,8162_G07,C_235209,8162,XD_8162_OH_CLEVELAND.YZER,FM,Customer,REG,Yzer LLC,YZER,2026-05-04 23:59:59,020,0.0,0.0,0.0,0.0,0.0,0.0,,,1.0,,1.0,1.0
1763,8162-G09-002-289531-260505,8162_G09,C_289527,8162,XD_8162_OH_CLEVELAND.YZER,FM,Customer,REG,Yzer LLC,YZER,2026-05-05 23:59:59,002,0.0,0.0,0.0,0.0,0.0,0.0,,,1.0,,1.0,1.0
1764,8162-G03-025-296317-260504,8162_G03,C_296317,8162,XD_8162_OH_CLEVELAND.YZER,FM,Customer,REG,Yzer LLC,YZER,2026-05-04 23:59:59,025,0.0,0.0,0.0,0.0,0.0,0.0,,,1.0,,1.0,1.0
1765,8162-G03-015-864840-260505,8162_G03,C_864840,8162,XD_8162_OH_CLEVELAND.YZER,FM,Customer,REG,Yzer LLC,YZER,2026-05-05 23:59:59,015,0.0,0.0,0.0,0.0,0.0,0.0,,,1.0,,1.0,0.0
1766,8162-H05-025-253079-260505,8162_H05,C_253079,8162,XD_8162_OH_CLEVELAND.YZER,FM,Customer,REG,Yzer LLC,YZER,2026-05-05 23:59:59,025,0.0,0.0,0.0,0.0,0.0,0.0,,,1.0,,1.0,1.0
1767,Z-3592914,8163_G04,,8162,XD_8162_OH_CLEVELAND.YZER,RC,Route Chrg,REG,Yzer LLC,YZER,2026-05-13 23:59:59,000,,0.0,,,0.0,,6.0,15.0,6.0,15.0,1.0,1.0
1768,Z-3616184,8163_G01,,8162,XD_8162_OH_CLEVELAND.YZER,RC,Route Chrg,REG,Yzer LLC,YZER,2026-05-21 23:59:59,000,,0.0,,,0.0,,4.0,19.0,4.0,19.0,1.0,1.0
1769,Z-3603778,8163_H04,,8162,XD_8162_OH_CLEVELAND.YZER,RC,Route Chrg,REG,Yzer LLC,YZER,2026-05-18 23:59:59,000,,0.0,,,0.0,,7.0,24.0,7.0,24.0,1.0,1.0
1770,Z-3603776,8163_G04,,8162,XD_8162_OH_CLEVELAND.YZER,RC,Route Chrg,REG,Yzer LLC,YZER,2026-05-18 23:59:59,000,,0.0,,,0.0,,6.0,24.0,6.0,24.0,1.0,1.0
1771,Z-3613243,8163_G03,,8162,XD_8162_OH_CLEVELAND.YZER,RC,Route Chrg,REG,Yzer LLC,YZER,2026-05-20 23:59:59,000,,0.0,,,0.0,,8.0,16.0,8.0,16.0,1.0,1.0
1772,Z-3627481,8163_H01,,8162,XD_8162_OH_CLEVELAND.YZER,RC,Route Chrg,REG,Yzer LLC,YZER,2026-05-27 23:59:59,000,0.0,0.0,0.0,0.0,0.0,0.0,,,,,1.0,1.0
1773,8162-G03-005-892996-260504,8162_G03,C_810447,8162,XD_8162_OH_CLEVELAND.YZER,FM,Customer,REG,Yzer LLC,YZER,2026-05-04 23:59:59,005,0.0,0.0,0.0,0.0,0.0,0.0,,,1.0,,1.0,0.0
1774,Z-3632023,8163_H05,,8162,XD_8162_OH_CLEVELAND.YZER,RC,Route Chrg,REG,Yzer LLC,YZER,2026-05-28 23:59:59,000,0.0,0.0,0.0,0.0,0.0,0.0,,,,,1.0,1.0
1775,Z-3636800,8163_G05,,8162,XD_8162_OH_CLEVELAND.YZER,RC,Route Chrg,REG,Yzer LLC,YZER,2026-05-29 23:59:59,000,0.0,0.0,0.0,0.0,0.0,0.0,,,,,1.0,1.0
1776,8162-H02-055-195053-260505,8162_H02,C_195053,8162,XD_8162_OH_CLEVELAND.YZER,FM,Customer,REG,Yzer LLC,YZER,2026-05-05 23:59:59,055,0.0,0.0,0.0,0.0,0.0,0.0,,,1.0,,1.0,1.0
1777,8162-G09-013-286750-260527,8162_G09,C_286750,8162,XD_8162_OH_CLEVELAND.YZER,FM,Customer,REG,Yzer LLC,YZER,2026-05-27 23:59:59,013,0.0,0.0,0.0,0.0,0.0,0.0,,,1.0,,1.0,1.0
1778,8162-G05-030-246296-260529,8162_G05,C_610134,8162,XD_8162_OH_CLEVELAND.YZER,FM,Customer,REG,Yzer LLC,YZER,2026-05-29 23:59:59,030,0.0,0.0,0.0,0.0,0.0,0.0,,,1.0,,1.0,1.0
1779,8162-G03-037-521590-260526,8162_G03,C_521590,8162,XD_8162_OH_CLEVELAND.YZER,FM,Customer,REG,Yzer LLC,YZER,2026-05-26 23:59:59,037,0.0,0.0,0.0,0.0,0.0,0.0,,,1.0,,1.0,1.0
1780,8162-H01-015-444763-260528,8162_H01,C_444763,8162,XD_8162_OH_CLEVELAND.YZER,FM,Customer,REG,Yzer LLC,YZER,2026-05-28 23:59:59,015,0.0,0.0,0.0,0.0,0.0,0.0,,,1.0,,1.0,1.0
1781,8162-H06-005-905176-260529,8162_H06,C_905176,8162,XD_8162_OH_CLEVELAND.YZER,FM,Customer,REG,Yzer LLC,YZER,2026-05-29 23:59:59,005,0.0,0.0,0.0,0.0,0.0,0.0,,,1.0,,1.0,1.0
1782,8162-H05-050-721852-260527,8162_H05,C_721852,8162,XD_8162_OH_CLEVELAND.YZER,FM,Customer,REG,Yzer LLC,YZER,2026-05-27 23:59:59,050,0.0,0.0,0.0,0.0,0.0,0.0,,,1.0,,1.0,1.0
1783,8163-G05-005-221190-260529,8163_G05,C_441221,8162,XD_8162_OH_CLEVELAND.YZER,FM,Customer,REG,Yzer LLC,YZER,2026-05-29 23:59:59,005,0.0,0.0,0.0,0.0,0.0,0.0,,,1.0,,1.0,0.0
1784,8162-G03-005-892996-260528,8162_G03,C_810447,8162,XD_8162_OH_CLEVELAND.YZER,FM,Customer,REG,Yzer LLC,YZER,2026-05-28 23:59:59,005,0.0,0.0,0.0,0.0,0.0,0.0,,,1.0,,1.0,0.0
1785,8162-G03-005-070610-260529,8162_G03,C_810447,8162,XD_8162_OH_CLEVELAND.YZER,FM,Customer,REG,Yzer LLC,YZER,2026-05-29 23:59:59,005,0.0,0.0,0.0,0.0,0.0,0.0,,,1.0,,1.0,1.0
1786,8163-H06-005-893003-260526,8163_H06,C_905176,8162,XD_8162_OH_CLEVELAND.YZER,FM,Customer,REG,Yzer LLC,YZER,2026-05-26 23:59:59,005,0.0,0.0,0.0,0.0,0.0,0.0,,,1.0,,1.0,0.0
1787,8163-G03-005-723011-260529,8163_G03,C_810447,8162,XD_8162_OH_CLEVELAND.YZER,FM,Customer,REG,Yzer LLC,YZER,2026-05-29 23:59:59,005,0.0,0.0,0.0,0.0,0.0,0.0,,,1.0,,1.0,0.0
1788,Z-3636770,8162_GX0,,8162,XD_8162_OH_CLEVELAND.YZER,RC,Route Chrg,REG,Yzer LLC,YZER,2026-05-29 23:59:59,000,0.0,0.0,0.0,0.0,0.0,0.0,,,,,1.0,1.0
1789,8162-G01-025-371496-260527,8162_G01,C_371496,8162,XD_8162_OH_CLEVELAND.YZER,FM,Customer,REG,Yzer LLC,YZER,2026-05-27 23:59:59,025,0.0,0.0,0.0,0.0,0.0,0.0,,,1.0,,1.0,1.0
1790,8162-G09-002-289531-260527,8162_G09,C_289527,8162,XD_8162_OH_CLEVELAND.YZER,FM,Customer,REG,Yzer LLC,YZER,2026-05-27 23:59:59,002,0.0,0.0,0.0,0.0,0.0,0.0,,,1.0,,1.0,1.0
1791,8162-G06-035-134431-260528,8162_G06,C_134431,8162,XD_8162_OH_CLEVELAND.YZER,FM,Customer,REG,Yzer LLC,YZER,2026-05-28 23:59:59,035,0.0,0.0,0.0,0.0,0.0,0.0,,,1.0,,1.0,1.0
1792,Z-3627763,8162_G09,,8162,XD_8162_OH_CLEVELAND.YZER,RC,Route Chrg,REG,Yzer LLC,YZER,2026-05-27 23:59:59,000,276.86,0.0,276.86,250.0,18.11,8.75,,,,,1.0,1.0
1793,8162-H06-010-151570-260529,8162_H06,C_151568,8162,XD_8162_OH_CLEVELAND.YZER,FM,Customer,REG,Yzer LLC,YZER,2026-05-29 23:59:59,010,0.0,0.0,0.0,0.0,0.0,0.0,,,1.0,,1.0,0.0
1794,8162-G02-030-289502-260526,8162_G02,C_289502,8162,XD_8162_OH_CLEVELAND.YZER,FM,Customer,REG,Yzer LLC,YZER,2026-05-26 23:59:59,030,0.0,0.0,0.0,0.0,0.0,0.0,,,1.0,,1.0,1.0
1795,8162-H01-060-807917-260528,8162_H01,C_807917,8162,XD_8162_OH_CLEVELAND.YZER,FM,Customer,REG,Yzer LLC,YZER,2026-05-28 23:59:59,060,0.0,0.0,0.0,0.0,0.0,0.0,,,1.0,,1.0,1.0
1796,8162-G04-006-712383-260527,8162_G04,C_712383,8162,XD_8162_OH_CLEVELAND.YZER,FM,Customer,REG,Yzer LLC,YZER,2026-05-27 23:59:59,006,0.0,0.0,0.0,0.0,0.0,0.0,,,1.0,,1.0,0.0
1797,8162-G07-005-893022-260527,8162_G07,C_599132,8162,XD_8162_OH_CLEVELAND.YZER,FM,Customer,REG,Yzer LLC,YZER,2026-05-27 23:59:59,005,0.0,0.0,0.0,0.0,0.0,0.0,,,1.0,,1.0,0.0
1798,8162-GX0-004-960596-260514,8162_GX0,C_464241,8162,XD_8162_OH_CLEVELAND.YZER,FM,Customer,REG,Yzer LLC,YZER,2026-05-14 23:59:59,004,0.0,0.0,0.0,0.0,0.0,0.0,,,1.0,,1.0,0.0
1799,8163-G02-015-038361-260512,8163_G02,C_731867,8162,XD_8162_OH_CLEVELAND.YZER,FM,Customer,REG,Yzer LLC,YZER,2026-05-12 23:59:59,015,0.0,0.0,0.0,0.0,0.0,0.0,,,1.0,,1.0,0.0
1800,8163-G09-001-289513-260514,8163_G09,C_289513,8162,XD_8162_OH_CLEVELAND.YZER,FM,Customer,REG,Yzer LLC,YZER,2026-05-14 23:59:59,001,0.0,0.0,0.0,0.0,0.0,0.0,,,1.0,,1.0,0.0
1801,8162-H01-060-807917-260511,8162_H01,C_807917,8162,XD_8162_OH_CLEVELAND.YZER,FM,Customer,REG,Yzer LLC,YZER,2026-05-11 23:59:59,060,0.0,0.0,0.0,0.0,0.0,0.0,,,1.0,,1.0,1.0
1802,8163-G06-025-289522-260508,8163_G06,C_289522,8162,XD_8162_OH_CLEVELAND.YZER,FM,Customer,REG,Yzer LLC,YZER,2026-05-08 23:59:59,025,0.0,0.0,0.0,0.0,0.0,0.0,,,1.0,,1.0,0.0
1803,8162-H04-030-326949-260512,8162_H04,C_993260,8162,XD_8162_OH_CLEVELAND.YZER,FM,Customer,REG,Yzer LLC,YZER,2026-05-12 23:59:59,030,0.0,0.0,0.0,0.0,0.0,0.0,,,1.0,,1.0,1.0
1804,8162-G05-030-610134-260506,8162_G05,C_610134,8162,XD_8162_OH_CLEVELAND.YZER,FM,Customer,REG,Yzer LLC,YZER,2026-05-06 23:59:59,030,0.0,0.0,0.0,0.0,0.0,0.0,,,1.0,,1.0,0.0
1805,8162-G04-006-712383-260511,8162_G04,C_712383,8162,XD_8162_OH_CLEVELAND.YZER,FM,Customer,REG,Yzer LLC,YZER,2026-05-11 23:59:59,006,0.0,0.0,0.0,0.0,0.0,0.0,,,1.0,,1.0,0.0
1806,8162-G06-026-289530-260513,8162_G06,C_289522,8162,XD_8162_OH_CLEVELAND.YZER,FM,Customer,REG,Yzer LLC,YZER,2026-05-13 23:59:59,026,0.0,0.0,0.0,0.0,0.0,0.0,,,1.0,,1.0,0.0
1807,8163-GX0-004-960596-260508,8163_GX0,C_464241,8162,XD_8162_OH_CLEVELAND.YZER,FM,Customer,REG,Yzer LLC,YZER,2026-05-08 23:59:59,004,0.0,0.0,0.0,0.0,0.0,0.0,,,1.0,,1.0,0.0
1808,8162-G07-042-339737-260507,8162_G07,C_905014,8162,XD_8162_OH_CLEVELAND.YZER,FM,Customer,REG,Yzer LLC,YZER,2026-05-07 23:59:59,042,0.0,0.0,0.0,0.0,0.0,0.0,,,1.0,,1.0,1.0
1809,Z-3570891,8162_G09,,8162,XD_8162_OH_CLEVELAND.YZER,RC,Route Chrg,REG,Yzer LLC,YZER,2026-05-06 23:59:59,000,276.86,0.0,276.86,250.0,18.11,8.75,,,,,1.0,1.0
1810,8162-HX2-030-928877-260508,8162_HX2,C_913473,8162,XD_8162_OH_CLEVELAND.YZER,FM,Customer,REG,Yzer LLC,YZER,2026-05-08 23:59:59,030,0.0,0.0,0.0,0.0,0.0,0.0,,,1.0,,1.0,0.0
1811,8162-G07-030-995737-260508,8162_G07,C_995737,8162,XD_8162_OH_CLEVELAND.YZER,FM,Customer,REG,Yzer LLC,YZER,2026-05-08 23:59:59,030,0.0,0.0,0.0,0.0,0.0,0.0,,,1.0,,1.0,1.0
1812,8162-G03-035-777727-260513,8162_G03,C_777727,8162,XD_8162_OH_CLEVELAND.YZER,FM,Customer,REG,Yzer LLC,YZER,2026-05-13 23:59:59,035,0.0,0.0,0.0,0.0,0.0,0.0,,,1.0,,1.0,1.0
1813,8162-G03-020-068918-260518,8162_G03,C_667610,8162,XD_8162_OH_CLEVELAND.YZER,FM,Customer,REG,Yzer LLC,YZER,2026-05-18 23:59:59,020,0.0,0.0,0.0,0.0,0.0,0.0,,,1.0,,1.0,0.0
1814,8162-H02-025-134412-260515,8162_H02,C_134412,8162,XD_8162_OH_CLEVELAND.YZER,FM,Customer,REG,Yzer LLC,YZER,2026-05-15 23:59:59,025,0.0,0.0,0.0,0.0,0.0,0.0,,,1.0,,1.0,1.0
1815,8162-H01-025-806927-260518,8162_H01,C_806927,8162,XD_8162_OH_CLEVELAND.YZER,FM,Customer,REG,Yzer LLC,YZER,2026-05-18 23:59:59,025,0.0,0.0,0.0,0.0,0.0,0.0,,,1.0,,1.0,1.0
1816,8162-G04-010-875777-260515,8162_G04,C_833539,8162,XD_8162_OH_CLEVELAND.YZER,FM,Customer,REG,Yzer LLC,YZER,2026-05-15 23:59:59,010,0.0,0.0,0.0,0.0,0.0,0.0,,,1.0,,1.0,0.0
1817,8163-G02-005-714075-260518,8163_G02,C_713914,8162,XD_8162_OH_CLEVELAND.YZER,FM,Customer,REG,Yzer LLC,YZER,2026-05-18 23:59:59,005,0.0,0.0,0.0,0.0,0.0,0.0,,,1.0,,1.0,0.0
1818,8162-G09-001-289513-260518,8162_G09,C_289513,8162,XD_8162_OH_CLEVELAND.YZER,FM,Customer,REG,Yzer LLC,YZER,2026-05-18 23:59:59,001,0.0,0.0,0.0,0.0,0.0,0.0,,,1.0,,1.0,1.0
1819,8162-G03-005-892996-260515,8162_G03,C_810447,8162,XD_8162_OH_CLEVELAND.YZER,FM,Customer,REG,Yzer LLC,YZER,2026-05-15 23:59:59,005,0.0,0.0,0.0,0.0,0.0,0.0,,,1.0,,1.0,1.0
1820,8162-G06-020-230842-260518,8162_G06,C_133946,8162,XD_8162_OH_CLEVELAND.YZER,FM,Customer,REG,Yzer LLC,YZER,2026-05-18 23:59:59,020,0.0,0.0,0.0,0.0,0.0,0.0,,,1.0,,1.0,0.0
1821,8162-G04-005-679719-260518,8162_G04,C_712383,8162,XD_8162_OH_CLEVELAND.YZER,FM,Customer,REG,Yzer LLC,YZER,2026-05-18 23:59:59,005,0.0,0.0,0.0,0.0,0.0,0.0,,,1.0,,1.0,1.0
1822,8163-G06-015-719738-260518,8163_G06,C_065363,8162,XD_8162_OH_CLEVELAND.YZER,FM,Customer,REG,Yzer LLC,YZER,2026-05-18 23:59:59,015,0.0,0.0,0.0,0.0,0.0,0.0,,,1.0,,1.0,0.0
1823,8162-H06-020-717269-260518,8162_H06,C_717269,8162,XD_8162_OH_CLEVELAND.YZER,FM,Customer,REG,Yzer LLC,YZER,2026-05-18 23:59:59,020,0.0,0.0,0.0,0.0,0.0,0.0,,,1.0,,1.0,1.0
1824,8162-H01-030-756914-260518,8162_H01,C_756914,8162,XD_8162_OH_CLEVELAND.YZER,FM,Customer,REG,Yzer LLC,YZER,2026-05-18 23:59:59,030,0.0,0.0,0.0,0.0,0.0,0.0,,,1.0,,1.0,1.0
1825,8162-G03-010-223285-260518,8162_G03,C_223285,8162,XD_8162_OH_CLEVELAND.YZER,FM,Customer,REG,Yzer LLC,YZER,2026-05-18 23:59:59,010,0.0,0.0,0.0,0.0,0.0,0.0,,,1.0,,1.0,1.0
1826,8162-H03-045-664113-260515,8162_H03,C_664113,8162,XD_8162_OH_CLEVELAND.YZER,FM,Customer,REG,Yzer LLC,YZER,2026-05-15 23:59:59,045,0.0,0.0,0.0,0.0,0.0,0.0,,,1.0,,1.0,1.0
1827,8162-G03-005-892996-260507,8162_G03,C_810447,8162,XD_8162_OH_CLEVELAND.YZER,FM,Customer,REG,Yzer LLC,YZER,2026-05-07 23:59:59,005,0.0,0.0,0.0,0.0,0.0,0.0,,,1.0,,1.0,0.0
1828,8162-G03-015-584757-260508,8162_G03,C_864840,8162,XD_8162_OH_CLEVELAND.YZER,FM,Customer,REG,Yzer LLC,YZER,2026-05-08 23:59:59,015,0.0,0.0,0.0,0.0,0.0,0.0,,,1.0,,1.0,0.0
1829,Z-3595569,8162_H03,,8162,XD_8162_OH_CLEVELAND.YZER,RC,Route Chrg,REG,Yzer LLC,YZER,2026-05-14 23:59:59,000,301.53,0.0,301.53,271.0,21.04,9.49,,,,,1.0,1.0
1830,8162-H03-050-442084-260511,8162_H03,C_442084,8162,XD_8162_OH_CLEVELAND.YZER,FM,Customer,REG,Yzer LLC,YZER,2026-05-11 23:59:59,050,0.0,0.0,0.0,0.0,0.0,0.0,,,1.0,,1.0,1.0
1831,8162-H06-015-631172-260512,8162_H06,C_433600,8162,XD_8162_OH_CLEVELAND.YZER,FM,Customer,REG,Yzer LLC,YZER,2026-05-12 23:59:59,015,0.0,0.0,0.0,0.0,0.0,0.0,,,1.0,,1.0,0.0
1832,8162-G03-030-724609-260511,8162_G03,C_724609,8162,XD_8162_OH_CLEVELAND.YZER,FM,Customer,REG,Yzer LLC,YZER,2026-05-11 23:59:59,030,0.0,0.0,0.0,0.0,0.0,0.0,,,1.0,,1.0,1.0
1833,8162-G02-040-244530-260514,8162_G02,C_017375,8162,XD_8162_OH_CLEVELAND.YZER,FM,Customer,REG,Yzer LLC,YZER,2026-05-14 23:59:59,040,0.0,0.0,0.0,0.0,0.0,0.0,,,1.0,,1.0,0.0
1834,8162-G09-028-093545-260512,8162_G09,C_093545,8162,XD_8162_OH_CLEVELAND.YZER,FM,Customer,REG,Yzer LLC,YZER,2026-05-12 23:59:59,028,0.0,0.0,0.0,0.0,0.0,0.0,,,1.0,,1.0,1.0
1835,8162-G03-010-223285-260511,8162_G03,C_223285,8162,XD_8162_OH_CLEVELAND.YZER,FM,Customer,REG,Yzer LLC,YZER,2026-05-11 23:59:59,010,0.0,0.0,0.0,0.0,0.0,0.0,,,1.0,,1.0,1.0
1836,8162-G07-030-995737-260507,8162_G07,C_995737,8162,XD_8162_OH_CLEVELAND.YZER,FM,Customer,REG,Yzer LLC,YZER,2026-05-07 23:59:59,030,0.0,0.0,0.0,0.0,0.0,0.0,,,1.0,,1.0,1.0
1837,Z-3570834,8162_G07,,8162,XD_8162_OH_CLEVELAND.YZER,RC,Route Chrg,REG,Yzer LLC,YZER,2026-05-06 23:59:59,000,304.55,0.0,304.55,275.0,19.92,9.63,,,,,1.0,1.0
1838,8162-G04-015-134184-260514,8162_G04,C_134184,8162,XD_8162_OH_CLEVELAND.YZER,FM,Customer,REG,Yzer LLC,YZER,2026-05-14 23:59:59,015,0.0,0.0,0.0,0.0,0.0,0.0,,,1.0,,1.0,1.0
1839,8162-G03-025-969803-260513,8162_G03,C_296317,8162,XD_8162_OH_CLEVELAND.YZER,FM,Customer,REG,Yzer LLC,YZER,2026-05-13 23:59:59,025,0.0,0.0,0.0,0.0,0.0,0.0,,,1.0,,1.0,0.0
1840,8163-G01-005-718289-260506,8163_G01,C_436015,8162,XD_8162_OH_CLEVELAND.YZER,FM,Customer,REG,Yzer LLC,YZER,2026-05-06 23:59:59,005,0.0,0.0,0.0,0.0,0.0,0.0,,,1.0,,1.0,0.0
1841,8162-G05-030-610134-260514,8162_G05,C_610134,8162,XD_8162_OH_CLEVELAND.YZER,FM,Customer,REG,Yzer LLC,YZER,2026-05-14 23:59:59,030,0.0,0.0,0.0,0.0,0.0,0.0,,,1.0,,1.0,0.0
1842,8162-GX0-004-960596-260507,8162_GX0,C_464241,8162,XD_8162_OH_CLEVELAND.YZER,FM,Customer,REG,Yzer LLC,YZER,2026-05-07 23:59:59,004,0.0,0.0,0.0,0.0,0.0,0.0,,,1.0,,1.0,0.0
1843,210539265976,XD_8162_TopSide,,8162,XD_8162_OH_CLEVELAND.YZER,TS,Top Side,REG,Yzer LLC,YZER,2026-05-18 00:00:00,000,41481.62,41481.62,0.0,0.0,0.0,0.0,,,,,,0.0
1844,8162-H04-005-050648-260519,8162_H04,C_435532,8162,XD_8162_OH_CLEVELAND.YZER,FM,Customer,REG,Yzer LLC,YZER,2026-05-19 23:59:59,005,0.0,0.0,0.0,0.0,0.0,0.0,,,1.0,,1.0,0.0
1845,8162-H06-015-631172-260519,8162_H06,C_433600,8162,XD_8162_OH_CLEVELAND.YZER,FM,Customer,REG,Yzer LLC,YZER,2026-05-19 23:59:59,015,0.0,0.0,0.0,0.0,0.0,0.0,,,1.0,,1.0,0.0
1846,8162-G06-015-151562-260519,8162_G06,C_065363,8162,XD_8162_OH_CLEVELAND.YZER,FM,Customer,REG,Yzer LLC,YZER,2026-05-19 23:59:59,015,0.0,0.0,0.0,0.0,0.0,0.0,,,1.0,,1.0,0.0
1847,8162-H02-055-195053-260508,8162_H02,C_195053,8162,XD_8162_OH_CLEVELAND.YZER,FM,Customer,REG,Yzer LLC,YZER,2026-05-08 23:59:59,055,0.0,0.0,0.0,0.0,0.0,0.0,,,1.0,,1.0,1.0
1848,8163-H06-015-631172-260519,8163_H06,C_433600,8162,XD_8162_OH_CLEVELAND.YZER,FM,Customer,REG,Yzer LLC,YZER,2026-05-19 23:59:59,015,0.0,0.0,0.0,0.0,0.0,0.0,,,1.0,,1.0,0.0
1849,8163-GX0-004-960596-260519,8163_GX0,C_464241,8162,XD_8162_OH_CLEVELAND.YZER,FM,Customer,REG,Yzer LLC,YZER,2026-05-19 23:59:59,004,0.0,0.0,0.0,0.0,0.0,0.0,,,1.0,,1.0,0.0
1850,8162-H02-055-195053-260519,8162_H02,C_195053,8162,XD_8162_OH_CLEVELAND.YZER,FM,Customer,REG,Yzer LLC,YZER,2026-05-19 23:59:59,055,0.0,0.0,0.0,0.0,0.0,0.0,,,1.0,,1.0,1.0
1851,8162-H05-025-253079-260519,8162_H05,C_253079,8162,XD_8162_OH_CLEVELAND.YZER,FM,Customer,REG,Yzer LLC,YZER,2026-05-19 23:59:59,025,0.0,0.0,0.0,0.0,0.0,0.0,,,1.0,,1.0,1.0
1852,8162-G04-005-679719-260505,8162_G04,C_712383,8162,XD_8162_OH_CLEVELAND.YZER,FM,Customer,REG,Yzer LLC,YZER,2026-05-05 23:59:59,005,0.0,0.0,0.0,0.0,0.0,0.0,,,1.0,,1.0,1.0
1853,8162-G09-058-753911-260504,8162_G09,C_753911,8162,XD_8162_OH_CLEVELAND.YZER,FM,Customer,REG,Yzer LLC,YZER,2026-05-04 23:59:59,058,0.0,0.0,0.0,0.0,0.0,0.0,,,1.0,,1.0,1.0
1854,8162-G02-015-731867-260504,8162_G02,C_731867,8162,XD_8162_OH_CLEVELAND.YZER,FM,Customer,REG,Yzer LLC,YZER,2026-05-04 23:59:59,015,0.0,0.0,0.0,0.0,0.0,0.0,,,1.0,,1.0,1.0
1855,8162-G04-006-712383-260505,8162_G04,C_712383,8162,XD_8162_OH_CLEVELAND.YZER,FM,Customer,REG,Yzer LLC,YZER,2026-05-05 23:59:59,006,0.0,0.0,0.0,0.0,0.0,0.0,,,1.0,,1.0,0.0
1856,8162-G01-030-217734-260505,8162_G01,C_217734,8162,XD_8162_OH_CLEVELAND.YZER,FM,Customer,REG,Yzer LLC,YZER,2026-05-05 23:59:59,030,0.0,0.0,0.0,0.0,0.0,0.0,,,1.0,,1.0,1.0
1857,8162-G04-006-839466-260505,8162_G04,C_712383,8162,XD_8162_OH_CLEVELAND.YZER,FM,Customer,REG,Yzer LLC,YZER,2026-05-05 23:59:59,006,0.0,0.0,0.0,0.0,0.0,0.0,,,1.0,,1.0,0.0
1858,8162-H02-040-407917-260504,8162_H02,C_407917,8162,XD_8162_OH_CLEVELAND.YZER,FM,Customer,REG,Yzer LLC,YZER,2026-05-04 23:59:59,040,0.0,0.0,0.0,0.0,0.0,0.0,,,1.0,,1.0,1.0
1859,Z-3587907,8163_H02,,8162,XD_8162_OH_CLEVELAND.YZER,RC,Route Chrg,REG,Yzer LLC,YZER,2026-05-12 23:59:59,000,,0.0,,,0.0,,9.0,16.0,9.0,16.0,1.0,1.0
1860,8163-G05-005-221190-260505,8163_G05,C_441221,8162,XD_8162_OH_CLEVELAND.YZER,FM,Customer,REG,Yzer LLC,YZER,2026-05-05 23:59:59,005,0.0,0.0,0.0,0.0,0.0,0.0,,,1.0,,1.0,0.0
1861,8162-G05-007-208840-260505,8162_G05,C_208840,8162,XD_8162_OH_CLEVELAND.YZER,FM,Customer,REG,Yzer LLC,YZER,2026-05-05 23:59:59,007,0.0,0.0,0.0,0.0,0.0,0.0,,,1.0,,1.0,1.0
1862,8162-G02-020-128886-260505,8162_G02,C_598488,8162,XD_8162_OH_CLEVELAND.YZER,FM,Customer,REG,Yzer LLC,YZER,2026-05-05 23:59:59,020,0.0,0.0,0.0,0.0,0.0,0.0,,,1.0,,1.0,0.0
1863,Z-3600201,8163_G07,,8162,XD_8162_OH_CLEVELAND.YZER,RC,Route Chrg,REG,Yzer LLC,YZER,2026-05-15 23:59:59,000,,0.0,,,0.0,,8.0,21.0,8.0,21.0,1.0,1.0
1864,Z-3616189,8163_G03,,8162,XD_8162_OH_CLEVELAND.YZER,RC,Route Chrg,REG,Yzer LLC,YZER,2026-05-21 23:59:59,000,,0.0,,,0.0,,8.0,18.0,8.0,18.0,1.0,1.0
1865,Z-3616446,8163_HX2,,8162,XD_8162_OH_CLEVELAND.YZER,RC,Route Chrg,REG,Yzer LLC,YZER,2026-05-21 23:59:59,000,,0.0,,,0.0,,1.0,1.0,1.0,1.0,1.0,1.0
1866,Z-3624653,8163_G03,,8162,XD_8162_OH_CLEVELAND.YZER,RC,Route Chrg,REG,Yzer LLC,YZER,2026-05-26 23:59:59,000,0.0,0.0,0.0,0.0,0.0,0.0,,,,,1.0,1.0
1867,Z-3627890,8163_G03,,8162,XD_8162_OH_CLEVELAND.YZER,RC,Route Chrg,REG,Yzer LLC,YZER,2026-05-27 23:59:59,000,0.0,0.0,0.0,0.0,0.0,0.0,,,,,1.0,1.0
1868,8162-G05-006-224266-260505,8162_G05,C_061312,8162,XD_8162_OH_CLEVELAND.YZER,FM,Customer,REG,Yzer LLC,YZER,2026-05-05 23:59:59,006,0.0,0.0,0.0,0.0,0.0,0.0,,,1.0,,1.0,0.0
1869,8163-H06-015-415508-260505,8163_H06,C_433600,8162,XD_8162_OH_CLEVELAND.YZER,FM,Customer,REG,Yzer LLC,YZER,2026-05-05 23:59:59,015,0.0,0.0,0.0,0.0,0.0,0.0,,,1.0,,1.0,0.0
1870,Z-3632024,8163_H02,,8162,XD_8162_OH_CLEVELAND.YZER,RC,Route Chrg,REG,Yzer LLC,YZER,2026-05-28 23:59:59,000,0.0,0.0,0.0,0.0,0.0,0.0,,,,,1.0,1.0
1871,8162-G05-035-414946-260529,8162_G05,C_414946,8162,XD_8162_OH_CLEVELAND.YZER,FM,Customer,REG,Yzer LLC,YZER,2026-05-29 23:59:59,035,0.0,0.0,0.0,0.0,0.0,0.0,,,1.0,,1.0,1.0
1872,8162-G07-010-134526-260527,8162_G07,C_134526,8162,XD_8162_OH_CLEVELAND.YZER,FM,Customer,REG,Yzer LLC,YZER,2026-05-27 23:59:59,010,0.0,0.0,0.0,0.0,0.0,0.0,,,1.0,,1.0,1.0
1873,8162-G02-040-017375-260526,8162_G02,C_017375,8162,XD_8162_OH_CLEVELAND.YZER,FM,Customer,REG,Yzer LLC,YZER,2026-05-26 23:59:59,040,0.0,0.0,0.0,0.0,0.0,0.0,,,1.0,,1.0,0.0
1874,8162-H01-050-362140-260528,8162_H01,C_362140,8162,XD_8162_OH_CLEVELAND.YZER,FM,Customer,REG,Yzer LLC,YZER,2026-05-28 23:59:59,050,0.0,0.0,0.0,0.0,0.0,0.0,,,1.0,,1.0,1.0
1875,8163-G03-015-584757-260529,8163_G03,C_864840,8162,XD_8162_OH_CLEVELAND.YZER,FM,Customer,REG,Yzer LLC,YZER,2026-05-29 23:59:59,015,0.0,0.0,0.0,0.0,0.0,0.0,,,1.0,,1.0,0.0
1876,8162-G04-006-712383-260528,8162_G04,C_712383,8162,XD_8162_OH_CLEVELAND.YZER,FM,Customer,REG,Yzer LLC,YZER,2026-05-28 23:59:59,006,0.0,0.0,0.0,0.0,0.0,0.0,,,1.0,,1.0,0.0
1877,8162-G02-010-433278-260526,8162_G02,C_433278,8162,XD_8162_OH_CLEVELAND.YZER,FM,Customer,REG,Yzer LLC,YZER,2026-05-26 23:59:59,010,0.0,0.0,0.0,0.0,0.0,0.0,,,1.0,,1.0,1.0
1878,8162-G05-030-610134-260528,8162_G05,C_610134,8162,XD_8162_OH_CLEVELAND.YZER,FM,Customer,REG,Yzer LLC,YZER,2026-05-28 23:59:59,030,0.0,0.0,0.0,0.0,0.0,0.0,,,1.0,,1.0,0.0
1879,8162-G04-030-523596-260528,8162_G04,C_551579,8162,XD_8162_OH_CLEVELAND.YZER,FM,Customer,REG,Yzer LLC,YZER,2026-05-28 23:59:59,030,0.0,0.0,0.0,0.0,0.0,0.0,,,1.0,,1.0,1.0
1880,8162-H01-025-806927-260528,8162_H01,C_806927,8162,XD_8162_OH_CLEVELAND.YZER,FM,Customer,REG,Yzer LLC,YZER,2026-05-28 23:59:59,025,0.0,0.0,0.0,0.0,0.0,0.0,,,1.0,,1.0,1.0
1881,8163-G04-006-712383-260528,8163_G04,C_712383,8162,XD_8162_OH_CLEVELAND.YZER,FM,Customer,REG,Yzer LLC,YZER,2026-05-28 23:59:59,006,0.0,0.0,0.0,0.0,0.0,0.0,,,1.0,,1.0,0.0
1882,8162-H02-027-376609-260527,8162_H02,C_376609,8162,XD_8162_OH_CLEVELAND.YZER,FM,Customer,REG,Yzer LLC,YZER,2026-05-27 23:59:59,027,0.0,0.0,0.0,0.0,0.0,0.0,,,1.0,,1.0,1.0
1883,8162-G01-005-209001-260529,8162_G01,C_436015,8162,XD_8162_OH_CLEVELAND.YZER,FM,Customer,REG,Yzer LLC,YZER,2026-05-29 23:59:59,005,0.0,0.0,0.0,0.0,0.0,0.0,,,1.0,,1.0,0.0
1884,8162-G06-040-807750-260528,8162_G06,C_807750,8162,XD_8162_OH_CLEVELAND.YZER,FM,Customer,REG,Yzer LLC,YZER,2026-05-28 23:59:59,040,0.0,0.0,0.0,0.0,0.0,0.0,,,1.0,,1.0,1.0
1885,8162-G05-007-208840-260528,8162_G05,C_208840,8162,XD_8162_OH_CLEVELAND.YZER,FM,Customer,REG,Yzer LLC,YZER,2026-05-28 23:59:59,007,0.0,0.0,0.0,0.0,0.0,0.0,,,1.0,,1.0,1.0
1886,8162-G07-025-955410-260528,8162_G07,C_955410,8162,XD_8162_OH_CLEVELAND.YZER,FM,Customer,REG,Yzer LLC,YZER,2026-05-28 23:59:59,025,0.0,0.0,0.0,0.0,0.0,0.0,,,1.0,,1.0,1.0
1887,8162-G07-020-235209-260528,8162_G07,C_235209,8162,XD_8162_OH_CLEVELAND.YZER,FM,Customer,REG,Yzer LLC,YZER,2026-05-28 23:59:59,020,0.0,0.0,0.0,0.0,0.0,0.0,,,1.0,,1.0,1.0
1888,8162-H03-025-339419-260527,8162_H03,C_339419,8162,XD_8162_OH_CLEVELAND.YZER,FM,Customer,REG,Yzer LLC,YZER,2026-05-27 23:59:59,025,0.0,0.0,0.0,0.0,0.0,0.0,,,1.0,,1.0,1.0
1889,8162-G06-015-719738-260527,8162_G06,C_065363,8162,XD_8162_OH_CLEVELAND.YZER,FM,Customer,REG,Yzer LLC,YZER,2026-05-27 23:59:59,015,0.0,0.0,0.0,0.0,0.0,0.0,,,1.0,,1.0,0.0
1890,8162-G09-002-289527-260514,8162_G09,C_289527,8162,XD_8162_OH_CLEVELAND.YZER,FM,Customer,REG,Yzer LLC,YZER,2026-05-14 23:59:59,002,0.0,0.0,0.0,0.0,0.0,0.0,,,1.0,,1.0,1.0
1891,8162-G03-010-223285-260513,8162_G03,C_223285,8162,XD_8162_OH_CLEVELAND.YZER,FM,Customer,REG,Yzer LLC,YZER,2026-05-13 23:59:59,010,0.0,0.0,0.0,0.0,0.0,0.0,,,1.0,,1.0,0.0
1892,8162-GX0-004-960596-260512,8162_GX0,C_464241,8162,XD_8162_OH_CLEVELAND.YZER,FM,Customer,REG,Yzer LLC,YZER,2026-05-12 23:59:59,004,0.0,0.0,0.0,0.0,0.0,0.0,,,1.0,,1.0,0.0
1893,Z-3575481,8162_G02,,8162,XD_8162_OH_CLEVELAND.YZER,RC,Route Chrg,REG,Yzer LLC,YZER,2026-05-07 23:59:59,000,442.47,0.0,442.47,375.0,54.34,13.13,,,,,1.0,1.0
1894,8162-G04-045-443911-260508,8162_G04,C_443911,8162,XD_8162_OH_CLEVELAND.YZER,FM,Customer,REG,Yzer LLC,YZER,2026-05-08 23:59:59,045,0.0,0.0,0.0,0.0,0.0,0.0,,,1.0,,1.0,1.0
1895,Z-3580244,8162_G03,,8162,XD_8162_OH_CLEVELAND.YZER,RC,Route Chrg,REG,Yzer LLC,YZER,2026-05-08 23:59:59,000,374.32,0.0,374.32,338.0,24.49,11.83,,,,,1.0,1.0
1896,8162-G05-001-224268-260513,8162_G05,C_441221,8162,XD_8162_OH_CLEVELAND.YZER,FM,Customer,REG,Yzer LLC,YZER,2026-05-13 23:59:59,001,0.0,0.0,0.0,0.0,0.0,0.0,,,1.0,,1.0,0.0
1897,8162-H05-005-176725-260507,8162_H05,C_224273,8162,XD_8162_OH_CLEVELAND.YZER,FM,Customer,REG,Yzer LLC,YZER,2026-05-07 23:59:59,005,0.0,0.0,0.0,0.0,0.0,0.0,,,1.0,,1.0,0.0
1898,8162-G03-015-584757-260511,8162_G03,C_864840,8162,XD_8162_OH_CLEVELAND.YZER,FM,Customer,REG,Yzer LLC,YZER,2026-05-11 23:59:59,015,0.0,0.0,0.0,0.0,0.0,0.0,,,1.0,,1.0,0.0
1899,8162-H06-027-905334-260506,8162_H06,C_717269,8162,XD_8162_OH_CLEVELAND.YZER,FM,Customer,REG,Yzer LLC,YZER,2026-05-06 23:59:59,027,0.0,0.0,0.0,0.0,0.0,0.0,,,1.0,,1.0,0.0
1900,8162-G05-020-599776-260506,8162_G05,C_599776,8162,XD_8162_OH_CLEVELAND.YZER,FM,Customer,REG,Yzer LLC,YZER,2026-05-06 23:59:59,020,0.0,0.0,0.0,0.0,0.0,0.0,,,1.0,,1.0,1.0
1901,8162-H06-020-717269-260511,8162_H06,C_717269,8162,XD_8162_OH_CLEVELAND.YZER,FM,Customer,REG,Yzer LLC,YZER,2026-05-11 23:59:59,020,0.0,0.0,0.0,0.0,0.0,0.0,,,1.0,,1.0,1.0
1902,8163-G05-005-221190-260518,8163_G05,C_441221,8162,XD_8162_OH_CLEVELAND.YZER,FM,Customer,REG,Yzer LLC,YZER,2026-05-18 23:59:59,005,0.0,0.0,0.0,0.0,0.0,0.0,,,1.0,,1.0,0.0
1903,8162-H01-015-444763-260515,8162_H01,C_444763,8162,XD_8162_OH_CLEVELAND.YZER,FM,Customer,REG,Yzer LLC,YZER,2026-05-15 23:59:59,015,0.0,0.0,0.0,0.0,0.0,0.0,,,1.0,,1.0,0.0
1904,8162-G05-001-441221-260515,8162_G05,C_441221,8162,XD_8162_OH_CLEVELAND.YZER,FM,Customer,REG,Yzer LLC,YZER,2026-05-15 23:59:59,001,0.0,0.0,0.0,0.0,0.0,0.0,,,1.0,,1.0,1.0
1905,8162-G02-015-731867-260518,8162_G02,C_731867,8162,XD_8162_OH_CLEVELAND.YZER,FM,Customer,REG,Yzer LLC,YZER,2026-05-18 23:59:59,015,0.0,0.0,0.0,0.0,0.0,0.0,,,1.0,,1.0,1.0
1906,8162-H03-005-160440-260515,8162_H03,C_160440,8162,XD_8162_OH_CLEVELAND.YZER,FM,Customer,REG,Yzer LLC,YZER,2026-05-15 23:59:59,005,0.0,0.0,0.0,0.0,0.0,0.0,,,1.0,,1.0,1.0
1907,8162-G01-005-244545-260518,8162_G01,C_436015,8162,XD_8162_OH_CLEVELAND.YZER,FM,Customer,REG,Yzer LLC,YZER,2026-05-18 23:59:59,005,0.0,0.0,0.0,0.0,0.0,0.0,,,1.0,,1.0,0.0
1908,8163-G02-005-754541-260515,8163_G02,C_713914,8162,XD_8162_OH_CLEVELAND.YZER,FM,Customer,REG,Yzer LLC,YZER,2026-05-15 23:59:59,005,0.0,0.0,0.0,0.0,0.0,0.0,,,1.0,,1.0,0.0
1909,8162-H02-050-579755-260507,8162_H02,C_579755,8162,XD_8162_OH_CLEVELAND.YZER,FM,Customer,REG,Yzer LLC,YZER,2026-05-07 23:59:59,050,0.0,0.0,0.0,0.0,0.0,0.0,,,1.0,,1.0,1.0
1910,8162-H05-005-176725-260508,8162_H05,C_224273,8162,XD_8162_OH_CLEVELAND.YZER,FM,Customer,REG,Yzer LLC,YZER,2026-05-08 23:59:59,005,0.0,0.0,0.0,0.0,0.0,0.0,,,1.0,,1.0,1.0
1911,8162-H06-010-151570-260511,8162_H06,C_151568,8162,XD_8162_OH_CLEVELAND.YZER,FM,Customer,REG,Yzer LLC,YZER,2026-05-11 23:59:59,010,0.0,0.0,0.0,0.0,0.0,0.0,,,1.0,,1.0,0.0
1912,8162-G05-035-414946-260508,8162_G05,C_414946,8162,XD_8162_OH_CLEVELAND.YZER,FM,Customer,REG,Yzer LLC,YZER,2026-05-08 23:59:59,035,0.0,0.0,0.0,0.0,0.0,0.0,,,1.0,,1.0,1.0
1913,8163-G01-005-718289-260507,8163_G01,C_436015,8162,XD_8162_OH_CLEVELAND.YZER,FM,Customer,REG,Yzer LLC,YZER,2026-05-07 23:59:59,005,0.0,0.0,0.0,0.0,0.0,0.0,,,1.0,,1.0,0.0
1914,8162-G03-020-667610-260508,8162_G03,C_667610,8162,XD_8162_OH_CLEVELAND.YZER,FM,Customer,REG,Yzer LLC,YZER,2026-05-08 23:59:59,020,0.0,0.0,0.0,0.0,0.0,0.0,,,1.0,,1.0,1.0
1915,8162-H03-045-664113-260507,8162_H03,C_664113,8162,XD_8162_OH_CLEVELAND.YZER,FM,Customer,REG,Yzer LLC,YZER,2026-05-07 23:59:59,045,0.0,0.0,0.0,0.0,0.0,0.0,,,1.0,,1.0,1.0
1916,8162-H04-030-326949-260513,8162_H04,C_993260,8162,XD_8162_OH_CLEVELAND.YZER,FM,Customer,REG,Yzer LLC,YZER,2026-05-13 23:59:59,030,0.0,0.0,0.0,0.0,0.0,0.0,,,1.0,,1.0,0.0
1917,8163-G02-005-714075-260513,8163_G02,C_713914,8162,XD_8162_OH_CLEVELAND.YZER,FM,Customer,REG,Yzer LLC,YZER,2026-05-13 23:59:59,005,0.0,0.0,0.0,0.0,0.0,0.0,,,1.0,,1.0,0.0
1918,8162-H02-025-134412-260507,8162_H02,C_134412,8162,XD_8162_OH_CLEVELAND.YZER,FM,Customer,REG,Yzer LLC,YZER,2026-05-07 23:59:59,025,0.0,0.0,0.0,0.0,0.0,0.0,,,1.0,,1.0,1.0
1919,8162-G09-026-295594-260512,8162_G09,C_295594,8162,XD_8162_OH_CLEVELAND.YZER,FM,Customer,REG,Yzer LLC,YZER,2026-05-12 23:59:59,026,0.0,0.0,0.0,0.0,0.0,0.0,,,1.0,,1.0,1.0
1920,8162-H06-010-151574-260507,8162_H06,C_151568,8162,XD_8162_OH_CLEVELAND.YZER,FM,Customer,REG,Yzer LLC,YZER,2026-05-07 23:59:59,010,0.0,0.0,0.0,0.0,0.0,0.0,,,1.0,,1.0,0.0
1921,8162-H03-025-339419-260508,8162_H03,C_339419,8162,XD_8162_OH_CLEVELAND.YZER,FM,Customer,REG,Yzer LLC,YZER,2026-05-08 23:59:59,025,0.0,0.0,0.0,0.0,0.0,0.0,,,1.0,,1.0,1.0
1922,8163-G04-005-679719-260512,8163_G04,C_712383,8162,XD_8162_OH_CLEVELAND.YZER,FM,Customer,REG,Yzer LLC,YZER,2026-05-12 23:59:59,005,0.0,0.0,0.0,0.0,0.0,0.0,,,1.0,,1.0,0.0
1923,8162-G09-026-295594-260514,8162_G09,C_295594,8162,XD_8162_OH_CLEVELAND.YZER,FM,Customer,REG,Yzer LLC,YZER,2026-05-14 23:59:59,026,0.0,0.0,0.0,0.0,0.0,0.0,,,1.0,,1.0,1.0
1924,8162-H04-005-893019-260507,8162_H04,C_435532,8162,XD_8162_OH_CLEVELAND.YZER,FM,Customer,REG,Yzer LLC,YZER,2026-05-07 23:59:59,005,0.0,0.0,0.0,0.0,0.0,0.0,,,1.0,,1.0,0.0
1925,8162-H04-005-893019-260508,8162_H04,C_435532,8162,XD_8162_OH_CLEVELAND.YZER,FM,Customer,REG,Yzer LLC,YZER,2026-05-08 23:59:59,005,0.0,0.0,0.0,0.0,0.0,0.0,,,1.0,,1.0,0.0
1926,8163-G05-030-610134-260514,8163_G05,C_610134,8162,XD_8162_OH_CLEVELAND.YZER,FM,Customer,REG,Yzer LLC,YZER,2026-05-14 23:59:59,030,0.0,0.0,0.0,0.0,0.0,0.0,,,1.0,,1.0,0.0
1927,8162-G03-025-296317-260514,8162_G03,C_296317,8162,XD_8162_OH_CLEVELAND.YZER,FM,Customer,REG,Yzer LLC,YZER,2026-05-14 23:59:59,025,0.0,0.0,0.0,0.0,0.0,0.0,,,1.0,,1.0,0.0
1928,8162-H01-060-807917-260519,8162_H01,C_807917,8162,XD_8162_OH_CLEVELAND.YZER,FM,Customer,REG,Yzer LLC,YZER,2026-05-19 23:59:59,060,0.0,0.0,0.0,0.0,0.0,0.0,,,1.0,,1.0,1.0
1929,8162-G06-010-151559-260519,8162_G06,C_151558,8162,XD_8162_OH_CLEVELAND.YZER,FM,Customer,REG,Yzer LLC,YZER,2026-05-19 23:59:59,010,0.0,0.0,0.0,0.0,0.0,0.0,,,1.0,,1.0,0.0
1930,8162-G07-005-589418-260519,8162_G07,C_599132,8162,XD_8162_OH_CLEVELAND.YZER,FM,Customer,REG,Yzer LLC,YZER,2026-05-19 23:59:59,005,0.0,0.0,0.0,0.0,0.0,0.0,,,1.0,,1.0,0.0
1931,8162-G02-020-128913-260505,8162_G02,C_598488,8162,XD_8162_OH_CLEVELAND.YZER,FM,Customer,REG,Yzer LLC,YZER,2026-05-05 23:59:59,020,0.0,0.0,0.0,0.0,0.0,0.0,,,1.0,,1.0,1.0
1932,8162-G05-010-642013-260504,8162_G05,C_219681,8162,XD_8162_OH_CLEVELAND.YZER,FM,Customer,REG,Yzer LLC,YZER,2026-05-04 23:59:59,010,0.0,0.0,0.0,0.0,0.0,0.0,,,1.0,,1.0,0.0
1933,8162-H06-010-151574-260504,8162_H06,C_151568,8162,XD_8162_OH_CLEVELAND.YZER,FM,Customer,REG,Yzer LLC,YZER,2026-05-04 23:59:59,010,0.0,0.0,0.0,0.0,0.0,0.0,,,1.0,,1.0,1.0
1934,8162-G02-030-289502-260504,8162_G02,C_289502,8162,XD_8162_OH_CLEVELAND.YZER,FM,Customer,REG,Yzer LLC,YZER,2026-05-04 23:59:59,030,0.0,0.0,0.0,0.0,0.0,0.0,,,1.0,,1.0,1.0
1935,Z-3587910,8163_G04,,8162,XD_8162_OH_CLEVELAND.YZER,RC,Route Chrg,REG,Yzer LLC,YZER,2026-05-12 23:59:59,000,,0.0,,,0.0,,6.0,14.0,6.0,14.0,1.0,1.0
1936,Z-3593268,8163_HX2,,8162,XD_8162_OH_CLEVELAND.YZER,RC,Route Chrg,REG,Yzer LLC,YZER,2026-05-13 23:59:59,000,,0.0,,,0.0,,1.0,1.0,1.0,1.0,1.0,1.0
1937,Z-3595499,8162_GX4,,8162,XD_8162_OH_CLEVELAND.YZER,RC,Route Chrg,REG,Yzer LLC,YZER,2026-05-14 23:59:59,000,,0.0,,,0.0,,1.0,7.0,1.0,7.0,1.0,1.0
1938,Z-3601731,8163_GX4,,8162,XD_8162_OH_CLEVELAND.YZER,RC,Route Chrg,REG,Yzer LLC,YZER,2026-05-15 23:59:59,000,,0.0,,,0.0,,1.0,1.0,1.0,1.0,1.0,1.0
1939,Z-3616201,8163_H01,,8162,XD_8162_OH_CLEVELAND.YZER,RC,Route Chrg,REG,Yzer LLC,YZER,2026-05-21 23:59:59,000,,0.0,,,0.0,,8.0,30.0,8.0,30.0,1.0,1.0
1940,8162-G04-015-134184-260504,8162_G04,C_134184,8162,XD_8162_OH_CLEVELAND.YZER,FM,Customer,REG,Yzer LLC,YZER,2026-05-04 23:59:59,015,0.0,0.0,0.0,0.0,0.0,0.0,,,1.0,,1.0,1.0
1941,Z-3613237,8163_GX4,,8162,XD_8162_OH_CLEVELAND.YZER,RC,Route Chrg,REG,Yzer LLC,YZER,2026-05-20 23:59:59,000,,0.0,,,0.0,,1.0,4.0,1.0,4.0,1.0,1.0
1942,Z-3632026,8163_H01,,8162,XD_8162_OH_CLEVELAND.YZER,RC,Route Chrg,REG,Yzer LLC,YZER,2026-05-28 23:59:59,000,0.0,0.0,0.0,0.0,0.0,0.0,,,,,1.0,1.0
1943,8162-H06-010-151574-260527,8162_H06,C_151568,8162,XD_8162_OH_CLEVELAND.YZER,FM,Customer,REG,Yzer LLC,YZER,2026-05-27 23:59:59,010,0.0,0.0,0.0,0.0,0.0,0.0,,,1.0,,1.0,1.0
1944,Z-3627884,8163_GX0,,8162,XD_8162_OH_CLEVELAND.YZER,RC,Route Chrg,REG,Yzer LLC,YZER,2026-05-27 23:59:59,000,0.0,0.0,0.0,0.0,0.0,0.0,,,,,1.0,1.0
1945,8162-G02-035-631816-260529,8162_G02,C_209162,8162,XD_8162_OH_CLEVELAND.YZER,FM,Customer,REG,Yzer LLC,YZER,2026-05-29 23:59:59,035,0.0,0.0,0.0,0.0,0.0,0.0,,,1.0,,1.0,1.0
1946,8162-H06-010-151569-260528,8162_H06,C_151568,8162,XD_8162_OH_CLEVELAND.YZER,FM,Customer,REG,Yzer LLC,YZER,2026-05-28 23:59:59,010,0.0,0.0,0.0,0.0,0.0,0.0,,,1.0,,1.0,0.0
1947,8162-G03-030-724609-260528,8162_G03,C_724609,8162,XD_8162_OH_CLEVELAND.YZER,FM,Customer,REG,Yzer LLC,YZER,2026-05-28 23:59:59,030,0.0,0.0,0.0,0.0,0.0,0.0,,,1.0,,1.0,1.0
1948,8162-H06-020-717269-260529,8162_H06,C_717269,8162,XD_8162_OH_CLEVELAND.YZER,FM,Customer,REG,Yzer LLC,YZER,2026-05-29 23:59:59,020,0.0,0.0,0.0,0.0,0.0,0.0,,,1.0,,1.0,0.0
1949,8162-G09-002-289531-260528,8162_G09,C_289527,8162,XD_8162_OH_CLEVELAND.YZER,FM,Customer,REG,Yzer LLC,YZER,2026-05-28 23:59:59,002,0.0,0.0,0.0,0.0,0.0,0.0,,,1.0,,1.0,1.0
1950,8163-G06-026-289530-260529,8163_G06,C_289522,8162,XD_8162_OH_CLEVELAND.YZER,FM,Customer,REG,Yzer LLC,YZER,2026-05-29 23:59:59,026,0.0,0.0,0.0,0.0,0.0,0.0,,,1.0,,1.0,0.0
1951,8162-G01-005-209001-260528,8162_G01,C_436015,8162,XD_8162_OH_CLEVELAND.YZER,FM,Customer,REG,Yzer LLC,YZER,2026-05-28 23:59:59,005,0.0,0.0,0.0,0.0,0.0,0.0,,,1.0,,1.0,0.0
1952,8162-G02-015-731867-260527,8162_G02,C_731867,8162,XD_8162_OH_CLEVELAND.YZER,FM,Customer,REG,Yzer LLC,YZER,2026-05-27 23:59:59,015,0.0,0.0,0.0,0.0,0.0,0.0,,,1.0,,1.0,1.0
1953,8162-G09-035-905119-260527,8162_G09,C_905119,8162,XD_8162_OH_CLEVELAND.YZER,FM,Customer,REG,Yzer LLC,YZER,2026-05-27 23:59:59,035,0.0,0.0,0.0,0.0,0.0,0.0,,,1.0,,1.0,0.0
1954,8163-GX0-004-960596-260527,8163_GX0,C_464241,8162,XD_8162_OH_CLEVELAND.YZER,FM,Customer,REG,Yzer LLC,YZER,2026-05-27 23:59:59,004,0.0,0.0,0.0,0.0,0.0,0.0,,,1.0,,1.0,0.0
1955,8162-G03-040-386380-260529,8162_G03,C_386380,8162,XD_8162_OH_CLEVELAND.YZER,FM,Customer,REG,Yzer LLC,YZER,2026-05-29 23:59:59,040,0.0,0.0,0.0,0.0,0.0,0.0,,,1.0,,1.0,1.0
1956,8163-G07-005-386053-260527,8163_G07,C_599132,8162,XD_8162_OH_CLEVELAND.YZER,FM,Customer,REG,Yzer LLC,YZER,2026-05-27 23:59:59,005,0.0,0.0,0.0,0.0,0.0,0.0,,,1.0,,1.0,0.0
1957,Z-3636782,8163_H03,,8162,XD_8162_OH_CLEVELAND.YZER,RC,Route Chrg,REG,Yzer LLC,YZER,2026-05-29 23:59:59,000,0.0,0.0,0.0,0.0,0.0,0.0,,,,,1.0,1.0
1958,8162-G03-025-296317-260528,8162_G03,C_296317,8162,XD_8162_OH_CLEVELAND.YZER,FM,Customer,REG,Yzer LLC,YZER,2026-05-28 23:59:59,025,0.0,0.0,0.0,0.0,0.0,0.0,,,1.0,,1.0,1.0
1959,8162-G05-001-224268-260528,8162_G05,C_441221,8162,XD_8162_OH_CLEVELAND.YZER,FM,Customer,REG,Yzer LLC,YZER,2026-05-28 23:59:59,001,0.0,0.0,0.0,0.0,0.0,0.0,,,1.0,,1.0,1.0
1960,8162-H02-025-134412-260527,8162_H02,C_134412,8162,XD_8162_OH_CLEVELAND.YZER,FM,Customer,REG,Yzer LLC,YZER,2026-05-27 23:59:59,025,0.0,0.0,0.0,0.0,0.0,0.0,,,1.0,,1.0,1.0
1961,Z-3624465,8162_H06,,8162,XD_8162_OH_CLEVELAND.YZER,RC,Route Chrg,REG,Yzer LLC,YZER,2026-05-26 23:59:59,000,277.28,0.0,277.28,235.0,34.05,8.23,,,,,1.0,1.0
1962,8162-H04-045-603704-260529,8162_H04,C_603704,8162,XD_8162_OH_CLEVELAND.YZER,FM,Customer,REG,Yzer LLC,YZER,2026-05-29 23:59:59,045,0.0,0.0,0.0,0.0,0.0,0.0,,,1.0,,1.0,1.0
1963,8162-G02-045-209162-260529,8162_G02,C_209162,8162,XD_8162_OH_CLEVELAND.YZER,FM,Customer,REG,Yzer LLC,YZER,2026-05-29 23:59:59,045,0.0,0.0,0.0,0.0,0.0,0.0,,,1.0,,1.0,0.0
1964,8162-H03-005-160440-260528,8162_H03,C_160440,8162,XD_8162_OH_CLEVELAND.YZER,FM,Customer,REG,Yzer LLC,YZER,2026-05-28 23:59:59,005,0.0,0.0,0.0,0.0,0.0,0.0,,,1.0,,1.0,1.0
1965,8162-H06-010-151578-260527,8162_H06,C_151568,8162,XD_8162_OH_CLEVELAND.YZER,FM,Customer,REG,Yzer LLC,YZER,2026-05-27 23:59:59,010,0.0,0.0,0.0,0.0,0.0,0.0,,,1.0,,1.0,0.0
1966,8162-H01-030-756914-260508,8162_H01,C_756914,8162,XD_8162_OH_CLEVELAND.YZER,FM,Customer,REG,Yzer LLC,YZER,2026-05-08 23:59:59,030,0.0,0.0,0.0,0.0,0.0,0.0,,,1.0,,1.0,1.0
1967,8162-G02-040-017375-260507,8162_G02,C_017375,8162,XD_8162_OH_CLEVELAND.YZER,FM,Customer,REG,Yzer LLC,YZER,2026-05-07 23:59:59,040,0.0,0.0,0.0,0.0,0.0,0.0,,,1.0,,1.0,0.0
1968,8163-G05-005-441221-260511,8163_G05,C_441221,8162,XD_8162_OH_CLEVELAND.YZER,FM,Customer,REG,Yzer LLC,YZER,2026-05-11 23:59:59,005,0.0,0.0,0.0,0.0,0.0,0.0,,,1.0,,1.0,0.0
1969,8162-H06-010-151574-260513,8162_H06,C_151568,8162,XD_8162_OH_CLEVELAND.YZER,FM,Customer,REG,Yzer LLC,YZER,2026-05-13 23:59:59,010,0.0,0.0,0.0,0.0,0.0,0.0,,,1.0,,1.0,0.0
1970,8162-G05-030-246296-260514,8162_G05,C_610134,8162,XD_8162_OH_CLEVELAND.YZER,FM,Customer,REG,Yzer LLC,YZER,2026-05-14 23:59:59,030,0.0,0.0,0.0,0.0,0.0,0.0,,,1.0,,1.0,0.0
1971,8162-G01-005-050647-260506,8162_G01,C_436015,8162,XD_8162_OH_CLEVELAND.YZER,FM,Customer,REG,Yzer LLC,YZER,2026-05-06 23:59:59,005,0.0,0.0,0.0,0.0,0.0,0.0,,,1.0,,1.0,0.0
1972,8162-H06-015-162630-260512,8162_H06,C_433600,8162,XD_8162_OH_CLEVELAND.YZER,FM,Customer,REG,Yzer LLC,YZER,2026-05-12 23:59:59,015,0.0,0.0,0.0,0.0,0.0,0.0,,,1.0,,1.0,0.0
1973,8162-G03-005-723011-260513,8162_G03,C_810447,8162,XD_8162_OH_CLEVELAND.YZER,FM,Customer,REG,Yzer LLC,YZER,2026-05-13 23:59:59,005,0.0,0.0,0.0,0.0,0.0,0.0,,,1.0,,1.0,1.0
1974,8162-G07-005-386053-260513,8162_G07,C_599132,8162,XD_8162_OH_CLEVELAND.YZER,FM,Customer,REG,Yzer LLC,YZER,2026-05-13 23:59:59,005,0.0,0.0,0.0,0.0,0.0,0.0,,,1.0,,1.0,0.0
1975,8162-H03-015-133964-260512,8162_H03,C_133964,8162,XD_8162_OH_CLEVELAND.YZER,FM,Customer,REG,Yzer LLC,YZER,2026-05-12 23:59:59,015,0.0,0.0,0.0,0.0,0.0,0.0,,,1.0,,1.0,1.0
1976,8162-H05-020-304538-260511,8162_H05,C_304538,8162,XD_8162_OH_CLEVELAND.YZER,FM,Customer,REG,Yzer LLC,YZER,2026-05-11 23:59:59,020,0.0,0.0,0.0,0.0,0.0,0.0,,,1.0,,1.0,1.0
1977,8162-G01-005-050647-260513,8162_G01,C_436015,8162,XD_8162_OH_CLEVELAND.YZER,FM,Customer,REG,Yzer LLC,YZER,2026-05-13 23:59:59,005,0.0,0.0,0.0,0.0,0.0,0.0,,,1.0,,1.0,0.0
1978,8162-H04-030-770700-260514,8162_H04,C_993260,8162,XD_8162_OH_CLEVELAND.YZER,FM,Customer,REG,Yzer LLC,YZER,2026-05-14 23:59:59,030,0.0,0.0,0.0,0.0,0.0,0.0,,,1.0,,1.0,0.0
1979,8162-H03-050-442084-260514,8162_H03,C_442084,8162,XD_8162_OH_CLEVELAND.YZER,FM,Customer,REG,Yzer LLC,YZER,2026-05-14 23:59:59,050,0.0,0.0,0.0,0.0,0.0,0.0,,,1.0,,1.0,1.0
1980,Z-3600069,8162_G07,,8162,XD_8162_OH_CLEVELAND.YZER,RC,Route Chrg,REG,Yzer LLC,YZER,2026-05-15 23:59:59,000,305.98,0.0,305.98,275.0,21.35,9.63,,,,,1.0,1.0
1981,8162-H01-025-806927-260515,8162_H01,C_806927,8162,XD_8162_OH_CLEVELAND.YZER,FM,Customer,REG,Yzer LLC,YZER,2026-05-15 23:59:59,025,0.0,0.0,0.0,0.0,0.0,0.0,,,1.0,,1.0,1.0
1982,8162-G03-010-223285-260515,8162_G03,C_223285,8162,XD_8162_OH_CLEVELAND.YZER,FM,Customer,REG,Yzer LLC,YZER,2026-05-15 23:59:59,010,0.0,0.0,0.0,0.0,0.0,0.0,,,1.0,,1.0,1.0
1983,8163-H06-015-415508-260518,8163_H06,C_433600,8162,XD_8162_OH_CLEVELAND.YZER,FM,Customer,REG,Yzer LLC,YZER,2026-05-18 23:59:59,015,0.0,0.0,0.0,0.0,0.0,0.0,,,1.0,,1.0,0.0
1984,8162-G03-037-521590-260518,8162_G03,C_521590,8162,XD_8162_OH_CLEVELAND.YZER,FM,Customer,REG,Yzer LLC,YZER,2026-05-18 23:59:59,037,0.0,0.0,0.0,0.0,0.0,0.0,,,1.0,,1.0,1.0
1985,8162-G03-035-777727-260515,8162_G03,C_777727,8162,XD_8162_OH_CLEVELAND.YZER,FM,Customer,REG,Yzer LLC,YZER,2026-05-15 23:59:59,035,0.0,0.0,0.0,0.0,0.0,0.0,,,1.0,,1.0,1.0
1986,8162-G07-025-955410-260518,8162_G07,C_955410,8162,XD_8162_OH_CLEVELAND.YZER,FM,Customer,REG,Yzer LLC,YZER,2026-05-18 23:59:59,025,0.0,0.0,0.0,0.0,0.0,0.0,,,1.0,,1.0,1.0
1987,8162-H06-040-892876-260515,8162_H06,C_946980,8162,XD_8162_OH_CLEVELAND.YZER,FM,Customer,REG,Yzer LLC,YZER,2026-05-15 23:59:59,040,0.0,0.0,0.0,0.0,0.0,0.0,,,1.0,,1.0,1.0
1988,8162-G04-017-286184-260515,8162_G04,C_286184,8162,XD_8162_OH_CLEVELAND.YZER,FM,Customer,REG,Yzer LLC,YZER,2026-05-15 23:59:59,017,0.0,0.0,0.0,0.0,0.0,0.0,,,1.0,,1.0,1.0
1989,8162-G06-015-151562-260518,8162_G06,C_065363,8162,XD_8162_OH_CLEVELAND.YZER,FM,Customer,REG,Yzer LLC,YZER,2026-05-18 23:59:59,015,0.0,0.0,0.0,0.0,0.0,0.0,,,1.0,,1.0,0.0
1990,8163-G04-006-839466-260518,8163_G04,C_712383,8162,XD_8162_OH_CLEVELAND.YZER,FM,Customer,REG,Yzer LLC,YZER,2026-05-18 23:59:59,006,0.0,0.0,0.0,0.0,0.0,0.0,,,1.0,,1.0,0.0
1991,8162-H01-040-093505-260515,8162_H01,C_093505,8162,XD_8162_OH_CLEVELAND.YZER,FM,Customer,REG,Yzer LLC,YZER,2026-05-15 23:59:59,040,0.0,0.0,0.0,0.0,0.0,0.0,,,1.0,,1.0,1.0
1992,8162-H06-015-173367-260518,8162_H06,C_433600,8162,XD_8162_OH_CLEVELAND.YZER,FM,Customer,REG,Yzer LLC,YZER,2026-05-18 23:59:59,015,0.0,0.0,0.0,0.0,0.0,0.0,,,1.0,,1.0,0.0
1993,8162-G09-002-289531-260514,8162_G09,C_289527,8162,XD_8162_OH_CLEVELAND.YZER,FM,Customer,REG,Yzer LLC,YZER,2026-05-14 23:59:59,002,0.0,0.0,0.0,0.0,0.0,0.0,,,1.0,,1.0,0.0
1994,8162-G09-011-401833-260507,8162_G09,C_401833,8162,XD_8162_OH_CLEVELAND.YZER,FM,Customer,REG,Yzer LLC,YZER,2026-05-07 23:59:59,011,0.0,0.0,0.0,0.0,0.0,0.0,,,1.0,,1.0,1.0
1995,8163-H06-015-631172-260514,8163_H06,C_433600,8162,XD_8162_OH_CLEVELAND.YZER,FM,Customer,REG,Yzer LLC,YZER,2026-05-14 23:59:59,015,0.0,0.0,0.0,0.0,0.0,0.0,,,1.0,,1.0,0.0
1996,Z-3583566,8162_G05,,8162,XD_8162_OH_CLEVELAND.YZER,RC,Route Chrg,REG,Yzer LLC,YZER,2026-05-11 23:59:59,000,336.66,0.0,336.66,304.0,22.02,10.64,,,,,1.0,1.0
1997,8162-G07-030-995737-260514,8162_G07,C_995737,8162,XD_8162_OH_CLEVELAND.YZER,FM,Customer,REG,Yzer LLC,YZER,2026-05-14 23:59:59,030,0.0,0.0,0.0,0.0,0.0,0.0,,,1.0,,1.0,1.0
1998,8162-G03-035-777727-260507,8162_G03,C_777727,8162,XD_8162_OH_CLEVELAND.YZER,FM,Customer,REG,Yzer LLC,YZER,2026-05-07 23:59:59,035,0.0,0.0,0.0,0.0,0.0,0.0,,,1.0,,1.0,1.0
1999,8162-G07-020-235209-260511,8162_G07,C_235209,8162,XD_8162_OH_CLEVELAND.YZER,FM,Customer,REG,Yzer LLC,YZER,2026-05-11 23:59:59,020,0.0,0.0,0.0,0.0,0.0,0.0,,,1.0,,1.0,1.0
2000,8162-G09-002-289531-260512,8162_G09,C_289527,8162,XD_8162_OH_CLEVELAND.YZER,FM,Customer,REG,Yzer LLC,YZER,2026-05-12 23:59:59,002,0.0,0.0,0.0,0.0,0.0,0.0,,,1.0,,1.0,1.0
2001,8163-G01-020-443013-260506,8163_G01,C_890860,8162,XD_8162_OH_CLEVELAND.YZER,FM,Customer,REG,Yzer LLC,YZER,2026-05-06 23:59:59,020,0.0,0.0,0.0,0.0,0.0,0.0,,,1.0,,1.0,0.0
2002,8162-G07-005-589418-260513,8162_G07,C_599132,8162,XD_8162_OH_CLEVELAND.YZER,FM,Customer,REG,Yzer LLC,YZER,2026-05-13 23:59:59,005,0.0,0.0,0.0,0.0,0.0,0.0,,,1.0,,1.0,0.0
2003,8162-G02-030-289502-260512,8162_G02,C_289502,8162,XD_8162_OH_CLEVELAND.YZER,FM,Customer,REG,Yzer LLC,YZER,2026-05-12 23:59:59,030,0.0,0.0,0.0,0.0,0.0,0.0,,,1.0,,1.0,1.0
2004,8162-H05-025-253079-260513,8162_H05,C_253079,8162,XD_8162_OH_CLEVELAND.YZER,FM,Customer,REG,Yzer LLC,YZER,2026-05-13 23:59:59,025,0.0,0.0,0.0,0.0,0.0,0.0,,,1.0,,1.0,1.0
2005,8162-G07-025-955410-260507,8162_G07,C_955410,8162,XD_8162_OH_CLEVELAND.YZER,FM,Customer,REG,Yzer LLC,YZER,2026-05-07 23:59:59,025,0.0,0.0,0.0,0.0,0.0,0.0,,,1.0,,1.0,1.0
2006,8163-G06-015-719738-260507,8163_G06,C_065363,8162,XD_8162_OH_CLEVELAND.YZER,FM,Customer,REG,Yzer LLC,YZER,2026-05-07 23:59:59,015,0.0,0.0,0.0,0.0,0.0,0.0,,,1.0,,1.0,0.0
2007,8162-G09-046-415729-260511,8162_G09,C_415729,8162,XD_8162_OH_CLEVELAND.YZER,FM,Customer,REG,Yzer LLC,YZER,2026-05-11 23:59:59,046,0.0,0.0,0.0,0.0,0.0,0.0,,,1.0,,1.0,1.0
2008,8162-G02-040-244530-260512,8162_G02,C_017375,8162,XD_8162_OH_CLEVELAND.YZER,FM,Customer,REG,Yzer LLC,YZER,2026-05-12 23:59:59,040,0.0,0.0,0.0,0.0,0.0,0.0,,,1.0,,1.0,0.0
2009,8162-G05-045-245718-260511,8162_G05,C_245718,8162,XD_8162_OH_CLEVELAND.YZER,FM,Customer,REG,Yzer LLC,YZER,2026-05-11 23:59:59,045,0.0,0.0,0.0,0.0,0.0,0.0,,,1.0,,1.0,1.0
2010,8162-G09-013-286750-260513,8162_G09,C_286750,8162,XD_8162_OH_CLEVELAND.YZER,FM,Customer,REG,Yzer LLC,YZER,2026-05-13 23:59:59,013,0.0,0.0,0.0,0.0,0.0,0.0,,,1.0,,1.0,1.0
2011,8162-H06-010-151578-260506,8162_H06,C_151568,8162,XD_8162_OH_CLEVELAND.YZER,FM,Customer,REG,Yzer LLC,YZER,2026-05-06 23:59:59,010,0.0,0.0,0.0,0.0,0.0,0.0,,,1.0,,1.0,1.0
2012,8162-H03-020-415745-260519,8162_H03,C_415745,8162,XD_8162_OH_CLEVELAND.YZER,FM,Customer,REG,Yzer LLC,YZER,2026-05-19 23:59:59,020,0.0,0.0,0.0,0.0,0.0,0.0,,,1.0,,1.0,1.0
2013,8162-G01-005-244545-260519,8162_G01,C_436015,8162,XD_8162_OH_CLEVELAND.YZER,FM,Customer,REG,Yzer LLC,YZER,2026-05-19 23:59:59,005,0.0,0.0,0.0,0.0,0.0,0.0,,,1.0,,1.0,0.0
2014,8162-H01-025-806927-260506,8162_H01,C_806927,8162,XD_8162_OH_CLEVELAND.YZER,FM,Customer,REG,Yzer LLC,YZER,2026-05-06 23:59:59,025,0.0,0.0,0.0,0.0,0.0,0.0,,,1.0,,1.0,1.0
2015,8162-H02-025-134412-260520,8162_H02,C_134412,8162,XD_8162_OH_CLEVELAND.YZER,FM,Customer,REG,Yzer LLC,YZER,2026-05-20 23:59:59,025,0.0,0.0,0.0,0.0,0.0,0.0,,,1.0,,1.0,1.0
2016,8163-G05-001-441221-260520,8163_G05,C_441221,8162,XD_8162_OH_CLEVELAND.YZER,FM,Customer,REG,Yzer LLC,YZER,2026-05-20 23:59:59,001,0.0,0.0,0.0,0.0,0.0,0.0,,,1.0,,1.0,0.0
2017,8162-G02-015-038361-260512,8162_G02,C_731867,8162,XD_8162_OH_CLEVELAND.YZER,FM,Customer,REG,Yzer LLC,YZER,2026-05-12 23:59:59,015,0.0,0.0,0.0,0.0,0.0,0.0,,,1.0,,1.0,0.0
2018,8162-H06-025-893017-260506,8162_H06,C_717269,8162,XD_8162_OH_CLEVELAND.YZER,FM,Customer,REG,Yzer LLC,YZER,2026-05-06 23:59:59,025,0.0,0.0,0.0,0.0,0.0,0.0,,,1.0,,1.0,0.0
2019,8162-G03-030-724609-260520,8162_G03,C_724609,8162,XD_8162_OH_CLEVELAND.YZER,FM,Customer,REG,Yzer LLC,YZER,2026-05-20 23:59:59,030,0.0,0.0,0.0,0.0,0.0,0.0,,,1.0,,1.0,1.0
2020,8162-H06-020-431045-260521,8162_H06,C_717269,8162,XD_8162_OH_CLEVELAND.YZER,FM,Customer,REG,Yzer LLC,YZER,2026-05-21 23:59:59,020,0.0,0.0,0.0,0.0,0.0,0.0,,,1.0,,1.0,0.0
2021,8162-H01-030-756914-260521,8162_H01,C_756914,8162,XD_8162_OH_CLEVELAND.YZER,FM,Customer,REG,Yzer LLC,YZER,2026-05-21 23:59:59,030,0.0,0.0,0.0,0.0,0.0,0.0,,,1.0,,1.0,1.0
2022,8162-H05-060-446021-260507,8162_H05,C_446021,8162,XD_8162_OH_CLEVELAND.YZER,FM,Customer,REG,Yzer LLC,YZER,2026-05-07 23:59:59,060,0.0,0.0,0.0,0.0,0.0,0.0,,,1.0,,1.0,1.0
2023,8162-H04-035-134185-260521,8162_H04,C_134185,8162,XD_8162_OH_CLEVELAND.YZER,FM,Customer,REG,Yzer LLC,YZER,2026-05-21 23:59:59,035,0.0,0.0,0.0,0.0,0.0,0.0,,,1.0,,1.0,1.0
2024,8162-G05-006-224266-260521,8162_G05,C_061312,8162,XD_8162_OH_CLEVELAND.YZER,FM,Customer,REG,Yzer LLC,YZER,2026-05-21 23:59:59,006,0.0,0.0,0.0,0.0,0.0,0.0,,,1.0,,1.0,0.0
2025,8162-G01-020-890860-260521,8162_G01,C_890860,8162,XD_8162_OH_CLEVELAND.YZER,FM,Customer,REG,Yzer LLC,YZER,2026-05-21 23:59:59,020,0.0,0.0,0.0,0.0,0.0,0.0,,,1.0,,1.0,1.0
2026,8162-G07-060-134966-260521,8162_G07,C_134966,8162,XD_8162_OH_CLEVELAND.YZER,FM,Customer,REG,Yzer LLC,YZER,2026-05-21 23:59:59,060,0.0,0.0,0.0,0.0,0.0,0.0,,,1.0,,1.0,1.0
2027,Z-3613019,8162_H06,,8162,XD_8162_OH_CLEVELAND.YZER,RC,Route Chrg,REG,Yzer LLC,YZER,2026-05-20 23:59:59,000,277.28,0.0,277.28,235.0,34.05,8.23,,,,,1.0,1.0
2028,8162-G04-010-786357-260521,8162_G04,C_833539,8162,XD_8162_OH_CLEVELAND.YZER,FM,Customer,REG,Yzer LLC,YZER,2026-05-21 23:59:59,010,0.0,0.0,0.0,0.0,0.0,0.0,,,1.0,,1.0,1.0
2029,8162-G05-045-245718-260508,8162_G05,C_245718,8162,XD_8162_OH_CLEVELAND.YZER,FM,Customer,REG,Yzer LLC,YZER,2026-05-08 23:59:59,045,0.0,0.0,0.0,0.0,0.0,0.0,,,1.0,,1.0,1.0
2030,8162-H04-005-433761-260521,8162_H04,C_435532,8162,XD_8162_OH_CLEVELAND.YZER,FM,Customer,REG,Yzer LLC,YZER,2026-05-21 23:59:59,005,0.0,0.0,0.0,0.0,0.0,0.0,,,1.0,,1.0,1.0
2031,8163-G02-005-071322-260521,8163_G02,C_713914,8162,XD_8162_OH_CLEVELAND.YZER,FM,Customer,REG,Yzer LLC,YZER,2026-05-21 23:59:59,005,0.0,0.0,0.0,0.0,0.0,0.0,,,1.0,,1.0,0.0
2032,8162-H06-020-245725-260521,8162_H06,C_717269,8162,XD_8162_OH_CLEVELAND.YZER,FM,Customer,REG,Yzer LLC,YZER,2026-05-21 23:59:59,020,0.0,0.0,0.0,0.0,0.0,0.0,,,1.0,,1.0,1.0
2033,8162-G02-040-244530-260506,8162_G02,C_017375,8162,XD_8162_OH_CLEVELAND.YZER,FM,Customer,REG,Yzer LLC,YZER,2026-05-06 23:59:59,040,0.0,0.0,0.0,0.0,0.0,0.0,,,1.0,,1.0,1.0
2034,8163-G06-015-719738-260514,8163_G06,C_065363,8162,XD_8162_OH_CLEVELAND.YZER,FM,Customer,REG,Yzer LLC,YZER,2026-05-14 23:59:59,015,0.0,0.0,0.0,0.0,0.0,0.0,,,1.0,,1.0,0.0
2035,8162-H02-050-579755-260521,8162_H02,C_579755,8162,XD_8162_OH_CLEVELAND.YZER,FM,Customer,REG,Yzer LLC,YZER,2026-05-21 23:59:59,050,0.0,0.0,0.0,0.0,0.0,0.0,,,1.0,,1.0,1.0
2036,8162-G05-045-237260-260522,8162_G05,C_245718,8162,XD_8162_OH_CLEVELAND.YZER,FM,Customer,REG,Yzer LLC,YZER,2026-05-22 23:59:59,045,0.0,0.0,0.0,0.0,0.0,0.0,,,1.0,,1.0,0.0
2037,8162-G02-065-406255-260508,8162_G02,C_406255,8162,XD_8162_OH_CLEVELAND.YZER,FM,Customer,REG,Yzer LLC,YZER,2026-05-08 23:59:59,065,0.0,0.0,0.0,0.0,0.0,0.0,,,1.0,,1.0,1.0
2038,Z-3580239,8162_G07,,8162,XD_8162_OH_CLEVELAND.YZER,RC,Route Chrg,REG,Yzer LLC,YZER,2026-05-08 23:59:59,000,304.55,0.0,304.55,275.0,19.92,9.63,,,,,1.0,1.0
2039,8162-H06-005-905176-260512,8162_H06,C_905176,8162,XD_8162_OH_CLEVELAND.YZER,FM,Customer,REG,Yzer LLC,YZER,2026-05-12 23:59:59,005,0.0,0.0,0.0,0.0,0.0,0.0,,,1.0,,1.0,1.0
2040,8162-G06-010-151558-260513,8162_G06,C_151558,8162,XD_8162_OH_CLEVELAND.YZER,FM,Customer,REG,Yzer LLC,YZER,2026-05-13 23:59:59,010,0.0,0.0,0.0,0.0,0.0,0.0,,,1.0,,1.0,1.0
2041,8162-G06-035-134431-260526,8162_G06,C_134431,8162,XD_8162_OH_CLEVELAND.YZER,FM,Customer,REG,Yzer LLC,YZER,2026-05-26 23:59:59,035,0.0,0.0,0.0,0.0,0.0,0.0,,,1.0,,1.0,1.0
2042,8162-H01-030-756914-260526,8162_H01,C_756914,8162,XD_8162_OH_CLEVELAND.YZER,FM,Customer,REG,Yzer LLC,YZER,2026-05-26 23:59:59,030,0.0,0.0,0.0,0.0,0.0,0.0,,,1.0,,1.0,1.0
2043,8162-G02-010-433278-260522,8162_G02,C_433278,8162,XD_8162_OH_CLEVELAND.YZER,FM,Customer,REG,Yzer LLC,YZER,2026-05-22 23:59:59,010,0.0,0.0,0.0,0.0,0.0,0.0,,,1.0,,1.0,1.0
2044,8162-H04-010-146265-260522,8162_H04,C_146265,8162,XD_8162_OH_CLEVELAND.YZER,FM,Customer,REG,Yzer LLC,YZER,2026-05-22 23:59:59,010,0.0,0.0,0.0,0.0,0.0,0.0,,,1.0,,1.0,1.0
2045,8162-G01-025-371496-260512,8162_G01,C_371496,8162,XD_8162_OH_CLEVELAND.YZER,FM,Customer,REG,Yzer LLC,YZER,2026-05-12 23:59:59,025,0.0,0.0,0.0,0.0,0.0,0.0,,,1.0,,1.0,1.0
2046,8162-HX5-010-992617-260507,8162_HX5,C_678442,8162,XD_8162_OH_CLEVELAND.YZER,FM,Customer,REG,Yzer LLC,YZER,2026-05-07 23:59:59,010,0.0,0.0,0.0,0.0,0.0,0.0,,,1.0,,1.0,0.0
2047,8162-G01-005-050647-260522,8162_G01,C_436015,8162,XD_8162_OH_CLEVELAND.YZER,FM,Customer,REG,Yzer LLC,YZER,2026-05-22 23:59:59,005,0.0,0.0,0.0,0.0,0.0,0.0,,,1.0,,1.0,0.0
2048,8162-H05-035-259008-260522,8162_H05,C_259008,8162,XD_8162_OH_CLEVELAND.YZER,FM,Customer,REG,Yzer LLC,YZER,2026-05-22 23:59:59,035,0.0,0.0,0.0,0.0,0.0,0.0,,,1.0,,1.0,1.0
2049,Z-3615924,8162_H01,,8162,XD_8162_OH_CLEVELAND.YZER,RC,Route Chrg,REG,Yzer LLC,YZER,2026-05-21 23:59:59,000,252.5,0.0,252.5,228.0,16.52,7.98,,,,,1.0,1.0
2050,Z-3615901,8162_G03,,8162,XD_8162_OH_CLEVELAND.YZER,RC,Route Chrg,REG,Yzer LLC,YZER,2026-05-21 23:59:59,000,374.32,0.0,374.32,338.0,24.49,11.83,,,,,1.0,1.0
2051,8162-G06-020-230842-260511,8162_G06,C_133946,8162,XD_8162_OH_CLEVELAND.YZER,FM,Customer,REG,Yzer LLC,YZER,2026-05-11 23:59:59,020,0.0,0.0,0.0,0.0,0.0,0.0,,,1.0,,1.0,0.0
2052,8162-G05-001-429087-260522,8162_G05,C_441221,8162,XD_8162_OH_CLEVELAND.YZER,FM,Customer,REG,Yzer LLC,YZER,2026-05-22 23:59:59,001,0.0,0.0,0.0,0.0,0.0,0.0,,,1.0,,1.0,0.0
2053,Z-3620685,8162_H04,,8162,XD_8162_OH_CLEVELAND.YZER,RC,Route Chrg,REG,Yzer LLC,YZER,2026-05-22 23:59:59,000,271.33,0.0,271.33,245.0,17.75,8.58,,,,,1.0,1.0
2054,8162-GX0-004-960596-260522,8162_GX0,C_464241,8162,XD_8162_OH_CLEVELAND.YZER,FM,Customer,REG,Yzer LLC,YZER,2026-05-22 23:59:59,004,0.0,0.0,0.0,0.0,0.0,0.0,,,1.0,,1.0,0.0
2055,8162-G09-035-905119-260526,8162_G09,C_905119,8162,XD_8162_OH_CLEVELAND.YZER,FM,Customer,REG,Yzer LLC,YZER,2026-05-26 23:59:59,035,0.0,0.0,0.0,0.0,0.0,0.0,,,1.0,,1.0,1.0
2056,Z-3620695,8162_G01,,8162,XD_8162_OH_CLEVELAND.YZER,RC,Route Chrg,REG,Yzer LLC,YZER,2026-05-22 23:59:59,000,254.71,0.0,254.71,230.0,16.66,8.05,,,,,1.0,1.0
2057,Z-3595567,8162_G06,,8162,XD_8162_OH_CLEVELAND.YZER,RC,Route Chrg,REG,Yzer LLC,YZER,2026-05-14 23:59:59,000,383.86,0.0,383.86,345.0,26.78,12.08,,,,,1.0,1.0
2058,8162-H06-040-946980-260526,8162_H06,C_946980,8162,XD_8162_OH_CLEVELAND.YZER,FM,Customer,REG,Yzer LLC,YZER,2026-05-26 23:59:59,040,0.0,0.0,0.0,0.0,0.0,0.0,,,1.0,,1.0,1.0
2059,8162-G01-015-273236-260526,8162_G01,C_273236,8162,XD_8162_OH_CLEVELAND.YZER,FM,Customer,REG,Yzer LLC,YZER,2026-05-26 23:59:59,015,0.0,0.0,0.0,0.0,0.0,0.0,,,1.0,,1.0,1.0
2060,8162-H06-015-173338-260526,8162_H06,C_433600,8162,XD_8162_OH_CLEVELAND.YZER,FM,Customer,REG,Yzer LLC,YZER,2026-05-26 23:59:59,015,0.0,0.0,0.0,0.0,0.0,0.0,,,1.0,,1.0,0.0
2061,8162-G07-005-589418-260526,8162_G07,C_599132,8162,XD_8162_OH_CLEVELAND.YZER,FM,Customer,REG,Yzer LLC,YZER,2026-05-26 23:59:59,005,0.0,0.0,0.0,0.0,0.0,0.0,,,1.0,,1.0,1.0
2062,8162-H03-015-133964-260526,8162_H03,C_133964,8162,XD_8162_OH_CLEVELAND.YZER,FM,Customer,REG,Yzer LLC,YZER,2026-05-26 23:59:59,015,0.0,0.0,0.0,0.0,0.0,0.0,,,1.0,,1.0,1.0
2063,8162-H06-020-717269-260526,8162_H06,C_717269,8162,XD_8162_OH_CLEVELAND.YZER,FM,Customer,REG,Yzer LLC,YZER,2026-05-26 23:59:59,020,0.0,0.0,0.0,0.0,0.0,0.0,,,1.0,,1.0,0.0
2064,8162-G02-020-198160-260522,8162_G02,C_598488,8162,XD_8162_OH_CLEVELAND.YZER,FM,Customer,REG,Yzer LLC,YZER,2026-05-22 23:59:59,020,0.0,0.0,0.0,0.0,0.0,0.0,,,1.0,,1.0,0.0
2065,8162-H02-050-579755-260526,8162_H02,C_579755,8162,XD_8162_OH_CLEVELAND.YZER,FM,Customer,REG,Yzer LLC,YZER,2026-05-26 23:59:59,050,0.0,0.0,0.0,0.0,0.0,0.0,,,1.0,,1.0,1.0
2066,Z-3577858,8163_GX4,,8162,XD_8162_OH_CLEVELAND.YZER,RC,Route Chrg,REG,Yzer LLC,YZER,2026-05-07 23:59:59,000,,0.0,,,0.0,,1.0,1.0,1.0,1.0,1.0,1.0
2067,Z-3573993,8163_HX5,,8162,XD_8162_OH_CLEVELAND.YZER,RC,Route Chrg,REG,Yzer LLC,YZER,2026-05-06 23:59:59,000,,0.0,,,0.0,,1.0,1.0,1.0,1.0,1.0,1.0
2068,8162-G03-020-667610-260512,8162_G03,C_667610,8162,XD_8162_OH_CLEVELAND.YZER,FM,Customer,REG,Yzer LLC,YZER,2026-05-12 23:59:59,020,0.0,0.0,0.0,0.0,0.0,0.0,,,1.0,,1.0,1.0
2069,8162-H04-025-349314-260519,8162_H04,C_349314,8162,XD_8162_OH_CLEVELAND.YZER,FM,Customer,REG,Yzer LLC,YZER,2026-05-19 23:59:59,025,0.0,0.0,0.0,0.0,0.0,0.0,,,1.0,,1.0,1.0
2070,8162-G02-020-096443-260519,8162_G02,C_598488,8162,XD_8162_OH_CLEVELAND.YZER,FM,Customer,REG,Yzer LLC,YZER,2026-05-19 23:59:59,020,0.0,0.0,0.0,0.0,0.0,0.0,,,1.0,,1.0,0.0
2071,8162-H04-045-603704-260519,8162_H04,C_603704,8162,XD_8162_OH_CLEVELAND.YZER,FM,Customer,REG,Yzer LLC,YZER,2026-05-19 23:59:59,045,0.0,0.0,0.0,0.0,0.0,0.0,,,1.0,,1.0,1.0
2072,8162-G02-015-038361-260519,8162_G02,C_731867,8162,XD_8162_OH_CLEVELAND.YZER,FM,Customer,REG,Yzer LLC,YZER,2026-05-19 23:59:59,015,0.0,0.0,0.0,0.0,0.0,0.0,,,1.0,,1.0,0.0
2073,Z-3603680,8162_G03,,8162,XD_8162_OH_CLEVELAND.YZER,RC,Route Chrg,REG,Yzer LLC,YZER,2026-05-18 23:59:59,000,376.07,0.0,376.07,338.0,26.24,11.83,,,,,1.0,1.0
2074,8162-G07-060-134966-260519,8162_G07,C_134966,8162,XD_8162_OH_CLEVELAND.YZER,FM,Customer,REG,Yzer LLC,YZER,2026-05-19 23:59:59,060,0.0,0.0,0.0,0.0,0.0,0.0,,,1.0,,1.0,1.0
2075,8162-G07-010-134526-260511,8162_G07,C_134526,8162,XD_8162_OH_CLEVELAND.YZER,FM,Customer,REG,Yzer LLC,YZER,2026-05-11 23:59:59,010,0.0,0.0,0.0,0.0,0.0,0.0,,,1.0,,1.0,1.0
2076,8163-G04-005-679719-260514,8163_G04,C_712383,8162,XD_8162_OH_CLEVELAND.YZER,FM,Customer,REG,Yzer LLC,YZER,2026-05-14 23:59:59,005,0.0,0.0,0.0,0.0,0.0,0.0,,,1.0,,1.0,0.0
2077,8162-G01-015-273236-260520,8162_G01,C_273236,8162,XD_8162_OH_CLEVELAND.YZER,FM,Customer,REG,Yzer LLC,YZER,2026-05-20 23:59:59,015,0.0,0.0,0.0,0.0,0.0,0.0,,,1.0,,1.0,1.0
2078,8163-G03-015-864840-260520,8163_G03,C_864840,8162,XD_8162_OH_CLEVELAND.YZER,FM,Customer,REG,Yzer LLC,YZER,2026-05-20 23:59:59,015,0.0,0.0,0.0,0.0,0.0,0.0,,,1.0,,1.0,0.0
2079,8162-G06-040-807750-260520,8162_G06,C_807750,8162,XD_8162_OH_CLEVELAND.YZER,FM,Customer,REG,Yzer LLC,YZER,2026-05-20 23:59:59,040,0.0,0.0,0.0,0.0,0.0,0.0,,,1.0,,1.0,1.0
2080,8162-G03-020-667610-260520,8162_G03,C_667610,8162,XD_8162_OH_CLEVELAND.YZER,FM,Customer,REG,Yzer LLC,YZER,2026-05-20 23:59:59,020,0.0,0.0,0.0,0.0,0.0,0.0,,,1.0,,1.0,1.0
2081,8162-H04-005-050648-260520,8162_H04,C_435532,8162,XD_8162_OH_CLEVELAND.YZER,FM,Customer,REG,Yzer LLC,YZER,2026-05-20 23:59:59,005,0.0,0.0,0.0,0.0,0.0,0.0,,,1.0,,1.0,0.0
2082,8163-G04-006-712383-260520,8163_G04,C_712383,8162,XD_8162_OH_CLEVELAND.YZER,FM,Customer,REG,Yzer LLC,YZER,2026-05-20 23:59:59,006,0.0,0.0,0.0,0.0,0.0,0.0,,,1.0,,1.0,0.0
2083,8162-G06-020-133946-260513,8162_G06,C_133946,8162,XD_8162_OH_CLEVELAND.YZER,FM,Customer,REG,Yzer LLC,YZER,2026-05-13 23:59:59,020,0.0,0.0,0.0,0.0,0.0,0.0,,,1.0,,1.0,0.0
2084,8162-G07-035-122823-260521,8162_G07,C_121615,8162,XD_8162_OH_CLEVELAND.YZER,FM,Customer,REG,Yzer LLC,YZER,2026-05-21 23:59:59,035,0.0,0.0,0.0,0.0,0.0,0.0,,,1.0,,1.0,1.0
2085,8162-G01-005-244545-260521,8162_G01,C_436015,8162,XD_8162_OH_CLEVELAND.YZER,FM,Customer,REG,Yzer LLC,YZER,2026-05-21 23:59:59,005,0.0,0.0,0.0,0.0,0.0,0.0,,,1.0,,1.0,0.0
2086,8162-H01-035-865326-260521,8162_H01,C_865326,8162,XD_8162_OH_CLEVELAND.YZER,FM,Customer,REG,Yzer LLC,YZER,2026-05-21 23:59:59,035,0.0,0.0,0.0,0.0,0.0,0.0,,,1.0,,1.0,1.0
2087,8162-G06-026-289530-260521,8162_G06,C_289522,8162,XD_8162_OH_CLEVELAND.YZER,FM,Customer,REG,Yzer LLC,YZER,2026-05-21 23:59:59,026,0.0,0.0,0.0,0.0,0.0,0.0,,,1.0,,1.0,0.0
2088,8162-G05-007-905017-260507,8162_G05,C_208840,8162,XD_8162_OH_CLEVELAND.YZER,FM,Customer,REG,Yzer LLC,YZER,2026-05-07 23:59:59,007,0.0,0.0,0.0,0.0,0.0,0.0,,,1.0,,1.0,0.0
2089,8162-H02-005-407839-260514,8162_H02,C_407839,8162,XD_8162_OH_CLEVELAND.YZER,FM,Customer,REG,Yzer LLC,YZER,2026-05-14 23:59:59,005,0.0,0.0,0.0,0.0,0.0,0.0,,,1.0,,1.0,1.0
2090,Z-3567548,8162_GX0,,8162,XD_8162_OH_CLEVELAND.YZER,RC,Route Chrg,REG,Yzer LLC,YZER,2026-05-05 23:59:59,000,0.0,0.0,0.0,0.0,0.0,0.0,,,,,1.0,1.0
2091,8162-H02-045-624058-260521,8162_H02,C_624058,8162,XD_8162_OH_CLEVELAND.YZER,FM,Customer,REG,Yzer LLC,YZER,2026-05-21 23:59:59,045,0.0,0.0,0.0,0.0,0.0,0.0,,,1.0,,1.0,1.0
2092,8162-G03-025-969803-260521,8162_G03,C_296317,8162,XD_8162_OH_CLEVELAND.YZER,FM,Customer,REG,Yzer LLC,YZER,2026-05-21 23:59:59,025,0.0,0.0,0.0,0.0,0.0,0.0,,,1.0,,1.0,1.0
2093,8162-G05-020-599776-260512,8162_G05,C_599776,8162,XD_8162_OH_CLEVELAND.YZER,FM,Customer,REG,Yzer LLC,YZER,2026-05-12 23:59:59,020,0.0,0.0,0.0,0.0,0.0,0.0,,,1.0,,1.0,1.0
2094,8163-G05-030-610134-260521,8163_G05,C_610134,8162,XD_8162_OH_CLEVELAND.YZER,FM,Customer,REG,Yzer LLC,YZER,2026-05-21 23:59:59,030,0.0,0.0,0.0,0.0,0.0,0.0,,,1.0,,1.0,0.0
2095,8162-G07-025-955410-260522,8162_G07,C_955410,8162,XD_8162_OH_CLEVELAND.YZER,FM,Customer,REG,Yzer LLC,YZER,2026-05-22 23:59:59,025,0.0,0.0,0.0,0.0,0.0,0.0,,,1.0,,1.0,1.0
2096,8162-H03-045-664113-260506,8162_H03,C_664113,8162,XD_8162_OH_CLEVELAND.YZER,FM,Customer,REG,Yzer LLC,YZER,2026-05-06 23:59:59,045,0.0,0.0,0.0,0.0,0.0,0.0,,,1.0,,1.0,1.0
2097,8162-H06-015-173368-260522,8162_H06,C_433600,8162,XD_8162_OH_CLEVELAND.YZER,FM,Customer,REG,Yzer LLC,YZER,2026-05-22 23:59:59,015,0.0,0.0,0.0,0.0,0.0,0.0,,,1.0,,1.0,0.0
2098,8162-G03-025-969803-260506,8162_G03,C_296317,8162,XD_8162_OH_CLEVELAND.YZER,FM,Customer,REG,Yzer LLC,YZER,2026-05-06 23:59:59,025,0.0,0.0,0.0,0.0,0.0,0.0,,,1.0,,1.0,0.0
2099,8162-H03-050-442084-260522,8162_H03,C_442084,8162,XD_8162_OH_CLEVELAND.YZER,FM,Customer,REG,Yzer LLC,YZER,2026-05-22 23:59:59,050,0.0,0.0,0.0,0.0,0.0,0.0,,,1.0,,1.0,1.0
2100,8162-H04-030-326949-260508,8162_H04,C_993260,8162,XD_8162_OH_CLEVELAND.YZER,FM,Customer,REG,Yzer LLC,YZER,2026-05-08 23:59:59,030,0.0,0.0,0.0,0.0,0.0,0.0,,,1.0,,1.0,1.0
2101,8162-G05-005-429087-260508,8162_G05,C_441221,8162,XD_8162_OH_CLEVELAND.YZER,FM,Customer,REG,Yzer LLC,YZER,2026-05-08 23:59:59,005,0.0,0.0,0.0,0.0,0.0,0.0,,,1.0,,1.0,0.0
2102,8162-G03-005-723011-260522,8162_G03,C_810447,8162,XD_8162_OH_CLEVELAND.YZER,FM,Customer,REG,Yzer LLC,YZER,2026-05-22 23:59:59,005,0.0,0.0,0.0,0.0,0.0,0.0,,,1.0,,1.0,1.0
2103,8162-H03-005-160440-260506,8162_H03,C_160440,8162,XD_8162_OH_CLEVELAND.YZER,FM,Customer,REG,Yzer LLC,YZER,2026-05-06 23:59:59,005,0.0,0.0,0.0,0.0,0.0,0.0,,,1.0,,1.0,1.0
2104,8162-G07-010-134526-260514,8162_G07,C_134526,8162,XD_8162_OH_CLEVELAND.YZER,FM,Customer,REG,Yzer LLC,YZER,2026-05-14 23:59:59,010,0.0,0.0,0.0,0.0,0.0,0.0,,,1.0,,1.0,1.0
2105,8162-G07-030-995737-260526,8162_G07,C_995737,8162,XD_8162_OH_CLEVELAND.YZER,FM,Customer,REG,Yzer LLC,YZER,2026-05-26 23:59:59,030,0.0,0.0,0.0,0.0,0.0,0.0,,,1.0,,1.0,1.0
2106,8162-G09-046-415729-260522,8162_G09,C_415729,8162,XD_8162_OH_CLEVELAND.YZER,FM,Customer,REG,Yzer LLC,YZER,2026-05-22 23:59:59,046,0.0,0.0,0.0,0.0,0.0,0.0,,,1.0,,1.0,1.0
2107,Z-3571098,8163_G02,,8162,XD_8162_OH_CLEVELAND.YZER,RC,Route Chrg,REG,Yzer LLC,YZER,2026-05-06 23:59:59,000,,0.0,,,0.0,,4.0,174.0,4.0,174.0,1.0,1.0
2108,Z-3563116,8163_G01,,8162,XD_8162_OH_CLEVELAND.YZER,RC,Route Chrg,REG,Yzer LLC,YZER,2026-05-04 23:59:59,000,,0.0,,,0.0,,5.0,22.0,5.0,22.0,1.0,1.0
2109,Z-3580455,8163_G06,,8162,XD_8162_OH_CLEVELAND.YZER,RC,Route Chrg,REG,Yzer LLC,YZER,2026-05-08 23:59:59,000,,0.0,,,0.0,,6.0,23.0,6.0,23.0,1.0,1.0
2110,Z-3580351,8163_H05,,8162,XD_8162_OH_CLEVELAND.YZER,RC,Route Chrg,REG,Yzer LLC,YZER,2026-05-08 23:59:59,000,,0.0,,,0.0,,8.0,21.0,8.0,21.0,1.0,1.0
2111,8162-G04-015-134184-260513,8162_G04,C_134184,8162,XD_8162_OH_CLEVELAND.YZER,FM,Customer,REG,Yzer LLC,YZER,2026-05-13 23:59:59,015,0.0,0.0,0.0,0.0,0.0,0.0,,,1.0,,1.0,1.0
2112,8162-G09-026-295594-260508,8162_G09,C_295594,8162,XD_8162_OH_CLEVELAND.YZER,FM,Customer,REG,Yzer LLC,YZER,2026-05-08 23:59:59,026,0.0,0.0,0.0,0.0,0.0,0.0,,,1.0,,1.0,1.0
2113,8162-H01-040-093505-260519,8162_H01,C_093505,8162,XD_8162_OH_CLEVELAND.YZER,FM,Customer,REG,Yzer LLC,YZER,2026-05-19 23:59:59,040,0.0,0.0,0.0,0.0,0.0,0.0,,,1.0,,1.0,1.0
2114,8162-H03-050-442084-260519,8162_H03,C_442084,8162,XD_8162_OH_CLEVELAND.YZER,FM,Customer,REG,Yzer LLC,YZER,2026-05-19 23:59:59,050,0.0,0.0,0.0,0.0,0.0,0.0,,,1.0,,1.0,1.0
2115,8162-H04-030-326949-260519,8162_H04,C_993260,8162,XD_8162_OH_CLEVELAND.YZER,FM,Customer,REG,Yzer LLC,YZER,2026-05-19 23:59:59,030,0.0,0.0,0.0,0.0,0.0,0.0,,,1.0,,1.0,1.0
2116,8162-G04-017-286184-260519,8162_G04,C_286184,8162,XD_8162_OH_CLEVELAND.YZER,FM,Customer,REG,Yzer LLC,YZER,2026-05-19 23:59:59,017,0.0,0.0,0.0,0.0,0.0,0.0,,,1.0,,1.0,1.0
2117,8163-G07-005-386053-260519,8163_G07,C_599132,8162,XD_8162_OH_CLEVELAND.YZER,FM,Customer,REG,Yzer LLC,YZER,2026-05-19 23:59:59,005,0.0,0.0,0.0,0.0,0.0,0.0,,,1.0,,1.0,0.0
2118,8163-G01-005-209001-260519,8163_G01,C_436015,8162,XD_8162_OH_CLEVELAND.YZER,FM,Customer,REG,Yzer LLC,YZER,2026-05-19 23:59:59,005,0.0,0.0,0.0,0.0,0.0,0.0,,,1.0,,1.0,0.0
2119,8162-H06-010-151569-260519,8162_H06,C_151568,8162,XD_8162_OH_CLEVELAND.YZER,FM,Customer,REG,Yzer LLC,YZER,2026-05-19 23:59:59,010,0.0,0.0,0.0,0.0,0.0,0.0,,,1.0,,1.0,0.0
2120,8162-G05-006-905419-260519,8162_G05,C_061312,8162,XD_8162_OH_CLEVELAND.YZER,FM,Customer,REG,Yzer LLC,YZER,2026-05-19 23:59:59,006,0.0,0.0,0.0,0.0,0.0,0.0,,,1.0,,1.0,1.0
2121,8162-H02-045-624058-260512,8162_H02,C_624058,8162,XD_8162_OH_CLEVELAND.YZER,FM,Customer,REG,Yzer LLC,YZER,2026-05-12 23:59:59,045,0.0,0.0,0.0,0.0,0.0,0.0,,,1.0,,1.0,1.0
2122,8162-H02-045-624058-260519,8162_H02,C_624058,8162,XD_8162_OH_CLEVELAND.YZER,FM,Customer,REG,Yzer LLC,YZER,2026-05-19 23:59:59,045,0.0,0.0,0.0,0.0,0.0,0.0,,,1.0,,1.0,1.0
2123,8162-G04-030-523596-260519,8162_G04,C_551579,8162,XD_8162_OH_CLEVELAND.YZER,FM,Customer,REG,Yzer LLC,YZER,2026-05-19 23:59:59,030,0.0,0.0,0.0,0.0,0.0,0.0,,,1.0,,1.0,1.0
2124,8162-H04-040-350918-260519,8162_H04,C_350918,8162,XD_8162_OH_CLEVELAND.YZER,FM,Customer,REG,Yzer LLC,YZER,2026-05-19 23:59:59,040,0.0,0.0,0.0,0.0,0.0,0.0,,,1.0,,1.0,1.0
2125,8162-G01-020-443013-260506,8162_G01,C_890860,8162,XD_8162_OH_CLEVELAND.YZER,FM,Customer,REG,Yzer LLC,YZER,2026-05-06 23:59:59,020,0.0,0.0,0.0,0.0,0.0,0.0,,,1.0,,1.0,0.0
2126,8162-G04-005-679719-260519,8162_G04,C_712383,8162,XD_8162_OH_CLEVELAND.YZER,FM,Customer,REG,Yzer LLC,YZER,2026-05-19 23:59:59,005,0.0,0.0,0.0,0.0,0.0,0.0,,,1.0,,1.0,1.0
2127,Z-3575456,8162_G06,,8162,XD_8162_OH_CLEVELAND.YZER,RC,Route Chrg,REG,Yzer LLC,YZER,2026-05-07 23:59:59,000,382.08,0.0,382.08,345.0,25.0,12.08,,,,,1.0,1.0
2128,8162-G02-045-209162-260520,8162_G02,C_209162,8162,XD_8162_OH_CLEVELAND.YZER,FM,Customer,REG,Yzer LLC,YZER,2026-05-20 23:59:59,045,0.0,0.0,0.0,0.0,0.0,0.0,,,1.0,,1.0,0.0
2129,8162-H02-025-134412-260506,8162_H02,C_134412,8162,XD_8162_OH_CLEVELAND.YZER,FM,Customer,REG,Yzer LLC,YZER,2026-05-06 23:59:59,025,0.0,0.0,0.0,0.0,0.0,0.0,,,1.0,,1.0,1.0
2130,8162-G03-030-724609-260506,8162_G03,C_724609,8162,XD_8162_OH_CLEVELAND.YZER,FM,Customer,REG,Yzer LLC,YZER,2026-05-06 23:59:59,030,0.0,0.0,0.0,0.0,0.0,0.0,,,1.0,,1.0,1.0
2131,8162-H04-005-893019-260520,8162_H04,C_435532,8162,XD_8162_OH_CLEVELAND.YZER,FM,Customer,REG,Yzer LLC,YZER,2026-05-20 23:59:59,005,0.0,0.0,0.0,0.0,0.0,0.0,,,1.0,,1.0,0.0
2132,8162-H06-010-151578-260508,8162_H06,C_151568,8162,XD_8162_OH_CLEVELAND.YZER,FM,Customer,REG,Yzer LLC,YZER,2026-05-08 23:59:59,010,0.0,0.0,0.0,0.0,0.0,0.0,,,1.0,,1.0,0.0
2133,8162-G07-020-235209-260521,8162_G07,C_235209,8162,XD_8162_OH_CLEVELAND.YZER,FM,Customer,REG,Yzer LLC,YZER,2026-05-21 23:59:59,020,0.0,0.0,0.0,0.0,0.0,0.0,,,1.0,,1.0,1.0
2134,8162-H02-055-195053-260521,8162_H02,C_195053,8162,XD_8162_OH_CLEVELAND.YZER,FM,Customer,REG,Yzer LLC,YZER,2026-05-21 23:59:59,055,0.0,0.0,0.0,0.0,0.0,0.0,,,1.0,,1.0,1.0
2135,8162-G06-010-151559-260521,8162_G06,C_151558,8162,XD_8162_OH_CLEVELAND.YZER,FM,Customer,REG,Yzer LLC,YZER,2026-05-21 23:59:59,010,0.0,0.0,0.0,0.0,0.0,0.0,,,1.0,,1.0,0.0
2136,8162-G09-001-289513-260521,8162_G09,C_289513,8162,XD_8162_OH_CLEVELAND.YZER,FM,Customer,REG,Yzer LLC,YZER,2026-05-21 23:59:59,001,0.0,0.0,0.0,0.0,0.0,0.0,,,1.0,,1.0,1.0
2137,8163-G09-001-424353-260521,8163_G09,C_289513,8162,XD_8162_OH_CLEVELAND.YZER,FM,Customer,REG,Yzer LLC,YZER,2026-05-21 23:59:59,001,0.0,0.0,0.0,0.0,0.0,0.0,,,1.0,,1.0,0.0
2138,8162-G07-005-050649-260512,8162_G07,C_599132,8162,XD_8162_OH_CLEVELAND.YZER,FM,Customer,REG,Yzer LLC,YZER,2026-05-12 23:59:59,005,0.0,0.0,0.0,0.0,0.0,0.0,,,1.0,,1.0,0.0
2139,8163-H06-015-415508-260512,8163_H06,C_433600,8162,XD_8162_OH_CLEVELAND.YZER,FM,Customer,REG,Yzer LLC,YZER,2026-05-12 23:59:59,015,0.0,0.0,0.0,0.0,0.0,0.0,,,1.0,,1.0,0.0
2140,8162-G03-005-723011-260521,8162_G03,C_810447,8162,XD_8162_OH_CLEVELAND.YZER,FM,Customer,REG,Yzer LLC,YZER,2026-05-21 23:59:59,005,0.0,0.0,0.0,0.0,0.0,0.0,,,1.0,,1.0,0.0
2141,8162-G03-020-667610-260513,8162_G03,C_667610,8162,XD_8162_OH_CLEVELAND.YZER,FM,Customer,REG,Yzer LLC,YZER,2026-05-13 23:59:59,020,0.0,0.0,0.0,0.0,0.0,0.0,,,1.0,,1.0,1.0
2142,Z-3595528,8162_H05,,8162,XD_8162_OH_CLEVELAND.YZER,RC,Route Chrg,REG,Yzer LLC,YZER,2026-05-14 23:59:59,000,298.64,0.0,298.64,252.0,37.82,8.82,,,,,1.0,1.0
2143,8162-G07-020-235209-260522,8162_G07,C_235209,8162,XD_8162_OH_CLEVELAND.YZER,FM,Customer,REG,Yzer LLC,YZER,2026-05-22 23:59:59,020,0.0,0.0,0.0,0.0,0.0,0.0,,,1.0,,1.0,1.0
2144,8162-G03-010-256130-260506,8162_G03,C_223285,8162,XD_8162_OH_CLEVELAND.YZER,FM,Customer,REG,Yzer LLC,YZER,2026-05-06 23:59:59,010,0.0,0.0,0.0,0.0,0.0,0.0,,,1.0,,1.0,1.0
2145,Z-3620690,8162_G05,,8162,XD_8162_OH_CLEVELAND.YZER,RC,Route Chrg,REG,Yzer LLC,YZER,2026-05-22 23:59:59,000,336.66,0.0,336.66,304.0,22.02,10.64,,,,,1.0,1.0
2146,8162-G07-005-893022-260522,8162_G07,C_599132,8162,XD_8162_OH_CLEVELAND.YZER,FM,Customer,REG,Yzer LLC,YZER,2026-05-22 23:59:59,005,0.0,0.0,0.0,0.0,0.0,0.0,,,1.0,,1.0,0.0
2147,Z-3587595,8162_H05,,8162,XD_8162_OH_CLEVELAND.YZER,RC,Route Chrg,REG,Yzer LLC,YZER,2026-05-12 23:59:59,000,297.33,0.0,297.33,252.0,36.51,8.82,,,,,1.0,1.0
2148,8162-G07-060-134966-260512,8162_G07,C_134966,8162,XD_8162_OH_CLEVELAND.YZER,FM,Customer,REG,Yzer LLC,YZER,2026-05-12 23:59:59,060,0.0,0.0,0.0,0.0,0.0,0.0,,,1.0,,1.0,1.0
2149,8162-H04-025-349314-260526,8162_H04,C_349314,8162,XD_8162_OH_CLEVELAND.YZER,FM,Customer,REG,Yzer LLC,YZER,2026-05-26 23:59:59,025,0.0,0.0,0.0,0.0,0.0,0.0,,,1.0,,1.0,1.0
2150,8162-G04-035-444588-260526,8162_G04,C_444588,8162,XD_8162_OH_CLEVELAND.YZER,FM,Customer,REG,Yzer LLC,YZER,2026-05-26 23:59:59,035,0.0,0.0,0.0,0.0,0.0,0.0,,,1.0,,1.0,1.0
2151,Z-3587685,8162_G05,,8162,XD_8162_OH_CLEVELAND.YZER,RC,Route Chrg,REG,Yzer LLC,YZER,2026-05-12 23:59:59,000,336.66,0.0,336.66,304.0,22.02,10.64,,,,,1.0,1.0
2152,8162-H06-020-431045-260522,8162_H06,C_717269,8162,XD_8162_OH_CLEVELAND.YZER,FM,Customer,REG,Yzer LLC,YZER,2026-05-22 23:59:59,020,0.0,0.0,0.0,0.0,0.0,0.0,,,1.0,,1.0,0.0
2153,8162-G05-007-208840-260522,8162_G05,C_208840,8162,XD_8162_OH_CLEVELAND.YZER,FM,Customer,REG,Yzer LLC,YZER,2026-05-22 23:59:59,007,0.0,0.0,0.0,0.0,0.0,0.0,,,1.0,,1.0,1.0
2154,8162-G01-035-390526-260512,8162_G01,C_390526,8162,XD_8162_OH_CLEVELAND.YZER,FM,Customer,REG,Yzer LLC,YZER,2026-05-12 23:59:59,035,0.0,0.0,0.0,0.0,0.0,0.0,,,1.0,,1.0,1.0
2155,8162-G01-030-633104-260522,8162_G01,C_217734,8162,XD_8162_OH_CLEVELAND.YZER,FM,Customer,REG,Yzer LLC,YZER,2026-05-22 23:59:59,030,0.0,0.0,0.0,0.0,0.0,0.0,,,1.0,,1.0,0.0
2156,Z-3620702,8162_G06,,8162,XD_8162_OH_CLEVELAND.YZER,RC,Route Chrg,REG,Yzer LLC,YZER,2026-05-22 23:59:59,000,382.08,0.0,382.08,345.0,25.0,12.08,,,,,1.0,1.0
2157,8162-G07-042-339737-260511,8162_G07,C_905014,8162,XD_8162_OH_CLEVELAND.YZER,FM,Customer,REG,Yzer LLC,YZER,2026-05-11 23:59:59,042,0.0,0.0,0.0,0.0,0.0,0.0,,,1.0,,1.0,1.0
2158,8162-H02-055-195053-260526,8162_H02,C_195053,8162,XD_8162_OH_CLEVELAND.YZER,FM,Customer,REG,Yzer LLC,YZER,2026-05-26 23:59:59,055,0.0,0.0,0.0,0.0,0.0,0.0,,,1.0,,1.0,1.0
2159,8162-G06-015-151562-260522,8162_G06,C_065363,8162,XD_8162_OH_CLEVELAND.YZER,FM,Customer,REG,Yzer LLC,YZER,2026-05-22 23:59:59,015,0.0,0.0,0.0,0.0,0.0,0.0,,,1.0,,1.0,0.0
2160,8162-G01-005-436015-260512,8162_G01,C_436015,8162,XD_8162_OH_CLEVELAND.YZER,FM,Customer,REG,Yzer LLC,YZER,2026-05-12 23:59:59,005,0.0,0.0,0.0,0.0,0.0,0.0,,,1.0,,1.0,1.0
2161,8162-H03-005-160440-260522,8162_H03,C_160440,8162,XD_8162_OH_CLEVELAND.YZER,FM,Customer,REG,Yzer LLC,YZER,2026-05-22 23:59:59,005,0.0,0.0,0.0,0.0,0.0,0.0,,,1.0,,1.0,1.0
2162,8162-H04-030-770700-260522,8162_H04,C_993260,8162,XD_8162_OH_CLEVELAND.YZER,FM,Customer,REG,Yzer LLC,YZER,2026-05-22 23:59:59,030,0.0,0.0,0.0,0.0,0.0,0.0,,,1.0,,1.0,0.0
2163,8162-G07-042-905014-260522,8162_G07,C_905014,8162,XD_8162_OH_CLEVELAND.YZER,FM,Customer,REG,Yzer LLC,YZER,2026-05-22 23:59:59,042,0.0,0.0,0.0,0.0,0.0,0.0,,,1.0,,1.0,1.0
2164,8162-G01-035-390526-260522,8162_G01,C_390526,8162,XD_8162_OH_CLEVELAND.YZER,FM,Customer,REG,Yzer LLC,YZER,2026-05-22 23:59:59,035,0.0,0.0,0.0,0.0,0.0,0.0,,,1.0,,1.0,1.0
2165,8162-H02-015-134622-260526,8162_H02,C_134622,8162,XD_8162_OH_CLEVELAND.YZER,FM,Customer,REG,Yzer LLC,YZER,2026-05-26 23:59:59,015,0.0,0.0,0.0,0.0,0.0,0.0,,,1.0,,1.0,1.0
2166,8162-G07-030-995737-260522,8162_G07,C_995737,8162,XD_8162_OH_CLEVELAND.YZER,FM,Customer,REG,Yzer LLC,YZER,2026-05-22 23:59:59,030,0.0,0.0,0.0,0.0,0.0,0.0,,,1.0,,1.0,1.0
2167,Z-3575537,8163_H02,,8162,XD_8162_OH_CLEVELAND.YZER,RC,Route Chrg,REG,Yzer LLC,YZER,2026-05-07 23:59:59,000,,0.0,,,0.0,,9.0,17.0,9.0,17.0,1.0,1.0
2168,Z-3575560,8163_G01,,8162,XD_8162_OH_CLEVELAND.YZER,RC,Route Chrg,REG,Yzer LLC,YZER,2026-05-07 23:59:59,000,,0.0,,,0.0,,5.0,24.0,5.0,24.0,1.0,1.0
2169,Z-3570901,8163_H06,,8162,XD_8162_OH_CLEVELAND.YZER,RC,Route Chrg,REG,Yzer LLC,YZER,2026-05-06 23:59:59,000,,0.0,,,0.0,,6.0,18.0,6.0,18.0,1.0,1.0
2170,Z-3559540,8163_H01,,8162,XD_8162_OH_CLEVELAND.YZER,RC,Route Chrg,REG,Yzer LLC,YZER,2026-05-01 23:59:59,000,,0.0,,,0.0,,9.0,25.0,9.0,25.0,1.0,1.0
2171,8162-G05-007-208840-260507,8162_G05,C_208840,8162,XD_8162_OH_CLEVELAND.YZER,FM,Customer,REG,Yzer LLC,YZER,2026-05-07 23:59:59,007,0.0,0.0,0.0,0.0,0.0,0.0,,,1.0,,1.0,1.0
2172,8162-G06-020-133946-260511,8162_G06,C_133946,8162,XD_8162_OH_CLEVELAND.YZER,FM,Customer,REG,Yzer LLC,YZER,2026-05-11 23:59:59,020,0.0,0.0,0.0,0.0,0.0,0.0,,,1.0,,1.0,1.0
2173,8163-G04-005-679719-260511,8163_G04,C_712383,8162,XD_8162_OH_CLEVELAND.YZER,FM,Customer,REG,Yzer LLC,YZER,2026-05-11 23:59:59,005,0.0,0.0,0.0,0.0,0.0,0.0,,,1.0,,1.0,0.0
2174,Z-3570821,8163_GX0,,8162,XD_8162_OH_CLEVELAND.YZER,RC,Route Chrg,REG,Yzer LLC,YZER,2026-05-06 23:59:59,000,0.0,0.0,0.0,0.0,0.0,0.0,,,,,1.0,1.0
2175,8162-G03-025-296317-260511,8162_G03,C_296317,8162,XD_8162_OH_CLEVELAND.YZER,FM,Customer,REG,Yzer LLC,YZER,2026-05-11 23:59:59,025,0.0,0.0,0.0,0.0,0.0,0.0,,,1.0,,1.0,1.0
2176,8162-G06-015-719738-260506,8162_G06,C_065363,8162,XD_8162_OH_CLEVELAND.YZER,FM,Customer,REG,Yzer LLC,YZER,2026-05-06 23:59:59,015,0.0,0.0,0.0,0.0,0.0,0.0,,,1.0,,1.0,0.0
2177,8162-G05-005-441221-260506,8162_G05,C_441221,8162,XD_8162_OH_CLEVELAND.YZER,FM,Customer,REG,Yzer LLC,YZER,2026-05-06 23:59:59,005,0.0,0.0,0.0,0.0,0.0,0.0,,,1.0,,1.0,1.0
2178,8162-H06-010-151574-260512,8162_H06,C_151568,8162,XD_8162_OH_CLEVELAND.YZER,FM,Customer,REG,Yzer LLC,YZER,2026-05-12 23:59:59,010,0.0,0.0,0.0,0.0,0.0,0.0,,,1.0,,1.0,1.0
2179,Z-3580231,8162_G01,,8162,XD_8162_OH_CLEVELAND.YZER,RC,Route Chrg,REG,Yzer LLC,YZER,2026-05-08 23:59:59,000,254.71,0.0,254.71,230.0,16.66,8.05,,,,,1.0,1.0
2180,8162-G06-010-151558-260514,8162_G06,C_151558,8162,XD_8162_OH_CLEVELAND.YZER,FM,Customer,REG,Yzer LLC,YZER,2026-05-14 23:59:59,010,0.0,0.0,0.0,0.0,0.0,0.0,,,1.0,,1.0,1.0
2181,8162-G01-005-718289-260514,8162_G01,C_436015,8162,XD_8162_OH_CLEVELAND.YZER,FM,Customer,REG,Yzer LLC,YZER,2026-05-14 23:59:59,005,0.0,0.0,0.0,0.0,0.0,0.0,,,1.0,,1.0,0.0
2182,8162-H02-005-407839-260507,8162_H02,C_407839,8162,XD_8162_OH_CLEVELAND.YZER,FM,Customer,REG,Yzer LLC,YZER,2026-05-07 23:59:59,005,0.0,0.0,0.0,0.0,0.0,0.0,,,1.0,,1.0,1.0
2183,8162-G06-015-151561-260506,8162_G06,C_065363,8162,XD_8162_OH_CLEVELAND.YZER,FM,Customer,REG,Yzer LLC,YZER,2026-05-06 23:59:59,015,0.0,0.0,0.0,0.0,0.0,0.0,,,1.0,,1.0,1.0
2184,8162-G05-025-173268-260508,8162_G05,C_173268,8162,XD_8162_OH_CLEVELAND.YZER,FM,Customer,REG,Yzer LLC,YZER,2026-05-08 23:59:59,025,0.0,0.0,0.0,0.0,0.0,0.0,,,1.0,,1.0,1.0
2185,8162-G06-025-289532-260507,8162_G06,C_289522,8162,XD_8162_OH_CLEVELAND.YZER,FM,Customer,REG,Yzer LLC,YZER,2026-05-07 23:59:59,025,0.0,0.0,0.0,0.0,0.0,0.0,,,1.0,,1.0,0.0
2186,8162-H02-020-134501-260514,8162_H02,C_134501,8162,XD_8162_OH_CLEVELAND.YZER,FM,Customer,REG,Yzer LLC,YZER,2026-05-14 23:59:59,020,0.0,0.0,0.0,0.0,0.0,0.0,,,1.0,,1.0,1.0
2187,8162-G04-010-875777-260519,8162_G04,C_833539,8162,XD_8162_OH_CLEVELAND.YZER,FM,Customer,REG,Yzer LLC,YZER,2026-05-19 23:59:59,010,0.0,0.0,0.0,0.0,0.0,0.0,,,1.0,,1.0,0.0
2188,8162-H04-005-433761-260519,8162_H04,C_435532,8162,XD_8162_OH_CLEVELAND.YZER,FM,Customer,REG,Yzer LLC,YZER,2026-05-19 23:59:59,005,0.0,0.0,0.0,0.0,0.0,0.0,,,1.0,,1.0,1.0
2189,8162-G02-045-209162-260507,8162_G02,C_209162,8162,XD_8162_OH_CLEVELAND.YZER,FM,Customer,REG,Yzer LLC,YZER,2026-05-07 23:59:59,045,0.0,0.0,0.0,0.0,0.0,0.0,,,1.0,,1.0,0.0
2190,8162-G01-025-371496-260519,8162_G01,C_371496,8162,XD_8162_OH_CLEVELAND.YZER,FM,Customer,REG,Yzer LLC,YZER,2026-05-19 23:59:59,025,0.0,0.0,0.0,0.0,0.0,0.0,,,1.0,,1.0,1.0
2191,8162-G06-035-134431-260513,8162_G06,C_134431,8162,XD_8162_OH_CLEVELAND.YZER,FM,Customer,REG,Yzer LLC,YZER,2026-05-13 23:59:59,035,0.0,0.0,0.0,0.0,0.0,0.0,,,1.0,,1.0,1.0
2192,8163-G02-005-071322-260511,8163_G02,C_713914,8162,XD_8162_OH_CLEVELAND.YZER,FM,Customer,REG,Yzer LLC,YZER,2026-05-11 23:59:59,005,0.0,0.0,0.0,0.0,0.0,0.0,,,1.0,,1.0,0.0
2193,8162-H05-020-304538-260519,8162_H05,C_304538,8162,XD_8162_OH_CLEVELAND.YZER,FM,Customer,REG,Yzer LLC,YZER,2026-05-19 23:59:59,020,0.0,0.0,0.0,0.0,0.0,0.0,,,1.0,,1.0,1.0
2194,8162-H02-035-340423-260520,8162_H02,C_340423,8162,XD_8162_OH_CLEVELAND.YZER,FM,Customer,REG,Yzer LLC,YZER,2026-05-20 23:59:59,035,0.0,0.0,0.0,0.0,0.0,0.0,,,1.0,,1.0,1.0
2195,8162-G05-020-599776-260520,8162_G05,C_599776,8162,XD_8162_OH_CLEVELAND.YZER,FM,Customer,REG,Yzer LLC,YZER,2026-05-20 23:59:59,020,0.0,0.0,0.0,0.0,0.0,0.0,,,1.0,,1.0,1.0
2196,8162-G04-017-286184-260520,8162_G04,C_286184,8162,XD_8162_OH_CLEVELAND.YZER,FM,Customer,REG,Yzer LLC,YZER,2026-05-20 23:59:59,017,0.0,0.0,0.0,0.0,0.0,0.0,,,1.0,,1.0,1.0
2197,8162-G07-025-955410-260520,8162_G07,C_955410,8162,XD_8162_OH_CLEVELAND.YZER,FM,Customer,REG,Yzer LLC,YZER,2026-05-20 23:59:59,025,0.0,0.0,0.0,0.0,0.0,0.0,,,1.0,,1.0,1.0
2198,8162-G04-045-443911-260520,8162_G04,C_443911,8162,XD_8162_OH_CLEVELAND.YZER,FM,Customer,REG,Yzer LLC,YZER,2026-05-20 23:59:59,045,0.0,0.0,0.0,0.0,0.0,0.0,,,1.0,,1.0,1.0
2199,8162-H06-035-419882-260507,8162_H06,C_815793,8162,XD_8162_OH_CLEVELAND.YZER,FM,Customer,REG,Yzer LLC,YZER,2026-05-07 23:59:59,035,0.0,0.0,0.0,0.0,0.0,0.0,,,1.0,,1.0,0.0
2200,8162-G05-007-208840-260514,8162_G05,C_208840,8162,XD_8162_OH_CLEVELAND.YZER,FM,Customer,REG,Yzer LLC,YZER,2026-05-14 23:59:59,007,0.0,0.0,0.0,0.0,0.0,0.0,,,1.0,,1.0,1.0
2201,8163-G06-015-151562-260507,8163_G06,C_065363,8162,XD_8162_OH_CLEVELAND.YZER,FM,Customer,REG,Yzer LLC,YZER,2026-05-07 23:59:59,015,0.0,0.0,0.0,0.0,0.0,0.0,,,1.0,,1.0,0.0
2202,8162-G06-020-133946-260521,8162_G06,C_133946,8162,XD_8162_OH_CLEVELAND.YZER,FM,Customer,REG,Yzer LLC,YZER,2026-05-21 23:59:59,020,0.0,0.0,0.0,0.0,0.0,0.0,,,1.0,,1.0,0.0
2203,8162-G05-002-219681-260521,8162_G05,C_219681,8162,XD_8162_OH_CLEVELAND.YZER,FM,Customer,REG,Yzer LLC,YZER,2026-05-21 23:59:59,002,0.0,0.0,0.0,0.0,0.0,0.0,,,1.0,,1.0,1.0
2204,8162-G05-007-905017-260521,8162_G05,C_208840,8162,XD_8162_OH_CLEVELAND.YZER,FM,Customer,REG,Yzer LLC,YZER,2026-05-21 23:59:59,007,0.0,0.0,0.0,0.0,0.0,0.0,,,1.0,,1.0,1.0
2205,8162-G04-045-443911-260507,8162_G04,C_443911,8162,XD_8162_OH_CLEVELAND.YZER,FM,Customer,REG,Yzer LLC,YZER,2026-05-07 23:59:59,045,0.0,0.0,0.0,0.0,0.0,0.0,,,1.0,,1.0,1.0
2206,8163-G04-006-712383-260507,8163_G04,C_712383,8162,XD_8162_OH_CLEVELAND.YZER,FM,Customer,REG,Yzer LLC,YZER,2026-05-07 23:59:59,006,0.0,0.0,0.0,0.0,0.0,0.0,,,1.0,,1.0,0.0
2207,8162-G04-015-134184-260521,8162_G04,C_134184,8162,XD_8162_OH_CLEVELAND.YZER,FM,Customer,REG,Yzer LLC,YZER,2026-05-21 23:59:59,015,0.0,0.0,0.0,0.0,0.0,0.0,,,1.0,,1.0,1.0
2208,Z-3613045,8162_G09,,8162,XD_8162_OH_CLEVELAND.YZER,RC,Route Chrg,REG,Yzer LLC,YZER,2026-05-20 23:59:59,000,276.86,0.0,276.86,250.0,18.11,8.75,,,,,1.0,1.0
2209,8162-GX0-004-960596-260511,8162_GX0,C_464241,8162,XD_8162_OH_CLEVELAND.YZER,FM,Customer,REG,Yzer LLC,YZER,2026-05-11 23:59:59,004,0.0,0.0,0.0,0.0,0.0,0.0,,,1.0,,1.0,0.0
2210,8162-G05-001-441221-260513,8162_G05,C_441221,8162,XD_8162_OH_CLEVELAND.YZER,FM,Customer,REG,Yzer LLC,YZER,2026-05-13 23:59:59,001,0.0,0.0,0.0,0.0,0.0,0.0,,,1.0,,1.0,1.0
2211,8163-G02-050-140655-260521,8163_G02,C_433278,8162,XD_8162_OH_CLEVELAND.YZER,FM,Customer,REG,Yzer LLC,YZER,2026-05-21 23:59:59,050,0.0,0.0,0.0,0.0,0.0,0.0,,,1.0,,1.0,0.0
2212,8162-H06-010-151568-260526,8162_H06,C_151568,8162,XD_8162_OH_CLEVELAND.YZER,FM,Customer,REG,Yzer LLC,YZER,2026-05-26 23:59:59,010,0.0,0.0,0.0,0.0,0.0,0.0,,,1.0,,1.0,0.0
2213,8162-G07-042-339737-260506,8162_G07,C_905014,8162,XD_8162_OH_CLEVELAND.YZER,FM,Customer,REG,Yzer LLC,YZER,2026-05-06 23:59:59,042,0.0,0.0,0.0,0.0,0.0,0.0,,,1.0,,1.0,1.0
2214,8163-G05-001-429087-260513,8163_G05,C_441221,8162,XD_8162_OH_CLEVELAND.YZER,FM,Customer,REG,Yzer LLC,YZER,2026-05-13 23:59:59,001,0.0,0.0,0.0,0.0,0.0,0.0,,,1.0,,1.0,0.0
2215,8162-G03-015-864840-260522,8162_G03,C_864840,8162,XD_8162_OH_CLEVELAND.YZER,FM,Customer,REG,Yzer LLC,YZER,2026-05-22 23:59:59,015,0.0,0.0,0.0,0.0,0.0,0.0,,,1.0,,1.0,0.0
2216,8162-G03-015-584757-260513,8162_G03,C_864840,8162,XD_8162_OH_CLEVELAND.YZER,FM,Customer,REG,Yzer LLC,YZER,2026-05-13 23:59:59,015,0.0,0.0,0.0,0.0,0.0,0.0,,,1.0,,1.0,1.0
2217,8162-G04-010-875777-260526,8162_G04,C_833539,8162,XD_8162_OH_CLEVELAND.YZER,FM,Customer,REG,Yzer LLC,YZER,2026-05-26 23:59:59,010,0.0,0.0,0.0,0.0,0.0,0.0,,,1.0,,1.0,0.0
2218,8162-G09-035-905119-260522,8162_G09,C_905119,8162,XD_8162_OH_CLEVELAND.YZER,FM,Customer,REG,Yzer LLC,YZER,2026-05-22 23:59:59,035,0.0,0.0,0.0,0.0,0.0,0.0,,,1.0,,1.0,1.0
2219,8162-H01-035-865326-260506,8162_H01,C_865326,8162,XD_8162_OH_CLEVELAND.YZER,FM,Customer,REG,Yzer LLC,YZER,2026-05-06 23:59:59,035,0.0,0.0,0.0,0.0,0.0,0.0,,,1.0,,1.0,1.0
2220,8163-G02-015-038361-260522,8163_G02,C_731867,8162,XD_8162_OH_CLEVELAND.YZER,FM,Customer,REG,Yzer LLC,YZER,2026-05-22 23:59:59,015,0.0,0.0,0.0,0.0,0.0,0.0,,,1.0,,1.0,0.0
2221,8162-G04-010-786357-260514,8162_G04,C_833539,8162,XD_8162_OH_CLEVELAND.YZER,FM,Customer,REG,Yzer LLC,YZER,2026-05-14 23:59:59,010,0.0,0.0,0.0,0.0,0.0,0.0,,,1.0,,1.0,0.0
2222,8162-H06-020-717269-260522,8162_H06,C_717269,8162,XD_8162_OH_CLEVELAND.YZER,FM,Customer,REG,Yzer LLC,YZER,2026-05-22 23:59:59,020,0.0,0.0,0.0,0.0,0.0,0.0,,,1.0,,1.0,0.0
2223,8162-H01-040-093505-260506,8162_H01,C_093505,8162,XD_8162_OH_CLEVELAND.YZER,FM,Customer,REG,Yzer LLC,YZER,2026-05-06 23:59:59,040,0.0,0.0,0.0,0.0,0.0,0.0,,,1.0,,1.0,1.0
2224,8162-G05-025-173268-260506,8162_G05,C_173268,8162,XD_8162_OH_CLEVELAND.YZER,FM,Customer,REG,Yzer LLC,YZER,2026-05-06 23:59:59,025,0.0,0.0,0.0,0.0,0.0,0.0,,,1.0,,1.0,1.0
2225,8163-G02-045-209162-260511,8163_G02,C_209162,8162,XD_8162_OH_CLEVELAND.YZER,FM,Customer,REG,Yzer LLC,YZER,2026-05-11 23:59:59,045,0.0,0.0,0.0,0.0,0.0,0.0,,,1.0,,1.0,0.0
2226,8162-G06-015-719738-260522,8162_G06,C_065363,8162,XD_8162_OH_CLEVELAND.YZER,FM,Customer,REG,Yzer LLC,YZER,2026-05-22 23:59:59,015,0.0,0.0,0.0,0.0,0.0,0.0,,,1.0,,1.0,0.0
2227,8162-H05-060-446021-260522,8162_H05,C_446021,8162,XD_8162_OH_CLEVELAND.YZER,FM,Customer,REG,Yzer LLC,YZER,2026-05-22 23:59:59,060,0.0,0.0,0.0,0.0,0.0,0.0,,,1.0,,1.0,1.0
2228,8162-G06-015-719738-260526,8162_G06,C_065363,8162,XD_8162_OH_CLEVELAND.YZER,FM,Customer,REG,Yzer LLC,YZER,2026-05-26 23:59:59,015,0.0,0.0,0.0,0.0,0.0,0.0,,,1.0,,1.0,0.0
2229,8162-H03-020-415745-260526,8162_H03,C_415745,8162,XD_8162_OH_CLEVELAND.YZER,FM,Customer,REG,Yzer LLC,YZER,2026-05-26 23:59:59,020,0.0,0.0,0.0,0.0,0.0,0.0,,,1.0,,1.0,1.0
2230,8163-G06-026-289530-260522,8163_G06,C_289522,8162,XD_8162_OH_CLEVELAND.YZER,FM,Customer,REG,Yzer LLC,YZER,2026-05-22 23:59:59,026,0.0,0.0,0.0,0.0,0.0,0.0,,,1.0,,1.0,0.0
2231,8162-H04-005-433761-260522,8162_H04,C_435532,8162,XD_8162_OH_CLEVELAND.YZER,FM,Customer,REG,Yzer LLC,YZER,2026-05-22 23:59:59,005,0.0,0.0,0.0,0.0,0.0,0.0,,,1.0,,1.0,1.0
2232,Z-3559366,8162_G07,,8162,XD_8162_OH_CLEVELAND.YZER,RC,Route Chrg,REG,Yzer LLC,YZER,2026-05-01 23:59:59,000,297.44,0.0,297.44,275.0,12.81,9.63,,,,,1.0,1.0
2233,8162-G04-006-712383-260504,8162_G04,C_712383,8162,XD_8162_OH_CLEVELAND.YZER,FM,Customer,REG,Yzer LLC,YZER,2026-05-04 23:59:59,006,0.0,0.0,0.0,0.0,0.0,0.0,,,1.0,,1.0,0.0
2234,8162-H06-005-905176-260504,8162_H06,C_905176,8162,XD_8162_OH_CLEVELAND.YZER,FM,Customer,REG,Yzer LLC,YZER,2026-05-04 23:59:59,005,0.0,0.0,0.0,0.0,0.0,0.0,,,1.0,,1.0,0.0
2235,8162-G05-025-173268-260505,8162_G05,C_173268,8162,XD_8162_OH_CLEVELAND.YZER,FM,Customer,REG,Yzer LLC,YZER,2026-05-05 23:59:59,025,0.0,0.0,0.0,0.0,0.0,0.0,,,1.0,,1.0,1.0
2236,8162-G05-006-905419-260504,8162_G05,C_061312,8162,XD_8162_OH_CLEVELAND.YZER,FM,Customer,REG,Yzer LLC,YZER,2026-05-04 23:59:59,006,0.0,0.0,0.0,0.0,0.0,0.0,,,1.0,,1.0,1.0
2237,8162-G02-065-406255-260504,8162_G02,C_406255,8162,XD_8162_OH_CLEVELAND.YZER,FM,Customer,REG,Yzer LLC,YZER,2026-05-04 23:59:59,065,0.0,0.0,0.0,0.0,0.0,0.0,,,1.0,,1.0,1.0
2238,8162-G09-028-093539-260505,8162_G09,C_093545,8162,XD_8162_OH_CLEVELAND.YZER,FM,Customer,REG,Yzer LLC,YZER,2026-05-05 23:59:59,028,0.0,0.0,0.0,0.0,0.0,0.0,,,1.0,,1.0,1.0
2239,8162-HX5-010-992617-260505,8162_HX5,C_678442,8162,XD_8162_OH_CLEVELAND.YZER,FM,Customer,REG,Yzer LLC,YZER,2026-05-05 23:59:59,010,0.0,0.0,0.0,0.0,0.0,0.0,,,1.0,,1.0,0.0
2240,Z-3563119,8163_H03,,8162,XD_8162_OH_CLEVELAND.YZER,RC,Route Chrg,REG,Yzer LLC,YZER,2026-05-04 23:59:59,000,0.0,0.0,0.0,0.0,0.0,0.0,,,,,1.0,1.0
2241,Z-3583457,8162_HX2,,8162,XD_8162_OH_CLEVELAND.YZER,RC,Route Chrg,REG,Yzer LLC,YZER,2026-05-11 23:59:59,000,,0.0,,,0.0,,1.0,2.0,1.0,2.0,1.0,1.0
2242,8163-G07-005-589418-260505,8163_G07,C_599132,8162,XD_8162_OH_CLEVELAND.YZER,FM,Customer,REG,Yzer LLC,YZER,2026-05-05 23:59:59,005,0.0,0.0,0.0,0.0,0.0,0.0,,,1.0,,1.0,0.0
2243,8162-G07-005-245872-260504,8162_G07,C_599132,8162,XD_8162_OH_CLEVELAND.YZER,FM,Customer,REG,Yzer LLC,YZER,2026-05-04 23:59:59,005,0.0,0.0,0.0,0.0,0.0,0.0,,,1.0,,1.0,0.0
2244,8162-G05-020-599776-260505,8162_G05,C_599776,8162,XD_8162_OH_CLEVELAND.YZER,FM,Customer,REG,Yzer LLC,YZER,2026-05-05 23:59:59,020,0.0,0.0,0.0,0.0,0.0,0.0,,,1.0,,1.0,1.0
2245,Z-3592917,8163_H02,,8162,XD_8162_OH_CLEVELAND.YZER,RC,Route Chrg,REG,Yzer LLC,YZER,2026-05-13 23:59:59,000,,0.0,,,0.0,,8.0,13.0,8.0,13.0,1.0,1.0
2246,Z-3592920,8163_H05,,8162,XD_8162_OH_CLEVELAND.YZER,RC,Route Chrg,REG,Yzer LLC,YZER,2026-05-13 23:59:59,000,,0.0,,,0.0,,8.0,20.0,8.0,20.0,1.0,1.0
2247,Z-3600200,8163_HX5,,8162,XD_8162_OH_CLEVELAND.YZER,RC,Route Chrg,REG,Yzer LLC,YZER,2026-05-15 23:59:59,000,,0.0,,,0.0,,1.0,6.0,1.0,6.0,1.0,1.0
2248,Z-3616247,8163_H04,,8162,XD_8162_OH_CLEVELAND.YZER,RC,Route Chrg,REG,Yzer LLC,YZER,2026-05-21 23:59:59,000,,0.0,,,0.0,,7.0,22.0,7.0,22.0,1.0,1.0
2249,Z-3620748,8163_G05,,8162,XD_8162_OH_CLEVELAND.YZER,RC,Route Chrg,REG,Yzer LLC,YZER,2026-05-22 23:59:59,000,,0.0,,,0.0,,9.0,39.0,9.0,39.0,1.0,1.0
2250,Z-3616216,8163_G06,,8162,XD_8162_OH_CLEVELAND.YZER,RC,Route Chrg,REG,Yzer LLC,YZER,2026-05-21 23:59:59,000,,0.0,,,0.0,,7.0,16.0,7.0,16.0,1.0,1.0
2251,Z-3624642,8163_H05,,8162,XD_8162_OH_CLEVELAND.YZER,RC,Route Chrg,REG,Yzer LLC,YZER,2026-05-26 23:59:59,000,0.0,0.0,0.0,0.0,0.0,0.0,,,,,1.0,1.0
2252,Z-3624650,8163_G07,,8162,XD_8162_OH_CLEVELAND.YZER,RC,Route Chrg,REG,Yzer LLC,YZER,2026-05-26 23:59:59,000,0.0,0.0,0.0,0.0,0.0,0.0,,,,,1.0,1.0
2253,8162-G06-015-151562-260505,8162_G06,C_065363,8162,XD_8162_OH_CLEVELAND.YZER,FM,Customer,REG,Yzer LLC,YZER,2026-05-05 23:59:59,015,0.0,0.0,0.0,0.0,0.0,0.0,,,1.0,,1.0,0.0
2254,Z-3627476,8163_H02,,8162,XD_8162_OH_CLEVELAND.YZER,RC,Route Chrg,REG,Yzer LLC,YZER,2026-05-27 23:59:59,000,0.0,0.0,0.0,0.0,0.0,0.0,,,,,1.0,1.0
2255,Z-3636780,8163_H02,,8162,XD_8162_OH_CLEVELAND.YZER,RC,Route Chrg,REG,Yzer LLC,YZER,2026-05-29 23:59:59,000,0.0,0.0,0.0,0.0,0.0,0.0,,,,,1.0,1.0
2256,8162-G07-030-995737-260527,8162_G07,C_995737,8162,XD_8162_OH_CLEVELAND.YZER,FM,Customer,REG,Yzer LLC,YZER,2026-05-27 23:59:59,030,0.0,0.0,0.0,0.0,0.0,0.0,,,1.0,,1.0,1.0
2257,8162-G09-017-444117-260528,8162_G09,C_444117,8162,XD_8162_OH_CLEVELAND.YZER,FM,Customer,REG,Yzer LLC,YZER,2026-05-28 23:59:59,017,0.0,0.0,0.0,0.0,0.0,0.0,,,1.0,,1.0,1.0
2258,Z-3636781,8162_G01,,8162,XD_8162_OH_CLEVELAND.YZER,RC,Route Chrg,REG,Yzer LLC,YZER,2026-05-29 23:59:59,000,254.71,0.0,254.71,230.0,16.66,8.05,,,,,1.0,1.0
2259,8162-G03-010-223285-260526,8162_G03,C_223285,8162,XD_8162_OH_CLEVELAND.YZER,FM,Customer,REG,Yzer LLC,YZER,2026-05-26 23:59:59,010,0.0,0.0,0.0,0.0,0.0,0.0,,,1.0,,1.0,1.0
2260,8162-H03-045-664113-260528,8162_H03,C_664113,8162,XD_8162_OH_CLEVELAND.YZER,FM,Customer,REG,Yzer LLC,YZER,2026-05-28 23:59:59,045,0.0,0.0,0.0,0.0,0.0,0.0,,,1.0,,1.0,1.0
2261,8162-G05-006-905419-260526,8162_G05,C_061312,8162,XD_8162_OH_CLEVELAND.YZER,FM,Customer,REG,Yzer LLC,YZER,2026-05-26 23:59:59,006,0.0,0.0,0.0,0.0,0.0,0.0,,,1.0,,1.0,0.0
2262,Z-3632013,8162_H04,,8162,XD_8162_OH_CLEVELAND.YZER,RC,Route Chrg,REG,Yzer LLC,YZER,2026-05-28 23:59:59,000,271.33,0.0,271.33,245.0,17.75,8.58,,,,,1.0,1.0
2263,8162-G02-020-598488-260528,8162_G02,C_598488,8162,XD_8162_OH_CLEVELAND.YZER,FM,Customer,REG,Yzer LLC,YZER,2026-05-28 23:59:59,020,0.0,0.0,0.0,0.0,0.0,0.0,,,1.0,,1.0,1.0
2264,8162-G02-040-244530-260527,8162_G02,C_017375,8162,XD_8162_OH_CLEVELAND.YZER,FM,Customer,REG,Yzer LLC,YZER,2026-05-27 23:59:59,040,0.0,0.0,0.0,0.0,0.0,0.0,,,1.0,,1.0,1.0
2265,8162-G05-045-245718-260529,8162_G05,C_245718,8162,XD_8162_OH_CLEVELAND.YZER,FM,Customer,REG,Yzer LLC,YZER,2026-05-29 23:59:59,045,0.0,0.0,0.0,0.0,0.0,0.0,,,1.0,,1.0,1.0
2266,8162-G04-045-443911-260528,8162_G04,C_443911,8162,XD_8162_OH_CLEVELAND.YZER,FM,Customer,REG,Yzer LLC,YZER,2026-05-28 23:59:59,045,0.0,0.0,0.0,0.0,0.0,0.0,,,1.0,,1.0,1.0
2267,8162-H04-030-326949-260529,8162_H04,C_993260,8162,XD_8162_OH_CLEVELAND.YZER,FM,Customer,REG,Yzer LLC,YZER,2026-05-29 23:59:59,030,0.0,0.0,0.0,0.0,0.0,0.0,,,1.0,,1.0,1.0
2268,8163-G07-005-589418-260529,8163_G07,C_599132,8162,XD_8162_OH_CLEVELAND.YZER,FM,Customer,REG,Yzer LLC,YZER,2026-05-29 23:59:59,005,0.0,0.0,0.0,0.0,0.0,0.0,,,1.0,,1.0,0.0
2269,8162-H03-005-160440-260529,8162_H03,C_160440,8162,XD_8162_OH_CLEVELAND.YZER,FM,Customer,REG,Yzer LLC,YZER,2026-05-29 23:59:59,005,0.0,0.0,0.0,0.0,0.0,0.0,,,1.0,,1.0,1.0
2270,8162-G01-035-390526-260528,8162_G01,C_390526,8162,XD_8162_OH_CLEVELAND.YZER,FM,Customer,REG,Yzer LLC,YZER,2026-05-28 23:59:59,035,0.0,0.0,0.0,0.0,0.0,0.0,,,1.0,,1.0,1.0
2271,8163-G04-006-712383-260529,8163_G04,C_712383,8162,XD_8162_OH_CLEVELAND.YZER,FM,Customer,REG,Yzer LLC,YZER,2026-05-29 23:59:59,006,0.0,0.0,0.0,0.0,0.0,0.0,,,1.0,,1.0,0.0
2272,8162-G07-005-599132-260529,8162_G07,C_599132,8162,XD_8162_OH_CLEVELAND.YZER,FM,Customer,REG,Yzer LLC,YZER,2026-05-29 23:59:59,005,0.0,0.0,0.0,0.0,0.0,0.0,,,1.0,,1.0,1.0
2273,8162-G05-030-246296-260526,8162_G05,C_610134,8162,XD_8162_OH_CLEVELAND.YZER,FM,Customer,REG,Yzer LLC,YZER,2026-05-26 23:59:59,030,0.0,0.0,0.0,0.0,0.0,0.0,,,1.0,,1.0,1.0
2274,8162-H01-025-806927-260529,8162_H01,C_806927,8162,XD_8162_OH_CLEVELAND.YZER,FM,Customer,REG,Yzer LLC,YZER,2026-05-29 23:59:59,025,0.0,0.0,0.0,0.0,0.0,0.0,,,1.0,,1.0,1.0
2275,8162-G07-045-144654-260528,8162_G07,C_144654,8162,XD_8162_OH_CLEVELAND.YZER,FM,Customer,REG,Yzer LLC,YZER,2026-05-28 23:59:59,045,0.0,0.0,0.0,0.0,0.0,0.0,,,1.0,,1.0,1.0
2276,Z-3627786,8162_H03,,8162,XD_8162_OH_CLEVELAND.YZER,RC,Route Chrg,REG,Yzer LLC,YZER,2026-05-27 23:59:59,000,300.12,0.0,300.12,271.0,19.63,9.49,,,,,1.0,1.0
2277,8162-H05-055-925913-260527,8162_H05,C_925913,8162,XD_8162_OH_CLEVELAND.YZER,FM,Customer,REG,Yzer LLC,YZER,2026-05-27 23:59:59,055,0.0,0.0,0.0,0.0,0.0,0.0,,,1.0,,1.0,1.0
2278,8163-G02-015-038361-260526,8163_G02,C_731867,8162,XD_8162_OH_CLEVELAND.YZER,FM,Customer,REG,Yzer LLC,YZER,2026-05-26 23:59:59,015,0.0,0.0,0.0,0.0,0.0,0.0,,,1.0,,1.0,0.0
2279,8162-G06-026-289530-260529,8162_G06,C_289522,8162,XD_8162_OH_CLEVELAND.YZER,FM,Customer,REG,Yzer LLC,YZER,2026-05-29 23:59:59,026,0.0,0.0,0.0,0.0,0.0,0.0,,,1.0,,1.0,0.0
2280,8162-G09-035-905119-260512,8162_G09,C_905119,8162,XD_8162_OH_CLEVELAND.YZER,FM,Customer,REG,Yzer LLC,YZER,2026-05-12 23:59:59,035,0.0,0.0,0.0,0.0,0.0,0.0,,,1.0,,1.0,0.0
2281,8162-G03-015-864840-260513,8162_G03,C_864840,8162,XD_8162_OH_CLEVELAND.YZER,FM,Customer,REG,Yzer LLC,YZER,2026-05-13 23:59:59,015,0.0,0.0,0.0,0.0,0.0,0.0,,,1.0,,1.0,0.0
2282,8162-H01-015-444602-260506,8162_H01,C_444763,8162,XD_8162_OH_CLEVELAND.YZER,FM,Customer,REG,Yzer LLC,YZER,2026-05-06 23:59:59,015,0.0,0.0,0.0,0.0,0.0,0.0,,,1.0,,1.0,0.0
2283,8162-G05-005-221190-260512,8162_G05,C_441221,8162,XD_8162_OH_CLEVELAND.YZER,FM,Customer,REG,Yzer LLC,YZER,2026-05-12 23:59:59,005,0.0,0.0,0.0,0.0,0.0,0.0,,,1.0,,1.0,0.0
2284,8162-G06-015-151561-260512,8162_G06,C_065363,8162,XD_8162_OH_CLEVELAND.YZER,FM,Customer,REG,Yzer LLC,YZER,2026-05-12 23:59:59,015,0.0,0.0,0.0,0.0,0.0,0.0,,,1.0,,1.0,1.0
2285,8162-G01-005-718289-260506,8162_G01,C_436015,8162,XD_8162_OH_CLEVELAND.YZER,FM,Customer,REG,Yzer LLC,YZER,2026-05-06 23:59:59,005,0.0,0.0,0.0,0.0,0.0,0.0,,,1.0,,1.0,0.0
2286,8162-H05-005-176725-260511,8162_H05,C_224273,8162,XD_8162_OH_CLEVELAND.YZER,FM,Customer,REG,Yzer LLC,YZER,2026-05-11 23:59:59,005,0.0,0.0,0.0,0.0,0.0,0.0,,,1.0,,1.0,0.0
2287,8162-G03-025-969803-260514,8162_G03,C_296317,8162,XD_8162_OH_CLEVELAND.YZER,FM,Customer,REG,Yzer LLC,YZER,2026-05-14 23:59:59,025,0.0,0.0,0.0,0.0,0.0,0.0,,,1.0,,1.0,1.0
2288,8162-G01-005-103109-260514,8162_G01,C_436015,8162,XD_8162_OH_CLEVELAND.YZER,FM,Customer,REG,Yzer LLC,YZER,2026-05-14 23:59:59,005,0.0,0.0,0.0,0.0,0.0,0.0,,,1.0,,1.0,0.0
2289,8163-GX0-004-960596-260507,8163_GX0,C_464241,8162,XD_8162_OH_CLEVELAND.YZER,FM,Customer,REG,Yzer LLC,YZER,2026-05-07 23:59:59,004,0.0,0.0,0.0,0.0,0.0,0.0,,,1.0,,1.0,0.0
2290,8162-G06-010-151558-260507,8162_G06,C_151558,8162,XD_8162_OH_CLEVELAND.YZER,FM,Customer,REG,Yzer LLC,YZER,2026-05-07 23:59:59,010,0.0,0.0,0.0,0.0,0.0,0.0,,,1.0,,1.0,1.0
2291,8163-G07-005-386053-260518,8163_G07,C_599132,8162,XD_8162_OH_CLEVELAND.YZER,FM,Customer,REG,Yzer LLC,YZER,2026-05-18 23:59:59,005,0.0,0.0,0.0,0.0,0.0,0.0,,,1.0,,1.0,0.0
2292,8162-H01-045-924410-260515,8162_H01,C_924410,8162,XD_8162_OH_CLEVELAND.YZER,FM,Customer,REG,Yzer LLC,YZER,2026-05-15 23:59:59,045,0.0,0.0,0.0,0.0,0.0,0.0,,,1.0,,1.0,1.0
2293,8162-G06-010-151559-260518,8162_G06,C_151558,8162,XD_8162_OH_CLEVELAND.YZER,FM,Customer,REG,Yzer LLC,YZER,2026-05-18 23:59:59,010,0.0,0.0,0.0,0.0,0.0,0.0,,,1.0,,1.0,0.0
2294,Z-3600077,8162_H06,,8162,XD_8162_OH_CLEVELAND.YZER,RC,Route Chrg,REG,Yzer LLC,YZER,2026-05-15 23:59:59,000,278.5,0.0,278.5,235.0,35.27,8.23,,,,,1.0,1.0
2295,8162-G02-030-289502-260515,8162_G02,C_289502,8162,XD_8162_OH_CLEVELAND.YZER,FM,Customer,REG,Yzer LLC,YZER,2026-05-15 23:59:59,030,0.0,0.0,0.0,0.0,0.0,0.0,,,1.0,,1.0,1.0
2296,8162-H06-010-151568-260515,8162_H06,C_151568,8162,XD_8162_OH_CLEVELAND.YZER,FM,Customer,REG,Yzer LLC,YZER,2026-05-15 23:59:59,010,0.0,0.0,0.0,0.0,0.0,0.0,,,1.0,,1.0,0.0
2297,8162-G01-015-273236-260518,8162_G01,C_273236,8162,XD_8162_OH_CLEVELAND.YZER,FM,Customer,REG,Yzer LLC,YZER,2026-05-18 23:59:59,015,0.0,0.0,0.0,0.0,0.0,0.0,,,1.0,,1.0,1.0
2298,8162-G02-010-433278-260515,8162_G02,C_433278,8162,XD_8162_OH_CLEVELAND.YZER,FM,Customer,REG,Yzer LLC,YZER,2026-05-15 23:59:59,010,0.0,0.0,0.0,0.0,0.0,0.0,,,1.0,,1.0,1.0
2299,8163-G07-005-589418-260518,8163_G07,C_599132,8162,XD_8162_OH_CLEVELAND.YZER,FM,Customer,REG,Yzer LLC,YZER,2026-05-18 23:59:59,005,0.0,0.0,0.0,0.0,0.0,0.0,,,1.0,,1.0,0.0
2300,8162-H04-010-146265-260508,8162_H04,C_146265,8162,XD_8162_OH_CLEVELAND.YZER,FM,Customer,REG,Yzer LLC,YZER,2026-05-08 23:59:59,010,0.0,0.0,0.0,0.0,0.0,0.0,,,1.0,,1.0,1.0
2301,8162-H05-015-134985-260507,8162_H05,C_134985,8162,XD_8162_OH_CLEVELAND.YZER,FM,Customer,REG,Yzer LLC,YZER,2026-05-07 23:59:59,015,0.0,0.0,0.0,0.0,0.0,0.0,,,1.0,,1.0,1.0
2302,8162-H06-020-431045-260506,8162_H06,C_717269,8162,XD_8162_OH_CLEVELAND.YZER,FM,Customer,REG,Yzer LLC,YZER,2026-05-06 23:59:59,020,0.0,0.0,0.0,0.0,0.0,0.0,,,1.0,,1.0,0.0
2303,8162-G05-045-237260-260514,8162_G05,C_245718,8162,XD_8162_OH_CLEVELAND.YZER,FM,Customer,REG,Yzer LLC,YZER,2026-05-14 23:59:59,045,0.0,0.0,0.0,0.0,0.0,0.0,,,1.0,,1.0,0.0
2304,8163-G06-015-719738-260511,8163_G06,C_065363,8162,XD_8162_OH_CLEVELAND.YZER,FM,Customer,REG,Yzer LLC,YZER,2026-05-11 23:59:59,015,0.0,0.0,0.0,0.0,0.0,0.0,,,1.0,,1.0,0.0
2305,8162-G04-006-712383-260512,8162_G04,C_712383,8162,XD_8162_OH_CLEVELAND.YZER,FM,Customer,REG,Yzer LLC,YZER,2026-05-12 23:59:59,006,0.0,0.0,0.0,0.0,0.0,0.0,,,1.0,,1.0,0.0
2306,8162-H06-010-151568-260508,8162_H06,C_151568,8162,XD_8162_OH_CLEVELAND.YZER,FM,Customer,REG,Yzer LLC,YZER,2026-05-08 23:59:59,010,0.0,0.0,0.0,0.0,0.0,0.0,,,1.0,,1.0,0.0
2307,8162-H04-045-603704-260507,8162_H04,C_603704,8162,XD_8162_OH_CLEVELAND.YZER,FM,Customer,REG,Yzer LLC,YZER,2026-05-07 23:59:59,045,0.0,0.0,0.0,0.0,0.0,0.0,,,1.0,,1.0,1.0
2308,8163-G06-026-289530-260513,8163_G06,C_289522,8162,XD_8162_OH_CLEVELAND.YZER,FM,Customer,REG,Yzer LLC,YZER,2026-05-13 23:59:59,026,0.0,0.0,0.0,0.0,0.0,0.0,,,1.0,,1.0,0.0
2309,Z-3570879,8162_H05,,8162,XD_8162_OH_CLEVELAND.YZER,RC,Route Chrg,REG,Yzer LLC,YZER,2026-05-06 23:59:59,000,297.33,0.0,297.33,252.0,36.51,8.82,,,,,1.0,1.0
2310,8162-H02-040-407917-260511,8162_H02,C_407917,8162,XD_8162_OH_CLEVELAND.YZER,FM,Customer,REG,Yzer LLC,YZER,2026-05-11 23:59:59,040,0.0,0.0,0.0,0.0,0.0,0.0,,,1.0,,1.0,1.0
2311,Z-3570843,8162_G03,,8162,XD_8162_OH_CLEVELAND.YZER,RC,Route Chrg,REG,Yzer LLC,YZER,2026-05-06 23:59:59,000,374.32,0.0,374.32,338.0,24.49,11.83,,,,,1.0,1.0
2312,8162-GX4-008-106473-260508,8162_GX4,C_106473,8162,XD_8162_OH_CLEVELAND.YZER,FM,Customer,REG,Yzer LLC,YZER,2026-05-08 23:59:59,008,0.0,0.0,0.0,0.0,0.0,0.0,,,1.0,,1.0,0.0
2313,Z-3595526,8162_H02,,8162,XD_8162_OH_CLEVELAND.YZER,RC,Route Chrg,REG,Yzer LLC,YZER,2026-05-14 23:59:59,000,335.38,0.0,335.38,283.0,42.47,9.91,,,,,1.0,1.0
2314,8162-H06-015-631172-260513,8162_H06,C_433600,8162,XD_8162_OH_CLEVELAND.YZER,FM,Customer,REG,Yzer LLC,YZER,2026-05-13 23:59:59,015,0.0,0.0,0.0,0.0,0.0,0.0,,,1.0,,1.0,0.0
2315,8162-H04-015-970222-260507,8162_H04,C_970222,8162,XD_8162_OH_CLEVELAND.YZER,FM,Customer,REG,Yzer LLC,YZER,2026-05-07 23:59:59,015,0.0,0.0,0.0,0.0,0.0,0.0,,,1.0,,1.0,1.0
2316,8163-G07-005-386053-260507,8163_G07,C_599132,8162,XD_8162_OH_CLEVELAND.YZER,FM,Customer,REG,Yzer LLC,YZER,2026-05-07 23:59:59,005,0.0,0.0,0.0,0.0,0.0,0.0,,,1.0,,1.0,0.0
2317,8162-G09-028-093539-260513,8162_G09,C_093545,8162,XD_8162_OH_CLEVELAND.YZER,FM,Customer,REG,Yzer LLC,YZER,2026-05-13 23:59:59,028,0.0,0.0,0.0,0.0,0.0,0.0,,,1.0,,1.0,0.0
2318,8162-H04-015-970222-260514,8162_H04,C_970222,8162,XD_8162_OH_CLEVELAND.YZER,FM,Customer,REG,Yzer LLC,YZER,2026-05-14 23:59:59,015,0.0,0.0,0.0,0.0,0.0,0.0,,,1.0,,1.0,1.0
2319,8162-G01-020-890860-260512,8162_G01,C_890860,8162,XD_8162_OH_CLEVELAND.YZER,FM,Customer,REG,Yzer LLC,YZER,2026-05-12 23:59:59,020,0.0,0.0,0.0,0.0,0.0,0.0,,,1.0,,1.0,0.0
2320,8162-H05-005-224273-260506,8162_H05,C_224273,8162,XD_8162_OH_CLEVELAND.YZER,FM,Customer,REG,Yzer LLC,YZER,2026-05-06 23:59:59,005,0.0,0.0,0.0,0.0,0.0,0.0,,,1.0,,1.0,0.0
2321,8162-G03-025-969803-260507,8162_G03,C_296317,8162,XD_8162_OH_CLEVELAND.YZER,FM,Customer,REG,Yzer LLC,YZER,2026-05-07 23:59:59,025,0.0,0.0,0.0,0.0,0.0,0.0,,,1.0,,1.0,0.0
2322,8162-G07-050-275462-260519,8162_G07,C_275462,8162,XD_8162_OH_CLEVELAND.YZER,FM,Customer,REG,Yzer LLC,YZER,2026-05-19 23:59:59,050,0.0,0.0,0.0,0.0,0.0,0.0,,,1.0,,1.0,1.0
2323,8162-G01-005-244545-260501,8162_G01,C_436015,8162,XD_8162_OH_CLEVELAND.YZER,FM,Customer,REG,Yzer LLC,YZER,2026-05-01 23:59:59,005,0.0,0.0,0.0,0.0,0.0,0.0,,,1.0,,1.0,0.0
2324,8162-G04-035-444588-260501,8162_G04,C_444588,8162,XD_8162_OH_CLEVELAND.YZER,FM,Customer,REG,Yzer LLC,YZER,2026-05-01 23:59:59,035,0.0,0.0,0.0,0.0,0.0,0.0,,,1.0,,1.0,1.0
2325,8162-G06-015-151562-260501,8162_G06,C_065363,8162,XD_8162_OH_CLEVELAND.YZER,FM,Customer,REG,Yzer LLC,YZER,2026-05-01 23:59:59,015,0.0,0.0,0.0,0.0,0.0,0.0,,,1.0,,1.0,0.0
2326,8162-G05-025-173268-260501,8162_G05,C_173268,8162,XD_8162_OH_CLEVELAND.YZER,FM,Customer,REG,Yzer LLC,YZER,2026-05-01 23:59:59,025,0.0,0.0,0.0,0.0,0.0,0.0,,,1.0,,1.0,1.0
2327,8162-G03-010-256130-260501,8162_G03,C_223285,8162,XD_8162_OH_CLEVELAND.YZER,FM,Customer,REG,Yzer LLC,YZER,2026-05-01 23:59:59,010,0.0,0.0,0.0,0.0,0.0,0.0,,,1.0,,1.0,1.0
2328,8162-H06-020-431206-260501,8162_H06,C_717269,8162,XD_8162_OH_CLEVELAND.YZER,FM,Customer,REG,Yzer LLC,YZER,2026-05-01 23:59:59,020,0.0,0.0,0.0,0.0,0.0,0.0,,,1.0,,1.0,0.0
2329,8163-G06-025-289522-260501,8163_G06,C_289522,8162,XD_8162_OH_CLEVELAND.YZER,FM,Customer,REG,Yzer LLC,YZER,2026-05-01 23:59:59,025,0.0,0.0,0.0,0.0,0.0,0.0,,,1.0,,1.0,0.0
2330,8163-G07-005-589418-260501,8163_G07,C_599132,8162,XD_8162_OH_CLEVELAND.YZER,FM,Customer,REG,Yzer LLC,YZER,2026-05-01 23:59:59,005,0.0,0.0,0.0,0.0,0.0,0.0,,,1.0,,1.0,0.0
2331,8162-G02-040-017375-260501,8162_G02,C_017375,8162,XD_8162_OH_CLEVELAND.YZER,FM,Customer,REG,Yzer LLC,YZER,2026-05-01 23:59:59,040,0.0,0.0,0.0,0.0,0.0,0.0,,,1.0,,1.0,1.0
2332,8162-G04-010-875777-260501,8162_G04,C_833539,8162,XD_8162_OH_CLEVELAND.YZER,FM,Customer,REG,Yzer LLC,YZER,2026-05-01 23:59:59,010,0.0,0.0,0.0,0.0,0.0,0.0,,,1.0,,1.0,0.0
2333,8162-H04-040-350918-260501,8162_H04,C_350918,8162,XD_8162_OH_CLEVELAND.YZER,FM,Customer,REG,Yzer LLC,YZER,2026-05-01 23:59:59,040,0.0,0.0,0.0,0.0,0.0,0.0,,,1.0,,1.0,1.0
2334,8162-H05-020-304538-260501,8162_H05,C_304538,8162,XD_8162_OH_CLEVELAND.YZER,FM,Customer,REG,Yzer LLC,YZER,2026-05-01 23:59:59,020,0.0,0.0,0.0,0.0,0.0,0.0,,,1.0,,1.0,1.0
2335,8162-H06-010-151568-260501,8162_H06,C_151568,8162,XD_8162_OH_CLEVELAND.YZER,FM,Customer,REG,Yzer LLC,YZER,2026-05-01 23:59:59,010,0.0,0.0,0.0,0.0,0.0,0.0,,,1.0,,1.0,0.0
2336,8162-G01-015-273236-260501,8162_G01,C_273236,8162,XD_8162_OH_CLEVELAND.YZER,FM,Customer,REG,Yzer LLC,YZER,2026-05-01 23:59:59,015,0.0,0.0,0.0,0.0,0.0,0.0,,,1.0,,1.0,1.0
2337,8162-G06-010-151558-260501,8162_G06,C_151558,8162,XD_8162_OH_CLEVELAND.YZER,FM,Customer,REG,Yzer LLC,YZER,2026-05-01 23:59:59,010,0.0,0.0,0.0,0.0,0.0,0.0,,,1.0,,1.0,1.0
2338,8162-H01-010-446212-260501,8162_H01,C_446212,8162,XD_8162_OH_CLEVELAND.YZER,FM,Customer,REG,Yzer LLC,YZER,2026-05-01 23:59:59,010,0.0,0.0,0.0,0.0,0.0,0.0,,,1.0,,1.0,1.0
2339,8162-H05-050-721852-260501,8162_H05,C_721852,8162,XD_8162_OH_CLEVELAND.YZER,FM,Customer,REG,Yzer LLC,YZER,2026-05-01 23:59:59,050,0.0,0.0,0.0,0.0,0.0,0.0,,,1.0,,1.0,1.0
2340,8162-G04-005-730632-260501,8162_G04,C_712383,8162,XD_8162_OH_CLEVELAND.YZER,FM,Customer,REG,Yzer LLC,YZER,2026-05-01 23:59:59,005,0.0,0.0,0.0,0.0,0.0,0.0,,,1.0,,1.0,0.0
2341,8162-G04-015-134184-260501,8162_G04,C_134184,8162,XD_8162_OH_CLEVELAND.YZER,FM,Customer,REG,Yzer LLC,YZER,2026-05-01 23:59:59,015,0.0,0.0,0.0,0.0,0.0,0.0,,,1.0,,1.0,1.0
2342,8162-H01-040-093505-260501,8162_H01,C_093505,8162,XD_8162_OH_CLEVELAND.YZER,FM,Customer,REG,Yzer LLC,YZER,2026-05-01 23:59:59,040,0.0,0.0,0.0,0.0,0.0,0.0,,,1.0,,1.0,1.0
2343,8162-H05-035-259008-260501,8162_H05,C_259008,8162,XD_8162_OH_CLEVELAND.YZER,FM,Customer,REG,Yzer LLC,YZER,2026-05-01 23:59:59,035,0.0,0.0,0.0,0.0,0.0,0.0,,,1.0,,1.0,1.0
2344,8162-G07-020-235209-260501,8162_G07,C_235209,8162,XD_8162_OH_CLEVELAND.YZER,FM,Customer,REG,Yzer LLC,YZER,2026-05-01 23:59:59,020,0.0,0.0,0.0,0.0,0.0,0.0,,,1.0,,1.0,1.0
2345,8162-H02-040-407917-260501,8162_H02,C_407917,8162,XD_8162_OH_CLEVELAND.YZER,FM,Customer,REG,Yzer LLC,YZER,2026-05-01 23:59:59,040,0.0,0.0,0.0,0.0,0.0,0.0,,,1.0,,1.0,1.0
2346,8162-G02-015-038361-260501,8162_G02,C_731867,8162,XD_8162_OH_CLEVELAND.YZER,FM,Customer,REG,Yzer LLC,YZER,2026-05-01 23:59:59,015,0.0,0.0,0.0,0.0,0.0,0.0,,,1.0,,1.0,0.0
2347,8162-G02-035-631816-260501,8162_G02,C_209162,8162,XD_8162_OH_CLEVELAND.YZER,FM,Customer,REG,Yzer LLC,YZER,2026-05-01 23:59:59,035,0.0,0.0,0.0,0.0,0.0,0.0,,,1.0,,1.0,1.0
2348,8162-G04-045-443911-260501,8162_G04,C_443911,8162,XD_8162_OH_CLEVELAND.YZER,FM,Customer,REG,Yzer LLC,YZER,2026-05-01 23:59:59,045,0.0,0.0,0.0,0.0,0.0,0.0,,,1.0,,1.0,1.0
2349,8162-H01-020-446373-260501,8162_H01,C_446373,8162,XD_8162_OH_CLEVELAND.YZER,FM,Customer,REG,Yzer LLC,YZER,2026-05-01 23:59:59,020,0.0,0.0,0.0,0.0,0.0,0.0,,,1.0,,1.0,1.0
2350,8162-H04-010-146265-260501,8162_H04,C_146265,8162,XD_8162_OH_CLEVELAND.YZER,FM,Customer,REG,Yzer LLC,YZER,2026-05-01 23:59:59,010,0.0,0.0,0.0,0.0,0.0,0.0,,,1.0,,1.0,1.0
2351,8162-H05-015-134985-260501,8162_H05,C_134985,8162,XD_8162_OH_CLEVELAND.YZER,FM,Customer,REG,Yzer LLC,YZER,2026-05-01 23:59:59,015,0.0,0.0,0.0,0.0,0.0,0.0,,,1.0,,1.0,1.0
2352,8162-H06-040-892876-260501,8162_H06,C_946980,8162,XD_8162_OH_CLEVELAND.YZER,FM,Customer,REG,Yzer LLC,YZER,2026-05-01 23:59:59,040,0.0,0.0,0.0,0.0,0.0,0.0,,,1.0,,1.0,1.0
2353,8162-G01-005-209001-260501,8162_G01,C_436015,8162,XD_8162_OH_CLEVELAND.YZER,FM,Customer,REG,Yzer LLC,YZER,2026-05-01 23:59:59,005,0.0,0.0,0.0,0.0,0.0,0.0,,,1.0,,1.0,0.0
2354,8162-G01-020-443013-260501,8162_G01,C_890860,8162,XD_8162_OH_CLEVELAND.YZER,FM,Customer,REG,Yzer LLC,YZER,2026-05-01 23:59:59,020,0.0,0.0,0.0,0.0,0.0,0.0,,,1.0,,1.0,1.0
2355,8162-G06-040-807750-260501,8162_G06,C_807750,8162,XD_8162_OH_CLEVELAND.YZER,FM,Customer,REG,Yzer LLC,YZER,2026-05-01 23:59:59,040,0.0,0.0,0.0,0.0,0.0,0.0,,,1.0,,1.0,1.0
2356,8162-G07-005-386053-260501,8162_G07,C_599132,8162,XD_8162_OH_CLEVELAND.YZER,FM,Customer,REG,Yzer LLC,YZER,2026-05-01 23:59:59,005,0.0,0.0,0.0,0.0,0.0,0.0,,,1.0,,1.0,0.0
2357,8162-G07-050-275462-260501,8162_G07,C_275462,8162,XD_8162_OH_CLEVELAND.YZER,FM,Customer,REG,Yzer LLC,YZER,2026-05-01 23:59:59,050,0.0,0.0,0.0,0.0,0.0,0.0,,,1.0,,1.0,1.0
2358,8162-G09-001-289513-260501,8162_G09,C_289513,8162,XD_8162_OH_CLEVELAND.YZER,FM,Customer,REG,Yzer LLC,YZER,2026-05-01 23:59:59,001,0.0,0.0,0.0,0.0,0.0,0.0,,,1.0,,1.0,1.0
2359,8162-G09-013-286750-260501,8162_G09,C_286750,8162,XD_8162_OH_CLEVELAND.YZER,FM,Customer,REG,Yzer LLC,YZER,2026-05-01 23:59:59,013,0.0,0.0,0.0,0.0,0.0,0.0,,,1.0,,1.0,1.0
2360,8162-G09-026-295594-260501,8162_G09,C_295594,8162,XD_8162_OH_CLEVELAND.YZER,FM,Customer,REG,Yzer LLC,YZER,2026-05-01 23:59:59,026,0.0,0.0,0.0,0.0,0.0,0.0,,,1.0,,1.0,1.0
2361,8162-H01-015-444763-260501,8162_H01,C_444763,8162,XD_8162_OH_CLEVELAND.YZER,FM,Customer,REG,Yzer LLC,YZER,2026-05-01 23:59:59,015,0.0,0.0,0.0,0.0,0.0,0.0,,,1.0,,1.0,0.0
2362,8162-H01-035-865326-260501,8162_H01,C_865326,8162,XD_8162_OH_CLEVELAND.YZER,FM,Customer,REG,Yzer LLC,YZER,2026-05-01 23:59:59,035,0.0,0.0,0.0,0.0,0.0,0.0,,,1.0,,1.0,1.0
2363,8162-H05-055-925913-260501,8162_H05,C_925913,8162,XD_8162_OH_CLEVELAND.YZER,FM,Customer,REG,Yzer LLC,YZER,2026-05-01 23:59:59,055,0.0,0.0,0.0,0.0,0.0,0.0,,,1.0,,1.0,1.0
2364,8162-G01-025-371496-260501,8162_G01,C_371496,8162,XD_8162_OH_CLEVELAND.YZER,FM,Customer,REG,Yzer LLC,YZER,2026-05-01 23:59:59,025,0.0,0.0,0.0,0.0,0.0,0.0,,,1.0,,1.0,1.0
2365,8162-G05-005-441221-260501,8162_G05,C_441221,8162,XD_8162_OH_CLEVELAND.YZER,FM,Customer,REG,Yzer LLC,YZER,2026-05-01 23:59:59,005,0.0,0.0,0.0,0.0,0.0,0.0,,,1.0,,1.0,1.0
2366,8162-G05-045-237260-260501,8162_G05,C_245718,8162,XD_8162_OH_CLEVELAND.YZER,FM,Customer,REG,Yzer LLC,YZER,2026-05-01 23:59:59,045,0.0,0.0,0.0,0.0,0.0,0.0,,,1.0,,1.0,1.0
2367,8162-G06-015-151561-260501,8162_G06,C_065363,8162,XD_8162_OH_CLEVELAND.YZER,FM,Customer,REG,Yzer LLC,YZER,2026-05-01 23:59:59,015,0.0,0.0,0.0,0.0,0.0,0.0,,,1.0,,1.0,1.0
2368,8162-G06-025-289530-260501,8162_G06,C_289522,8162,XD_8162_OH_CLEVELAND.YZER,FM,Customer,REG,Yzer LLC,YZER,2026-05-01 23:59:59,025,0.0,0.0,0.0,0.0,0.0,0.0,,,1.0,,1.0,0.0
2369,8162-H01-050-362140-260501,8162_H01,C_362140,8162,XD_8162_OH_CLEVELAND.YZER,FM,Customer,REG,Yzer LLC,YZER,2026-05-01 23:59:59,050,0.0,0.0,0.0,0.0,0.0,0.0,,,1.0,,1.0,1.0
2370,8163-G01-005-436015-260501,8163_G01,C_436015,8162,XD_8162_OH_CLEVELAND.YZER,FM,Customer,REG,Yzer LLC,YZER,2026-05-01 23:59:59,005,0.0,0.0,0.0,0.0,0.0,0.0,,,1.0,,1.0,0.0
2371,8162-G03-020-068918-260501,8162_G03,C_667610,8162,XD_8162_OH_CLEVELAND.YZER,FM,Customer,REG,Yzer LLC,YZER,2026-05-01 23:59:59,020,0.0,0.0,0.0,0.0,0.0,0.0,,,1.0,,1.0,0.0
2372,8162-G04-017-286184-260501,8162_G04,C_286184,8162,XD_8162_OH_CLEVELAND.YZER,FM,Customer,REG,Yzer LLC,YZER,2026-05-01 23:59:59,017,0.0,0.0,0.0,0.0,0.0,0.0,,,1.0,,1.0,1.0
2373,8162-G05-020-599776-260501,8162_G05,C_599776,8162,XD_8162_OH_CLEVELAND.YZER,FM,Customer,REG,Yzer LLC,YZER,2026-05-01 23:59:59,020,0.0,0.0,0.0,0.0,0.0,0.0,,,1.0,,1.0,1.0
2374,8162-H06-015-173368-260501,8162_H06,C_433600,8162,XD_8162_OH_CLEVELAND.YZER,FM,Customer,REG,Yzer LLC,YZER,2026-05-01 23:59:59,015,0.0,0.0,0.0,0.0,0.0,0.0,,,1.0,,1.0,0.0
2375,8163-G07-005-386053-260501,8163_G07,C_599132,8162,XD_8162_OH_CLEVELAND.YZER,FM,Customer,REG,Yzer LLC,YZER,2026-05-01 23:59:59,005,0.0,0.0,0.0,0.0,0.0,0.0,,,1.0,,1.0,0.0
2376,8162-G07-005-893022-260501,8162_G07,C_599132,8162,XD_8162_OH_CLEVELAND.YZER,FM,Customer,REG,Yzer LLC,YZER,2026-05-01 23:59:59,005,0.0,0.0,0.0,0.0,0.0,0.0,,,1.0,,1.0,0.0
2377,8162-H03-015-133964-260501,8162_H03,C_133964,8162,XD_8162_OH_CLEVELAND.YZER,FM,Customer,REG,Yzer LLC,YZER,2026-05-01 23:59:59,015,0.0,0.0,0.0,0.0,0.0,0.0,,,1.0,,1.0,1.0
2378,8163-G03-005-723011-260501,8163_G03,C_810447,8162,XD_8162_OH_CLEVELAND.YZER,FM,Customer,REG,Yzer LLC,YZER,2026-05-01 23:59:59,005,0.0,0.0,0.0,0.0,0.0,0.0,,,1.0,,1.0,0.0
2379,8163-G05-005-221190-260501,8163_G05,C_441221,8162,XD_8162_OH_CLEVELAND.YZER,FM,Customer,REG,Yzer LLC,YZER,2026-05-01 23:59:59,005,0.0,0.0,0.0,0.0,0.0,0.0,,,1.0,,1.0,0.0
2380,8162-G02-040-244530-260501,8162_G02,C_017375,8162,XD_8162_OH_CLEVELAND.YZER,FM,Customer,REG,Yzer LLC,YZER,2026-05-01 23:59:59,040,0.0,0.0,0.0,0.0,0.0,0.0,,,1.0,,1.0,0.0
2381,8162-H03-050-442084-260501,8162_H03,C_442084,8162,XD_8162_OH_CLEVELAND.YZER,FM,Customer,REG,Yzer LLC,YZER,2026-05-01 23:59:59,050,0.0,0.0,0.0,0.0,0.0,0.0,,,1.0,,1.0,1.0
2382,8162-G01-020-890860-260501,8162_G01,C_890860,8162,XD_8162_OH_CLEVELAND.YZER,FM,Customer,REG,Yzer LLC,YZER,2026-05-01 23:59:59,020,0.0,0.0,0.0,0.0,0.0,0.0,,,1.0,,1.0,0.0
2383,8162-G06-035-134431-260501,8162_G06,C_134431,8162,XD_8162_OH_CLEVELAND.YZER,FM,Customer,REG,Yzer LLC,YZER,2026-05-01 23:59:59,035,0.0,0.0,0.0,0.0,0.0,0.0,,,1.0,,1.0,1.0
2384,8162-H06-005-905176-260501,8162_H06,C_905176,8162,XD_8162_OH_CLEVELAND.YZER,FM,Customer,REG,Yzer LLC,YZER,2026-05-01 23:59:59,005,0.0,0.0,0.0,0.0,0.0,0.0,,,1.0,,1.0,1.0
2385,8163-G04-006-839466-260501,8163_G04,C_712383,8162,XD_8162_OH_CLEVELAND.YZER,FM,Customer,REG,Yzer LLC,YZER,2026-05-01 23:59:59,006,0.0,0.0,0.0,0.0,0.0,0.0,,,1.0,,1.0,0.0
2386,8162-G03-010-223285-260501,8162_G03,C_223285,8162,XD_8162_OH_CLEVELAND.YZER,FM,Customer,REG,Yzer LLC,YZER,2026-05-01 23:59:59,010,0.0,0.0,0.0,0.0,0.0,0.0,,,1.0,,1.0,0.0
2387,8162-G03-015-584757-260501,8162_G03,C_864840,8162,XD_8162_OH_CLEVELAND.YZER,FM,Customer,REG,Yzer LLC,YZER,2026-05-01 23:59:59,015,0.0,0.0,0.0,0.0,0.0,0.0,,,1.0,,1.0,0.0
2388,8162-G03-020-667610-260501,8162_G03,C_667610,8162,XD_8162_OH_CLEVELAND.YZER,FM,Customer,REG,Yzer LLC,YZER,2026-05-01 23:59:59,020,0.0,0.0,0.0,0.0,0.0,0.0,,,1.0,,1.0,1.0
2389,8162-G05-035-414946-260501,8162_G05,C_414946,8162,XD_8162_OH_CLEVELAND.YZER,FM,Customer,REG,Yzer LLC,YZER,2026-05-01 23:59:59,035,0.0,0.0,0.0,0.0,0.0,0.0,,,1.0,,1.0,1.0
2390,8162-G07-005-599132-260501,8162_G07,C_599132,8162,XD_8162_OH_CLEVELAND.YZER,FM,Customer,REG,Yzer LLC,YZER,2026-05-01 23:59:59,005,0.0,0.0,0.0,0.0,0.0,0.0,,,1.0,,1.0,1.0
2391,8163-G04-005-679719-260501,8163_G04,C_712383,8162,XD_8162_OH_CLEVELAND.YZER,FM,Customer,REG,Yzer LLC,YZER,2026-05-01 23:59:59,005,0.0,0.0,0.0,0.0,0.0,0.0,,,1.0,,1.0,0.0
2392,8162-G03-040-386380-260501,8162_G03,C_386380,8162,XD_8162_OH_CLEVELAND.YZER,FM,Customer,REG,Yzer LLC,YZER,2026-05-01 23:59:59,040,0.0,0.0,0.0,0.0,0.0,0.0,,,1.0,,1.0,1.0
2393,8162-G07-010-134526-260501,8162_G07,C_134526,8162,XD_8162_OH_CLEVELAND.YZER,FM,Customer,REG,Yzer LLC,YZER,2026-05-01 23:59:59,010,0.0,0.0,0.0,0.0,0.0,0.0,,,1.0,,1.0,1.0
2394,8163-G06-015-719738-260501,8163_G06,C_065363,8162,XD_8162_OH_CLEVELAND.YZER,FM,Customer,REG,Yzer LLC,YZER,2026-05-01 23:59:59,015,0.0,0.0,0.0,0.0,0.0,0.0,,,1.0,,1.0,0.0
2395,8162-H04-015-970222-260501,8162_H04,C_970222,8162,XD_8162_OH_CLEVELAND.YZER,FM,Customer,REG,Yzer LLC,YZER,2026-05-01 23:59:59,015,0.0,0.0,0.0,0.0,0.0,0.0,,,1.0,,1.0,1.0
2396,8162-H05-060-446021-260501,8162_H05,C_446021,8162,XD_8162_OH_CLEVELAND.YZER,FM,Customer,REG,Yzer LLC,YZER,2026-05-01 23:59:59,060,0.0,0.0,0.0,0.0,0.0,0.0,,,1.0,,1.0,1.0
2397,8162-H06-010-151574-260501,8162_H06,C_151568,8162,XD_8162_OH_CLEVELAND.YZER,FM,Customer,REG,Yzer LLC,YZER,2026-05-01 23:59:59,010,0.0,0.0,0.0,0.0,0.0,0.0,,,1.0,,1.0,1.0
2398,8162-H06-010-151578-260501,8162_H06,C_151568,8162,XD_8162_OH_CLEVELAND.YZER,FM,Customer,REG,Yzer LLC,YZER,2026-05-01 23:59:59,010,0.0,0.0,0.0,0.0,0.0,0.0,,,1.0,,1.0,0.0
2399,8163-G02-005-071322-260501,8163_G02,C_713914,8162,XD_8162_OH_CLEVELAND.YZER,FM,Customer,REG,Yzer LLC,YZER,2026-05-01 23:59:59,005,0.0,0.0,0.0,0.0,0.0,0.0,,,1.0,,1.0,0.0
2400,8162-G03-030-724609-260501,8162_G03,C_724609,8162,XD_8162_OH_CLEVELAND.YZER,FM,Customer,REG,Yzer LLC,YZER,2026-05-01 23:59:59,030,0.0,0.0,0.0,0.0,0.0,0.0,,,1.0,,1.0,1.0
2401,8162-H04-005-433761-260501,8162_H04,C_435532,8162,XD_8162_OH_CLEVELAND.YZER,FM,Customer,REG,Yzer LLC,YZER,2026-05-01 23:59:59,005,0.0,0.0,0.0,0.0,0.0,0.0,,,1.0,,1.0,0.0
2402,8162-H05-005-176725-260501,8162_H05,C_224273,8162,XD_8162_OH_CLEVELAND.YZER,FM,Customer,REG,Yzer LLC,YZER,2026-05-01 23:59:59,005,0.0,0.0,0.0,0.0,0.0,0.0,,,1.0,,1.0,0.0
2403,8163-GX0-004-960596-260501,8163_GX0,C_464241,8162,XD_8162_OH_CLEVELAND.YZER,FM,Customer,REG,Yzer LLC,YZER,2026-05-01 23:59:59,004,0.0,0.0,0.0,0.0,0.0,0.0,,,1.0,,1.0,0.0
2404,8162-G07-005-589418-260501,8162_G07,C_599132,8162,XD_8162_OH_CLEVELAND.YZER,FM,Customer,REG,Yzer LLC,YZER,2026-05-01 23:59:59,005,0.0,0.0,0.0,0.0,0.0,0.0,,,1.0,,1.0,0.0
2405,8162-H04-030-326949-260501,8162_H04,C_993260,8162,XD_8162_OH_CLEVELAND.YZER,FM,Customer,REG,Yzer LLC,YZER,2026-05-01 23:59:59,030,0.0,0.0,0.0,0.0,0.0,0.0,,,1.0,,1.0,1.0
2406,8162-H06-020-717269-260501,8162_H06,C_717269,8162,XD_8162_OH_CLEVELAND.YZER,FM,Customer,REG,Yzer LLC,YZER,2026-05-01 23:59:59,020,0.0,0.0,0.0,0.0,0.0,0.0,,,1.0,,1.0,0.0
2407,8163-G04-005-730632-260501,8163_G04,C_712383,8162,XD_8162_OH_CLEVELAND.YZER,FM,Customer,REG,Yzer LLC,YZER,2026-05-01 23:59:59,005,0.0,0.0,0.0,0.0,0.0,0.0,,,1.0,,1.0,0.0
2408,8162-G04-006-839466-260501,8162_G04,C_712383,8162,XD_8162_OH_CLEVELAND.YZER,FM,Customer,REG,Yzer LLC,YZER,2026-05-01 23:59:59,006,0.0,0.0,0.0,0.0,0.0,0.0,,,1.0,,1.0,0.0
2409,8162-G09-011-401833-260501,8162_G09,C_401833,8162,XD_8162_OH_CLEVELAND.YZER,FM,Customer,REG,Yzer LLC,YZER,2026-05-01 23:59:59,011,0.0,0.0,0.0,0.0,0.0,0.0,,,1.0,,1.0,1.0
2410,8162-H06-005-893003-260501,8162_H06,C_905176,8162,XD_8162_OH_CLEVELAND.YZER,FM,Customer,REG,Yzer LLC,YZER,2026-05-01 23:59:59,005,0.0,0.0,0.0,0.0,0.0,0.0,,,1.0,,1.0,0.0
2411,8162-G06-015-892865-260501,8162_G06,C_065363,8162,XD_8162_OH_CLEVELAND.YZER,FM,Customer,REG,Yzer LLC,YZER,2026-05-01 23:59:59,015,0.0,0.0,0.0,0.0,0.0,0.0,,,1.0,,1.0,0.0
2412,8162-GX0-004-464241-260501,8162_GX0,C_464241,8162,XD_8162_OH_CLEVELAND.YZER,FM,Customer,REG,Yzer LLC,YZER,2026-05-01 23:59:59,004,0.0,0.0,0.0,0.0,0.0,0.0,,,1.0,,1.0,0.0
2413,8162-H06-035-419882-260501,8162_H06,C_815793,8162,XD_8162_OH_CLEVELAND.YZER,FM,Customer,REG,Yzer LLC,YZER,2026-05-01 23:59:59,035,0.0,0.0,0.0,0.0,0.0,0.0,,,1.0,,1.0,1.0
2414,8162-G02-065-406255-260501,8162_G02,C_406255,8162,XD_8162_OH_CLEVELAND.YZER,FM,Customer,REG,Yzer LLC,YZER,2026-05-01 23:59:59,065,0.0,0.0,0.0,0.0,0.0,0.0,,,1.0,,1.0,1.0
2415,8162-G03-005-723011-260501,8162_G03,C_810447,8162,XD_8162_OH_CLEVELAND.YZER,FM,Customer,REG,Yzer LLC,YZER,2026-05-01 23:59:59,005,0.0,0.0,0.0,0.0,0.0,0.0,,,1.0,,1.0,1.0
2416,8162-G09-002-289531-260501,8162_G09,C_289527,8162,XD_8162_OH_CLEVELAND.YZER,FM,Customer,REG,Yzer LLC,YZER,2026-05-01 23:59:59,002,0.0,0.0,0.0,0.0,0.0,0.0,,,1.0,,1.0,0.0
2417,8162-H06-015-415508-260501,8162_H06,C_433600,8162,XD_8162_OH_CLEVELAND.YZER,FM,Customer,REG,Yzer LLC,YZER,2026-05-01 23:59:59,015,0.0,0.0,0.0,0.0,0.0,0.0,,,1.0,,1.0,0.0
2418,8163-H06-020-431045-260501,8163_H06,C_717269,8162,XD_8162_OH_CLEVELAND.YZER,FM,Customer,REG,Yzer LLC,YZER,2026-05-01 23:59:59,020,0.0,0.0,0.0,0.0,0.0,0.0,,,1.0,,1.0,0.0
2419,8162-G03-037-426990-260501,8162_G03,C_521590,8162,XD_8162_OH_CLEVELAND.YZER,FM,Customer,REG,Yzer LLC,YZER,2026-05-01 23:59:59,037,0.0,0.0,0.0,0.0,0.0,0.0,,,1.0,,1.0,1.0
2420,8162-G05-005-221190-260501,8162_G05,C_441221,8162,XD_8162_OH_CLEVELAND.YZER,FM,Customer,REG,Yzer LLC,YZER,2026-05-01 23:59:59,005,0.0,0.0,0.0,0.0,0.0,0.0,,,1.0,,1.0,0.0
2421,8162-G09-002-289527-260501,8162_G09,C_289527,8162,XD_8162_OH_CLEVELAND.YZER,FM,Customer,REG,Yzer LLC,YZER,2026-05-01 23:59:59,002,0.0,0.0,0.0,0.0,0.0,0.0,,,1.0,,1.0,1.0
2422,8162-G09-046-415729-260501,8162_G09,C_415729,8162,XD_8162_OH_CLEVELAND.YZER,FM,Customer,REG,Yzer LLC,YZER,2026-05-01 23:59:59,046,0.0,0.0,0.0,0.0,0.0,0.0,,,1.0,,1.0,1.0
2423,8162-H06-010-151569-260501,8162_H06,C_151568,8162,XD_8162_OH_CLEVELAND.YZER,FM,Customer,REG,Yzer LLC,YZER,2026-05-01 23:59:59,010,0.0,0.0,0.0,0.0,0.0,0.0,,,1.0,,1.0,0.0
2424,8162-G01-005-436015-260501,8162_G01,C_436015,8162,XD_8162_OH_CLEVELAND.YZER,FM,Customer,REG,Yzer LLC,YZER,2026-05-01 23:59:59,005,0.0,0.0,0.0,0.0,0.0,0.0,,,1.0,,1.0,1.0
2425,8162-G05-006-224266-260501,8162_G05,C_061312,8162,XD_8162_OH_CLEVELAND.YZER,FM,Customer,REG,Yzer LLC,YZER,2026-05-01 23:59:59,006,0.0,0.0,0.0,0.0,0.0,0.0,,,1.0,,1.0,0.0
2426,8162-G06-015-719738-260501,8162_G06,C_065363,8162,XD_8162_OH_CLEVELAND.YZER,FM,Customer,REG,Yzer LLC,YZER,2026-05-01 23:59:59,015,0.0,0.0,0.0,0.0,0.0,0.0,,,1.0,,1.0,0.0
2427,8162-G07-005-050649-260501,8162_G07,C_599132,8162,XD_8162_OH_CLEVELAND.YZER,FM,Customer,REG,Yzer LLC,YZER,2026-05-01 23:59:59,005,0.0,0.0,0.0,0.0,0.0,0.0,,,1.0,,1.0,0.0
2428,8162-H02-035-340423-260501,8162_H02,C_340423,8162,XD_8162_OH_CLEVELAND.YZER,FM,Customer,REG,Yzer LLC,YZER,2026-05-01 23:59:59,035,0.0,0.0,0.0,0.0,0.0,0.0,,,1.0,,1.0,1.0
2429,8162-H03-045-664113-260501,8162_H03,C_664113,8162,XD_8162_OH_CLEVELAND.YZER,FM,Customer,REG,Yzer LLC,YZER,2026-05-01 23:59:59,045,0.0,0.0,0.0,0.0,0.0,0.0,,,1.0,,1.0,1.0
2430,8162-H04-045-603704-260501,8162_H04,C_603704,8162,XD_8162_OH_CLEVELAND.YZER,FM,Customer,REG,Yzer LLC,YZER,2026-05-01 23:59:59,045,0.0,0.0,0.0,0.0,0.0,0.0,,,1.0,,1.0,1.0
2431,8162-H06-020-431045-260501,8162_H06,C_717269,8162,XD_8162_OH_CLEVELAND.YZER,FM,Customer,REG,Yzer LLC,YZER,2026-05-01 23:59:59,020,0.0,0.0,0.0,0.0,0.0,0.0,,,1.0,,1.0,0.0
2432,8162-G02-020-598488-260501,8162_G02,C_598488,8162,XD_8162_OH_CLEVELAND.YZER,FM,Customer,REG,Yzer LLC,YZER,2026-05-01 23:59:59,020,0.0,0.0,0.0,0.0,0.0,0.0,,,1.0,,1.0,1.0
2433,8162-G05-005-224268-260501,8162_G05,C_441221,8162,XD_8162_OH_CLEVELAND.YZER,FM,Customer,REG,Yzer LLC,YZER,2026-05-01 23:59:59,005,0.0,0.0,0.0,0.0,0.0,0.0,,,1.0,,1.0,0.0
2434,8162-H05-005-224273-260501,8162_H05,C_224273,8162,XD_8162_OH_CLEVELAND.YZER,FM,Customer,REG,Yzer LLC,YZER,2026-05-01 23:59:59,005,0.0,0.0,0.0,0.0,0.0,0.0,,,1.0,,1.0,1.0
2435,8162-G01-035-390526-260501,8162_G01,C_390526,8162,XD_8162_OH_CLEVELAND.YZER,FM,Customer,REG,Yzer LLC,YZER,2026-05-01 23:59:59,035,0.0,0.0,0.0,0.0,0.0,0.0,,,1.0,,1.0,1.0
2436,8162-G02-015-731867-260501,8162_G02,C_731867,8162,XD_8162_OH_CLEVELAND.YZER,FM,Customer,REG,Yzer LLC,YZER,2026-05-01 23:59:59,015,0.0,0.0,0.0,0.0,0.0,0.0,,,1.0,,1.0,1.0
2437,8162-G09-017-444117-260501,8162_G09,C_444117,8162,XD_8162_OH_CLEVELAND.YZER,FM,Customer,REG,Yzer LLC,YZER,2026-05-01 23:59:59,017,0.0,0.0,0.0,0.0,0.0,0.0,,,1.0,,1.0,1.0
2438,8162-H01-015-444602-260501,8162_H01,C_444763,8162,XD_8162_OH_CLEVELAND.YZER,FM,Customer,REG,Yzer LLC,YZER,2026-05-01 23:59:59,015,0.0,0.0,0.0,0.0,0.0,0.0,,,1.0,,1.0,1.0
2439,8162-H02-015-134622-260501,8162_H02,C_134622,8162,XD_8162_OH_CLEVELAND.YZER,FM,Customer,REG,Yzer LLC,YZER,2026-05-01 23:59:59,015,0.0,0.0,0.0,0.0,0.0,0.0,,,1.0,,1.0,1.0
2440,8162-H04-025-349314-260501,8162_H04,C_349314,8162,XD_8162_OH_CLEVELAND.YZER,FM,Customer,REG,Yzer LLC,YZER,2026-05-01 23:59:59,025,0.0,0.0,0.0,0.0,0.0,0.0,,,1.0,,1.0,1.0
2441,8163-H06-015-415508-260501,8163_H06,C_433600,8162,XD_8162_OH_CLEVELAND.YZER,FM,Customer,REG,Yzer LLC,YZER,2026-05-01 23:59:59,015,0.0,0.0,0.0,0.0,0.0,0.0,,,1.0,,1.0,0.0
2442,8163-H06-020-431206-260501,8163_H06,C_717269,8162,XD_8162_OH_CLEVELAND.YZER,FM,Customer,REG,Yzer LLC,YZER,2026-05-01 23:59:59,020,0.0,0.0,0.0,0.0,0.0,0.0,,,1.0,,1.0,0.0
2443,8162-G03-015-864840-260501,8162_G03,C_864840,8162,XD_8162_OH_CLEVELAND.YZER,FM,Customer,REG,Yzer LLC,YZER,2026-05-01 23:59:59,015,0.0,0.0,0.0,0.0,0.0,0.0,,,1.0,,1.0,1.0
2444,8162-H04-020-274850-260501,8162_H04,C_274850,8162,XD_8162_OH_CLEVELAND.YZER,FM,Customer,REG,Yzer LLC,YZER,2026-05-01 23:59:59,020,0.0,0.0,0.0,0.0,0.0,0.0,,,1.0,,1.0,1.0
2445,8162-G04-005-679719-260501,8162_G04,C_712383,8162,XD_8162_OH_CLEVELAND.YZER,FM,Customer,REG,Yzer LLC,YZER,2026-05-01 23:59:59,005,0.0,0.0,0.0,0.0,0.0,0.0,,,1.0,,1.0,1.0
2446,8162-G05-030-246296-260501,8162_G05,C_610134,8162,XD_8162_OH_CLEVELAND.YZER,FM,Customer,REG,Yzer LLC,YZER,2026-05-01 23:59:59,030,0.0,0.0,0.0,0.0,0.0,0.0,,,1.0,,1.0,0.0
2447,8162-H04-005-050648-260501,8162_H04,C_435532,8162,XD_8162_OH_CLEVELAND.YZER,FM,Customer,REG,Yzer LLC,YZER,2026-05-01 23:59:59,005,0.0,0.0,0.0,0.0,0.0,0.0,,,1.0,,1.0,1.0
2448,8162-H06-020-245725-260501,8162_H06,C_717269,8162,XD_8162_OH_CLEVELAND.YZER,FM,Customer,REG,Yzer LLC,YZER,2026-05-01 23:59:59,020,0.0,0.0,0.0,0.0,0.0,0.0,,,1.0,,1.0,1.0
2449,8163-G01-020-443013-260501,8163_G01,C_890860,8162,XD_8162_OH_CLEVELAND.YZER,FM,Customer,REG,Yzer LLC,YZER,2026-05-01 23:59:59,020,0.0,0.0,0.0,0.0,0.0,0.0,,,1.0,,1.0,0.0
2450,8162-G02-045-209162-260501,8162_G02,C_209162,8162,XD_8162_OH_CLEVELAND.YZER,FM,Customer,REG,Yzer LLC,YZER,2026-05-01 23:59:59,045,0.0,0.0,0.0,0.0,0.0,0.0,,,1.0,,1.0,0.0
2451,8162-G03-005-070610-260501,8162_G03,C_810447,8162,XD_8162_OH_CLEVELAND.YZER,FM,Customer,REG,Yzer LLC,YZER,2026-05-01 23:59:59,005,0.0,0.0,0.0,0.0,0.0,0.0,,,1.0,,1.0,0.0
2452,8162-G05-006-905419-260501,8162_G05,C_061312,8162,XD_8162_OH_CLEVELAND.YZER,FM,Customer,REG,Yzer LLC,YZER,2026-05-01 23:59:59,006,0.0,0.0,0.0,0.0,0.0,0.0,,,1.0,,1.0,1.0
2453,8162-G09-058-753911-260501,8162_G09,C_753911,8162,XD_8162_OH_CLEVELAND.YZER,FM,Customer,REG,Yzer LLC,YZER,2026-05-01 23:59:59,058,0.0,0.0,0.0,0.0,0.0,0.0,,,1.0,,1.0,1.0
2454,8162-H01-060-807917-260501,8162_H01,C_807917,8162,XD_8162_OH_CLEVELAND.YZER,FM,Customer,REG,Yzer LLC,YZER,2026-05-01 23:59:59,060,0.0,0.0,0.0,0.0,0.0,0.0,,,1.0,,1.0,1.0
2455,8162-H04-035-134185-260501,8162_H04,C_134185,8162,XD_8162_OH_CLEVELAND.YZER,FM,Customer,REG,Yzer LLC,YZER,2026-05-01 23:59:59,035,0.0,0.0,0.0,0.0,0.0,0.0,,,1.0,,1.0,1.0
2456,8162-G01-005-718289-260501,8162_G01,C_436015,8162,XD_8162_OH_CLEVELAND.YZER,FM,Customer,REG,Yzer LLC,YZER,2026-05-01 23:59:59,005,0.0,0.0,0.0,0.0,0.0,0.0,,,1.0,,1.0,0.0
2457,8162-H03-005-160440-260501,8162_H03,C_160440,8162,XD_8162_OH_CLEVELAND.YZER,FM,Customer,REG,Yzer LLC,YZER,2026-05-01 23:59:59,005,0.0,0.0,0.0,0.0,0.0,0.0,,,1.0,,1.0,1.0
2458,8162-H05-025-253079-260501,8162_H05,C_253079,8162,XD_8162_OH_CLEVELAND.YZER,FM,Customer,REG,Yzer LLC,YZER,2026-05-01 23:59:59,025,0.0,0.0,0.0,0.0,0.0,0.0,,,1.0,,1.0,1.0
2459,8162-G03-035-777727-260501,8162_G03,C_777727,8162,XD_8162_OH_CLEVELAND.YZER,FM,Customer,REG,Yzer LLC,YZER,2026-05-01 23:59:59,035,0.0,0.0,0.0,0.0,0.0,0.0,,,1.0,,1.0,1.0
2460,8162-G06-025-289522-260501,8162_G06,C_289522,8162,XD_8162_OH_CLEVELAND.YZER,FM,Customer,REG,Yzer LLC,YZER,2026-05-01 23:59:59,025,0.0,0.0,0.0,0.0,0.0,0.0,,,1.0,,1.0,1.0
2461,8162-H02-050-579755-260501,8162_H02,C_579755,8162,XD_8162_OH_CLEVELAND.YZER,FM,Customer,REG,Yzer LLC,YZER,2026-05-01 23:59:59,050,0.0,0.0,0.0,0.0,0.0,0.0,,,1.0,,1.0,1.0
2462,8162-G03-025-969803-260501,8162_G03,C_296317,8162,XD_8162_OH_CLEVELAND.YZER,FM,Customer,REG,Yzer LLC,YZER,2026-05-01 23:59:59,025,0.0,0.0,0.0,0.0,0.0,0.0,,,1.0,,1.0,1.0
2463,8162-G04-006-712383-260501,8162_G04,C_712383,8162,XD_8162_OH_CLEVELAND.YZER,FM,Customer,REG,Yzer LLC,YZER,2026-05-01 23:59:59,006,0.0,0.0,0.0,0.0,0.0,0.0,,,1.0,,1.0,0.0
2464,8162-G04-010-833539-260501,8162_G04,C_833539,8162,XD_8162_OH_CLEVELAND.YZER,FM,Customer,REG,Yzer LLC,YZER,2026-05-01 23:59:59,010,0.0,0.0,0.0,0.0,0.0,0.0,,,1.0,,1.0,0.0
2465,8162-G05-010-219681-260501,8162_G05,C_219681,8162,XD_8162_OH_CLEVELAND.YZER,FM,Customer,REG,Yzer LLC,YZER,2026-05-01 23:59:59,010,0.0,0.0,0.0,0.0,0.0,0.0,,,1.0,,1.0,1.0
2466,8162-G07-030-995737-260501,8162_G07,C_995737,8162,XD_8162_OH_CLEVELAND.YZER,FM,Customer,REG,Yzer LLC,YZER,2026-05-01 23:59:59,030,0.0,0.0,0.0,0.0,0.0,0.0,,,1.0,,1.0,1.0
2467,8162-H04-005-893019-260501,8162_H04,C_435532,8162,XD_8162_OH_CLEVELAND.YZER,FM,Customer,REG,Yzer LLC,YZER,2026-05-01 23:59:59,005,0.0,0.0,0.0,0.0,0.0,0.0,,,1.0,,1.0,0.0
2468,8163-G04-006-712383-260501,8163_G04,C_712383,8162,XD_8162_OH_CLEVELAND.YZER,FM,Customer,REG,Yzer LLC,YZER,2026-05-01 23:59:59,006,0.0,0.0,0.0,0.0,0.0,0.0,,,1.0,,1.0,0.0
2469,8163-G04-010-875777-260501,8163_G04,C_833539,8162,XD_8162_OH_CLEVELAND.YZER,FM,Customer,REG,Yzer LLC,YZER,2026-05-01 23:59:59,010,0.0,0.0,0.0,0.0,0.0,0.0,,,1.0,,1.0,0.0
2470,8162-G05-030-610134-260501,8162_G05,C_610134,8162,XD_8162_OH_CLEVELAND.YZER,FM,Customer,REG,Yzer LLC,YZER,2026-05-01 23:59:59,030,0.0,0.0,0.0,0.0,0.0,0.0,,,1.0,,1.0,1.0
2471,8162-G06-010-151559-260501,8162_G06,C_151558,8162,XD_8162_OH_CLEVELAND.YZER,FM,Customer,REG,Yzer LLC,YZER,2026-05-01 23:59:59,010,0.0,0.0,0.0,0.0,0.0,0.0,,,1.0,,1.0,0.0
2472,8162-G07-060-134966-260501,8162_G07,C_134966,8162,XD_8162_OH_CLEVELAND.YZER,FM,Customer,REG,Yzer LLC,YZER,2026-05-01 23:59:59,060,0.0,0.0,0.0,0.0,0.0,0.0,,,1.0,,1.0,1.0
2473,8162-G04-030-523596-260501,8162_G04,C_551579,8162,XD_8162_OH_CLEVELAND.YZER,FM,Customer,REG,Yzer LLC,YZER,2026-05-01 23:59:59,030,0.0,0.0,0.0,0.0,0.0,0.0,,,1.0,,1.0,1.0
2474,8162-G06-025-289532-260501,8162_G06,C_289522,8162,XD_8162_OH_CLEVELAND.YZER,FM,Customer,REG,Yzer LLC,YZER,2026-05-01 23:59:59,025,0.0,0.0,0.0,0.0,0.0,0.0,,,1.0,,1.0,0.0
2475,8162-G09-035-905119-260501,8162_G09,C_905119,8162,XD_8162_OH_CLEVELAND.YZER,FM,Customer,REG,Yzer LLC,YZER,2026-05-01 23:59:59,035,0.0,0.0,0.0,0.0,0.0,0.0,,,1.0,,1.0,1.0
2476,8162-H02-025-134412-260501,8162_H02,C_134412,8162,XD_8162_OH_CLEVELAND.YZER,FM,Customer,REG,Yzer LLC,YZER,2026-05-01 23:59:59,025,0.0,0.0,0.0,0.0,0.0,0.0,,,1.0,,1.0,1.0
2477,8162-H02-055-195053-260501,8162_H02,C_195053,8162,XD_8162_OH_CLEVELAND.YZER,FM,Customer,REG,Yzer LLC,YZER,2026-05-01 23:59:59,055,0.0,0.0,0.0,0.0,0.0,0.0,,,1.0,,1.0,1.0
2478,8162-G03-005-892996-260501,8162_G03,C_810447,8162,XD_8162_OH_CLEVELAND.YZER,FM,Customer,REG,Yzer LLC,YZER,2026-05-01 23:59:59,005,0.0,0.0,0.0,0.0,0.0,0.0,,,1.0,,1.0,0.0
2479,8162-G04-010-786357-260501,8162_G04,C_833539,8162,XD_8162_OH_CLEVELAND.YZER,FM,Customer,REG,Yzer LLC,YZER,2026-05-01 23:59:59,010,0.0,0.0,0.0,0.0,0.0,0.0,,,1.0,,1.0,1.0
2480,8162-G09-028-093545-260501,8162_G09,C_093545,8162,XD_8162_OH_CLEVELAND.YZER,FM,Customer,REG,Yzer LLC,YZER,2026-05-01 23:59:59,028,0.0,0.0,0.0,0.0,0.0,0.0,,,1.0,,1.0,1.0
2481,8162-H02-005-407839-260501,8162_H02,C_407839,8162,XD_8162_OH_CLEVELAND.YZER,FM,Customer,REG,Yzer LLC,YZER,2026-05-01 23:59:59,005,0.0,0.0,0.0,0.0,0.0,0.0,,,1.0,,1.0,1.0
2482,8162-H06-015-631172-260501,8162_H06,C_433600,8162,XD_8162_OH_CLEVELAND.YZER,FM,Customer,REG,Yzer LLC,YZER,2026-05-01 23:59:59,015,0.0,0.0,0.0,0.0,0.0,0.0,,,1.0,,1.0,1.0
2483,8162-G07-005-245872-260501,8162_G07,C_599132,8162,XD_8162_OH_CLEVELAND.YZER,FM,Customer,REG,Yzer LLC,YZER,2026-05-01 23:59:59,005,0.0,0.0,0.0,0.0,0.0,0.0,,,1.0,,1.0,0.0
2484,8162-H02-027-376609-260501,8162_H02,C_376609,8162,XD_8162_OH_CLEVELAND.YZER,FM,Customer,REG,Yzer LLC,YZER,2026-05-01 23:59:59,027,0.0,0.0,0.0,0.0,0.0,0.0,,,1.0,,1.0,1.0
2485,8162-H03-020-415745-260501,8162_H03,C_415745,8162,XD_8162_OH_CLEVELAND.YZER,FM,Customer,REG,Yzer LLC,YZER,2026-05-01 23:59:59,020,0.0,0.0,0.0,0.0,0.0,0.0,,,1.0,,1.0,1.0
2486,8162-H01-045-924410-260501,8162_H01,C_924410,8162,XD_8162_OH_CLEVELAND.YZER,FM,Customer,REG,Yzer LLC,YZER,2026-05-01 23:59:59,045,0.0,0.0,0.0,0.0,0.0,0.0,,,1.0,,1.0,1.0
2487,8162-G01-040-099634-260501,8162_G01,C_099634,8162,XD_8162_OH_CLEVELAND.YZER,FM,Customer,REG,Yzer LLC,YZER,2026-05-01 23:59:59,040,0.0,0.0,0.0,0.0,0.0,0.0,,,1.0,,1.0,1.0
2488,8162-H01-025-806927-260501,8162_H01,C_806927,8162,XD_8162_OH_CLEVELAND.YZER,FM,Customer,REG,Yzer LLC,YZER,2026-05-01 23:59:59,025,0.0,0.0,0.0,0.0,0.0,0.0,,,1.0,,1.0,1.0
2489,8162-G02-010-433278-260501,8162_G02,C_433278,8162,XD_8162_OH_CLEVELAND.YZER,FM,Customer,REG,Yzer LLC,YZER,2026-05-01 23:59:59,010,0.0,0.0,0.0,0.0,0.0,0.0,,,1.0,,1.0,1.0
2490,8162-G02-030-289502-260501,8162_G02,C_289502,8162,XD_8162_OH_CLEVELAND.YZER,FM,Customer,REG,Yzer LLC,YZER,2026-05-01 23:59:59,030,0.0,0.0,0.0,0.0,0.0,0.0,,,1.0,,1.0,1.0
2491,8162-G03-025-296317-260501,8162_G03,C_296317,8162,XD_8162_OH_CLEVELAND.YZER,FM,Customer,REG,Yzer LLC,YZER,2026-05-01 23:59:59,025,0.0,0.0,0.0,0.0,0.0,0.0,,,1.0,,1.0,0.0
2492,8162-G07-025-955410-260501,8162_G07,C_955410,8162,XD_8162_OH_CLEVELAND.YZER,FM,Customer,REG,Yzer LLC,YZER,2026-05-01 23:59:59,025,0.0,0.0,0.0,0.0,0.0,0.0,,,1.0,,1.0,1.0
2493,8162-H01-030-756914-260501,8162_H01,C_756914,8162,XD_8162_OH_CLEVELAND.YZER,FM,Customer,REG,Yzer LLC,YZER,2026-05-01 23:59:59,030,0.0,0.0,0.0,0.0,0.0,0.0,,,1.0,,1.0,1.0
2494,8162-H02-045-624058-260501,8162_H02,C_624058,8162,XD_8162_OH_CLEVELAND.YZER,FM,Customer,REG,Yzer LLC,YZER,2026-05-01 23:59:59,045,0.0,0.0,0.0,0.0,0.0,0.0,,,1.0,,1.0,1.0
2495,8162-G07-042-339737-260501,8162_G07,C_905014,8162,XD_8162_OH_CLEVELAND.YZER,FM,Customer,REG,Yzer LLC,YZER,2026-05-01 23:59:59,042,0.0,0.0,0.0,0.0,0.0,0.0,,,1.0,,1.0,1.0
2496,8162-H02-020-134501-260501,8162_H02,C_134501,8162,XD_8162_OH_CLEVELAND.YZER,FM,Customer,REG,Yzer LLC,YZER,2026-05-01 23:59:59,020,0.0,0.0,0.0,0.0,0.0,0.0,,,1.0,,1.0,1.0
2497,8163-G02-005-754541-260501,8163_G02,C_713914,8162,XD_8162_OH_CLEVELAND.YZER,FM,Customer,REG,Yzer LLC,YZER,2026-05-01 23:59:59,005,0.0,0.0,0.0,0.0,0.0,0.0,,,1.0,,1.0,0.0
2498,8162-G01-030-217734-260501,8162_G01,C_217734,8162,XD_8162_OH_CLEVELAND.YZER,FM,Customer,REG,Yzer LLC,YZER,2026-05-01 23:59:59,030,0.0,0.0,0.0,0.0,0.0,0.0,,,1.0,,1.0,1.0
2499,8162-G06-020-133946-260501,8162_G06,C_133946,8162,XD_8162_OH_CLEVELAND.YZER,FM,Customer,REG,Yzer LLC,YZER,2026-05-01 23:59:59,020,0.0,0.0,0.0,0.0,0.0,0.0,,,1.0,,1.0,1.0
2500,8162-G07-045-144654-260501,8162_G07,C_144654,8162,XD_8162_OH_CLEVELAND.YZER,FM,Customer,REG,Yzer LLC,YZER,2026-05-01 23:59:59,045,0.0,0.0,0.0,0.0,0.0,0.0,,,1.0,,1.0,1.0
2501,8162-H06-015-285193-260501,8162_H06,C_433600,8162,XD_8162_OH_CLEVELAND.YZER,FM,Customer,REG,Yzer LLC,YZER,2026-05-01 23:59:59,015,0.0,0.0,0.0,0.0,0.0,0.0,,,1.0,,1.0,0.0
2502,8162-G02-055-107265-260501,8162_G02,C_151671,8162,XD_8162_OH_CLEVELAND.YZER,FM,Customer,REG,Yzer LLC,YZER,2026-05-01 23:59:59,055,0.0,0.0,0.0,0.0,0.0,0.0,,,1.0,,1.0,1.0
2503,8163-G06-010-151558-260501,8163_G06,C_151558,8162,XD_8162_OH_CLEVELAND.YZER,FM,Customer,REG,Yzer LLC,YZER,2026-05-01 23:59:59,010,0.0,0.0,0.0,0.0,0.0,0.0,,,1.0,,1.0,0.0
2504,8162-G02-020-096440-260505,8162_G02,C_598488,8162,XD_8162_OH_CLEVELAND.YZER,FM,Customer,REG,Yzer LLC,YZER,2026-05-05 23:59:59,020,0.0,0.0,0.0,0.0,0.0,0.0,,,1.0,,1.0,0.0
2505,8162-G02-035-631816-260504,8162_G02,C_209162,8162,XD_8162_OH_CLEVELAND.YZER,FM,Customer,REG,Yzer LLC,YZER,2026-05-04 23:59:59,035,0.0,0.0,0.0,0.0,0.0,0.0,,,1.0,,1.0,1.0
2506,8162-G02-040-017375-260505,8162_G02,C_017375,8162,XD_8162_OH_CLEVELAND.YZER,FM,Customer,REG,Yzer LLC,YZER,2026-05-05 23:59:59,040,0.0,0.0,0.0,0.0,0.0,0.0,,,1.0,,1.0,0.0
2507,8162-G07-045-144654-260505,8162_G07,C_144654,8162,XD_8162_OH_CLEVELAND.YZER,FM,Customer,REG,Yzer LLC,YZER,2026-05-05 23:59:59,045,0.0,0.0,0.0,0.0,0.0,0.0,,,1.0,,1.0,1.0
2508,8162-G09-028-093545-260504,8162_G09,C_093545,8162,XD_8162_OH_CLEVELAND.YZER,FM,Customer,REG,Yzer LLC,YZER,2026-05-04 23:59:59,028,0.0,0.0,0.0,0.0,0.0,0.0,,,1.0,,1.0,1.0
2509,8162-H04-005-433761-260504,8162_H04,C_435532,8162,XD_8162_OH_CLEVELAND.YZER,FM,Customer,REG,Yzer LLC,YZER,2026-05-04 23:59:59,005,0.0,0.0,0.0,0.0,0.0,0.0,,,1.0,,1.0,1.0
2510,8162-H04-035-134185-260504,8162_H04,C_134185,8162,XD_8162_OH_CLEVELAND.YZER,FM,Customer,REG,Yzer LLC,YZER,2026-05-04 23:59:59,035,0.0,0.0,0.0,0.0,0.0,0.0,,,1.0,,1.0,1.0
2511,8163-G05-005-441221-260504,8163_G05,C_441221,8162,XD_8162_OH_CLEVELAND.YZER,FM,Customer,REG,Yzer LLC,YZER,2026-05-04 23:59:59,005,0.0,0.0,0.0,0.0,0.0,0.0,,,1.0,,1.0,0.0
2512,8162-G01-005-244545-260504,8162_G01,C_436015,8162,XD_8162_OH_CLEVELAND.YZER,FM,Customer,REG,Yzer LLC,YZER,2026-05-04 23:59:59,005,0.0,0.0,0.0,0.0,0.0,0.0,,,1.0,,1.0,0.0
2513,8162-G02-010-433278-260504,8162_G02,C_433278,8162,XD_8162_OH_CLEVELAND.YZER,FM,Customer,REG,Yzer LLC,YZER,2026-05-04 23:59:59,010,0.0,0.0,0.0,0.0,0.0,0.0,,,1.0,,1.0,1.0
2514,8162-G02-050-140655-260504,8162_G02,C_433278,8162,XD_8162_OH_CLEVELAND.YZER,FM,Customer,REG,Yzer LLC,YZER,2026-05-04 23:59:59,050,0.0,0.0,0.0,0.0,0.0,0.0,,,1.0,,1.0,0.0
2515,8162-G03-010-223285-260504,8162_G03,C_223285,8162,XD_8162_OH_CLEVELAND.YZER,FM,Customer,REG,Yzer LLC,YZER,2026-05-04 23:59:59,010,0.0,0.0,0.0,0.0,0.0,0.0,,,1.0,,1.0,0.0
2516,8162-G03-010-223285-260505,8162_G03,C_223285,8162,XD_8162_OH_CLEVELAND.YZER,FM,Customer,REG,Yzer LLC,YZER,2026-05-05 23:59:59,010,0.0,0.0,0.0,0.0,0.0,0.0,,,1.0,,1.0,1.0
2517,8162-H06-020-431206-260505,8162_H06,C_717269,8162,XD_8162_OH_CLEVELAND.YZER,FM,Customer,REG,Yzer LLC,YZER,2026-05-05 23:59:59,020,0.0,0.0,0.0,0.0,0.0,0.0,,,1.0,,1.0,0.0
2518,8162-G04-006-839466-260504,8162_G04,C_712383,8162,XD_8162_OH_CLEVELAND.YZER,FM,Customer,REG,Yzer LLC,YZER,2026-05-04 23:59:59,006,0.0,0.0,0.0,0.0,0.0,0.0,,,1.0,,1.0,0.0
2519,8162-G04-010-786357-260505,8162_G04,C_833539,8162,XD_8162_OH_CLEVELAND.YZER,FM,Customer,REG,Yzer LLC,YZER,2026-05-05 23:59:59,010,0.0,0.0,0.0,0.0,0.0,0.0,,,1.0,,1.0,1.0
2520,8162-G04-010-833539-260504,8162_G04,C_833539,8162,XD_8162_OH_CLEVELAND.YZER,FM,Customer,REG,Yzer LLC,YZER,2026-05-04 23:59:59,010,0.0,0.0,0.0,0.0,0.0,0.0,,,1.0,,1.0,0.0
2521,8162-G05-005-224268-260504,8162_G05,C_441221,8162,XD_8162_OH_CLEVELAND.YZER,FM,Customer,REG,Yzer LLC,YZER,2026-05-04 23:59:59,005,0.0,0.0,0.0,0.0,0.0,0.0,,,1.0,,1.0,0.0
2522,8162-G07-042-339737-260505,8162_G07,C_905014,8162,XD_8162_OH_CLEVELAND.YZER,FM,Customer,REG,Yzer LLC,YZER,2026-05-05 23:59:59,042,0.0,0.0,0.0,0.0,0.0,0.0,,,1.0,,1.0,1.0
2523,8162-G09-026-295594-260504,8162_G09,C_295594,8162,XD_8162_OH_CLEVELAND.YZER,FM,Customer,REG,Yzer LLC,YZER,2026-05-04 23:59:59,026,0.0,0.0,0.0,0.0,0.0,0.0,,,1.0,,1.0,1.0
2524,8162-H01-045-924410-260505,8162_H01,C_924410,8162,XD_8162_OH_CLEVELAND.YZER,FM,Customer,REG,Yzer LLC,YZER,2026-05-05 23:59:59,045,0.0,0.0,0.0,0.0,0.0,0.0,,,1.0,,1.0,1.0
2525,8162-H04-015-970222-260505,8162_H04,C_970222,8162,XD_8162_OH_CLEVELAND.YZER,FM,Customer,REG,Yzer LLC,YZER,2026-05-05 23:59:59,015,0.0,0.0,0.0,0.0,0.0,0.0,,,1.0,,1.0,1.0
2526,8162-H04-020-274850-260504,8162_H04,C_274850,8162,XD_8162_OH_CLEVELAND.YZER,FM,Customer,REG,Yzer LLC,YZER,2026-05-04 23:59:59,020,0.0,0.0,0.0,0.0,0.0,0.0,,,1.0,,1.0,1.0
2527,8162-H04-035-134185-260505,8162_H04,C_134185,8162,XD_8162_OH_CLEVELAND.YZER,FM,Customer,REG,Yzer LLC,YZER,2026-05-05 23:59:59,035,0.0,0.0,0.0,0.0,0.0,0.0,,,1.0,,1.0,1.0
2528,8162-H06-015-631172-260505,8162_H06,C_433600,8162,XD_8162_OH_CLEVELAND.YZER,FM,Customer,REG,Yzer LLC,YZER,2026-05-05 23:59:59,015,0.0,0.0,0.0,0.0,0.0,0.0,,,1.0,,1.0,0.0
2529,8162-G01-005-209001-260505,8162_G01,C_436015,8162,XD_8162_OH_CLEVELAND.YZER,FM,Customer,REG,Yzer LLC,YZER,2026-05-05 23:59:59,005,0.0,0.0,0.0,0.0,0.0,0.0,,,1.0,,1.0,0.0
2530,8162-G01-005-436015-260505,8162_G01,C_436015,8162,XD_8162_OH_CLEVELAND.YZER,FM,Customer,REG,Yzer LLC,YZER,2026-05-05 23:59:59,005,0.0,0.0,0.0,0.0,0.0,0.0,,,1.0,,1.0,1.0
2531,8162-G02-020-598488-260504,8162_G02,C_598488,8162,XD_8162_OH_CLEVELAND.YZER,FM,Customer,REG,Yzer LLC,YZER,2026-05-04 23:59:59,020,0.0,0.0,0.0,0.0,0.0,0.0,,,1.0,,1.0,0.0
2532,8162-G04-035-444588-260505,8162_G04,C_444588,8162,XD_8162_OH_CLEVELAND.YZER,FM,Customer,REG,Yzer LLC,YZER,2026-05-05 23:59:59,035,0.0,0.0,0.0,0.0,0.0,0.0,,,1.0,,1.0,1.0
2533,8162-G09-011-401833-260504,8162_G09,C_401833,8162,XD_8162_OH_CLEVELAND.YZER,FM,Customer,REG,Yzer LLC,YZER,2026-05-04 23:59:59,011,0.0,0.0,0.0,0.0,0.0,0.0,,,1.0,,1.0,1.0
2534,8162-G09-017-444117-260504,8162_G09,C_444117,8162,XD_8162_OH_CLEVELAND.YZER,FM,Customer,REG,Yzer LLC,YZER,2026-05-04 23:59:59,017,0.0,0.0,0.0,0.0,0.0,0.0,,,1.0,,1.0,1.0
2535,8162-H02-005-407839-260504,8162_H02,C_407839,8162,XD_8162_OH_CLEVELAND.YZER,FM,Customer,REG,Yzer LLC,YZER,2026-05-04 23:59:59,005,0.0,0.0,0.0,0.0,0.0,0.0,,,1.0,,1.0,1.0
2536,8162-H02-005-407839-260505,8162_H02,C_407839,8162,XD_8162_OH_CLEVELAND.YZER,FM,Customer,REG,Yzer LLC,YZER,2026-05-05 23:59:59,005,0.0,0.0,0.0,0.0,0.0,0.0,,,1.0,,1.0,1.0
2537,8162-H03-020-415745-260505,8162_H03,C_415745,8162,XD_8162_OH_CLEVELAND.YZER,FM,Customer,REG,Yzer LLC,YZER,2026-05-05 23:59:59,020,0.0,0.0,0.0,0.0,0.0,0.0,,,1.0,,1.0,1.0
2538,8162-H04-005-433761-260505,8162_H04,C_435532,8162,XD_8162_OH_CLEVELAND.YZER,FM,Customer,REG,Yzer LLC,YZER,2026-05-05 23:59:59,005,0.0,0.0,0.0,0.0,0.0,0.0,,,1.0,,1.0,1.0
2539,8162-H05-005-224273-260505,8162_H05,C_224273,8162,XD_8162_OH_CLEVELAND.YZER,FM,Customer,REG,Yzer LLC,YZER,2026-05-05 23:59:59,005,0.0,0.0,0.0,0.0,0.0,0.0,,,1.0,,1.0,0.0
2540,8162-H05-055-925913-260505,8162_H05,C_925913,8162,XD_8162_OH_CLEVELAND.YZER,FM,Customer,REG,Yzer LLC,YZER,2026-05-05 23:59:59,055,0.0,0.0,0.0,0.0,0.0,0.0,,,1.0,,1.0,1.0
2541,8162-G04-045-443911-260504,8162_G04,C_443911,8162,XD_8162_OH_CLEVELAND.YZER,FM,Customer,REG,Yzer LLC,YZER,2026-05-04 23:59:59,045,0.0,0.0,0.0,0.0,0.0,0.0,,,1.0,,1.0,1.0
2542,8162-G09-002-289527-260505,8162_G09,C_289527,8162,XD_8162_OH_CLEVELAND.YZER,FM,Customer,REG,Yzer LLC,YZER,2026-05-05 23:59:59,002,0.0,0.0,0.0,0.0,0.0,0.0,,,1.0,,1.0,0.0
2543,8162-H01-015-444763-260504,8162_H01,C_444763,8162,XD_8162_OH_CLEVELAND.YZER,FM,Customer,REG,Yzer LLC,YZER,2026-05-04 23:59:59,015,0.0,0.0,0.0,0.0,0.0,0.0,,,1.0,,1.0,1.0
2544,8162-H01-020-446373-260504,8162_H01,C_446373,8162,XD_8162_OH_CLEVELAND.YZER,FM,Customer,REG,Yzer LLC,YZER,2026-05-04 23:59:59,020,0.0,0.0,0.0,0.0,0.0,0.0,,,1.0,,1.0,1.0
2545,8162-H01-035-865326-260505,8162_H01,C_865326,8162,XD_8162_OH_CLEVELAND.YZER,FM,Customer,REG,Yzer LLC,YZER,2026-05-05 23:59:59,035,0.0,0.0,0.0,0.0,0.0,0.0,,,1.0,,1.0,1.0
2546,8162-H04-010-146265-260504,8162_H04,C_146265,8162,XD_8162_OH_CLEVELAND.YZER,FM,Customer,REG,Yzer LLC,YZER,2026-05-04 23:59:59,010,0.0,0.0,0.0,0.0,0.0,0.0,,,1.0,,1.0,1.0
2547,8162-H06-010-151572-260504,8162_H06,C_151568,8162,XD_8162_OH_CLEVELAND.YZER,FM,Customer,REG,Yzer LLC,YZER,2026-05-04 23:59:59,010,0.0,0.0,0.0,0.0,0.0,0.0,,,1.0,,1.0,0.0
2548,8162-H06-015-285193-260504,8162_H06,C_433600,8162,XD_8162_OH_CLEVELAND.YZER,FM,Customer,REG,Yzer LLC,YZER,2026-05-04 23:59:59,015,0.0,0.0,0.0,0.0,0.0,0.0,,,1.0,,1.0,1.0
2549,8162-G01-005-718289-260505,8162_G01,C_436015,8162,XD_8162_OH_CLEVELAND.YZER,FM,Customer,REG,Yzer LLC,YZER,2026-05-05 23:59:59,005,0.0,0.0,0.0,0.0,0.0,0.0,,,1.0,,1.0,0.0
2550,8162-G03-015-584757-260505,8162_G03,C_864840,8162,XD_8162_OH_CLEVELAND.YZER,FM,Customer,REG,Yzer LLC,YZER,2026-05-05 23:59:59,015,0.0,0.0,0.0,0.0,0.0,0.0,,,1.0,,1.0,1.0
2551,8162-G05-007-208840-260504,8162_G05,C_208840,8162,XD_8162_OH_CLEVELAND.YZER,FM,Customer,REG,Yzer LLC,YZER,2026-05-04 23:59:59,007,0.0,0.0,0.0,0.0,0.0,0.0,,,1.0,,1.0,0.0
2552,8162-G07-010-134526-260504,8162_G07,C_134526,8162,XD_8162_OH_CLEVELAND.YZER,FM,Customer,REG,Yzer LLC,YZER,2026-05-04 23:59:59,010,0.0,0.0,0.0,0.0,0.0,0.0,,,1.0,,1.0,1.0
2553,8162-G09-013-286750-260505,8162_G09,C_286750,8162,XD_8162_OH_CLEVELAND.YZER,FM,Customer,REG,Yzer LLC,YZER,2026-05-05 23:59:59,013,0.0,0.0,0.0,0.0,0.0,0.0,,,1.0,,1.0,1.0
2554,8162-H01-060-807917-260504,8162_H01,C_807917,8162,XD_8162_OH_CLEVELAND.YZER,FM,Customer,REG,Yzer LLC,YZER,2026-05-04 23:59:59,060,0.0,0.0,0.0,0.0,0.0,0.0,,,1.0,,1.0,1.0
2555,8163-G06-015-719738-260505,8163_G06,C_065363,8162,XD_8162_OH_CLEVELAND.YZER,FM,Customer,REG,Yzer LLC,YZER,2026-05-05 23:59:59,015,0.0,0.0,0.0,0.0,0.0,0.0,,,1.0,,1.0,0.0
2556,8163-H06-015-415508-260504,8163_H06,C_433600,8162,XD_8162_OH_CLEVELAND.YZER,FM,Customer,REG,Yzer LLC,YZER,2026-05-04 23:59:59,015,0.0,0.0,0.0,0.0,0.0,0.0,,,1.0,,1.0,0.0
2557,Z-3562934,8162_G09,,8162,XD_8162_OH_CLEVELAND.YZER,RC,Route Chrg,REG,Yzer LLC,YZER,2026-05-04 23:59:59,000,270.39,0.0,270.39,250.0,11.64,8.75,,,,,1.0,1.0
2558,8162-G03-005-070610-260504,8162_G03,C_810447,8162,XD_8162_OH_CLEVELAND.YZER,FM,Customer,REG,Yzer LLC,YZER,2026-05-04 23:59:59,005,0.0,0.0,0.0,0.0,0.0,0.0,,,1.0,,1.0,1.0
2559,8162-G05-006-905419-260505,8162_G05,C_061312,8162,XD_8162_OH_CLEVELAND.YZER,FM,Customer,REG,Yzer LLC,YZER,2026-05-05 23:59:59,006,0.0,0.0,0.0,0.0,0.0,0.0,,,1.0,,1.0,1.0
2560,8162-G06-015-719738-260504,8162_G06,C_065363,8162,XD_8162_OH_CLEVELAND.YZER,FM,Customer,REG,Yzer LLC,YZER,2026-05-04 23:59:59,015,0.0,0.0,0.0,0.0,0.0,0.0,,,1.0,,1.0,0.0
2561,8162-H02-040-407917-260505,8162_H02,C_407917,8162,XD_8162_OH_CLEVELAND.YZER,FM,Customer,REG,Yzer LLC,YZER,2026-05-05 23:59:59,040,0.0,0.0,0.0,0.0,0.0,0.0,,,1.0,,1.0,1.0
2562,8162-H06-035-419882-260504,8162_H06,C_815793,8162,XD_8162_OH_CLEVELAND.YZER,FM,Customer,REG,Yzer LLC,YZER,2026-05-04 23:59:59,035,0.0,0.0,0.0,0.0,0.0,0.0,,,1.0,,1.0,1.0
2563,8163-G07-005-589418-260504,8163_G07,C_599132,8162,XD_8162_OH_CLEVELAND.YZER,FM,Customer,REG,Yzer LLC,YZER,2026-05-04 23:59:59,005,0.0,0.0,0.0,0.0,0.0,0.0,,,1.0,,1.0,0.0
2564,Z-3563291,8163_GX0,,8162,XD_8162_OH_CLEVELAND.YZER,RC,Route Chrg,REG,Yzer LLC,YZER,2026-05-04 23:59:59,000,0.0,0.0,0.0,0.0,0.0,0.0,,,,,1.0,1.0
2565,8162-G06-010-151558-260504,8162_G06,C_151558,8162,XD_8162_OH_CLEVELAND.YZER,FM,Customer,REG,Yzer LLC,YZER,2026-05-04 23:59:59,010,0.0,0.0,0.0,0.0,0.0,0.0,,,1.0,,1.0,1.0
2566,8162-G06-020-133946-260504,8162_G06,C_133946,8162,XD_8162_OH_CLEVELAND.YZER,FM,Customer,REG,Yzer LLC,YZER,2026-05-04 23:59:59,020,0.0,0.0,0.0,0.0,0.0,0.0,,,1.0,,1.0,1.0
2567,8162-H02-035-340423-260504,8162_H02,C_340423,8162,XD_8162_OH_CLEVELAND.YZER,FM,Customer,REG,Yzer LLC,YZER,2026-05-04 23:59:59,035,0.0,0.0,0.0,0.0,0.0,0.0,,,1.0,,1.0,1.0
2568,8162-H03-045-664113-260505,8162_H03,C_664113,8162,XD_8162_OH_CLEVELAND.YZER,FM,Customer,REG,Yzer LLC,YZER,2026-05-05 23:59:59,045,0.0,0.0,0.0,0.0,0.0,0.0,,,1.0,,1.0,1.0
2569,8162-H04-005-050648-260504,8162_H04,C_435532,8162,XD_8162_OH_CLEVELAND.YZER,FM,Customer,REG,Yzer LLC,YZER,2026-05-04 23:59:59,005,0.0,0.0,0.0,0.0,0.0,0.0,,,1.0,,1.0,0.0
2570,8163-G03-005-070610-260504,8163_G03,C_810447,8162,XD_8162_OH_CLEVELAND.YZER,FM,Customer,REG,Yzer LLC,YZER,2026-05-04 23:59:59,005,0.0,0.0,0.0,0.0,0.0,0.0,,,1.0,,1.0,0.0
2571,8162-G03-005-070610-260505,8162_G03,C_810447,8162,XD_8162_OH_CLEVELAND.YZER,FM,Customer,REG,Yzer LLC,YZER,2026-05-05 23:59:59,005,0.0,0.0,0.0,0.0,0.0,0.0,,,1.0,,1.0,0.0
2572,8162-G04-010-875777-260505,8162_G04,C_833539,8162,XD_8162_OH_CLEVELAND.YZER,FM,Customer,REG,Yzer LLC,YZER,2026-05-05 23:59:59,010,0.0,0.0,0.0,0.0,0.0,0.0,,,1.0,,1.0,0.0
2573,8162-H01-030-756914-260505,8162_H01,C_756914,8162,XD_8162_OH_CLEVELAND.YZER,FM,Customer,REG,Yzer LLC,YZER,2026-05-05 23:59:59,030,0.0,0.0,0.0,0.0,0.0,0.0,,,1.0,,1.0,1.0
2574,8162-H01-050-362140-260505,8162_H01,C_362140,8162,XD_8162_OH_CLEVELAND.YZER,FM,Customer,REG,Yzer LLC,YZER,2026-05-05 23:59:59,050,0.0,0.0,0.0,0.0,0.0,0.0,,,1.0,,1.0,1.0
2575,8162-H05-035-259008-260505,8162_H05,C_259008,8162,XD_8162_OH_CLEVELAND.YZER,FM,Customer,REG,Yzer LLC,YZER,2026-05-05 23:59:59,035,0.0,0.0,0.0,0.0,0.0,0.0,,,1.0,,1.0,1.0
2576,8162-H06-015-415508-260505,8162_H06,C_433600,8162,XD_8162_OH_CLEVELAND.YZER,FM,Customer,REG,Yzer LLC,YZER,2026-05-05 23:59:59,015,0.0,0.0,0.0,0.0,0.0,0.0,,,1.0,,1.0,0.0
2577,8162-H06-027-905330-260504,8162_H06,C_717269,8162,XD_8162_OH_CLEVELAND.YZER,FM,Customer,REG,Yzer LLC,YZER,2026-05-04 23:59:59,027,0.0,0.0,0.0,0.0,0.0,0.0,,,1.0,,1.0,0.0
2578,8163-G02-015-038361-260504,8163_G02,C_731867,8162,XD_8162_OH_CLEVELAND.YZER,FM,Customer,REG,Yzer LLC,YZER,2026-05-04 23:59:59,015,0.0,0.0,0.0,0.0,0.0,0.0,,,1.0,,1.0,0.0
2579,8163-G06-025-289530-260504,8163_G06,C_289522,8162,XD_8162_OH_CLEVELAND.YZER,FM,Customer,REG,Yzer LLC,YZER,2026-05-04 23:59:59,025,0.0,0.0,0.0,0.0,0.0,0.0,,,1.0,,1.0,0.0
2580,8162-G04-005-679719-260504,8162_G04,C_712383,8162,XD_8162_OH_CLEVELAND.YZER,FM,Customer,REG,Yzer LLC,YZER,2026-05-04 23:59:59,005,0.0,0.0,0.0,0.0,0.0,0.0,,,1.0,,1.0,1.0
2581,8162-G04-030-523596-260504,8162_G04,C_551579,8162,XD_8162_OH_CLEVELAND.YZER,FM,Customer,REG,Yzer LLC,YZER,2026-05-04 23:59:59,030,0.0,0.0,0.0,0.0,0.0,0.0,,,1.0,,1.0,1.0
2582,8162-G05-030-246296-260505,8162_G05,C_610134,8162,XD_8162_OH_CLEVELAND.YZER,FM,Customer,REG,Yzer LLC,YZER,2026-05-05 23:59:59,030,0.0,0.0,0.0,0.0,0.0,0.0,,,1.0,,1.0,1.0
2583,8162-G06-025-289530-260505,8162_G06,C_289522,8162,XD_8162_OH_CLEVELAND.YZER,FM,Customer,REG,Yzer LLC,YZER,2026-05-05 23:59:59,025,0.0,0.0,0.0,0.0,0.0,0.0,,,1.0,,1.0,0.0
2584,8162-G07-025-955410-260505,8162_G07,C_955410,8162,XD_8162_OH_CLEVELAND.YZER,FM,Customer,REG,Yzer LLC,YZER,2026-05-05 23:59:59,025,0.0,0.0,0.0,0.0,0.0,0.0,,,1.0,,1.0,1.0
2585,8162-G09-001-424353-260505,8162_G09,C_289513,8162,XD_8162_OH_CLEVELAND.YZER,FM,Customer,REG,Yzer LLC,YZER,2026-05-05 23:59:59,001,0.0,0.0,0.0,0.0,0.0,0.0,,,1.0,,1.0,0.0
2586,8162-G09-035-905119-260504,8162_G09,C_905119,8162,XD_8162_OH_CLEVELAND.YZER,FM,Customer,REG,Yzer LLC,YZER,2026-05-04 23:59:59,035,0.0,0.0,0.0,0.0,0.0,0.0,,,1.0,,1.0,1.0
2587,8162-H01-020-446373-260505,8162_H01,C_446373,8162,XD_8162_OH_CLEVELAND.YZER,FM,Customer,REG,Yzer LLC,YZER,2026-05-05 23:59:59,020,0.0,0.0,0.0,0.0,0.0,0.0,,,1.0,,1.0,1.0
2588,8162-H01-040-093494-260504,8162_H01,C_093505,8162,XD_8162_OH_CLEVELAND.YZER,FM,Customer,REG,Yzer LLC,YZER,2026-05-04 23:59:59,040,0.0,0.0,0.0,0.0,0.0,0.0,,,1.0,,1.0,1.0
2589,8162-H06-040-892876-260505,8162_H06,C_946980,8162,XD_8162_OH_CLEVELAND.YZER,FM,Customer,REG,Yzer LLC,YZER,2026-05-05 23:59:59,040,0.0,0.0,0.0,0.0,0.0,0.0,,,1.0,,1.0,1.0
2590,Z-3559484,8162_G05,,8162,XD_8162_OH_CLEVELAND.YZER,RC,Route Chrg,REG,Yzer LLC,YZER,2026-05-01 23:59:59,000,328.8,0.0,328.8,304.0,14.16,10.64,,,,,1.0,1.0
2591,8162-G05-035-414946-260504,8162_G05,C_414946,8162,XD_8162_OH_CLEVELAND.YZER,FM,Customer,REG,Yzer LLC,YZER,2026-05-04 23:59:59,035,0.0,0.0,0.0,0.0,0.0,0.0,,,1.0,,1.0,1.0
2592,8162-G06-025-289530-260504,8162_G06,C_289522,8162,XD_8162_OH_CLEVELAND.YZER,FM,Customer,REG,Yzer LLC,YZER,2026-05-04 23:59:59,025,0.0,0.0,0.0,0.0,0.0,0.0,,,1.0,,1.0,0.0
2593,8162-G09-017-444117-260505,8162_G09,C_444117,8162,XD_8162_OH_CLEVELAND.YZER,FM,Customer,REG,Yzer LLC,YZER,2026-05-05 23:59:59,017,0.0,0.0,0.0,0.0,0.0,0.0,,,1.0,,1.0,1.0
2594,8162-H02-020-134501-260505,8162_H02,C_134501,8162,XD_8162_OH_CLEVELAND.YZER,FM,Customer,REG,Yzer LLC,YZER,2026-05-05 23:59:59,020,0.0,0.0,0.0,0.0,0.0,0.0,,,1.0,,1.0,1.0
2595,8162-H04-015-970222-260504,8162_H04,C_970222,8162,XD_8162_OH_CLEVELAND.YZER,FM,Customer,REG,Yzer LLC,YZER,2026-05-04 23:59:59,015,0.0,0.0,0.0,0.0,0.0,0.0,,,1.0,,1.0,1.0
2596,8162-H04-025-349314-260504,8162_H04,C_349314,8162,XD_8162_OH_CLEVELAND.YZER,FM,Customer,REG,Yzer LLC,YZER,2026-05-04 23:59:59,025,0.0,0.0,0.0,0.0,0.0,0.0,,,1.0,,1.0,1.0
2597,8162-H06-015-173360-260504,8162_H06,C_433600,8162,XD_8162_OH_CLEVELAND.YZER,FM,Customer,REG,Yzer LLC,YZER,2026-05-04 23:59:59,015,0.0,0.0,0.0,0.0,0.0,0.0,,,1.0,,1.0,0.0
2598,8162-H06-020-245725-260504,8162_H06,C_717269,8162,XD_8162_OH_CLEVELAND.YZER,FM,Customer,REG,Yzer LLC,YZER,2026-05-04 23:59:59,020,0.0,0.0,0.0,0.0,0.0,0.0,,,1.0,,1.0,0.0
2599,8163-G01-020-890860-260504,8163_G01,C_890860,8162,XD_8162_OH_CLEVELAND.YZER,FM,Customer,REG,Yzer LLC,YZER,2026-05-04 23:59:59,020,0.0,0.0,0.0,0.0,0.0,0.0,,,1.0,,1.0,0.0
2600,8163-G06-015-719738-260504,8163_G06,C_065363,8162,XD_8162_OH_CLEVELAND.YZER,FM,Customer,REG,Yzer LLC,YZER,2026-05-04 23:59:59,015,0.0,0.0,0.0,0.0,0.0,0.0,,,1.0,,1.0,0.0
2601,8163-G06-025-289530-260505,8163_G06,C_289522,8162,XD_8162_OH_CLEVELAND.YZER,FM,Customer,REG,Yzer LLC,YZER,2026-05-05 23:59:59,025,0.0,0.0,0.0,0.0,0.0,0.0,,,1.0,,1.0,0.0
2602,Z-3559754,8163_H03,,8162,XD_8162_OH_CLEVELAND.YZER,RC,Route Chrg,REG,Yzer LLC,YZER,2026-05-01 23:59:59,000,0.0,0.0,0.0,0.0,0.0,0.0,,,,,1.0,1.0
2603,8162-G02-040-244530-260505,8162_G02,C_017375,8162,XD_8162_OH_CLEVELAND.YZER,FM,Customer,REG,Yzer LLC,YZER,2026-05-05 23:59:59,040,0.0,0.0,0.0,0.0,0.0,0.0,,,1.0,,1.0,1.0
2604,8162-G05-030-246296-260504,8162_G05,C_610134,8162,XD_8162_OH_CLEVELAND.YZER,FM,Customer,REG,Yzer LLC,YZER,2026-05-04 23:59:59,030,0.0,0.0,0.0,0.0,0.0,0.0,,,1.0,,1.0,0.0
2605,8162-G06-025-289522-260505,8162_G06,C_289522,8162,XD_8162_OH_CLEVELAND.YZER,FM,Customer,REG,Yzer LLC,YZER,2026-05-05 23:59:59,025,0.0,0.0,0.0,0.0,0.0,0.0,,,1.0,,1.0,1.0
2606,8163-G03-005-892996-260504,8163_G03,C_810447,8162,XD_8162_OH_CLEVELAND.YZER,FM,Customer,REG,Yzer LLC,YZER,2026-05-04 23:59:59,005,0.0,0.0,0.0,0.0,0.0,0.0,,,1.0,,1.0,0.0
2607,Z-3562928,8162_G07,,8162,XD_8162_OH_CLEVELAND.YZER,RC,Route Chrg,REG,Yzer LLC,YZER,2026-05-04 23:59:59,000,297.44,0.0,297.44,275.0,12.81,9.63,,,,,1.0,1.0
2608,Z-3562931,8162_G02,,8162,XD_8162_OH_CLEVELAND.YZER,RC,Route Chrg,REG,Yzer LLC,YZER,2026-05-04 23:59:59,000,430.82,0.0,430.82,375.0,42.69,13.13,,,,,1.0,1.0
2609,Z-3562979,8162_H02,,8162,XD_8162_OH_CLEVELAND.YZER,RC,Route Chrg,REG,Yzer LLC,YZER,2026-05-04 23:59:59,000,325.13,0.0,325.13,283.0,32.22,9.91,,,,,1.0,1.0
2610,8162-G01-020-890860-260504,8162_G01,C_890860,8162,XD_8162_OH_CLEVELAND.YZER,FM,Customer,REG,Yzer LLC,YZER,2026-05-04 23:59:59,020,0.0,0.0,0.0,0.0,0.0,0.0,,,1.0,,1.0,0.0
2611,8162-G03-037-426990-260504,8162_G03,C_521590,8162,XD_8162_OH_CLEVELAND.YZER,FM,Customer,REG,Yzer LLC,YZER,2026-05-04 23:59:59,037,0.0,0.0,0.0,0.0,0.0,0.0,,,1.0,,1.0,1.0
2612,8162-G07-005-589418-260505,8162_G07,C_599132,8162,XD_8162_OH_CLEVELAND.YZER,FM,Customer,REG,Yzer LLC,YZER,2026-05-05 23:59:59,005,0.0,0.0,0.0,0.0,0.0,0.0,,,1.0,,1.0,0.0
2613,8162-G07-005-893022-260504,8162_G07,C_599132,8162,XD_8162_OH_CLEVELAND.YZER,FM,Customer,REG,Yzer LLC,YZER,2026-05-04 23:59:59,005,0.0,0.0,0.0,0.0,0.0,0.0,,,1.0,,1.0,0.0
2614,8162-G07-030-995737-260505,8162_G07,C_995737,8162,XD_8162_OH_CLEVELAND.YZER,FM,Customer,REG,Yzer LLC,YZER,2026-05-05 23:59:59,030,0.0,0.0,0.0,0.0,0.0,0.0,,,1.0,,1.0,1.0
2615,8162-G09-001-289513-260504,8162_G09,C_289513,8162,XD_8162_OH_CLEVELAND.YZER,FM,Customer,REG,Yzer LLC,YZER,2026-05-04 23:59:59,001,0.0,0.0,0.0,0.0,0.0,0.0,,,1.0,,1.0,1.0
2616,8162-G09-028-093539-260504,8162_G09,C_093545,8162,XD_8162_OH_CLEVELAND.YZER,FM,Customer,REG,Yzer LLC,YZER,2026-05-04 23:59:59,028,0.0,0.0,0.0,0.0,0.0,0.0,,,1.0,,1.0,0.0
2617,8162-H02-015-134622-260505,8162_H02,C_134622,8162,XD_8162_OH_CLEVELAND.YZER,FM,Customer,REG,Yzer LLC,YZER,2026-05-05 23:59:59,015,0.0,0.0,0.0,0.0,0.0,0.0,,,1.0,,1.0,1.0
2618,8162-H04-025-349314-260505,8162_H04,C_349314,8162,XD_8162_OH_CLEVELAND.YZER,FM,Customer,REG,Yzer LLC,YZER,2026-05-05 23:59:59,025,0.0,0.0,0.0,0.0,0.0,0.0,,,1.0,,1.0,1.0
2619,8162-H05-015-134985-260505,8162_H05,C_134985,8162,XD_8162_OH_CLEVELAND.YZER,FM,Customer,REG,Yzer LLC,YZER,2026-05-05 23:59:59,015,0.0,0.0,0.0,0.0,0.0,0.0,,,1.0,,1.0,1.0
2620,8162-G01-040-099634-260505,8162_G01,C_099634,8162,XD_8162_OH_CLEVELAND.YZER,FM,Customer,REG,Yzer LLC,YZER,2026-05-05 23:59:59,040,0.0,0.0,0.0,0.0,0.0,0.0,,,1.0,,1.0,1.0
2621,8162-G03-020-667610-260505,8162_G03,C_667610,8162,XD_8162_OH_CLEVELAND.YZER,FM,Customer,REG,Yzer LLC,YZER,2026-05-05 23:59:59,020,0.0,0.0,0.0,0.0,0.0,0.0,,,1.0,,1.0,0.0
2622,8162-G04-035-444588-260504,8162_G04,C_444588,8162,XD_8162_OH_CLEVELAND.YZER,FM,Customer,REG,Yzer LLC,YZER,2026-05-04 23:59:59,035,0.0,0.0,0.0,0.0,0.0,0.0,,,1.0,,1.0,1.0
2623,8162-G04-045-443911-260505,8162_G04,C_443911,8162,XD_8162_OH_CLEVELAND.YZER,FM,Customer,REG,Yzer LLC,YZER,2026-05-05 23:59:59,045,0.0,0.0,0.0,0.0,0.0,0.0,,,1.0,,1.0,1.0
2624,8162-G06-015-151561-260504,8162_G06,C_065363,8162,XD_8162_OH_CLEVELAND.YZER,FM,Customer,REG,Yzer LLC,YZER,2026-05-04 23:59:59,015,0.0,0.0,0.0,0.0,0.0,0.0,,,1.0,,1.0,1.0
2625,8162-H01-015-444763-260505,8162_H01,C_444763,8162,XD_8162_OH_CLEVELAND.YZER,FM,Customer,REG,Yzer LLC,YZER,2026-05-05 23:59:59,015,0.0,0.0,0.0,0.0,0.0,0.0,,,1.0,,1.0,1.0
2626,8162-H02-015-134622-260504,8162_H02,C_134622,8162,XD_8162_OH_CLEVELAND.YZER,FM,Customer,REG,Yzer LLC,YZER,2026-05-04 23:59:59,015,0.0,0.0,0.0,0.0,0.0,0.0,,,1.0,,1.0,1.0
2627,8162-H03-005-160440-260505,8162_H03,C_160440,8162,XD_8162_OH_CLEVELAND.YZER,FM,Customer,REG,Yzer LLC,YZER,2026-05-05 23:59:59,005,0.0,0.0,0.0,0.0,0.0,0.0,,,1.0,,1.0,1.0
2628,8162-H04-040-350918-260504,8162_H04,C_350918,8162,XD_8162_OH_CLEVELAND.YZER,FM,Customer,REG,Yzer LLC,YZER,2026-05-04 23:59:59,040,0.0,0.0,0.0,0.0,0.0,0.0,,,1.0,,1.0,1.0
2629,8162-G01-030-217734-260504,8162_G01,C_217734,8162,XD_8162_OH_CLEVELAND.YZER,FM,Customer,REG,Yzer LLC,YZER,2026-05-04 23:59:59,030,0.0,0.0,0.0,0.0,0.0,0.0,,,1.0,,1.0,1.0
2630,8162-G07-005-589418-260504,8162_G07,C_599132,8162,XD_8162_OH_CLEVELAND.YZER,FM,Customer,REG,Yzer LLC,YZER,2026-05-04 23:59:59,005,0.0,0.0,0.0,0.0,0.0,0.0,,,1.0,,1.0,0.0
2631,8162-H06-015-162631-260505,8162_H06,C_433600,8162,XD_8162_OH_CLEVELAND.YZER,FM,Customer,REG,Yzer LLC,YZER,2026-05-05 23:59:59,015,0.0,0.0,0.0,0.0,0.0,0.0,,,1.0,,1.0,0.0
2632,8162-H06-020-431206-260504,8162_H06,C_717269,8162,XD_8162_OH_CLEVELAND.YZER,FM,Customer,REG,Yzer LLC,YZER,2026-05-04 23:59:59,020,0.0,0.0,0.0,0.0,0.0,0.0,,,1.0,,1.0,0.0
2633,8163-G02-005-713914-260504,8163_G02,C_713914,8162,XD_8162_OH_CLEVELAND.YZER,FM,Customer,REG,Yzer LLC,YZER,2026-05-04 23:59:59,005,0.0,0.0,0.0,0.0,0.0,0.0,,,1.0,,1.0,0.0
2634,Z-3587858,8163_H04,,8162,XD_8162_OH_CLEVELAND.YZER,RC,Route Chrg,REG,Yzer LLC,YZER,2026-05-12 23:59:59,000,,0.0,,,0.0,,8.0,18.0,8.0,18.0,1.0,1.0
2635,Z-3592807,8163_G09,,8162,XD_8162_OH_CLEVELAND.YZER,RC,Route Chrg,REG,Yzer LLC,YZER,2026-05-13 23:59:59,000,,0.0,,,0.0,,8.0,33.0,8.0,33.0,1.0,1.0
2636,Z-3592912,8163_H04,,8162,XD_8162_OH_CLEVELAND.YZER,RC,Route Chrg,REG,Yzer LLC,YZER,2026-05-13 23:59:59,000,,0.0,,,0.0,,7.0,17.0,7.0,17.0,1.0,1.0
2637,Z-3620750,8163_G01,,8162,XD_8162_OH_CLEVELAND.YZER,RC,Route Chrg,REG,Yzer LLC,YZER,2026-05-22 23:59:59,000,,0.0,,,0.0,,5.0,26.0,5.0,26.0,1.0,1.0
2638,Z-3620588,8163_H04,,8162,XD_8162_OH_CLEVELAND.YZER,RC,Route Chrg,REG,Yzer LLC,YZER,2026-05-22 23:59:59,000,,0.0,,,0.0,,7.0,12.0,7.0,12.0,1.0,1.0
2639,Z-3603771,8163_G02,,8162,XD_8162_OH_CLEVELAND.YZER,RC,Route Chrg,REG,Yzer LLC,YZER,2026-05-18 23:59:59,000,,0.0,,,0.0,,7.0,121.0,7.0,121.0,1.0,1.0
2640,Z-3608224,8163_H01,,8162,XD_8162_OH_CLEVELAND.YZER,RC,Route Chrg,REG,Yzer LLC,YZER,2026-05-19 23:59:59,000,,0.0,,,0.0,,9.0,25.0,9.0,25.0,1.0,1.0
2641,Z-3608340,8163_G03,,8162,XD_8162_OH_CLEVELAND.YZER,RC,Route Chrg,REG,Yzer LLC,YZER,2026-05-19 23:59:59,000,,0.0,,,0.0,,8.0,64.0,8.0,64.0,1.0,1.0
2642,Z-3627893,8163_G07,,8162,XD_8162_OH_CLEVELAND.YZER,RC,Route Chrg,REG,Yzer LLC,YZER,2026-05-27 23:59:59,000,0.0,0.0,0.0,0.0,0.0,0.0,,,,,1.0,1.0
2643,Z-3632090,8163_G02,,8162,XD_8162_OH_CLEVELAND.YZER,RC,Route Chrg,REG,Yzer LLC,YZER,2026-05-28 23:59:59,000,0.0,0.0,0.0,0.0,0.0,0.0,,,,,1.0,1.0
2644,Z-3636885,8163_G02,,8162,XD_8162_OH_CLEVELAND.YZER,RC,Route Chrg,REG,Yzer LLC,YZER,2026-05-29 23:59:59,000,0.0,0.0,0.0,0.0,0.0,0.0,,,,,1.0,1.0
2645,8163-H06-015-415508-260529,8163_H06,C_433600,8162,XD_8162_OH_CLEVELAND.YZER,FM,Customer,REG,Yzer LLC,YZER,2026-05-29 23:59:59,015,0.0,0.0,0.0,0.0,0.0,0.0,,,1.0,,1.0,0.0
2646,8162-H01-015-444602-260527,8162_H01,C_444763,8162,XD_8162_OH_CLEVELAND.YZER,FM,Customer,REG,Yzer LLC,YZER,2026-05-27 23:59:59,015,0.0,0.0,0.0,0.0,0.0,0.0,,,1.0,,1.0,0.0
2647,8162-H01-020-446373-260529,8162_H01,C_446373,8162,XD_8162_OH_CLEVELAND.YZER,FM,Customer,REG,Yzer LLC,YZER,2026-05-29 23:59:59,020,0.0,0.0,0.0,0.0,0.0,0.0,,,1.0,,1.0,1.0
2648,Z-3632000,8162_G07,,8162,XD_8162_OH_CLEVELAND.YZER,RC,Route Chrg,REG,Yzer LLC,YZER,2026-05-28 23:59:59,000,304.55,0.0,304.55,275.0,19.92,9.63,,,,,1.0,1.0
2649,Z-3636875,8162_G02,,8162,XD_8162_OH_CLEVELAND.YZER,RC,Route Chrg,REG,Yzer LLC,YZER,2026-05-29 23:59:59,000,440.53,0.0,440.53,375.0,52.4,13.13,,,,,1.0,1.0
2650,8162-G09-046-415729-260529,8162_G09,C_415729,8162,XD_8162_OH_CLEVELAND.YZER,FM,Customer,REG,Yzer LLC,YZER,2026-05-29 23:59:59,046,0.0,0.0,0.0,0.0,0.0,0.0,,,1.0,,1.0,1.0
2651,8162-H06-015-631172-260529,8162_H06,C_433600,8162,XD_8162_OH_CLEVELAND.YZER,FM,Customer,REG,Yzer LLC,YZER,2026-05-29 23:59:59,015,0.0,0.0,0.0,0.0,0.0,0.0,,,1.0,,1.0,0.0
2652,8162-G02-015-038361-260529,8162_G02,C_731867,8162,XD_8162_OH_CLEVELAND.YZER,FM,Customer,REG,Yzer LLC,YZER,2026-05-29 23:59:59,015,0.0,0.0,0.0,0.0,0.0,0.0,,,1.0,,1.0,0.0
2653,8162-G07-005-386053-260527,8162_G07,C_599132,8162,XD_8162_OH_CLEVELAND.YZER,FM,Customer,REG,Yzer LLC,YZER,2026-05-27 23:59:59,005,0.0,0.0,0.0,0.0,0.0,0.0,,,1.0,,1.0,0.0
2654,8162-G05-005-221190-260527,8162_G05,C_441221,8162,XD_8162_OH_CLEVELAND.YZER,FM,Customer,REG,Yzer LLC,YZER,2026-05-27 23:59:59,005,0.0,0.0,0.0,0.0,0.0,0.0,,,1.0,,1.0,0.0
2655,8162-G09-026-295594-260527,8162_G09,C_295594,8162,XD_8162_OH_CLEVELAND.YZER,FM,Customer,REG,Yzer LLC,YZER,2026-05-27 23:59:59,026,0.0,0.0,0.0,0.0,0.0,0.0,,,1.0,,1.0,1.0
2656,8162-H05-005-176725-260529,8162_H05,C_224273,8162,XD_8162_OH_CLEVELAND.YZER,FM,Customer,REG,Yzer LLC,YZER,2026-05-29 23:59:59,005,0.0,0.0,0.0,0.0,0.0,0.0,,,1.0,,1.0,1.0
2657,8162-H01-040-093494-260527,8162_H01,C_093505,8162,XD_8162_OH_CLEVELAND.YZER,FM,Customer,REG,Yzer LLC,YZER,2026-05-27 23:59:59,040,0.0,0.0,0.0,0.0,0.0,0.0,,,1.0,,1.0,1.0
2658,8162-HX5-010-992617-260527,8162_HX5,C_678442,8162,XD_8162_OH_CLEVELAND.YZER,FM,Customer,REG,Yzer LLC,YZER,2026-05-27 23:59:59,010,0.0,0.0,0.0,0.0,0.0,0.0,,,1.0,,1.0,0.0
2659,Z-3632016,8162_H03,,8162,XD_8162_OH_CLEVELAND.YZER,RC,Route Chrg,REG,Yzer LLC,YZER,2026-05-28 23:59:59,000,300.12,0.0,300.12,271.0,19.63,9.49,,,,,1.0,1.0
2660,8162-G03-025-296317-260526,8162_G03,C_296317,8162,XD_8162_OH_CLEVELAND.YZER,FM,Customer,REG,Yzer LLC,YZER,2026-05-26 23:59:59,025,0.0,0.0,0.0,0.0,0.0,0.0,,,1.0,,1.0,1.0
2661,8162-G03-005-070610-260526,8162_G03,C_810447,8162,XD_8162_OH_CLEVELAND.YZER,FM,Customer,REG,Yzer LLC,YZER,2026-05-26 23:59:59,005,0.0,0.0,0.0,0.0,0.0,0.0,,,1.0,,1.0,1.0
2662,8162-H01-015-444763-260529,8162_H01,C_444763,8162,XD_8162_OH_CLEVELAND.YZER,FM,Customer,REG,Yzer LLC,YZER,2026-05-29 23:59:59,015,0.0,0.0,0.0,0.0,0.0,0.0,,,1.0,,1.0,1.0
2663,8162-H02-035-340423-260529,8162_H02,C_340423,8162,XD_8162_OH_CLEVELAND.YZER,FM,Customer,REG,Yzer LLC,YZER,2026-05-29 23:59:59,035,0.0,0.0,0.0,0.0,0.0,0.0,,,1.0,,1.0,1.0
2664,8162-H06-010-151570-260528,8162_H06,C_151568,8162,XD_8162_OH_CLEVELAND.YZER,FM,Customer,REG,Yzer LLC,YZER,2026-05-28 23:59:59,010,0.0,0.0,0.0,0.0,0.0,0.0,,,1.0,,1.0,0.0
2665,8162-G01-005-436015-260529,8162_G01,C_436015,8162,XD_8162_OH_CLEVELAND.YZER,FM,Customer,REG,Yzer LLC,YZER,2026-05-29 23:59:59,005,0.0,0.0,0.0,0.0,0.0,0.0,,,1.0,,1.0,1.0
2666,Z-3627633,8163_H03,,8162,XD_8162_OH_CLEVELAND.YZER,RC,Route Chrg,REG,Yzer LLC,YZER,2026-05-27 23:59:59,000,0.0,0.0,0.0,0.0,0.0,0.0,,,,,1.0,1.0
2667,8162-G03-037-426990-260529,8162_G03,C_521590,8162,XD_8162_OH_CLEVELAND.YZER,FM,Customer,REG,Yzer LLC,YZER,2026-05-29 23:59:59,037,0.0,0.0,0.0,0.0,0.0,0.0,,,1.0,,1.0,1.0
2668,8162-G05-002-219681-260528,8162_G05,C_219681,8162,XD_8162_OH_CLEVELAND.YZER,FM,Customer,REG,Yzer LLC,YZER,2026-05-28 23:59:59,002,0.0,0.0,0.0,0.0,0.0,0.0,,,1.0,,1.0,1.0
2669,8162-G02-015-038361-260527,8162_G02,C_731867,8162,XD_8162_OH_CLEVELAND.YZER,FM,Customer,REG,Yzer LLC,YZER,2026-05-27 23:59:59,015,0.0,0.0,0.0,0.0,0.0,0.0,,,1.0,,1.0,0.0
2670,8162-G03-025-969803-260526,8162_G03,C_296317,8162,XD_8162_OH_CLEVELAND.YZER,FM,Customer,REG,Yzer LLC,YZER,2026-05-26 23:59:59,025,0.0,0.0,0.0,0.0,0.0,0.0,,,1.0,,1.0,0.0
2671,8162-G07-025-955410-260529,8162_G07,C_955410,8162,XD_8162_OH_CLEVELAND.YZER,FM,Customer,REG,Yzer LLC,YZER,2026-05-29 23:59:59,025,0.0,0.0,0.0,0.0,0.0,0.0,,,1.0,,1.0,1.0
2672,Z-3592645,8162_G04,,8162,XD_8162_OH_CLEVELAND.YZER,RC,Route Chrg,REG,Yzer LLC,YZER,2026-05-13 23:59:59,000,275.93,0.0,275.93,248.0,19.25,8.68,,,,,1.0,1.0
2673,8162-H01-025-806927-260512,8162_H01,C_806927,8162,XD_8162_OH_CLEVELAND.YZER,FM,Customer,REG,Yzer LLC,YZER,2026-05-12 23:59:59,025,0.0,0.0,0.0,0.0,0.0,0.0,,,1.0,,1.0,1.0
2674,8162-G03-037-521590-260512,8162_G03,C_521590,8162,XD_8162_OH_CLEVELAND.YZER,FM,Customer,REG,Yzer LLC,YZER,2026-05-12 23:59:59,037,0.0,0.0,0.0,0.0,0.0,0.0,,,1.0,,1.0,0.0
2675,8162-H02-035-340423-260508,8162_H02,C_340423,8162,XD_8162_OH_CLEVELAND.YZER,FM,Customer,REG,Yzer LLC,YZER,2026-05-08 23:59:59,035,0.0,0.0,0.0,0.0,0.0,0.0,,,1.0,,1.0,1.0
2676,8162-G06-020-133946-260507,8162_G06,C_133946,8162,XD_8162_OH_CLEVELAND.YZER,FM,Customer,REG,Yzer LLC,YZER,2026-05-07 23:59:59,020,0.0,0.0,0.0,0.0,0.0,0.0,,,1.0,,1.0,1.0
2677,8162-G07-050-275462-260512,8162_G07,C_275462,8162,XD_8162_OH_CLEVELAND.YZER,FM,Customer,REG,Yzer LLC,YZER,2026-05-12 23:59:59,050,0.0,0.0,0.0,0.0,0.0,0.0,,,1.0,,1.0,1.0
2678,Z-3580251,8162_H05,,8162,XD_8162_OH_CLEVELAND.YZER,RC,Route Chrg,REG,Yzer LLC,YZER,2026-05-08 23:59:59,000,297.33,0.0,297.33,252.0,36.51,8.82,,,,,1.0,1.0
2679,8162-G01-040-099634-260513,8162_G01,C_099634,8162,XD_8162_OH_CLEVELAND.YZER,FM,Customer,REG,Yzer LLC,YZER,2026-05-13 23:59:59,040,0.0,0.0,0.0,0.0,0.0,0.0,,,1.0,,1.0,1.0
2680,8162-H06-020-245725-260511,8162_H06,C_717269,8162,XD_8162_OH_CLEVELAND.YZER,FM,Customer,REG,Yzer LLC,YZER,2026-05-11 23:59:59,020,0.0,0.0,0.0,0.0,0.0,0.0,,,1.0,,1.0,0.0
2681,8162-G04-006-712383-260513,8162_G04,C_712383,8162,XD_8162_OH_CLEVELAND.YZER,FM,Customer,REG,Yzer LLC,YZER,2026-05-13 23:59:59,006,0.0,0.0,0.0,0.0,0.0,0.0,,,1.0,,1.0,0.0
2682,8162-G02-030-289502-260508,8162_G02,C_289502,8162,XD_8162_OH_CLEVELAND.YZER,FM,Customer,REG,Yzer LLC,YZER,2026-05-08 23:59:59,030,0.0,0.0,0.0,0.0,0.0,0.0,,,1.0,,1.0,1.0
2683,8162-G07-005-893022-260513,8162_G07,C_599132,8162,XD_8162_OH_CLEVELAND.YZER,FM,Customer,REG,Yzer LLC,YZER,2026-05-13 23:59:59,005,0.0,0.0,0.0,0.0,0.0,0.0,,,1.0,,1.0,1.0
2684,8162-G03-020-667610-260515,8162_G03,C_667610,8162,XD_8162_OH_CLEVELAND.YZER,FM,Customer,REG,Yzer LLC,YZER,2026-05-15 23:59:59,020,0.0,0.0,0.0,0.0,0.0,0.0,,,1.0,,1.0,1.0
2685,8162-H03-050-442084-260518,8162_H03,C_442084,8162,XD_8162_OH_CLEVELAND.YZER,FM,Customer,REG,Yzer LLC,YZER,2026-05-18 23:59:59,050,0.0,0.0,0.0,0.0,0.0,0.0,,,1.0,,1.0,1.0
2686,8162-G04-010-833539-260515,8162_G04,C_833539,8162,XD_8162_OH_CLEVELAND.YZER,FM,Customer,REG,Yzer LLC,YZER,2026-05-15 23:59:59,010,0.0,0.0,0.0,0.0,0.0,0.0,,,1.0,,1.0,0.0
2687,8162-H06-020-245725-260515,8162_H06,C_717269,8162,XD_8162_OH_CLEVELAND.YZER,FM,Customer,REG,Yzer LLC,YZER,2026-05-15 23:59:59,020,0.0,0.0,0.0,0.0,0.0,0.0,,,1.0,,1.0,0.0
2688,8163-G06-015-151562-260518,8163_G06,C_065363,8162,XD_8162_OH_CLEVELAND.YZER,FM,Customer,REG,Yzer LLC,YZER,2026-05-18 23:59:59,015,0.0,0.0,0.0,0.0,0.0,0.0,,,1.0,,1.0,0.0
2689,8162-H05-020-304538-260518,8162_H05,C_304538,8162,XD_8162_OH_CLEVELAND.YZER,FM,Customer,REG,Yzer LLC,YZER,2026-05-18 23:59:59,020,0.0,0.0,0.0,0.0,0.0,0.0,,,1.0,,1.0,1.0
2690,8162-G05-006-224266-260515,8162_G05,C_061312,8162,XD_8162_OH_CLEVELAND.YZER,FM,Customer,REG,Yzer LLC,YZER,2026-05-15 23:59:59,006,0.0,0.0,0.0,0.0,0.0,0.0,,,1.0,,1.0,1.0
2691,Z-3600076,8162_G05,,8162,XD_8162_OH_CLEVELAND.YZER,RC,Route Chrg,REG,Yzer LLC,YZER,2026-05-15 23:59:59,000,338.24,0.0,338.24,304.0,23.6,10.64,,,,,1.0,1.0
2692,8162-G07-005-589418-260515,8162_G07,C_599132,8162,XD_8162_OH_CLEVELAND.YZER,FM,Customer,REG,Yzer LLC,YZER,2026-05-15 23:59:59,005,0.0,0.0,0.0,0.0,0.0,0.0,,,1.0,,1.0,0.0
2693,8162-G06-015-892865-260515,8162_G06,C_065363,8162,XD_8162_OH_CLEVELAND.YZER,FM,Customer,REG,Yzer LLC,YZER,2026-05-15 23:59:59,015,0.0,0.0,0.0,0.0,0.0,0.0,,,1.0,,1.0,0.0
2694,8162-G01-020-890860-260515,8162_G01,C_890860,8162,XD_8162_OH_CLEVELAND.YZER,FM,Customer,REG,Yzer LLC,YZER,2026-05-15 23:59:59,020,0.0,0.0,0.0,0.0,0.0,0.0,,,1.0,,1.0,1.0
2695,8162-H05-025-253079-260504,8162_H05,C_253079,8162,XD_8162_OH_CLEVELAND.YZER,FM,Customer,REG,Yzer LLC,YZER,2026-05-04 23:59:59,025,0.0,0.0,0.0,0.0,0.0,0.0,,,1.0,,1.0,1.0
2696,8162-G02-020-096443-260505,8162_G02,C_598488,8162,XD_8162_OH_CLEVELAND.YZER,FM,Customer,REG,Yzer LLC,YZER,2026-05-05 23:59:59,020,0.0,0.0,0.0,0.0,0.0,0.0,,,1.0,,1.0,0.0
2697,8162-H03-050-442084-260504,8162_H03,C_442084,8162,XD_8162_OH_CLEVELAND.YZER,FM,Customer,REG,Yzer LLC,YZER,2026-05-04 23:59:59,050,0.0,0.0,0.0,0.0,0.0,0.0,,,1.0,,1.0,1.0
2698,Z-3584192,8163_G03,,8162,XD_8162_OH_CLEVELAND.YZER,RC,Route Chrg,REG,Yzer LLC,YZER,2026-05-11 23:59:59,000,,0.0,,,0.0,,8.0,22.0,8.0,22.0,1.0,1.0
2699,Z-3587682,8163_G01,,8162,XD_8162_OH_CLEVELAND.YZER,RC,Route Chrg,REG,Yzer LLC,YZER,2026-05-12 23:59:59,000,,0.0,,,0.0,,5.0,22.0,5.0,22.0,1.0,1.0
2700,8162-H02-050-579755-260504,8162_H02,C_579755,8162,XD_8162_OH_CLEVELAND.YZER,FM,Customer,REG,Yzer LLC,YZER,2026-05-04 23:59:59,050,0.0,0.0,0.0,0.0,0.0,0.0,,,1.0,,1.0,1.0
2701,Z-3587537,8162_HX2,,8162,XD_8162_OH_CLEVELAND.YZER,RC,Route Chrg,REG,Yzer LLC,YZER,2026-05-12 23:59:59,000,,0.0,,,0.0,,1.0,2.0,1.0,2.0,1.0,1.0
2702,Z-3587680,8163_G05,,8162,XD_8162_OH_CLEVELAND.YZER,RC,Route Chrg,REG,Yzer LLC,YZER,2026-05-12 23:59:59,000,,0.0,,,0.0,,8.0,23.0,8.0,23.0,1.0,1.0
2703,Z-3613090,8163_H05,,8162,XD_8162_OH_CLEVELAND.YZER,RC,Route Chrg,REG,Yzer LLC,YZER,2026-05-20 23:59:59,000,,0.0,,,0.0,,8.0,22.0,8.0,22.0,1.0,1.0
2704,Z-3613239,8163_HX5,,8162,XD_8162_OH_CLEVELAND.YZER,RC,Route Chrg,REG,Yzer LLC,YZER,2026-05-20 23:59:59,000,,0.0,,,0.0,,1.0,1.0,1.0,1.0,1.0,1.0
2705,Z-3613240,8163_HX2,,8162,XD_8162_OH_CLEVELAND.YZER,RC,Route Chrg,REG,Yzer LLC,YZER,2026-05-20 23:59:59,000,,0.0,,,0.0,,1.0,1.0,1.0,1.0,1.0,1.0
2706,8162-H01-045-924410-260504,8162_H01,C_924410,8162,XD_8162_OH_CLEVELAND.YZER,FM,Customer,REG,Yzer LLC,YZER,2026-05-04 23:59:59,045,0.0,0.0,0.0,0.0,0.0,0.0,,,1.0,,1.0,1.0
2707,Z-3616218,8163_H05,,8162,XD_8162_OH_CLEVELAND.YZER,RC,Route Chrg,REG,Yzer LLC,YZER,2026-05-21 23:59:59,000,,0.0,,,0.0,,7.0,9.0,7.0,9.0,1.0,1.0
2708,Z-3624292,8162_HX2,,8162,XD_8162_OH_CLEVELAND.YZER,RC,Route Chrg,REG,Yzer LLC,YZER,2026-05-26 23:59:59,000,0.0,0.0,0.0,0.0,0.0,0.0,,,,,1.0,1.0
2709,Z-3627478,8163_H06,,8162,XD_8162_OH_CLEVELAND.YZER,RC,Route Chrg,REG,Yzer LLC,YZER,2026-05-27 23:59:59,000,0.0,0.0,0.0,0.0,0.0,0.0,,,,,1.0,1.0
2710,8162-H06-035-419882-260505,8162_H06,C_815793,8162,XD_8162_OH_CLEVELAND.YZER,FM,Customer,REG,Yzer LLC,YZER,2026-05-05 23:59:59,035,0.0,0.0,0.0,0.0,0.0,0.0,,,1.0,,1.0,1.0
2711,8162-H03-015-133964-260527,8162_H03,C_133964,8162,XD_8162_OH_CLEVELAND.YZER,FM,Customer,REG,Yzer LLC,YZER,2026-05-27 23:59:59,015,0.0,0.0,0.0,0.0,0.0,0.0,,,1.0,,1.0,1.0
2712,8162-H05-035-259008-260527,8162_H05,C_259008,8162,XD_8162_OH_CLEVELAND.YZER,FM,Customer,REG,Yzer LLC,YZER,2026-05-27 23:59:59,035,0.0,0.0,0.0,0.0,0.0,0.0,,,1.0,,1.0,1.0
2713,8162-G01-030-217734-260529,8162_G01,C_217734,8162,XD_8162_OH_CLEVELAND.YZER,FM,Customer,REG,Yzer LLC,YZER,2026-05-29 23:59:59,030,0.0,0.0,0.0,0.0,0.0,0.0,,,1.0,,1.0,1.0
2714,8162-G09-013-286750-260529,8162_G09,C_286750,8162,XD_8162_OH_CLEVELAND.YZER,FM,Customer,REG,Yzer LLC,YZER,2026-05-29 23:59:59,013,0.0,0.0,0.0,0.0,0.0,0.0,,,1.0,,1.0,1.0
2715,8162-G05-005-221190-260526,8162_G05,C_441221,8162,XD_8162_OH_CLEVELAND.YZER,FM,Customer,REG,Yzer LLC,YZER,2026-05-26 23:59:59,005,0.0,0.0,0.0,0.0,0.0,0.0,,,1.0,,1.0,0.0
2716,8162-G01-015-273236-260529,8162_G01,C_273236,8162,XD_8162_OH_CLEVELAND.YZER,FM,Customer,REG,Yzer LLC,YZER,2026-05-29 23:59:59,015,0.0,0.0,0.0,0.0,0.0,0.0,,,1.0,,1.0,1.0
2717,8162-G07-042-314668-260528,8162_G07,C_905014,8162,XD_8162_OH_CLEVELAND.YZER,FM,Customer,REG,Yzer LLC,YZER,2026-05-28 23:59:59,042,0.0,0.0,0.0,0.0,0.0,0.0,,,1.0,,1.0,0.0
2718,8163-G02-005-754541-260529,8163_G02,C_713914,8162,XD_8162_OH_CLEVELAND.YZER,FM,Customer,REG,Yzer LLC,YZER,2026-05-29 23:59:59,005,0.0,0.0,0.0,0.0,0.0,0.0,,,1.0,,1.0,0.0
2719,8162-H04-010-146265-260529,8162_H04,C_146265,8162,XD_8162_OH_CLEVELAND.YZER,FM,Customer,REG,Yzer LLC,YZER,2026-05-29 23:59:59,010,0.0,0.0,0.0,0.0,0.0,0.0,,,1.0,,1.0,1.0
2720,8162-H05-005-176725-260527,8162_H05,C_224273,8162,XD_8162_OH_CLEVELAND.YZER,FM,Customer,REG,Yzer LLC,YZER,2026-05-27 23:59:59,005,0.0,0.0,0.0,0.0,0.0,0.0,,,1.0,,1.0,0.0
2721,8162-G02-020-128913-260527,8162_G02,C_598488,8162,XD_8162_OH_CLEVELAND.YZER,FM,Customer,REG,Yzer LLC,YZER,2026-05-27 23:59:59,020,0.0,0.0,0.0,0.0,0.0,0.0,,,1.0,,1.0,0.0
2722,8162-G09-028-093545-260528,8162_G09,C_093545,8162,XD_8162_OH_CLEVELAND.YZER,FM,Customer,REG,Yzer LLC,YZER,2026-05-28 23:59:59,028,0.0,0.0,0.0,0.0,0.0,0.0,,,1.0,,1.0,1.0
2723,8162-H04-015-970222-260528,8162_H04,C_970222,8162,XD_8162_OH_CLEVELAND.YZER,FM,Customer,REG,Yzer LLC,YZER,2026-05-28 23:59:59,015,0.0,0.0,0.0,0.0,0.0,0.0,,,1.0,,1.0,1.0
2724,8162-G06-025-289532-260529,8162_G06,C_289522,8162,XD_8162_OH_CLEVELAND.YZER,FM,Customer,REG,Yzer LLC,YZER,2026-05-29 23:59:59,025,0.0,0.0,0.0,0.0,0.0,0.0,,,1.0,,1.0,0.0
2725,8162-G07-005-599132-260527,8162_G07,C_599132,8162,XD_8162_OH_CLEVELAND.YZER,FM,Customer,REG,Yzer LLC,YZER,2026-05-27 23:59:59,005,0.0,0.0,0.0,0.0,0.0,0.0,,,1.0,,1.0,1.0
2726,8163-G07-005-893022-260528,8163_G07,C_599132,8162,XD_8162_OH_CLEVELAND.YZER,FM,Customer,REG,Yzer LLC,YZER,2026-05-28 23:59:59,005,0.0,0.0,0.0,0.0,0.0,0.0,,,1.0,,1.0,0.0
2727,8162-G06-015-151562-260528,8162_G06,C_065363,8162,XD_8162_OH_CLEVELAND.YZER,FM,Customer,REG,Yzer LLC,YZER,2026-05-28 23:59:59,015,0.0,0.0,0.0,0.0,0.0,0.0,,,1.0,,1.0,0.0
2728,8162-H02-015-134622-260527,8162_H02,C_134622,8162,XD_8162_OH_CLEVELAND.YZER,FM,Customer,REG,Yzer LLC,YZER,2026-05-27 23:59:59,015,0.0,0.0,0.0,0.0,0.0,0.0,,,1.0,,1.0,1.0
2729,8162-G05-006-224266-260508,8162_G05,C_061312,8162,XD_8162_OH_CLEVELAND.YZER,FM,Customer,REG,Yzer LLC,YZER,2026-05-08 23:59:59,006,0.0,0.0,0.0,0.0,0.0,0.0,,,1.0,,1.0,1.0
2730,8163-G09-001-289513-260513,8163_G09,C_289513,8162,XD_8162_OH_CLEVELAND.YZER,FM,Customer,REG,Yzer LLC,YZER,2026-05-13 23:59:59,001,0.0,0.0,0.0,0.0,0.0,0.0,,,1.0,,1.0,0.0
2731,Z-3583711,8163_GX0,,8162,XD_8162_OH_CLEVELAND.YZER,RC,Route Chrg,REG,Yzer LLC,YZER,2026-05-11 23:59:59,000,0.0,0.0,0.0,0.0,0.0,0.0,,,,,1.0,1.0
2732,8162-H04-005-433761-260513,8162_H04,C_435532,8162,XD_8162_OH_CLEVELAND.YZER,FM,Customer,REG,Yzer LLC,YZER,2026-05-13 23:59:59,005,0.0,0.0,0.0,0.0,0.0,0.0,,,1.0,,1.0,1.0
2733,8162-G05-010-219681-260508,8162_G05,C_219681,8162,XD_8162_OH_CLEVELAND.YZER,FM,Customer,REG,Yzer LLC,YZER,2026-05-08 23:59:59,010,0.0,0.0,0.0,0.0,0.0,0.0,,,1.0,,1.0,1.0
2734,8162-H05-005-224273-260511,8162_H05,C_224273,8162,XD_8162_OH_CLEVELAND.YZER,FM,Customer,REG,Yzer LLC,YZER,2026-05-11 23:59:59,005,0.0,0.0,0.0,0.0,0.0,0.0,,,1.0,,1.0,1.0
2735,8162-G02-010-433278-260511,8162_G02,C_433278,8162,XD_8162_OH_CLEVELAND.YZER,FM,Customer,REG,Yzer LLC,YZER,2026-05-11 23:59:59,010,0.0,0.0,0.0,0.0,0.0,0.0,,,1.0,,1.0,1.0
2736,8162-H06-015-415508-260512,8162_H06,C_433600,8162,XD_8162_OH_CLEVELAND.YZER,FM,Customer,REG,Yzer LLC,YZER,2026-05-12 23:59:59,015,0.0,0.0,0.0,0.0,0.0,0.0,,,1.0,,1.0,0.0
2737,8162-G06-020-133946-260508,8162_G06,C_133946,8162,XD_8162_OH_CLEVELAND.YZER,FM,Customer,REG,Yzer LLC,YZER,2026-05-08 23:59:59,020,0.0,0.0,0.0,0.0,0.0,0.0,,,1.0,,1.0,1.0
2738,8162-H01-050-362140-260514,8162_H01,C_362140,8162,XD_8162_OH_CLEVELAND.YZER,FM,Customer,REG,Yzer LLC,YZER,2026-05-14 23:59:59,050,0.0,0.0,0.0,0.0,0.0,0.0,,,1.0,,1.0,1.0
2739,8162-H04-045-603704-260511,8162_H04,C_603704,8162,XD_8162_OH_CLEVELAND.YZER,FM,Customer,REG,Yzer LLC,YZER,2026-05-11 23:59:59,045,0.0,0.0,0.0,0.0,0.0,0.0,,,1.0,,1.0,1.0
2740,8162-H01-045-924410-260508,8162_H01,C_924410,8162,XD_8162_OH_CLEVELAND.YZER,FM,Customer,REG,Yzer LLC,YZER,2026-05-08 23:59:59,045,0.0,0.0,0.0,0.0,0.0,0.0,,,1.0,,1.0,1.0
2741,8162-H02-035-340423-260513,8162_H02,C_340423,8162,XD_8162_OH_CLEVELAND.YZER,FM,Customer,REG,Yzer LLC,YZER,2026-05-13 23:59:59,035,0.0,0.0,0.0,0.0,0.0,0.0,,,1.0,,1.0,1.0
2742,Z-3583469,8162_G04,,8162,XD_8162_OH_CLEVELAND.YZER,RC,Route Chrg,REG,Yzer LLC,YZER,2026-05-11 23:59:59,000,274.65,0.0,274.65,248.0,17.97,8.68,,,,,1.0,1.0
2743,8162-H02-050-579755-260518,8162_H02,C_579755,8162,XD_8162_OH_CLEVELAND.YZER,FM,Customer,REG,Yzer LLC,YZER,2026-05-18 23:59:59,050,0.0,0.0,0.0,0.0,0.0,0.0,,,1.0,,1.0,1.0
2744,8163-H06-020-717269-260515,8163_H06,C_717269,8162,XD_8162_OH_CLEVELAND.YZER,FM,Customer,REG,Yzer LLC,YZER,2026-05-15 23:59:59,020,0.0,0.0,0.0,0.0,0.0,0.0,,,1.0,,1.0,0.0
2745,8162-H05-035-259008-260515,8162_H05,C_259008,8162,XD_8162_OH_CLEVELAND.YZER,FM,Customer,REG,Yzer LLC,YZER,2026-05-15 23:59:59,035,0.0,0.0,0.0,0.0,0.0,0.0,,,1.0,,1.0,1.0
2746,8163-G02-005-071322-260518,8163_G02,C_713914,8162,XD_8162_OH_CLEVELAND.YZER,FM,Customer,REG,Yzer LLC,YZER,2026-05-18 23:59:59,005,0.0,0.0,0.0,0.0,0.0,0.0,,,1.0,,1.0,0.0
2747,8162-G06-025-289532-260518,8162_G06,C_289522,8162,XD_8162_OH_CLEVELAND.YZER,FM,Customer,REG,Yzer LLC,YZER,2026-05-18 23:59:59,025,0.0,0.0,0.0,0.0,0.0,0.0,,,1.0,,1.0,0.0
2748,8162-H05-025-253079-260518,8162_H05,C_253079,8162,XD_8162_OH_CLEVELAND.YZER,FM,Customer,REG,Yzer LLC,YZER,2026-05-18 23:59:59,025,0.0,0.0,0.0,0.0,0.0,0.0,,,1.0,,1.0,1.0
2749,8162-H04-005-433761-260518,8162_H04,C_435532,8162,XD_8162_OH_CLEVELAND.YZER,FM,Customer,REG,Yzer LLC,YZER,2026-05-18 23:59:59,005,0.0,0.0,0.0,0.0,0.0,0.0,,,1.0,,1.0,1.0
2750,8162-G07-005-245872-260518,8162_G07,C_599132,8162,XD_8162_OH_CLEVELAND.YZER,FM,Customer,REG,Yzer LLC,YZER,2026-05-18 23:59:59,005,0.0,0.0,0.0,0.0,0.0,0.0,,,1.0,,1.0,0.0
2751,8162-G03-005-723011-260518,8162_G03,C_810447,8162,XD_8162_OH_CLEVELAND.YZER,FM,Customer,REG,Yzer LLC,YZER,2026-05-18 23:59:59,005,0.0,0.0,0.0,0.0,0.0,0.0,,,1.0,,1.0,0.0
2752,8162-H04-020-274850-260518,8162_H04,C_274850,8162,XD_8162_OH_CLEVELAND.YZER,FM,Customer,REG,Yzer LLC,YZER,2026-05-18 23:59:59,020,0.0,0.0,0.0,0.0,0.0,0.0,,,1.0,,1.0,1.0
2753,8162-G06-010-151559-260515,8162_G06,C_151558,8162,XD_8162_OH_CLEVELAND.YZER,FM,Customer,REG,Yzer LLC,YZER,2026-05-15 23:59:59,010,0.0,0.0,0.0,0.0,0.0,0.0,,,1.0,,1.0,0.0
2754,8162-H04-010-146265-260515,8162_H04,C_146265,8162,XD_8162_OH_CLEVELAND.YZER,FM,Customer,REG,Yzer LLC,YZER,2026-05-15 23:59:59,010,0.0,0.0,0.0,0.0,0.0,0.0,,,1.0,,1.0,1.0
2755,8162-G07-005-589418-260514,8162_G07,C_599132,8162,XD_8162_OH_CLEVELAND.YZER,FM,Customer,REG,Yzer LLC,YZER,2026-05-14 23:59:59,005,0.0,0.0,0.0,0.0,0.0,0.0,,,1.0,,1.0,0.0
2756,8162-G06-025-289532-260511,8162_G06,C_289522,8162,XD_8162_OH_CLEVELAND.YZER,FM,Customer,REG,Yzer LLC,YZER,2026-05-11 23:59:59,025,0.0,0.0,0.0,0.0,0.0,0.0,,,1.0,,1.0,0.0
2757,Z-3570836,8162_G04,,8162,XD_8162_OH_CLEVELAND.YZER,RC,Route Chrg,REG,Yzer LLC,YZER,2026-05-06 23:59:59,000,274.65,0.0,274.65,248.0,17.97,8.68,,,,,1.0,1.0
2758,8162-G04-010-875777-260514,8162_G04,C_833539,8162,XD_8162_OH_CLEVELAND.YZER,FM,Customer,REG,Yzer LLC,YZER,2026-05-14 23:59:59,010,0.0,0.0,0.0,0.0,0.0,0.0,,,1.0,,1.0,0.0
2759,8162-G01-015-273236-260512,8162_G01,C_273236,8162,XD_8162_OH_CLEVELAND.YZER,FM,Customer,REG,Yzer LLC,YZER,2026-05-12 23:59:59,015,0.0,0.0,0.0,0.0,0.0,0.0,,,1.0,,1.0,1.0
2760,8162-G06-026-289530-260511,8162_G06,C_289522,8162,XD_8162_OH_CLEVELAND.YZER,FM,Customer,REG,Yzer LLC,YZER,2026-05-11 23:59:59,026,0.0,0.0,0.0,0.0,0.0,0.0,,,1.0,,1.0,0.0
2761,8162-G05-010-642013-260508,8162_G05,C_219681,8162,XD_8162_OH_CLEVELAND.YZER,FM,Customer,REG,Yzer LLC,YZER,2026-05-08 23:59:59,010,0.0,0.0,0.0,0.0,0.0,0.0,,,1.0,,1.0,0.0
2762,8162-H06-015-631172-260506,8162_H06,C_433600,8162,XD_8162_OH_CLEVELAND.YZER,FM,Customer,REG,Yzer LLC,YZER,2026-05-06 23:59:59,015,0.0,0.0,0.0,0.0,0.0,0.0,,,1.0,,1.0,0.0
2763,8162-G06-025-289530-260507,8162_G06,C_289522,8162,XD_8162_OH_CLEVELAND.YZER,FM,Customer,REG,Yzer LLC,YZER,2026-05-07 23:59:59,025,0.0,0.0,0.0,0.0,0.0,0.0,,,1.0,,1.0,0.0
2764,8162-G02-015-731867-260514,8162_G02,C_731867,8162,XD_8162_OH_CLEVELAND.YZER,FM,Customer,REG,Yzer LLC,YZER,2026-05-14 23:59:59,015,0.0,0.0,0.0,0.0,0.0,0.0,,,1.0,,1.0,1.0
2765,8162-H02-045-624058-260511,8162_H02,C_624058,8162,XD_8162_OH_CLEVELAND.YZER,FM,Customer,REG,Yzer LLC,YZER,2026-05-11 23:59:59,045,0.0,0.0,0.0,0.0,0.0,0.0,,,1.0,,1.0,1.0
2766,8162-G06-015-892865-260512,8162_G06,C_065363,8162,XD_8162_OH_CLEVELAND.YZER,FM,Customer,REG,Yzer LLC,YZER,2026-05-12 23:59:59,015,0.0,0.0,0.0,0.0,0.0,0.0,,,1.0,,1.0,0.0
2767,8162-G05-045-245718-260513,8162_G05,C_245718,8162,XD_8162_OH_CLEVELAND.YZER,FM,Customer,REG,Yzer LLC,YZER,2026-05-13 23:59:59,045,0.0,0.0,0.0,0.0,0.0,0.0,,,1.0,,1.0,0.0
2768,Z-3567624,8162_G01,,8162,XD_8162_OH_CLEVELAND.YZER,RC,Route Chrg,REG,Yzer LLC,YZER,2026-05-05 23:59:59,000,248.76,0.0,248.76,230.0,10.71,8.05,,,,,1.0,1.0
2769,8162-G01-020-443013-260508,8162_G01,C_890860,8162,XD_8162_OH_CLEVELAND.YZER,FM,Customer,REG,Yzer LLC,YZER,2026-05-08 23:59:59,020,0.0,0.0,0.0,0.0,0.0,0.0,,,1.0,,1.0,1.0
2770,8163-G04-005-679719-260508,8163_G04,C_712383,8162,XD_8162_OH_CLEVELAND.YZER,FM,Customer,REG,Yzer LLC,YZER,2026-05-08 23:59:59,005,0.0,0.0,0.0,0.0,0.0,0.0,,,1.0,,1.0,0.0
2771,8162-G06-026-289530-260514,8162_G06,C_289522,8162,XD_8162_OH_CLEVELAND.YZER,FM,Customer,REG,Yzer LLC,YZER,2026-05-14 23:59:59,026,0.0,0.0,0.0,0.0,0.0,0.0,,,1.0,,1.0,0.0
2772,8162-H03-015-133964-260507,8162_H03,C_133964,8162,XD_8162_OH_CLEVELAND.YZER,FM,Customer,REG,Yzer LLC,YZER,2026-05-07 23:59:59,015,0.0,0.0,0.0,0.0,0.0,0.0,,,1.0,,1.0,1.0
2773,8162-G09-011-401833-260519,8162_G09,C_401833,8162,XD_8162_OH_CLEVELAND.YZER,FM,Customer,REG,Yzer LLC,YZER,2026-05-19 23:59:59,011,0.0,0.0,0.0,0.0,0.0,0.0,,,1.0,,1.0,1.0
2774,8162-G03-005-070610-260506,8162_G03,C_810447,8162,XD_8162_OH_CLEVELAND.YZER,FM,Customer,REG,Yzer LLC,YZER,2026-05-06 23:59:59,005,0.0,0.0,0.0,0.0,0.0,0.0,,,1.0,,1.0,0.0
2775,8162-G02-015-038370-260512,8162_G02,C_731867,8162,XD_8162_OH_CLEVELAND.YZER,FM,Customer,REG,Yzer LLC,YZER,2026-05-12 23:59:59,015,0.0,0.0,0.0,0.0,0.0,0.0,,,1.0,,1.0,0.0
2776,8162-H01-050-362140-260511,8162_H01,C_362140,8162,XD_8162_OH_CLEVELAND.YZER,FM,Customer,REG,Yzer LLC,YZER,2026-05-11 23:59:59,050,0.0,0.0,0.0,0.0,0.0,0.0,,,1.0,,1.0,1.0
2777,8162-H04-025-349314-260506,8162_H04,C_349314,8162,XD_8162_OH_CLEVELAND.YZER,FM,Customer,REG,Yzer LLC,YZER,2026-05-06 23:59:59,025,0.0,0.0,0.0,0.0,0.0,0.0,,,1.0,,1.0,1.0
2778,8162-G03-005-892996-260512,8162_G03,C_810447,8162,XD_8162_OH_CLEVELAND.YZER,FM,Customer,REG,Yzer LLC,YZER,2026-05-12 23:59:59,005,0.0,0.0,0.0,0.0,0.0,0.0,,,1.0,,1.0,0.0
2779,8162-G01-005-718289-260508,8162_G01,C_436015,8162,XD_8162_OH_CLEVELAND.YZER,FM,Customer,REG,Yzer LLC,YZER,2026-05-08 23:59:59,005,0.0,0.0,0.0,0.0,0.0,0.0,,,1.0,,1.0,0.0
2780,8162-G05-005-221190-260508,8162_G05,C_441221,8162,XD_8162_OH_CLEVELAND.YZER,FM,Customer,REG,Yzer LLC,YZER,2026-05-08 23:59:59,005,0.0,0.0,0.0,0.0,0.0,0.0,,,1.0,,1.0,1.0
2781,8162-G02-045-209162-260506,8162_G02,C_209162,8162,XD_8162_OH_CLEVELAND.YZER,FM,Customer,REG,Yzer LLC,YZER,2026-05-06 23:59:59,045,0.0,0.0,0.0,0.0,0.0,0.0,,,1.0,,1.0,0.0
2782,8162-H06-027-905330-260511,8162_H06,C_717269,8162,XD_8162_OH_CLEVELAND.YZER,FM,Customer,REG,Yzer LLC,YZER,2026-05-11 23:59:59,027,0.0,0.0,0.0,0.0,0.0,0.0,,,1.0,,1.0,0.0
2783,8162-H06-020-431045-260514,8162_H06,C_717269,8162,XD_8162_OH_CLEVELAND.YZER,FM,Customer,REG,Yzer LLC,YZER,2026-05-14 23:59:59,020,0.0,0.0,0.0,0.0,0.0,0.0,,,1.0,,1.0,0.0
2784,8162-G06-010-151559-260507,8162_G06,C_151558,8162,XD_8162_OH_CLEVELAND.YZER,FM,Customer,REG,Yzer LLC,YZER,2026-05-07 23:59:59,010,0.0,0.0,0.0,0.0,0.0,0.0,,,1.0,,1.0,0.0
2785,Z-3587696,8162_H06,,8162,XD_8162_OH_CLEVELAND.YZER,RC,Route Chrg,REG,Yzer LLC,YZER,2026-05-12 23:59:59,000,277.28,0.0,277.28,235.0,34.05,8.23,,,,,1.0,1.0
2786,8162-G03-030-724609-260512,8162_G03,C_724609,8162,XD_8162_OH_CLEVELAND.YZER,FM,Customer,REG,Yzer LLC,YZER,2026-05-12 23:59:59,030,0.0,0.0,0.0,0.0,0.0,0.0,,,1.0,,1.0,1.0
2787,8162-G02-010-433278-260506,8162_G02,C_433278,8162,XD_8162_OH_CLEVELAND.YZER,FM,Customer,REG,Yzer LLC,YZER,2026-05-06 23:59:59,010,0.0,0.0,0.0,0.0,0.0,0.0,,,1.0,,1.0,1.0
2788,8162-H06-015-415508-260506,8162_H06,C_433600,8162,XD_8162_OH_CLEVELAND.YZER,FM,Customer,REG,Yzer LLC,YZER,2026-05-06 23:59:59,015,0.0,0.0,0.0,0.0,0.0,0.0,,,1.0,,1.0,1.0
2789,Z-3567553,8162_G07,,8162,XD_8162_OH_CLEVELAND.YZER,RC,Route Chrg,REG,Yzer LLC,YZER,2026-05-05 23:59:59,000,297.44,0.0,297.44,275.0,12.81,9.63,,,,,1.0,1.0
2790,8162-G04-010-833539-260514,8162_G04,C_833539,8162,XD_8162_OH_CLEVELAND.YZER,FM,Customer,REG,Yzer LLC,YZER,2026-05-14 23:59:59,010,0.0,0.0,0.0,0.0,0.0,0.0,,,1.0,,1.0,1.0
2791,8162-G09-011-401833-260511,8162_G09,C_401833,8162,XD_8162_OH_CLEVELAND.YZER,FM,Customer,REG,Yzer LLC,YZER,2026-05-11 23:59:59,011,0.0,0.0,0.0,0.0,0.0,0.0,,,1.0,,1.0,1.0
2792,8162-G09-002-289527-260519,8162_G09,C_289527,8162,XD_8162_OH_CLEVELAND.YZER,FM,Customer,REG,Yzer LLC,YZER,2026-05-19 23:59:59,002,0.0,0.0,0.0,0.0,0.0,0.0,,,1.0,,1.0,1.0
2793,8162-G05-006-224266-260519,8162_G05,C_061312,8162,XD_8162_OH_CLEVELAND.YZER,FM,Customer,REG,Yzer LLC,YZER,2026-05-19 23:59:59,006,0.0,0.0,0.0,0.0,0.0,0.0,,,1.0,,1.0,0.0
2794,8162-H03-005-160440-260519,8162_H03,C_160440,8162,XD_8162_OH_CLEVELAND.YZER,FM,Customer,REG,Yzer LLC,YZER,2026-05-19 23:59:59,005,0.0,0.0,0.0,0.0,0.0,0.0,,,1.0,,1.0,1.0
2795,8162-G07-045-144654-260519,8162_G07,C_144654,8162,XD_8162_OH_CLEVELAND.YZER,FM,Customer,REG,Yzer LLC,YZER,2026-05-19 23:59:59,045,0.0,0.0,0.0,0.0,0.0,0.0,,,1.0,,1.0,1.0
2796,8162-G02-040-017375-260519,8162_G02,C_017375,8162,XD_8162_OH_CLEVELAND.YZER,FM,Customer,REG,Yzer LLC,YZER,2026-05-19 23:59:59,040,0.0,0.0,0.0,0.0,0.0,0.0,,,1.0,,1.0,0.0
2797,8162-H06-035-419882-260513,8162_H06,C_815793,8162,XD_8162_OH_CLEVELAND.YZER,FM,Customer,REG,Yzer LLC,YZER,2026-05-13 23:59:59,035,0.0,0.0,0.0,0.0,0.0,0.0,,,1.0,,1.0,1.0
2798,8162-H06-010-151568-260519,8162_H06,C_151568,8162,XD_8162_OH_CLEVELAND.YZER,FM,Customer,REG,Yzer LLC,YZER,2026-05-19 23:59:59,010,0.0,0.0,0.0,0.0,0.0,0.0,,,1.0,,1.0,0.0
2799,Z-3603534,8162_G04,,8162,XD_8162_OH_CLEVELAND.YZER,RC,Route Chrg,REG,Yzer LLC,YZER,2026-05-18 23:59:59,000,275.93,0.0,275.93,248.0,19.25,8.68,,,,,1.0,1.0
2800,8162-H01-040-093505-260511,8162_H01,C_093505,8162,XD_8162_OH_CLEVELAND.YZER,FM,Customer,REG,Yzer LLC,YZER,2026-05-11 23:59:59,040,0.0,0.0,0.0,0.0,0.0,0.0,,,1.0,,1.0,0.0
2801,8163-G06-015-719738-260519,8163_G06,C_065363,8162,XD_8162_OH_CLEVELAND.YZER,FM,Customer,REG,Yzer LLC,YZER,2026-05-19 23:59:59,015,0.0,0.0,0.0,0.0,0.0,0.0,,,1.0,,1.0,0.0
2802,8162-H06-040-892876-260519,8162_H06,C_946980,8162,XD_8162_OH_CLEVELAND.YZER,FM,Customer,REG,Yzer LLC,YZER,2026-05-19 23:59:59,040,0.0,0.0,0.0,0.0,0.0,0.0,,,1.0,,1.0,1.0
2803,8162-G03-010-256130-260519,8162_G03,C_223285,8162,XD_8162_OH_CLEVELAND.YZER,FM,Customer,REG,Yzer LLC,YZER,2026-05-19 23:59:59,010,0.0,0.0,0.0,0.0,0.0,0.0,,,1.0,,1.0,1.0
2804,8162-G06-025-289522-260519,8162_G06,C_289522,8162,XD_8162_OH_CLEVELAND.YZER,FM,Customer,REG,Yzer LLC,YZER,2026-05-19 23:59:59,025,0.0,0.0,0.0,0.0,0.0,0.0,,,1.0,,1.0,1.0
2805,8162-H01-045-924410-260519,8162_H01,C_924410,8162,XD_8162_OH_CLEVELAND.YZER,FM,Customer,REG,Yzer LLC,YZER,2026-05-19 23:59:59,045,0.0,0.0,0.0,0.0,0.0,0.0,,,1.0,,1.0,1.0
2806,8162-G09-001-289513-260519,8162_G09,C_289513,8162,XD_8162_OH_CLEVELAND.YZER,FM,Customer,REG,Yzer LLC,YZER,2026-05-19 23:59:59,001,0.0,0.0,0.0,0.0,0.0,0.0,,,1.0,,1.0,1.0
2807,Z-3570948,8162_G05,,8162,XD_8162_OH_CLEVELAND.YZER,RC,Route Chrg,REG,Yzer LLC,YZER,2026-05-06 23:59:59,000,336.66,0.0,336.66,304.0,22.02,10.64,,,,,1.0,1.0
2808,8162-G06-015-151561-260519,8162_G06,C_065363,8162,XD_8162_OH_CLEVELAND.YZER,FM,Customer,REG,Yzer LLC,YZER,2026-05-19 23:59:59,015,0.0,0.0,0.0,0.0,0.0,0.0,,,1.0,,1.0,1.0
2809,8162-G01-005-209001-260519,8162_G01,C_436015,8162,XD_8162_OH_CLEVELAND.YZER,FM,Customer,REG,Yzer LLC,YZER,2026-05-19 23:59:59,005,0.0,0.0,0.0,0.0,0.0,0.0,,,1.0,,1.0,0.0
2810,8162-G01-040-099634-260520,8162_G01,C_099634,8162,XD_8162_OH_CLEVELAND.YZER,FM,Customer,REG,Yzer LLC,YZER,2026-05-20 23:59:59,040,0.0,0.0,0.0,0.0,0.0,0.0,,,1.0,,1.0,1.0
2811,8162-H01-060-807917-260508,8162_H01,C_807917,8162,XD_8162_OH_CLEVELAND.YZER,FM,Customer,REG,Yzer LLC,YZER,2026-05-08 23:59:59,060,0.0,0.0,0.0,0.0,0.0,0.0,,,1.0,,1.0,1.0
2812,8162-H06-010-151578-260520,8162_H06,C_151568,8162,XD_8162_OH_CLEVELAND.YZER,FM,Customer,REG,Yzer LLC,YZER,2026-05-20 23:59:59,010,0.0,0.0,0.0,0.0,0.0,0.0,,,1.0,,1.0,1.0
2813,8162-G03-020-667610-260514,8162_G03,C_667610,8162,XD_8162_OH_CLEVELAND.YZER,FM,Customer,REG,Yzer LLC,YZER,2026-05-14 23:59:59,020,0.0,0.0,0.0,0.0,0.0,0.0,,,1.0,,1.0,1.0
2814,8162-G09-046-415729-260520,8162_G09,C_415729,8162,XD_8162_OH_CLEVELAND.YZER,FM,Customer,REG,Yzer LLC,YZER,2026-05-20 23:59:59,046,0.0,0.0,0.0,0.0,0.0,0.0,,,1.0,,1.0,1.0
2815,8162-H05-015-134985-260521,8162_H05,C_134985,8162,XD_8162_OH_CLEVELAND.YZER,FM,Customer,REG,Yzer LLC,YZER,2026-05-21 23:59:59,015,0.0,0.0,0.0,0.0,0.0,0.0,,,1.0,,1.0,1.0
2816,8162-H05-020-304538-260521,8162_H05,C_304538,8162,XD_8162_OH_CLEVELAND.YZER,FM,Customer,REG,Yzer LLC,YZER,2026-05-21 23:59:59,020,0.0,0.0,0.0,0.0,0.0,0.0,,,1.0,,1.0,1.0
2817,8162-H06-010-151569-260514,8162_H06,C_151568,8162,XD_8162_OH_CLEVELAND.YZER,FM,Customer,REG,Yzer LLC,YZER,2026-05-14 23:59:59,010,0.0,0.0,0.0,0.0,0.0,0.0,,,1.0,,1.0,0.0
2818,8162-G07-005-599132-260521,8162_G07,C_599132,8162,XD_8162_OH_CLEVELAND.YZER,FM,Customer,REG,Yzer LLC,YZER,2026-05-21 23:59:59,005,0.0,0.0,0.0,0.0,0.0,0.0,,,1.0,,1.0,1.0
2819,8162-G07-005-589418-260521,8162_G07,C_599132,8162,XD_8162_OH_CLEVELAND.YZER,FM,Customer,REG,Yzer LLC,YZER,2026-05-21 23:59:59,005,0.0,0.0,0.0,0.0,0.0,0.0,,,1.0,,1.0,0.0
2820,8162-G04-045-443911-260521,8162_G04,C_443911,8162,XD_8162_OH_CLEVELAND.YZER,FM,Customer,REG,Yzer LLC,YZER,2026-05-21 23:59:59,045,0.0,0.0,0.0,0.0,0.0,0.0,,,1.0,,1.0,1.0
2821,8162-G06-026-280570-260521,8162_G06,C_289522,8162,XD_8162_OH_CLEVELAND.YZER,FM,Customer,REG,Yzer LLC,YZER,2026-05-21 23:59:59,026,0.0,0.0,0.0,0.0,0.0,0.0,,,1.0,,1.0,0.0
2822,8163-G01-005-209001-260521,8163_G01,C_436015,8162,XD_8162_OH_CLEVELAND.YZER,FM,Customer,REG,Yzer LLC,YZER,2026-05-21 23:59:59,005,0.0,0.0,0.0,0.0,0.0,0.0,,,1.0,,1.0,0.0
2823,8162-G06-015-151561-260508,8162_G06,C_065363,8162,XD_8162_OH_CLEVELAND.YZER,FM,Customer,REG,Yzer LLC,YZER,2026-05-08 23:59:59,015,0.0,0.0,0.0,0.0,0.0,0.0,,,1.0,,1.0,1.0
2824,8163-H06-015-415508-260507,8163_H06,C_433600,8162,XD_8162_OH_CLEVELAND.YZER,FM,Customer,REG,Yzer LLC,YZER,2026-05-07 23:59:59,015,0.0,0.0,0.0,0.0,0.0,0.0,,,1.0,,1.0,0.0
2825,8162-G02-015-038361-260521,8162_G02,C_731867,8162,XD_8162_OH_CLEVELAND.YZER,FM,Customer,REG,Yzer LLC,YZER,2026-05-21 23:59:59,015,0.0,0.0,0.0,0.0,0.0,0.0,,,1.0,,1.0,0.0
2826,8162-G03-020-667610-260511,8162_G03,C_667610,8162,XD_8162_OH_CLEVELAND.YZER,FM,Customer,REG,Yzer LLC,YZER,2026-05-11 23:59:59,020,0.0,0.0,0.0,0.0,0.0,0.0,,,1.0,,1.0,1.0
2827,8162-H04-030-326949-260521,8162_H04,C_993260,8162,XD_8162_OH_CLEVELAND.YZER,FM,Customer,REG,Yzer LLC,YZER,2026-05-21 23:59:59,030,0.0,0.0,0.0,0.0,0.0,0.0,,,1.0,,1.0,1.0
2828,8162-G06-020-133946-260522,8162_G06,C_133946,8162,XD_8162_OH_CLEVELAND.YZER,FM,Customer,REG,Yzer LLC,YZER,2026-05-22 23:59:59,020,0.0,0.0,0.0,0.0,0.0,0.0,,,1.0,,1.0,1.0
2829,8162-G03-005-070610-260514,8162_G03,C_810447,8162,XD_8162_OH_CLEVELAND.YZER,FM,Customer,REG,Yzer LLC,YZER,2026-05-14 23:59:59,005,0.0,0.0,0.0,0.0,0.0,0.0,,,1.0,,1.0,0.0
2830,8162-G05-035-414946-260522,8162_G05,C_414946,8162,XD_8162_OH_CLEVELAND.YZER,FM,Customer,REG,Yzer LLC,YZER,2026-05-22 23:59:59,035,0.0,0.0,0.0,0.0,0.0,0.0,,,1.0,,1.0,1.0
2831,8162-G07-042-314668-260511,8162_G07,C_905014,8162,XD_8162_OH_CLEVELAND.YZER,FM,Customer,REG,Yzer LLC,YZER,2026-05-11 23:59:59,042,0.0,0.0,0.0,0.0,0.0,0.0,,,1.0,,1.0,0.0
2832,8162-G09-001-289513-260522,8162_G09,C_289513,8162,XD_8162_OH_CLEVELAND.YZER,FM,Customer,REG,Yzer LLC,YZER,2026-05-22 23:59:59,001,0.0,0.0,0.0,0.0,0.0,0.0,,,1.0,,1.0,1.0
2833,8162-H02-035-340423-260526,8162_H02,C_340423,8162,XD_8162_OH_CLEVELAND.YZER,FM,Customer,REG,Yzer LLC,YZER,2026-05-26 23:59:59,035,0.0,0.0,0.0,0.0,0.0,0.0,,,1.0,,1.0,1.0
2834,8162-G03-035-777727-260522,8162_G03,C_777727,8162,XD_8162_OH_CLEVELAND.YZER,FM,Customer,REG,Yzer LLC,YZER,2026-05-22 23:59:59,035,0.0,0.0,0.0,0.0,0.0,0.0,,,1.0,,1.0,1.0
2835,8162-H04-035-134185-260526,8162_H04,C_134185,8162,XD_8162_OH_CLEVELAND.YZER,FM,Customer,REG,Yzer LLC,YZER,2026-05-26 23:59:59,035,0.0,0.0,0.0,0.0,0.0,0.0,,,1.0,,1.0,1.0
2836,8162-G01-030-633104-260513,8162_G01,C_217734,8162,XD_8162_OH_CLEVELAND.YZER,FM,Customer,REG,Yzer LLC,YZER,2026-05-13 23:59:59,030,0.0,0.0,0.0,0.0,0.0,0.0,,,1.0,,1.0,0.0
2837,8162-G01-005-209001-260522,8162_G01,C_436015,8162,XD_8162_OH_CLEVELAND.YZER,FM,Customer,REG,Yzer LLC,YZER,2026-05-22 23:59:59,005,0.0,0.0,0.0,0.0,0.0,0.0,,,1.0,,1.0,0.0
2838,8162-H06-020-431045-260526,8162_H06,C_717269,8162,XD_8162_OH_CLEVELAND.YZER,FM,Customer,REG,Yzer LLC,YZER,2026-05-26 23:59:59,020,0.0,0.0,0.0,0.0,0.0,0.0,,,1.0,,1.0,0.0
2839,Z-3620680,8162_H06,,8162,XD_8162_OH_CLEVELAND.YZER,RC,Route Chrg,REG,Yzer LLC,YZER,2026-05-22 23:59:59,000,277.28,0.0,277.28,235.0,34.05,8.23,,,,,1.0,1.0
2840,8162-G06-026-289530-260512,8162_G06,C_289522,8162,XD_8162_OH_CLEVELAND.YZER,FM,Customer,REG,Yzer LLC,YZER,2026-05-12 23:59:59,026,0.0,0.0,0.0,0.0,0.0,0.0,,,1.0,,1.0,0.0
2841,8162-H01-045-924410-260526,8162_H01,C_924410,8162,XD_8162_OH_CLEVELAND.YZER,FM,Customer,REG,Yzer LLC,YZER,2026-05-26 23:59:59,045,0.0,0.0,0.0,0.0,0.0,0.0,,,1.0,,1.0,1.0
2842,8162-G03-025-969803-260522,8162_G03,C_296317,8162,XD_8162_OH_CLEVELAND.YZER,FM,Customer,REG,Yzer LLC,YZER,2026-05-22 23:59:59,025,0.0,0.0,0.0,0.0,0.0,0.0,,,1.0,,1.0,1.0
2843,8162-H02-025-134412-260526,8162_H02,C_134412,8162,XD_8162_OH_CLEVELAND.YZER,FM,Customer,REG,Yzer LLC,YZER,2026-05-26 23:59:59,025,0.0,0.0,0.0,0.0,0.0,0.0,,,1.0,,1.0,1.0
2844,8162-H02-027-376609-260526,8162_H02,C_376609,8162,XD_8162_OH_CLEVELAND.YZER,FM,Customer,REG,Yzer LLC,YZER,2026-05-26 23:59:59,027,0.0,0.0,0.0,0.0,0.0,0.0,,,1.0,,1.0,1.0
2845,8162-G06-025-289532-260522,8162_G06,C_289522,8162,XD_8162_OH_CLEVELAND.YZER,FM,Customer,REG,Yzer LLC,YZER,2026-05-22 23:59:59,025,0.0,0.0,0.0,0.0,0.0,0.0,,,1.0,,1.0,0.0
2846,8162-H06-015-173364-260522,8162_H06,C_433600,8162,XD_8162_OH_CLEVELAND.YZER,FM,Customer,REG,Yzer LLC,YZER,2026-05-22 23:59:59,015,0.0,0.0,0.0,0.0,0.0,0.0,,,1.0,,1.0,0.0
2847,8162-G07-060-134966-260522,8162_G07,C_134966,8162,XD_8162_OH_CLEVELAND.YZER,FM,Customer,REG,Yzer LLC,YZER,2026-05-22 23:59:59,060,0.0,0.0,0.0,0.0,0.0,0.0,,,1.0,,1.0,1.0
2848,8162-H06-015-173352-260526,8162_H06,C_433600,8162,XD_8162_OH_CLEVELAND.YZER,FM,Customer,REG,Yzer LLC,YZER,2026-05-26 23:59:59,015,0.0,0.0,0.0,0.0,0.0,0.0,,,1.0,,1.0,0.0
2849,8162-G05-001-441221-260522,8162_G05,C_441221,8162,XD_8162_OH_CLEVELAND.YZER,FM,Customer,REG,Yzer LLC,YZER,2026-05-22 23:59:59,001,0.0,0.0,0.0,0.0,0.0,0.0,,,1.0,,1.0,1.0
2850,Z-3575584,8163_G09,,8162,XD_8162_OH_CLEVELAND.YZER,RC,Route Chrg,REG,Yzer LLC,YZER,2026-05-07 23:59:59,000,,0.0,,,0.0,,8.0,14.0,8.0,14.0,1.0,1.0
2851,Z-3563215,8163_G06,,8162,XD_8162_OH_CLEVELAND.YZER,RC,Route Chrg,REG,Yzer LLC,YZER,2026-05-04 23:59:59,000,,0.0,,,0.0,,6.0,32.0,6.0,32.0,1.0,1.0
2852,Z-3559521,8163_G05,,8162,XD_8162_OH_CLEVELAND.YZER,RC,Route Chrg,REG,Yzer LLC,YZER,2026-05-01 23:59:59,000,,0.0,,,0.0,,7.0,32.0,7.0,32.0,1.0,1.0
2853,Z-3567668,8163_G03,,8162,XD_8162_OH_CLEVELAND.YZER,RC,Route Chrg,REG,Yzer LLC,YZER,2026-05-05 23:59:59,000,,0.0,,,0.0,,8.0,31.0,8.0,31.0,1.0,1.0
2854,8162-H03-045-664113-260512,8162_H03,C_664113,8162,XD_8162_OH_CLEVELAND.YZER,FM,Customer,REG,Yzer LLC,YZER,2026-05-12 23:59:59,045,0.0,0.0,0.0,0.0,0.0,0.0,,,1.0,,1.0,1.0
2855,Z-3592650,8162_G05,,8162,XD_8162_OH_CLEVELAND.YZER,RC,Route Chrg,REG,Yzer LLC,YZER,2026-05-13 23:59:59,000,338.24,0.0,338.24,304.0,23.6,10.64,,,,,1.0,1.0
2856,8162-G06-020-230842-260514,8162_G06,C_133946,8162,XD_8162_OH_CLEVELAND.YZER,FM,Customer,REG,Yzer LLC,YZER,2026-05-14 23:59:59,020,0.0,0.0,0.0,0.0,0.0,0.0,,,1.0,,1.0,1.0
2857,8162-G02-020-198160-260519,8162_G02,C_598488,8162,XD_8162_OH_CLEVELAND.YZER,FM,Customer,REG,Yzer LLC,YZER,2026-05-19 23:59:59,020,0.0,0.0,0.0,0.0,0.0,0.0,,,1.0,,1.0,0.0
2858,8162-H05-060-446021-260512,8162_H05,C_446021,8162,XD_8162_OH_CLEVELAND.YZER,FM,Customer,REG,Yzer LLC,YZER,2026-05-12 23:59:59,060,0.0,0.0,0.0,0.0,0.0,0.0,,,1.0,,1.0,1.0
2859,Z-3567540,8162_G05,,8162,XD_8162_OH_CLEVELAND.YZER,RC,Route Chrg,REG,Yzer LLC,YZER,2026-05-05 23:59:59,000,328.8,0.0,328.8,304.0,14.16,10.64,,,,,1.0,1.0
2860,8162-G04-017-286184-260513,8162_G04,C_286184,8162,XD_8162_OH_CLEVELAND.YZER,FM,Customer,REG,Yzer LLC,YZER,2026-05-13 23:59:59,017,0.0,0.0,0.0,0.0,0.0,0.0,,,1.0,,1.0,0.0
2861,8162-H05-005-224273-260520,8162_H05,C_224273,8162,XD_8162_OH_CLEVELAND.YZER,FM,Customer,REG,Yzer LLC,YZER,2026-05-20 23:59:59,005,0.0,0.0,0.0,0.0,0.0,0.0,,,1.0,,1.0,1.0
2862,8162-H06-015-173374-260520,8162_H06,C_433600,8162,XD_8162_OH_CLEVELAND.YZER,FM,Customer,REG,Yzer LLC,YZER,2026-05-20 23:59:59,015,0.0,0.0,0.0,0.0,0.0,0.0,,,1.0,,1.0,0.0
2863,8162-H03-005-160440-260520,8162_H03,C_160440,8162,XD_8162_OH_CLEVELAND.YZER,FM,Customer,REG,Yzer LLC,YZER,2026-05-20 23:59:59,005,0.0,0.0,0.0,0.0,0.0,0.0,,,1.0,,1.0,1.0
2864,8162-H05-035-259008-260520,8162_H05,C_259008,8162,XD_8162_OH_CLEVELAND.YZER,FM,Customer,REG,Yzer LLC,YZER,2026-05-20 23:59:59,035,0.0,0.0,0.0,0.0,0.0,0.0,,,1.0,,1.0,1.0
2865,8162-G03-015-864840-260520,8162_G03,C_864840,8162,XD_8162_OH_CLEVELAND.YZER,FM,Customer,REG,Yzer LLC,YZER,2026-05-20 23:59:59,015,0.0,0.0,0.0,0.0,0.0,0.0,,,1.0,,1.0,0.0
2866,Z-3608663,8163_GX0,,8162,XD_8162_OH_CLEVELAND.YZER,RC,Route Chrg,REG,Yzer LLC,YZER,2026-05-19 23:59:59,000,0.0,0.0,0.0,0.0,0.0,0.0,,,,,1.0,1.0
2867,8162-G04-015-134184-260520,8162_G04,C_134184,8162,XD_8162_OH_CLEVELAND.YZER,FM,Customer,REG,Yzer LLC,YZER,2026-05-20 23:59:59,015,0.0,0.0,0.0,0.0,0.0,0.0,,,1.0,,1.0,1.0
2868,8162-H04-030-326949-260520,8162_H04,C_993260,8162,XD_8162_OH_CLEVELAND.YZER,FM,Customer,REG,Yzer LLC,YZER,2026-05-20 23:59:59,030,0.0,0.0,0.0,0.0,0.0,0.0,,,1.0,,1.0,1.0
2869,8162-H04-040-350918-260506,8162_H04,C_350918,8162,XD_8162_OH_CLEVELAND.YZER,FM,Customer,REG,Yzer LLC,YZER,2026-05-06 23:59:59,040,0.0,0.0,0.0,0.0,0.0,0.0,,,1.0,,1.0,1.0
2870,Z-3608139,8162_GX0,,8162,XD_8162_OH_CLEVELAND.YZER,RC,Route Chrg,REG,Yzer LLC,YZER,2026-05-19 23:59:59,000,0.0,0.0,0.0,0.0,0.0,0.0,,,,,1.0,1.0
2871,8162-G07-010-134526-260507,8162_G07,C_134526,8162,XD_8162_OH_CLEVELAND.YZER,FM,Customer,REG,Yzer LLC,YZER,2026-05-07 23:59:59,010,0.0,0.0,0.0,0.0,0.0,0.0,,,1.0,,1.0,1.0
2872,8162-G04-006-712383-260521,8162_G04,C_712383,8162,XD_8162_OH_CLEVELAND.YZER,FM,Customer,REG,Yzer LLC,YZER,2026-05-21 23:59:59,006,0.0,0.0,0.0,0.0,0.0,0.0,,,1.0,,1.0,0.0
2873,8162-H01-015-444602-260521,8162_H01,C_444763,8162,XD_8162_OH_CLEVELAND.YZER,FM,Customer,REG,Yzer LLC,YZER,2026-05-21 23:59:59,015,0.0,0.0,0.0,0.0,0.0,0.0,,,1.0,,1.0,0.0
2874,Z-3613032,8162_G05,,8162,XD_8162_OH_CLEVELAND.YZER,RC,Route Chrg,REG,Yzer LLC,YZER,2026-05-20 23:59:59,000,336.66,0.0,336.66,304.0,22.02,10.64,,,,,1.0,1.0
2875,8162-H03-005-160440-260521,8162_H03,C_160440,8162,XD_8162_OH_CLEVELAND.YZER,FM,Customer,REG,Yzer LLC,YZER,2026-05-21 23:59:59,005,0.0,0.0,0.0,0.0,0.0,0.0,,,1.0,,1.0,1.0
2876,8162-H03-045-664113-260521,8162_H03,C_664113,8162,XD_8162_OH_CLEVELAND.YZER,FM,Customer,REG,Yzer LLC,YZER,2026-05-21 23:59:59,045,0.0,0.0,0.0,0.0,0.0,0.0,,,1.0,,1.0,1.0
2877,8162-G04-017-325752-260513,8162_G04,C_286184,8162,XD_8162_OH_CLEVELAND.YZER,FM,Customer,REG,Yzer LLC,YZER,2026-05-13 23:59:59,017,0.0,0.0,0.0,0.0,0.0,0.0,,,1.0,,1.0,1.0
2878,8163-G02-005-713914-260506,8163_G02,C_713914,8162,XD_8162_OH_CLEVELAND.YZER,FM,Customer,REG,Yzer LLC,YZER,2026-05-06 23:59:59,005,0.0,0.0,0.0,0.0,0.0,0.0,,,1.0,,1.0,0.0
2879,8162-G01-005-244545-260506,8162_G01,C_436015,8162,XD_8162_OH_CLEVELAND.YZER,FM,Customer,REG,Yzer LLC,YZER,2026-05-06 23:59:59,005,0.0,0.0,0.0,0.0,0.0,0.0,,,1.0,,1.0,0.0
2880,8162-G05-001-441221-260521,8162_G05,C_441221,8162,XD_8162_OH_CLEVELAND.YZER,FM,Customer,REG,Yzer LLC,YZER,2026-05-21 23:59:59,001,0.0,0.0,0.0,0.0,0.0,0.0,,,1.0,,1.0,0.0
2881,8162-G06-015-151561-260521,8162_G06,C_065363,8162,XD_8162_OH_CLEVELAND.YZER,FM,Customer,REG,Yzer LLC,YZER,2026-05-21 23:59:59,015,0.0,0.0,0.0,0.0,0.0,0.0,,,1.0,,1.0,1.0
2882,Z-3583571,8162_H06,,8162,XD_8162_OH_CLEVELAND.YZER,RC,Route Chrg,REG,Yzer LLC,YZER,2026-05-11 23:59:59,000,277.28,0.0,277.28,235.0,34.05,8.23,,,,,1.0,1.0
2883,8162-H03-020-415745-260507,8162_H03,C_415745,8162,XD_8162_OH_CLEVELAND.YZER,FM,Customer,REG,Yzer LLC,YZER,2026-05-07 23:59:59,020,0.0,0.0,0.0,0.0,0.0,0.0,,,1.0,,1.0,1.0
2884,8162-G04-006-839466-260507,8162_G04,C_712383,8162,XD_8162_OH_CLEVELAND.YZER,FM,Customer,REG,Yzer LLC,YZER,2026-05-07 23:59:59,006,0.0,0.0,0.0,0.0,0.0,0.0,,,1.0,,1.0,0.0
2885,8162-G01-005-244545-260522,8162_G01,C_436015,8162,XD_8162_OH_CLEVELAND.YZER,FM,Customer,REG,Yzer LLC,YZER,2026-05-22 23:59:59,005,0.0,0.0,0.0,0.0,0.0,0.0,,,1.0,,1.0,0.0
2886,8162-G01-005-244545-260526,8162_G01,C_436015,8162,XD_8162_OH_CLEVELAND.YZER,FM,Customer,REG,Yzer LLC,YZER,2026-05-26 23:59:59,005,0.0,0.0,0.0,0.0,0.0,0.0,,,1.0,,1.0,0.0
2887,8162-G03-020-667610-260522,8162_G03,C_667610,8162,XD_8162_OH_CLEVELAND.YZER,FM,Customer,REG,Yzer LLC,YZER,2026-05-22 23:59:59,020,0.0,0.0,0.0,0.0,0.0,0.0,,,1.0,,1.0,1.0
2888,8162-H03-020-415745-260508,8162_H03,C_415745,8162,XD_8162_OH_CLEVELAND.YZER,FM,Customer,REG,Yzer LLC,YZER,2026-05-08 23:59:59,020,0.0,0.0,0.0,0.0,0.0,0.0,,,1.0,,1.0,1.0
2889,8162-G06-025-289532-260526,8162_G06,C_289522,8162,XD_8162_OH_CLEVELAND.YZER,FM,Customer,REG,Yzer LLC,YZER,2026-05-26 23:59:59,025,0.0,0.0,0.0,0.0,0.0,0.0,,,1.0,,1.0,0.0
2890,8162-H01-050-362140-260522,8162_H01,C_362140,8162,XD_8162_OH_CLEVELAND.YZER,FM,Customer,REG,Yzer LLC,YZER,2026-05-22 23:59:59,050,0.0,0.0,0.0,0.0,0.0,0.0,,,1.0,,1.0,1.0
2891,8162-G03-010-223285-260507,8162_G03,C_223285,8162,XD_8162_OH_CLEVELAND.YZER,FM,Customer,REG,Yzer LLC,YZER,2026-05-07 23:59:59,010,0.0,0.0,0.0,0.0,0.0,0.0,,,1.0,,1.0,0.0
2892,Z-3570860,8162_H06,,8162,XD_8162_OH_CLEVELAND.YZER,RC,Route Chrg,REG,Yzer LLC,YZER,2026-05-06 23:59:59,000,277.28,0.0,277.28,235.0,34.05,8.23,,,,,1.0,1.0
2893,8162-H02-055-195053-260522,8162_H02,C_195053,8162,XD_8162_OH_CLEVELAND.YZER,FM,Customer,REG,Yzer LLC,YZER,2026-05-22 23:59:59,055,0.0,0.0,0.0,0.0,0.0,0.0,,,1.0,,1.0,1.0
2894,8162-G05-005-221190-260522,8162_G05,C_441221,8162,XD_8162_OH_CLEVELAND.YZER,FM,Customer,REG,Yzer LLC,YZER,2026-05-22 23:59:59,005,0.0,0.0,0.0,0.0,0.0,0.0,,,1.0,,1.0,0.0
2895,Z-3620699,8162_G09,,8162,XD_8162_OH_CLEVELAND.YZER,RC,Route Chrg,REG,Yzer LLC,YZER,2026-05-22 23:59:59,000,276.86,0.0,276.86,250.0,18.11,8.75,,,,,1.0,1.0
2896,8162-G03-010-223285-260522,8162_G03,C_223285,8162,XD_8162_OH_CLEVELAND.YZER,FM,Customer,REG,Yzer LLC,YZER,2026-05-22 23:59:59,010,0.0,0.0,0.0,0.0,0.0,0.0,,,1.0,,1.0,1.0
2897,8162-G04-005-730632-260526,8162_G04,C_712383,8162,XD_8162_OH_CLEVELAND.YZER,FM,Customer,REG,Yzer LLC,YZER,2026-05-26 23:59:59,005,0.0,0.0,0.0,0.0,0.0,0.0,,,1.0,,1.0,0.0
2898,8162-H03-005-160440-260526,8162_H03,C_160440,8162,XD_8162_OH_CLEVELAND.YZER,FM,Customer,REG,Yzer LLC,YZER,2026-05-26 23:59:59,005,0.0,0.0,0.0,0.0,0.0,0.0,,,1.0,,1.0,1.0
2899,8162-G04-006-712383-260526,8162_G04,C_712383,8162,XD_8162_OH_CLEVELAND.YZER,FM,Customer,REG,Yzer LLC,YZER,2026-05-26 23:59:59,006,0.0,0.0,0.0,0.0,0.0,0.0,,,1.0,,1.0,0.0
2900,Z-3565910,8163_G09,,8162,XD_8162_OH_CLEVELAND.YZER,RC,Route Chrg,REG,Yzer LLC,YZER,2026-05-04 23:59:59,000,,0.0,,,0.0,,,,,,1.0,1.0
2901,Z-3559536,8163_HX2,,8162,XD_8162_OH_CLEVELAND.YZER,RC,Route Chrg,REG,Yzer LLC,YZER,2026-05-01 23:59:59,000,,0.0,,,0.0,,1.0,1.0,1.0,1.0,1.0,1.0
2902,8162-G07-020-235209-260519,8162_G07,C_235209,8162,XD_8162_OH_CLEVELAND.YZER,FM,Customer,REG,Yzer LLC,YZER,2026-05-19 23:59:59,020,0.0,0.0,0.0,0.0,0.0,0.0,,,1.0,,1.0,1.0
2903,8162-H06-015-173343-260511,8162_H06,C_433600,8162,XD_8162_OH_CLEVELAND.YZER,FM,Customer,REG,Yzer LLC,YZER,2026-05-11 23:59:59,015,0.0,0.0,0.0,0.0,0.0,0.0,,,1.0,,1.0,0.0
2904,8162-H05-060-446021-260519,8162_H05,C_446021,8162,XD_8162_OH_CLEVELAND.YZER,FM,Customer,REG,Yzer LLC,YZER,2026-05-19 23:59:59,060,0.0,0.0,0.0,0.0,0.0,0.0,,,1.0,,1.0,1.0
2905,8162-G06-010-151558-260508,8162_G06,C_151558,8162,XD_8162_OH_CLEVELAND.YZER,FM,Customer,REG,Yzer LLC,YZER,2026-05-08 23:59:59,010,0.0,0.0,0.0,0.0,0.0,0.0,,,1.0,,1.0,0.0
2906,8162-G06-020-230842-260520,8162_G06,C_133946,8162,XD_8162_OH_CLEVELAND.YZER,FM,Customer,REG,Yzer LLC,YZER,2026-05-20 23:59:59,020,0.0,0.0,0.0,0.0,0.0,0.0,,,1.0,,1.0,1.0
2907,8162-G01-025-371496-260507,8162_G01,C_371496,8162,XD_8162_OH_CLEVELAND.YZER,FM,Customer,REG,Yzer LLC,YZER,2026-05-07 23:59:59,025,0.0,0.0,0.0,0.0,0.0,0.0,,,1.0,,1.0,1.0
2908,8162-H06-010-151578-260507,8162_H06,C_151568,8162,XD_8162_OH_CLEVELAND.YZER,FM,Customer,REG,Yzer LLC,YZER,2026-05-07 23:59:59,010,0.0,0.0,0.0,0.0,0.0,0.0,,,1.0,,1.0,1.0
2909,8162-G01-005-436015-260521,8162_G01,C_436015,8162,XD_8162_OH_CLEVELAND.YZER,FM,Customer,REG,Yzer LLC,YZER,2026-05-21 23:59:59,005,0.0,0.0,0.0,0.0,0.0,0.0,,,1.0,,1.0,1.0
2910,8162-H05-025-253079-260514,8162_H05,C_253079,8162,XD_8162_OH_CLEVELAND.YZER,FM,Customer,REG,Yzer LLC,YZER,2026-05-14 23:59:59,025,0.0,0.0,0.0,0.0,0.0,0.0,,,1.0,,1.0,1.0
2911,8162-G07-005-893022-260521,8162_G07,C_599132,8162,XD_8162_OH_CLEVELAND.YZER,FM,Customer,REG,Yzer LLC,YZER,2026-05-21 23:59:59,005,0.0,0.0,0.0,0.0,0.0,0.0,,,1.0,,1.0,0.0
2912,8162-H06-010-151578-260521,8162_H06,C_151568,8162,XD_8162_OH_CLEVELAND.YZER,FM,Customer,REG,Yzer LLC,YZER,2026-05-21 23:59:59,010,0.0,0.0,0.0,0.0,0.0,0.0,,,1.0,,1.0,1.0
2913,8162-G03-005-070610-260521,8162_G03,C_810447,8162,XD_8162_OH_CLEVELAND.YZER,FM,Customer,REG,Yzer LLC,YZER,2026-05-21 23:59:59,005,0.0,0.0,0.0,0.0,0.0,0.0,,,1.0,,1.0,1.0
2914,8162-H06-010-151569-260521,8162_H06,C_151568,8162,XD_8162_OH_CLEVELAND.YZER,FM,Customer,REG,Yzer LLC,YZER,2026-05-21 23:59:59,010,0.0,0.0,0.0,0.0,0.0,0.0,,,1.0,,1.0,0.0
2915,8162-G05-030-610134-260508,8162_G05,C_610134,8162,XD_8162_OH_CLEVELAND.YZER,FM,Customer,REG,Yzer LLC,YZER,2026-05-08 23:59:59,030,0.0,0.0,0.0,0.0,0.0,0.0,,,1.0,,1.0,1.0
2916,8163-G05-005-221190-260513,8163_G05,C_441221,8162,XD_8162_OH_CLEVELAND.YZER,FM,Customer,REG,Yzer LLC,YZER,2026-05-13 23:59:59,005,0.0,0.0,0.0,0.0,0.0,0.0,,,1.0,,1.0,0.0
2917,Z-3612999,8162_H04,,8162,XD_8162_OH_CLEVELAND.YZER,RC,Route Chrg,REG,Yzer LLC,YZER,2026-05-20 23:59:59,000,271.33,0.0,271.33,245.0,17.75,8.58,,,,,1.0,1.0
2918,8162-G01-020-443013-260507,8162_G01,C_890860,8162,XD_8162_OH_CLEVELAND.YZER,FM,Customer,REG,Yzer LLC,YZER,2026-05-07 23:59:59,020,0.0,0.0,0.0,0.0,0.0,0.0,,,1.0,,1.0,1.0
2919,8163-G02-005-714075-260506,8163_G02,C_713914,8162,XD_8162_OH_CLEVELAND.YZER,FM,Customer,REG,Yzer LLC,YZER,2026-05-06 23:59:59,005,0.0,0.0,0.0,0.0,0.0,0.0,,,1.0,,1.0,0.0
2920,8162-H02-005-407839-260521,8162_H02,C_407839,8162,XD_8162_OH_CLEVELAND.YZER,FM,Customer,REG,Yzer LLC,YZER,2026-05-21 23:59:59,005,0.0,0.0,0.0,0.0,0.0,0.0,,,1.0,,1.0,1.0
2921,8162-G05-005-265408-260521,8162_G05,C_441221,8162,XD_8162_OH_CLEVELAND.YZER,FM,Customer,REG,Yzer LLC,YZER,2026-05-21 23:59:59,005,0.0,0.0,0.0,0.0,0.0,0.0,,,1.0,,1.0,0.0
2922,Z-3613017,8162_H03,,8162,XD_8162_OH_CLEVELAND.YZER,RC,Route Chrg,REG,Yzer LLC,YZER,2026-05-20 23:59:59,000,300.12,0.0,300.12,271.0,19.63,9.49,,,,,1.0,1.0
2923,8162-G02-015-731867-260512,8162_G02,C_731867,8162,XD_8162_OH_CLEVELAND.YZER,FM,Customer,REG,Yzer LLC,YZER,2026-05-12 23:59:59,015,0.0,0.0,0.0,0.0,0.0,0.0,,,1.0,,1.0,1.0
2924,8162-H04-025-349314-260512,8162_H04,C_349314,8162,XD_8162_OH_CLEVELAND.YZER,FM,Customer,REG,Yzer LLC,YZER,2026-05-12 23:59:59,025,0.0,0.0,0.0,0.0,0.0,0.0,,,1.0,,1.0,1.0
2925,8162-G04-030-523596-260511,8162_G04,C_551579,8162,XD_8162_OH_CLEVELAND.YZER,FM,Customer,REG,Yzer LLC,YZER,2026-05-11 23:59:59,030,0.0,0.0,0.0,0.0,0.0,0.0,,,1.0,,1.0,1.0
2926,8162-G03-037-426990-260522,8162_G03,C_521590,8162,XD_8162_OH_CLEVELAND.YZER,FM,Customer,REG,Yzer LLC,YZER,2026-05-22 23:59:59,037,0.0,0.0,0.0,0.0,0.0,0.0,,,1.0,,1.0,1.0
2927,8162-G06-035-134431-260522,8162_G06,C_134431,8162,XD_8162_OH_CLEVELAND.YZER,FM,Customer,REG,Yzer LLC,YZER,2026-05-22 23:59:59,035,0.0,0.0,0.0,0.0,0.0,0.0,,,1.0,,1.0,1.0
2928,8162-G05-045-245718-260522,8162_G05,C_245718,8162,XD_8162_OH_CLEVELAND.YZER,FM,Customer,REG,Yzer LLC,YZER,2026-05-22 23:59:59,045,0.0,0.0,0.0,0.0,0.0,0.0,,,1.0,,1.0,1.0
2929,8162-G01-020-443013-260514,8162_G01,C_890860,8162,XD_8162_OH_CLEVELAND.YZER,FM,Customer,REG,Yzer LLC,YZER,2026-05-14 23:59:59,020,0.0,0.0,0.0,0.0,0.0,0.0,,,1.0,,1.0,1.0
2930,8162-H05-060-446021-260514,8162_H05,C_446021,8162,XD_8162_OH_CLEVELAND.YZER,FM,Customer,REG,Yzer LLC,YZER,2026-05-14 23:59:59,060,0.0,0.0,0.0,0.0,0.0,0.0,,,1.0,,1.0,1.0
2931,8162-GX4-008-985332-260526,8162_GX4,C_106473,8162,XD_8162_OH_CLEVELAND.YZER,FM,Customer,REG,Yzer LLC,YZER,2026-05-26 23:59:59,008,0.0,0.0,0.0,0.0,0.0,0.0,,,1.0,,1.0,0.0
2932,8162-H06-010-151572-260526,8162_H06,C_151568,8162,XD_8162_OH_CLEVELAND.YZER,FM,Customer,REG,Yzer LLC,YZER,2026-05-26 23:59:59,010,0.0,0.0,0.0,0.0,0.0,0.0,,,1.0,,1.0,0.0
2933,8162-G05-005-224268-260506,8162_G05,C_441221,8162,XD_8162_OH_CLEVELAND.YZER,FM,Customer,REG,Yzer LLC,YZER,2026-05-06 23:59:59,005,0.0,0.0,0.0,0.0,0.0,0.0,,,1.0,,1.0,0.0
2934,8162-G01-030-217734-260522,8162_G01,C_217734,8162,XD_8162_OH_CLEVELAND.YZER,FM,Customer,REG,Yzer LLC,YZER,2026-05-22 23:59:59,030,0.0,0.0,0.0,0.0,0.0,0.0,,,1.0,,1.0,1.0
2935,Z-3583454,8162_H05,,8162,XD_8162_OH_CLEVELAND.YZER,RC,Route Chrg,REG,Yzer LLC,YZER,2026-05-11 23:59:59,000,297.33,0.0,297.33,252.0,36.51,8.82,,,,,1.0,1.0
2936,8162-G04-030-523596-260522,8162_G04,C_551579,8162,XD_8162_OH_CLEVELAND.YZER,FM,Customer,REG,Yzer LLC,YZER,2026-05-22 23:59:59,030,0.0,0.0,0.0,0.0,0.0,0.0,,,1.0,,1.0,1.0
2937,Z-3580252,8162_H01,,8162,XD_8162_OH_CLEVELAND.YZER,RC,Route Chrg,REG,Yzer LLC,YZER,2026-05-08 23:59:59,000,252.5,0.0,252.5,228.0,16.52,7.98,,,,,1.0,1.0
2938,8162-H05-005-176725-260526,8162_H05,C_224273,8162,XD_8162_OH_CLEVELAND.YZER,FM,Customer,REG,Yzer LLC,YZER,2026-05-26 23:59:59,005,0.0,0.0,0.0,0.0,0.0,0.0,,,1.0,,1.0,1.0
2939,8162-G05-030-610134-260522,8162_G05,C_610134,8162,XD_8162_OH_CLEVELAND.YZER,FM,Customer,REG,Yzer LLC,YZER,2026-05-22 23:59:59,030,0.0,0.0,0.0,0.0,0.0,0.0,,,1.0,,1.0,1.0
2940,8162-G06-015-151561-260522,8162_G06,C_065363,8162,XD_8162_OH_CLEVELAND.YZER,FM,Customer,REG,Yzer LLC,YZER,2026-05-22 23:59:59,015,0.0,0.0,0.0,0.0,0.0,0.0,,,1.0,,1.0,1.0
2941,8162-G07-005-893022-260526,8162_G07,C_599132,8162,XD_8162_OH_CLEVELAND.YZER,FM,Customer,REG,Yzer LLC,YZER,2026-05-26 23:59:59,005,0.0,0.0,0.0,0.0,0.0,0.0,,,1.0,,1.0,0.0
2942,8162-G02-045-209162-260522,8162_G02,C_209162,8162,XD_8162_OH_CLEVELAND.YZER,FM,Customer,REG,Yzer LLC,YZER,2026-05-22 23:59:59,045,0.0,0.0,0.0,0.0,0.0,0.0,,,1.0,,1.0,0.0
2943,8162-H06-010-151572-260522,8162_H06,C_151568,8162,XD_8162_OH_CLEVELAND.YZER,FM,Customer,REG,Yzer LLC,YZER,2026-05-22 23:59:59,010,0.0,0.0,0.0,0.0,0.0,0.0,,,1.0,,1.0,0.0
2944,8162-G09-028-093545-260522,8162_G09,C_093545,8162,XD_8162_OH_CLEVELAND.YZER,FM,Customer,REG,Yzer LLC,YZER,2026-05-22 23:59:59,028,0.0,0.0,0.0,0.0,0.0,0.0,,,1.0,,1.0,1.0
2945,Z-3575554,8163_H05,,8162,XD_8162_OH_CLEVELAND.YZER,RC,Route Chrg,REG,Yzer LLC,YZER,2026-05-07 23:59:59,000,,0.0,,,0.0,,7.0,14.0,7.0,14.0,1.0,1.0
2946,Z-3570694,8162_GX4,,8162,XD_8162_OH_CLEVELAND.YZER,RC,Route Chrg,REG,Yzer LLC,YZER,2026-05-06 23:59:59,000,,0.0,,,0.0,,1.0,4.0,1.0,4.0,1.0,1.0
2947,Z-3559793,8163_G02,,8162,XD_8162_OH_CLEVELAND.YZER,RC,Route Chrg,REG,Yzer LLC,YZER,2026-05-01 23:59:59,000,,0.0,,,0.0,,7.0,133.0,7.0,133.0,1.0,1.0
2948,Z-3559525,8163_H02,,8162,XD_8162_OH_CLEVELAND.YZER,RC,Route Chrg,REG,Yzer LLC,YZER,2026-05-01 23:59:59,000,,0.0,,,0.0,,9.0,21.0,9.0,21.0,1.0,1.0
2949,Z-3580353,8163_G05,,8162,XD_8162_OH_CLEVELAND.YZER,RC,Route Chrg,REG,Yzer LLC,YZER,2026-05-08 23:59:59,000,,0.0,,,0.0,,8.0,38.0,8.0,38.0,1.0,1.0
2950,Z-3567763,8163_G05,,8162,XD_8162_OH_CLEVELAND.YZER,RC,Route Chrg,REG,Yzer LLC,YZER,2026-05-05 23:59:59,000,,0.0,,,0.0,,7.0,26.0,7.0,26.0,1.0,1.0
2951,8162-H05-060-446021-260504,8162_H05,C_446021,8162,XD_8162_OH_CLEVELAND.YZER,FM,Customer,REG,Yzer LLC,YZER,2026-05-04 23:59:59,060,0.0,0.0,0.0,0.0,0.0,0.0,,,1.0,,1.0,1.0
2952,8162-G03-010-256130-260504,8162_G03,C_223285,8162,XD_8162_OH_CLEVELAND.YZER,FM,Customer,REG,Yzer LLC,YZER,2026-05-04 23:59:59,010,0.0,0.0,0.0,0.0,0.0,0.0,,,1.0,,1.0,1.0
2953,Z-3559487,8162_GX0,,8162,XD_8162_OH_CLEVELAND.YZER,RC,Route Chrg,REG,Yzer LLC,YZER,2026-05-01 23:59:59,000,0.0,0.0,0.0,0.0,0.0,0.0,,,,,1.0,1.0
2954,8162-H01-035-865326-260504,8162_H01,C_865326,8162,XD_8162_OH_CLEVELAND.YZER,FM,Customer,REG,Yzer LLC,YZER,2026-05-04 23:59:59,035,0.0,0.0,0.0,0.0,0.0,0.0,,,1.0,,1.0,1.0
2955,8162-H03-005-160440-260504,8162_H03,C_160440,8162,XD_8162_OH_CLEVELAND.YZER,FM,Customer,REG,Yzer LLC,YZER,2026-05-04 23:59:59,005,0.0,0.0,0.0,0.0,0.0,0.0,,,1.0,,1.0,1.0
2956,8162-G03-025-969803-260504,8162_G03,C_296317,8162,XD_8162_OH_CLEVELAND.YZER,FM,Customer,REG,Yzer LLC,YZER,2026-05-04 23:59:59,025,0.0,0.0,0.0,0.0,0.0,0.0,,,1.0,,1.0,0.0
2957,8162-G03-037-426990-260505,8162_G03,C_521590,8162,XD_8162_OH_CLEVELAND.YZER,FM,Customer,REG,Yzer LLC,YZER,2026-05-05 23:59:59,037,0.0,0.0,0.0,0.0,0.0,0.0,,,1.0,,1.0,1.0
2958,8163-G04-006-712383-260505,8163_G04,C_712383,8162,XD_8162_OH_CLEVELAND.YZER,FM,Customer,REG,Yzer LLC,YZER,2026-05-05 23:59:59,006,0.0,0.0,0.0,0.0,0.0,0.0,,,1.0,,1.0,0.0
2959,8163-G01-020-443013-260505,8163_G01,C_890860,8162,XD_8162_OH_CLEVELAND.YZER,FM,Customer,REG,Yzer LLC,YZER,2026-05-05 23:59:59,020,0.0,0.0,0.0,0.0,0.0,0.0,,,1.0,,1.0,0.0
2960,8162-H05-055-925913-260504,8162_H05,C_925913,8162,XD_8162_OH_CLEVELAND.YZER,FM,Customer,REG,Yzer LLC,YZER,2026-05-04 23:59:59,055,0.0,0.0,0.0,0.0,0.0,0.0,,,1.0,,1.0,1.0
2961,Z-3595851,8163_G02,,8162,XD_8162_OH_CLEVELAND.YZER,RC,Route Chrg,REG,Yzer LLC,YZER,2026-05-14 23:59:59,000,,0.0,,,0.0,,5.0,138.0,5.0,138.0,1.0,1.0
2962,Z-3595777,8163_H02,,8162,XD_8162_OH_CLEVELAND.YZER,RC,Route Chrg,REG,Yzer LLC,YZER,2026-05-14 23:59:59,000,,0.0,,,0.0,,8.0,14.0,8.0,14.0,1.0,1.0
2963,Z-3600173,8163_H01,,8162,XD_8162_OH_CLEVELAND.YZER,RC,Route Chrg,REG,Yzer LLC,YZER,2026-05-15 23:59:59,000,,0.0,,,0.0,,8.0,24.0,8.0,24.0,1.0,1.0
2964,Z-3613241,8163_H06,,8162,XD_8162_OH_CLEVELAND.YZER,RC,Route Chrg,REG,Yzer LLC,YZER,2026-05-20 23:59:59,000,,0.0,,,0.0,,5.0,19.0,5.0,19.0,1.0,1.0
2965,Z-3627834,8163_HX5,,8162,XD_8162_OH_CLEVELAND.YZER,RC,Route Chrg,REG,Yzer LLC,YZER,2026-05-27 23:59:59,000,0.0,0.0,0.0,0.0,0.0,0.0,,,,,1.0,1.0
2966,8162-G05-005-221190-260505,8162_G05,C_441221,8162,XD_8162_OH_CLEVELAND.YZER,FM,Customer,REG,Yzer LLC,YZER,2026-05-05 23:59:59,005,0.0,0.0,0.0,0.0,0.0,0.0,,,1.0,,1.0,0.0
2967,Z-3632034,8162_GX4,,8162,XD_8162_OH_CLEVELAND.YZER,RC,Route Chrg,REG,Yzer LLC,YZER,2026-05-28 23:59:59,000,0.0,0.0,0.0,0.0,0.0,0.0,,,,,1.0,1.0
2968,Z-3632112,8163_G04,,8162,XD_8162_OH_CLEVELAND.YZER,RC,Route Chrg,REG,Yzer LLC,YZER,2026-05-28 23:59:59,000,0.0,0.0,0.0,0.0,0.0,0.0,,,,,1.0,1.0
2969,Z-3636726,8162_GX4,,8162,XD_8162_OH_CLEVELAND.YZER,RC,Route Chrg,REG,Yzer LLC,YZER,2026-05-29 23:59:59,000,0.0,0.0,0.0,0.0,0.0,0.0,,,,,1.0,1.0
2970,8162-G09-017-444117-260529,8162_G09,C_444117,8162,XD_8162_OH_CLEVELAND.YZER,FM,Customer,REG,Yzer LLC,YZER,2026-05-29 23:59:59,017,0.0,0.0,0.0,0.0,0.0,0.0,,,1.0,,1.0,1.0
2971,8162-G05-045-237260-260526,8162_G05,C_245718,8162,XD_8162_OH_CLEVELAND.YZER,FM,Customer,REG,Yzer LLC,YZER,2026-05-26 23:59:59,045,0.0,0.0,0.0,0.0,0.0,0.0,,,1.0,,1.0,1.0
2972,8162-G05-020-599776-260529,8162_G05,C_599776,8162,XD_8162_OH_CLEVELAND.YZER,FM,Customer,REG,Yzer LLC,YZER,2026-05-29 23:59:59,020,0.0,0.0,0.0,0.0,0.0,0.0,,,1.0,,1.0,1.0
2973,8162-H06-005-905176-260528,8162_H06,C_905176,8162,XD_8162_OH_CLEVELAND.YZER,FM,Customer,REG,Yzer LLC,YZER,2026-05-28 23:59:59,005,0.0,0.0,0.0,0.0,0.0,0.0,,,1.0,,1.0,0.0
2974,8163-H04-005-050648-260528,8163_H04,C_435532,8162,XD_8162_OH_CLEVELAND.YZER,FM,Customer,REG,Yzer LLC,YZER,2026-05-28 23:59:59,005,0.0,0.0,0.0,0.0,0.0,0.0,,,1.0,,1.0,0.0
2975,8162-HX2-030-913473-260529,8162_HX2,C_913473,8162,XD_8162_OH_CLEVELAND.YZER,FM,Customer,REG,Yzer LLC,YZER,2026-05-29 23:59:59,030,0.0,0.0,0.0,0.0,0.0,0.0,,,1.0,,1.0,0.0
2976,Z-3636827,8162_H05,,8162,XD_8162_OH_CLEVELAND.YZER,RC,Route Chrg,REG,Yzer LLC,YZER,2026-05-29 23:59:59,000,296.03,0.0,296.03,252.0,35.21,8.82,,,,,1.0,1.0
2977,8162-G03-010-256130-260526,8162_G03,C_223285,8162,XD_8162_OH_CLEVELAND.YZER,FM,Customer,REG,Yzer LLC,YZER,2026-05-26 23:59:59,010,0.0,0.0,0.0,0.0,0.0,0.0,,,1.0,,1.0,0.0
2978,8162-G04-015-134184-260529,8162_G04,C_134184,8162,XD_8162_OH_CLEVELAND.YZER,FM,Customer,REG,Yzer LLC,YZER,2026-05-29 23:59:59,015,0.0,0.0,0.0,0.0,0.0,0.0,,,1.0,,1.0,1.0
2979,8163-G01-020-890860-260527,8163_G01,C_890860,8162,XD_8162_OH_CLEVELAND.YZER,FM,Customer,REG,Yzer LLC,YZER,2026-05-27 23:59:59,020,0.0,0.0,0.0,0.0,0.0,0.0,,,1.0,,1.0,0.0
2980,8162-G03-040-386380-260528,8162_G03,C_386380,8162,XD_8162_OH_CLEVELAND.YZER,FM,Customer,REG,Yzer LLC,YZER,2026-05-28 23:59:59,040,0.0,0.0,0.0,0.0,0.0,0.0,,,1.0,,1.0,1.0
2981,8162-H01-010-446212-260527,8162_H01,C_446212,8162,XD_8162_OH_CLEVELAND.YZER,FM,Customer,REG,Yzer LLC,YZER,2026-05-27 23:59:59,010,0.0,0.0,0.0,0.0,0.0,0.0,,,1.0,,1.0,1.0
2982,8163-G01-005-718289-260528,8163_G01,C_436015,8162,XD_8162_OH_CLEVELAND.YZER,FM,Customer,REG,Yzer LLC,YZER,2026-05-28 23:59:59,005,0.0,0.0,0.0,0.0,0.0,0.0,,,1.0,,1.0,0.0
2983,8162-G09-001-424353-260527,8162_G09,C_289513,8162,XD_8162_OH_CLEVELAND.YZER,FM,Customer,REG,Yzer LLC,YZER,2026-05-27 23:59:59,001,0.0,0.0,0.0,0.0,0.0,0.0,,,1.0,,1.0,0.0
2984,Z-3627774,8162_GX0,,8162,XD_8162_OH_CLEVELAND.YZER,RC,Route Chrg,REG,Yzer LLC,YZER,2026-05-27 23:59:59,000,0.0,0.0,0.0,0.0,0.0,0.0,,,,,1.0,1.0
2985,8163-G09-001-424353-260528,8163_G09,C_289513,8162,XD_8162_OH_CLEVELAND.YZER,FM,Customer,REG,Yzer LLC,YZER,2026-05-28 23:59:59,001,0.0,0.0,0.0,0.0,0.0,0.0,,,1.0,,1.0,0.0
2986,8162-H06-015-156589-260528,8162_H06,C_433600,8162,XD_8162_OH_CLEVELAND.YZER,FM,Customer,REG,Yzer LLC,YZER,2026-05-28 23:59:59,015,0.0,0.0,0.0,0.0,0.0,0.0,,,1.0,,1.0,1.0
2987,8162-G01-005-436015-260527,8162_G01,C_436015,8162,XD_8162_OH_CLEVELAND.YZER,FM,Customer,REG,Yzer LLC,YZER,2026-05-27 23:59:59,005,0.0,0.0,0.0,0.0,0.0,0.0,,,1.0,,1.0,1.0
2988,8162-G03-015-864840-260526,8162_G03,C_864840,8162,XD_8162_OH_CLEVELAND.YZER,FM,Customer,REG,Yzer LLC,YZER,2026-05-26 23:59:59,015,0.0,0.0,0.0,0.0,0.0,0.0,,,1.0,,1.0,0.0
2989,8162-H03-045-664113-260527,8162_H03,C_664113,8162,XD_8162_OH_CLEVELAND.YZER,FM,Customer,REG,Yzer LLC,YZER,2026-05-27 23:59:59,045,0.0,0.0,0.0,0.0,0.0,0.0,,,1.0,,1.0,1.0
2990,Z-3624565,8162_G02,,8162,XD_8162_OH_CLEVELAND.YZER,RC,Route Chrg,REG,Yzer LLC,YZER,2026-05-26 23:59:59,000,442.47,0.0,442.47,375.0,54.34,13.13,,,,,1.0,1.0
2991,8162-G01-005-718289-260529,8162_G01,C_436015,8162,XD_8162_OH_CLEVELAND.YZER,FM,Customer,REG,Yzer LLC,YZER,2026-05-29 23:59:59,005,0.0,0.0,0.0,0.0,0.0,0.0,,,1.0,,1.0,0.0
2992,8162-G04-010-786357-260529,8162_G04,C_833539,8162,XD_8162_OH_CLEVELAND.YZER,FM,Customer,REG,Yzer LLC,YZER,2026-05-29 23:59:59,010,0.0,0.0,0.0,0.0,0.0,0.0,,,1.0,,1.0,1.0
2993,8162-G09-028-093545-260529,8162_G09,C_093545,8162,XD_8162_OH_CLEVELAND.YZER,FM,Customer,REG,Yzer LLC,YZER,2026-05-29 23:59:59,028,0.0,0.0,0.0,0.0,0.0,0.0,,,1.0,,1.0,1.0
2994,8162-H01-015-444763-260511,8162_H01,C_444763,8162,XD_8162_OH_CLEVELAND.YZER,FM,Customer,REG,Yzer LLC,YZER,2026-05-11 23:59:59,015,0.0,0.0,0.0,0.0,0.0,0.0,,,1.0,,1.0,1.0
2995,8162-H02-015-134622-260513,8162_H02,C_134622,8162,XD_8162_OH_CLEVELAND.YZER,FM,Customer,REG,Yzer LLC,YZER,2026-05-13 23:59:59,015,0.0,0.0,0.0,0.0,0.0,0.0,,,1.0,,1.0,1.0
2996,8163-GX0-004-960596-260514,8163_GX0,C_464241,8162,XD_8162_OH_CLEVELAND.YZER,FM,Customer,REG,Yzer LLC,YZER,2026-05-14 23:59:59,004,0.0,0.0,0.0,0.0,0.0,0.0,,,1.0,,1.0,0.0
2997,8162-H04-030-326949-260514,8162_H04,C_993260,8162,XD_8162_OH_CLEVELAND.YZER,FM,Customer,REG,Yzer LLC,YZER,2026-05-14 23:59:59,030,0.0,0.0,0.0,0.0,0.0,0.0,,,1.0,,1.0,1.0
2998,8162-G07-045-144654-260512,8162_G07,C_144654,8162,XD_8162_OH_CLEVELAND.YZER,FM,Customer,REG,Yzer LLC,YZER,2026-05-12 23:59:59,045,0.0,0.0,0.0,0.0,0.0,0.0,,,1.0,,1.0,1.0
2999,Z-3567599,8162_G02,,8162,XD_8162_OH_CLEVELAND.YZER,RC,Route Chrg,REG,Yzer LLC,YZER,2026-05-05 23:59:59,000,430.82,0.0,430.82,375.0,42.69,13.13,,,,,1.0,1.0
3000,8162-G04-035-444588-260507,8162_G04,C_444588,8162,XD_8162_OH_CLEVELAND.YZER,FM,Customer,REG,Yzer LLC,YZER,2026-05-07 23:59:59,035,0.0,0.0,0.0,0.0,0.0,0.0,,,1.0,,1.0,1.0
3001,8162-G07-005-599132-260511,8162_G07,C_599132,8162,XD_8162_OH_CLEVELAND.YZER,FM,Customer,REG,Yzer LLC,YZER,2026-05-11 23:59:59,005,0.0,0.0,0.0,0.0,0.0,0.0,,,1.0,,1.0,1.0
3002,8162-G07-042-339737-260508,8162_G07,C_905014,8162,XD_8162_OH_CLEVELAND.YZER,FM,Customer,REG,Yzer LLC,YZER,2026-05-08 23:59:59,042,0.0,0.0,0.0,0.0,0.0,0.0,,,1.0,,1.0,0.0
3003,8163-G02-015-731867-260511,8163_G02,C_731867,8162,XD_8162_OH_CLEVELAND.YZER,FM,Customer,REG,Yzer LLC,YZER,2026-05-11 23:59:59,015,0.0,0.0,0.0,0.0,0.0,0.0,,,1.0,,1.0,0.0
3004,8162-G07-042-905014-260508,8162_G07,C_905014,8162,XD_8162_OH_CLEVELAND.YZER,FM,Customer,REG,Yzer LLC,YZER,2026-05-08 23:59:59,042,0.0,0.0,0.0,0.0,0.0,0.0,,,1.0,,1.0,1.0
3005,8162-G04-030-523596-260514,8162_G04,C_551579,8162,XD_8162_OH_CLEVELAND.YZER,FM,Customer,REG,Yzer LLC,YZER,2026-05-14 23:59:59,030,0.0,0.0,0.0,0.0,0.0,0.0,,,1.0,,1.0,1.0
3006,8162-G04-010-833539-260518,8162_G04,C_833539,8162,XD_8162_OH_CLEVELAND.YZER,FM,Customer,REG,Yzer LLC,YZER,2026-05-18 23:59:59,010,0.0,0.0,0.0,0.0,0.0,0.0,,,1.0,,1.0,0.0
3007,8162-H02-055-195053-260515,8162_H02,C_195053,8162,XD_8162_OH_CLEVELAND.YZER,FM,Customer,REG,Yzer LLC,YZER,2026-05-15 23:59:59,055,0.0,0.0,0.0,0.0,0.0,0.0,,,1.0,,1.0,1.0
3008,8162-H03-025-339419-260518,8162_H03,C_339419,8162,XD_8162_OH_CLEVELAND.YZER,FM,Customer,REG,Yzer LLC,YZER,2026-05-18 23:59:59,025,0.0,0.0,0.0,0.0,0.0,0.0,,,1.0,,1.0,1.0
3009,8162-G05-002-219681-260518,8162_G05,C_219681,8162,XD_8162_OH_CLEVELAND.YZER,FM,Customer,REG,Yzer LLC,YZER,2026-05-18 23:59:59,002,0.0,0.0,0.0,0.0,0.0,0.0,,,1.0,,1.0,1.0
3010,8163-GX0-004-960596-260518,8163_GX0,C_464241,8162,XD_8162_OH_CLEVELAND.YZER,FM,Customer,REG,Yzer LLC,YZER,2026-05-18 23:59:59,004,0.0,0.0,0.0,0.0,0.0,0.0,,,1.0,,1.0,0.0
3011,8163-G05-005-221190-260515,8163_G05,C_441221,8162,XD_8162_OH_CLEVELAND.YZER,FM,Customer,REG,Yzer LLC,YZER,2026-05-15 23:59:59,005,0.0,0.0,0.0,0.0,0.0,0.0,,,1.0,,1.0,0.0
3012,8162-H05-015-134985-260518,8162_H05,C_134985,8162,XD_8162_OH_CLEVELAND.YZER,FM,Customer,REG,Yzer LLC,YZER,2026-05-18 23:59:59,015,0.0,0.0,0.0,0.0,0.0,0.0,,,1.0,,1.0,1.0
3013,8162-G05-006-905419-260518,8162_G05,C_061312,8162,XD_8162_OH_CLEVELAND.YZER,FM,Customer,REG,Yzer LLC,YZER,2026-05-18 23:59:59,006,0.0,0.0,0.0,0.0,0.0,0.0,,,1.0,,1.0,0.0
3014,8162-G01-005-436015-260518,8162_G01,C_436015,8162,XD_8162_OH_CLEVELAND.YZER,FM,Customer,REG,Yzer LLC,YZER,2026-05-18 23:59:59,005,0.0,0.0,0.0,0.0,0.0,0.0,,,1.0,,1.0,0.0
3015,8162-G07-042-339737-260518,8162_G07,C_905014,8162,XD_8162_OH_CLEVELAND.YZER,FM,Customer,REG,Yzer LLC,YZER,2026-05-18 23:59:59,042,0.0,0.0,0.0,0.0,0.0,0.0,,,1.0,,1.0,1.0
3016,8162-G06-040-807750-260515,8162_G06,C_807750,8162,XD_8162_OH_CLEVELAND.YZER,FM,Customer,REG,Yzer LLC,YZER,2026-05-15 23:59:59,040,0.0,0.0,0.0,0.0,0.0,0.0,,,1.0,,1.0,1.0
3017,8162-H06-035-419882-260515,8162_H06,C_815793,8162,XD_8162_OH_CLEVELAND.YZER,FM,Customer,REG,Yzer LLC,YZER,2026-05-15 23:59:59,035,0.0,0.0,0.0,0.0,0.0,0.0,,,1.0,,1.0,1.0
3018,8162-H05-055-925913-260518,8162_H05,C_925913,8162,XD_8162_OH_CLEVELAND.YZER,FM,Customer,REG,Yzer LLC,YZER,2026-05-18 23:59:59,055,0.0,0.0,0.0,0.0,0.0,0.0,,,1.0,,1.0,1.0
3019,8162-G03-010-256130-260515,8162_G03,C_223285,8162,XD_8162_OH_CLEVELAND.YZER,FM,Customer,REG,Yzer LLC,YZER,2026-05-15 23:59:59,010,0.0,0.0,0.0,0.0,0.0,0.0,,,1.0,,1.0,0.0
3020,8162-H06-010-151569-260515,8162_H06,C_151568,8162,XD_8162_OH_CLEVELAND.YZER,FM,Customer,REG,Yzer LLC,YZER,2026-05-15 23:59:59,010,0.0,0.0,0.0,0.0,0.0,0.0,,,1.0,,1.0,0.0
3021,8162-G03-015-864840-260506,8162_G03,C_864840,8162,XD_8162_OH_CLEVELAND.YZER,FM,Customer,REG,Yzer LLC,YZER,2026-05-06 23:59:59,015,0.0,0.0,0.0,0.0,0.0,0.0,,,1.0,,1.0,0.0
3022,8162-G05-020-599776-260514,8162_G05,C_599776,8162,XD_8162_OH_CLEVELAND.YZER,FM,Customer,REG,Yzer LLC,YZER,2026-05-14 23:59:59,020,0.0,0.0,0.0,0.0,0.0,0.0,,,1.0,,1.0,1.0
3023,8162-H05-005-265407-260514,8162_H05,C_224273,8162,XD_8162_OH_CLEVELAND.YZER,FM,Customer,REG,Yzer LLC,YZER,2026-05-14 23:59:59,005,0.0,0.0,0.0,0.0,0.0,0.0,,,1.0,,1.0,1.0
3024,8162-H06-020-245725-260507,8162_H06,C_717269,8162,XD_8162_OH_CLEVELAND.YZER,FM,Customer,REG,Yzer LLC,YZER,2026-05-07 23:59:59,020,0.0,0.0,0.0,0.0,0.0,0.0,,,1.0,,1.0,1.0
3025,8162-G04-010-875777-260506,8162_G04,C_833539,8162,XD_8162_OH_CLEVELAND.YZER,FM,Customer,REG,Yzer LLC,YZER,2026-05-06 23:59:59,010,0.0,0.0,0.0,0.0,0.0,0.0,,,1.0,,1.0,0.0
3026,8162-G03-005-892996-260506,8162_G03,C_810447,8162,XD_8162_OH_CLEVELAND.YZER,FM,Customer,REG,Yzer LLC,YZER,2026-05-06 23:59:59,005,0.0,0.0,0.0,0.0,0.0,0.0,,,1.0,,1.0,1.0
3027,8162-H01-010-446212-260511,8162_H01,C_446212,8162,XD_8162_OH_CLEVELAND.YZER,FM,Customer,REG,Yzer LLC,YZER,2026-05-11 23:59:59,010,0.0,0.0,0.0,0.0,0.0,0.0,,,1.0,,1.0,1.0
3028,8162-G03-040-386380-260514,8162_G03,C_386380,8162,XD_8162_OH_CLEVELAND.YZER,FM,Customer,REG,Yzer LLC,YZER,2026-05-14 23:59:59,040,0.0,0.0,0.0,0.0,0.0,0.0,,,1.0,,1.0,1.0
3029,Z-3596150,8163_GX0,,8162,XD_8162_OH_CLEVELAND.YZER,RC,Route Chrg,REG,Yzer LLC,YZER,2026-05-14 23:59:59,000,0.0,0.0,0.0,0.0,0.0,0.0,,,,,1.0,1.0
3030,8162-H06-040-892876-260508,8162_H06,C_946980,8162,XD_8162_OH_CLEVELAND.YZER,FM,Customer,REG,Yzer LLC,YZER,2026-05-08 23:59:59,040,0.0,0.0,0.0,0.0,0.0,0.0,,,1.0,,1.0,1.0
3031,8162-G06-010-151559-260512,8162_G06,C_151558,8162,XD_8162_OH_CLEVELAND.YZER,FM,Customer,REG,Yzer LLC,YZER,2026-05-12 23:59:59,010,0.0,0.0,0.0,0.0,0.0,0.0,,,1.0,,1.0,0.0
3032,8162-G09-001-289513-260520,8162_G09,C_289513,8162,XD_8162_OH_CLEVELAND.YZER,FM,Customer,REG,Yzer LLC,YZER,2026-05-20 23:59:59,001,0.0,0.0,0.0,0.0,0.0,0.0,,,1.0,,1.0,1.0
3033,8163-G01-020-443013-260520,8163_G01,C_890860,8162,XD_8162_OH_CLEVELAND.YZER,FM,Customer,REG,Yzer LLC,YZER,2026-05-20 23:59:59,020,0.0,0.0,0.0,0.0,0.0,0.0,,,1.0,,1.0,0.0
3034,8162-G01-025-371496-260514,8162_G01,C_371496,8162,XD_8162_OH_CLEVELAND.YZER,FM,Customer,REG,Yzer LLC,YZER,2026-05-14 23:59:59,025,0.0,0.0,0.0,0.0,0.0,0.0,,,1.0,,1.0,1.0
3035,8162-H06-020-431206-260508,8162_H06,C_717269,8162,XD_8162_OH_CLEVELAND.YZER,FM,Customer,REG,Yzer LLC,YZER,2026-05-08 23:59:59,020,0.0,0.0,0.0,0.0,0.0,0.0,,,1.0,,1.0,0.0
3036,8162-G03-037-426990-260521,8162_G03,C_521590,8162,XD_8162_OH_CLEVELAND.YZER,FM,Customer,REG,Yzer LLC,YZER,2026-05-21 23:59:59,037,0.0,0.0,0.0,0.0,0.0,0.0,,,1.0,,1.0,1.0
3037,8162-G04-030-523596-260521,8162_G04,C_551579,8162,XD_8162_OH_CLEVELAND.YZER,FM,Customer,REG,Yzer LLC,YZER,2026-05-21 23:59:59,030,0.0,0.0,0.0,0.0,0.0,0.0,,,1.0,,1.0,1.0
3038,8162-G09-046-415729-260521,8162_G09,C_415729,8162,XD_8162_OH_CLEVELAND.YZER,FM,Customer,REG,Yzer LLC,YZER,2026-05-21 23:59:59,046,0.0,0.0,0.0,0.0,0.0,0.0,,,1.0,,1.0,1.0
3039,8162-H05-050-721852-260513,8162_H05,C_721852,8162,XD_8162_OH_CLEVELAND.YZER,FM,Customer,REG,Yzer LLC,YZER,2026-05-13 23:59:59,050,0.0,0.0,0.0,0.0,0.0,0.0,,,1.0,,1.0,1.0
3040,8162-G02-045-209162-260521,8162_G02,C_209162,8162,XD_8162_OH_CLEVELAND.YZER,FM,Customer,REG,Yzer LLC,YZER,2026-05-21 23:59:59,045,0.0,0.0,0.0,0.0,0.0,0.0,,,1.0,,1.0,1.0
3041,8162-G05-045-280562-260521,8162_G05,C_245718,8162,XD_8162_OH_CLEVELAND.YZER,FM,Customer,REG,Yzer LLC,YZER,2026-05-21 23:59:59,045,0.0,0.0,0.0,0.0,0.0,0.0,,,1.0,,1.0,1.0
3042,8162-G01-035-390526-260521,8162_G01,C_390526,8162,XD_8162_OH_CLEVELAND.YZER,FM,Customer,REG,Yzer LLC,YZER,2026-05-21 23:59:59,035,0.0,0.0,0.0,0.0,0.0,0.0,,,1.0,,1.0,1.0
3043,8162-G05-030-610134-260513,8162_G05,C_610134,8162,XD_8162_OH_CLEVELAND.YZER,FM,Customer,REG,Yzer LLC,YZER,2026-05-13 23:59:59,030,0.0,0.0,0.0,0.0,0.0,0.0,,,1.0,,1.0,0.0
3044,8163-G06-025-289530-260506,8163_G06,C_289522,8162,XD_8162_OH_CLEVELAND.YZER,FM,Customer,REG,Yzer LLC,YZER,2026-05-06 23:59:59,025,0.0,0.0,0.0,0.0,0.0,0.0,,,1.0,,1.0,0.0
3045,8162-H04-045-603704-260521,8162_H04,C_603704,8162,XD_8162_OH_CLEVELAND.YZER,FM,Customer,REG,Yzer LLC,YZER,2026-05-21 23:59:59,045,0.0,0.0,0.0,0.0,0.0,0.0,,,1.0,,1.0,1.0
3046,8162-G02-015-731867-260508,8162_G02,C_731867,8162,XD_8162_OH_CLEVELAND.YZER,FM,Customer,REG,Yzer LLC,YZER,2026-05-08 23:59:59,015,0.0,0.0,0.0,0.0,0.0,0.0,,,1.0,,1.0,1.0
3047,8163-G04-006-839466-260511,8163_G04,C_712383,8162,XD_8162_OH_CLEVELAND.YZER,FM,Customer,REG,Yzer LLC,YZER,2026-05-11 23:59:59,006,0.0,0.0,0.0,0.0,0.0,0.0,,,1.0,,1.0,0.0
3048,8162-GX0-004-960596-260521,8162_GX0,C_464241,8162,XD_8162_OH_CLEVELAND.YZER,FM,Customer,REG,Yzer LLC,YZER,2026-05-21 23:59:59,004,0.0,0.0,0.0,0.0,0.0,0.0,,,1.0,,1.0,0.0
3049,8162-G01-005-209001-260526,8162_G01,C_436015,8162,XD_8162_OH_CLEVELAND.YZER,FM,Customer,REG,Yzer LLC,YZER,2026-05-26 23:59:59,005,0.0,0.0,0.0,0.0,0.0,0.0,,,1.0,,1.0,0.0
3050,8162-G02-040-244530-260511,8162_G02,C_017375,8162,XD_8162_OH_CLEVELAND.YZER,FM,Customer,REG,Yzer LLC,YZER,2026-05-11 23:59:59,040,0.0,0.0,0.0,0.0,0.0,0.0,,,1.0,,1.0,1.0
3051,8162-H06-005-905176-260506,8162_H06,C_905176,8162,XD_8162_OH_CLEVELAND.YZER,FM,Customer,REG,Yzer LLC,YZER,2026-05-06 23:59:59,005,0.0,0.0,0.0,0.0,0.0,0.0,,,1.0,,1.0,0.0
3052,Z-3595632,8162_G09,,8162,XD_8162_OH_CLEVELAND.YZER,RC,Route Chrg,REG,Yzer LLC,YZER,2026-05-14 23:59:59,000,278.16,0.0,278.16,250.0,19.41,8.75,,,,,1.0,1.0
3053,8162-G05-002-642013-260513,8162_G05,C_219681,8162,XD_8162_OH_CLEVELAND.YZER,FM,Customer,REG,Yzer LLC,YZER,2026-05-13 23:59:59,002,0.0,0.0,0.0,0.0,0.0,0.0,,,1.0,,1.0,0.0
3054,8162-G05-002-219681-260522,8162_G05,C_219681,8162,XD_8162_OH_CLEVELAND.YZER,FM,Customer,REG,Yzer LLC,YZER,2026-05-22 23:59:59,002,0.0,0.0,0.0,0.0,0.0,0.0,,,1.0,,1.0,1.0
3055,8162-G09-017-444117-260522,8162_G09,C_444117,8162,XD_8162_OH_CLEVELAND.YZER,FM,Customer,REG,Yzer LLC,YZER,2026-05-22 23:59:59,017,0.0,0.0,0.0,0.0,0.0,0.0,,,1.0,,1.0,1.0
3056,8162-G07-042-314668-260526,8162_G07,C_905014,8162,XD_8162_OH_CLEVELAND.YZER,FM,Customer,REG,Yzer LLC,YZER,2026-05-26 23:59:59,042,0.0,0.0,0.0,0.0,0.0,0.0,,,1.0,,1.0,0.0
3057,8162-G01-020-890860-260506,8162_G01,C_890860,8162,XD_8162_OH_CLEVELAND.YZER,FM,Customer,REG,Yzer LLC,YZER,2026-05-06 23:59:59,020,0.0,0.0,0.0,0.0,0.0,0.0,,,1.0,,1.0,1.0
3058,8162-H06-020-245725-260506,8162_H06,C_717269,8162,XD_8162_OH_CLEVELAND.YZER,FM,Customer,REG,Yzer LLC,YZER,2026-05-06 23:59:59,020,0.0,0.0,0.0,0.0,0.0,0.0,,,1.0,,1.0,1.0
3059,8162-H01-050-362140-260526,8162_H01,C_362140,8162,XD_8162_OH_CLEVELAND.YZER,FM,Customer,REG,Yzer LLC,YZER,2026-05-26 23:59:59,050,0.0,0.0,0.0,0.0,0.0,0.0,,,1.0,,1.0,1.0
3060,Z-3615891,8162_G01,,8162,XD_8162_OH_CLEVELAND.YZER,RC,Route Chrg,REG,Yzer LLC,YZER,2026-05-21 23:59:59,000,254.71,0.0,254.71,230.0,16.66,8.05,,,,,1.0,1.0
3061,8162-H06-035-419882-260522,8162_H06,C_815793,8162,XD_8162_OH_CLEVELAND.YZER,FM,Customer,REG,Yzer LLC,YZER,2026-05-22 23:59:59,035,0.0,0.0,0.0,0.0,0.0,0.0,,,1.0,,1.0,1.0
3062,8162-G06-015-151561-260514,8162_G06,C_065363,8162,XD_8162_OH_CLEVELAND.YZER,FM,Customer,REG,Yzer LLC,YZER,2026-05-14 23:59:59,015,0.0,0.0,0.0,0.0,0.0,0.0,,,1.0,,1.0,1.0
3063,8162-G01-030-217734-260526,8162_G01,C_217734,8162,XD_8162_OH_CLEVELAND.YZER,FM,Customer,REG,Yzer LLC,YZER,2026-05-26 23:59:59,030,0.0,0.0,0.0,0.0,0.0,0.0,,,1.0,,1.0,1.0
3064,8162-G05-006-905419-260522,8162_G05,C_061312,8162,XD_8162_OH_CLEVELAND.YZER,FM,Customer,REG,Yzer LLC,YZER,2026-05-22 23:59:59,006,0.0,0.0,0.0,0.0,0.0,0.0,,,1.0,,1.0,1.0
3065,8162-G07-005-386053-260526,8162_G07,C_599132,8162,XD_8162_OH_CLEVELAND.YZER,FM,Customer,REG,Yzer LLC,YZER,2026-05-26 23:59:59,005,0.0,0.0,0.0,0.0,0.0,0.0,,,1.0,,1.0,0.0
3066,8162-H05-020-304538-260526,8162_H05,C_304538,8162,XD_8162_OH_CLEVELAND.YZER,FM,Customer,REG,Yzer LLC,YZER,2026-05-26 23:59:59,020,0.0,0.0,0.0,0.0,0.0,0.0,,,1.0,,1.0,1.0
3067,8162-G07-005-599132-260522,8162_G07,C_599132,8162,XD_8162_OH_CLEVELAND.YZER,FM,Customer,REG,Yzer LLC,YZER,2026-05-22 23:59:59,005,0.0,0.0,0.0,0.0,0.0,0.0,,,1.0,,1.0,1.0
3068,8162-G06-025-289522-260522,8162_G06,C_289522,8162,XD_8162_OH_CLEVELAND.YZER,FM,Customer,REG,Yzer LLC,YZER,2026-05-22 23:59:59,025,0.0,0.0,0.0,0.0,0.0,0.0,,,1.0,,1.0,1.0
3069,Z-3615907,8162_GX0,,8162,XD_8162_OH_CLEVELAND.YZER,RC,Route Chrg,REG,Yzer LLC,YZER,2026-05-21 23:59:59,000,0.0,0.0,0.0,0.0,0.0,0.0,,,,,1.0,1.0
3070,8162-G07-010-134526-260522,8162_G07,C_134526,8162,XD_8162_OH_CLEVELAND.YZER,FM,Customer,REG,Yzer LLC,YZER,2026-05-22 23:59:59,010,0.0,0.0,0.0,0.0,0.0,0.0,,,1.0,,1.0,1.0
3071,8162-H01-020-446373-260526,8162_H01,C_446373,8162,XD_8162_OH_CLEVELAND.YZER,FM,Customer,REG,Yzer LLC,YZER,2026-05-26 23:59:59,020,0.0,0.0,0.0,0.0,0.0,0.0,,,1.0,,1.0,1.0
3072,8162-H06-015-285190-260522,8162_H06,C_433600,8162,XD_8162_OH_CLEVELAND.YZER,FM,Customer,REG,Yzer LLC,YZER,2026-05-22 23:59:59,015,0.0,0.0,0.0,0.0,0.0,0.0,,,1.0,,1.0,1.0
3073,Z-3615953,8162_G06,,8162,XD_8162_OH_CLEVELAND.YZER,RC,Route Chrg,REG,Yzer LLC,YZER,2026-05-21 23:59:59,000,382.08,0.0,382.08,345.0,25.0,12.08,,,,,1.0,1.0
3074,8162-H02-040-407917-260522,8162_H02,C_407917,8162,XD_8162_OH_CLEVELAND.YZER,FM,Customer,REG,Yzer LLC,YZER,2026-05-22 23:59:59,040,0.0,0.0,0.0,0.0,0.0,0.0,,,1.0,,1.0,1.0
3075,Z-3575559,8163_G07,,8162,XD_8162_OH_CLEVELAND.YZER,RC,Route Chrg,REG,Yzer LLC,YZER,2026-05-07 23:59:59,000,,0.0,,,0.0,,8.0,19.0,8.0,19.0,1.0,1.0
3076,Z-3570885,8163_H05,,8162,XD_8162_OH_CLEVELAND.YZER,RC,Route Chrg,REG,Yzer LLC,YZER,2026-05-06 23:59:59,000,,0.0,,,0.0,,8.0,12.0,8.0,12.0,1.0,1.0
3077,Z-3571106,8163_GX4,,8162,XD_8162_OH_CLEVELAND.YZER,RC,Route Chrg,REG,Yzer LLC,YZER,2026-05-06 23:59:59,000,,0.0,,,0.0,,1.0,4.0,1.0,4.0,1.0,1.0
3078,Z-3573940,8163_G04,,8162,XD_8162_OH_CLEVELAND.YZER,RC,Route Chrg,REG,Yzer LLC,YZER,2026-05-06 23:59:59,000,,0.0,,,0.0,,6.0,12.0,6.0,12.0,1.0,1.0
3079,Z-3563130,8163_H06,,8162,XD_8162_OH_CLEVELAND.YZER,RC,Route Chrg,REG,Yzer LLC,YZER,2026-05-04 23:59:59,000,,0.0,,,0.0,,5.0,22.0,5.0,22.0,1.0,1.0
3080,Z-3580379,8163_G09,,8162,XD_8162_OH_CLEVELAND.YZER,RC,Route Chrg,REG,Yzer LLC,YZER,2026-05-08 23:59:59,000,,0.0,,,0.0,,7.0,22.0,7.0,22.0,1.0,1.0
3081,8162-G04-010-833539-260506,8162_G04,C_833539,8162,XD_8162_OH_CLEVELAND.YZER,FM,Customer,REG,Yzer LLC,YZER,2026-05-06 23:59:59,010,0.0,0.0,0.0,0.0,0.0,0.0,,,1.0,,1.0,0.0
3082,8162-G05-030-246296-260507,8162_G05,C_610134,8162,XD_8162_OH_CLEVELAND.YZER,FM,Customer,REG,Yzer LLC,YZER,2026-05-07 23:59:59,030,0.0,0.0,0.0,0.0,0.0,0.0,,,1.0,,1.0,0.0
3083,8163-G03-005-070610-260506,8163_G03,C_810447,8162,XD_8162_OH_CLEVELAND.YZER,FM,Customer,REG,Yzer LLC,YZER,2026-05-06 23:59:59,005,0.0,0.0,0.0,0.0,0.0,0.0,,,1.0,,1.0,0.0
3084,8162-G05-030-034797-260507,8162_G05,C_610134,8162,XD_8162_OH_CLEVELAND.YZER,FM,Customer,REG,Yzer LLC,YZER,2026-05-07 23:59:59,030,0.0,0.0,0.0,0.0,0.0,0.0,,,1.0,,1.0,1.0
3085,8162-G03-037-426990-260512,8162_G03,C_521590,8162,XD_8162_OH_CLEVELAND.YZER,FM,Customer,REG,Yzer LLC,YZER,2026-05-12 23:59:59,037,0.0,0.0,0.0,0.0,0.0,0.0,,,1.0,,1.0,1.0
3086,8162-H05-020-304538-260506,8162_H05,C_304538,8162,XD_8162_OH_CLEVELAND.YZER,FM,Customer,REG,Yzer LLC,YZER,2026-05-06 23:59:59,020,0.0,0.0,0.0,0.0,0.0,0.0,,,1.0,,1.0,1.0
3087,8162-G05-030-246296-260506,8162_G05,C_610134,8162,XD_8162_OH_CLEVELAND.YZER,FM,Customer,REG,Yzer LLC,YZER,2026-05-06 23:59:59,030,0.0,0.0,0.0,0.0,0.0,0.0,,,1.0,,1.0,1.0
3088,Z-3595595,8162_GX0,,8162,XD_8162_OH_CLEVELAND.YZER,RC,Route Chrg,REG,Yzer LLC,YZER,2026-05-14 23:59:59,000,0.0,0.0,0.0,0.0,0.0,0.0,,,,,1.0,1.0
3089,8162-G09-058-753911-260514,8162_G09,C_753911,8162,XD_8162_OH_CLEVELAND.YZER,FM,Customer,REG,Yzer LLC,YZER,2026-05-14 23:59:59,058,0.0,0.0,0.0,0.0,0.0,0.0,,,1.0,,1.0,1.0
3090,8162-G05-030-246296-260511,8162_G05,C_610134,8162,XD_8162_OH_CLEVELAND.YZER,FM,Customer,REG,Yzer LLC,YZER,2026-05-11 23:59:59,030,0.0,0.0,0.0,0.0,0.0,0.0,,,1.0,,1.0,0.0
3091,8162-G04-030-523596-260512,8162_G04,C_551579,8162,XD_8162_OH_CLEVELAND.YZER,FM,Customer,REG,Yzer LLC,YZER,2026-05-12 23:59:59,030,0.0,0.0,0.0,0.0,0.0,0.0,,,1.0,,1.0,1.0
3092,8163-G07-005-599132-260514,8163_G07,C_599132,8162,XD_8162_OH_CLEVELAND.YZER,FM,Customer,REG,Yzer LLC,YZER,2026-05-14 23:59:59,005,0.0,0.0,0.0,0.0,0.0,0.0,,,1.0,,1.0,0.0
3093,8162-G06-015-719738-260511,8162_G06,C_065363,8162,XD_8162_OH_CLEVELAND.YZER,FM,Customer,REG,Yzer LLC,YZER,2026-05-11 23:59:59,015,0.0,0.0,0.0,0.0,0.0,0.0,,,1.0,,1.0,0.0
3094,8162-H01-025-806927-260513,8162_H01,C_806927,8162,XD_8162_OH_CLEVELAND.YZER,FM,Customer,REG,Yzer LLC,YZER,2026-05-13 23:59:59,025,0.0,0.0,0.0,0.0,0.0,0.0,,,1.0,,1.0,1.0
3095,8162-G09-058-753911-260519,8162_G09,C_753911,8162,XD_8162_OH_CLEVELAND.YZER,FM,Customer,REG,Yzer LLC,YZER,2026-05-19 23:59:59,058,0.0,0.0,0.0,0.0,0.0,0.0,,,1.0,,1.0,1.0
3096,8162-G02-025-214237-260512,8162_G02,C_214237,8162,XD_8162_OH_CLEVELAND.YZER,FM,Customer,REG,Yzer LLC,YZER,2026-05-12 23:59:59,025,0.0,0.0,0.0,0.0,0.0,0.0,,,1.0,,1.0,1.0
3097,8162-H06-020-431045-260512,8162_H06,C_717269,8162,XD_8162_OH_CLEVELAND.YZER,FM,Customer,REG,Yzer LLC,YZER,2026-05-12 23:59:59,020,0.0,0.0,0.0,0.0,0.0,0.0,,,1.0,,1.0,0.0
3098,Z-3603716,8162_H04,,8162,XD_8162_OH_CLEVELAND.YZER,RC,Route Chrg,REG,Yzer LLC,YZER,2026-05-18 23:59:59,000,272.6,0.0,272.6,245.0,19.02,8.58,,,,,1.0,1.0
3099,8162-G05-005-221190-260507,8162_G05,C_441221,8162,XD_8162_OH_CLEVELAND.YZER,FM,Customer,REG,Yzer LLC,YZER,2026-05-07 23:59:59,005,0.0,0.0,0.0,0.0,0.0,0.0,,,1.0,,1.0,0.0
3100,8162-H06-020-431206-260519,8162_H06,C_717269,8162,XD_8162_OH_CLEVELAND.YZER,FM,Customer,REG,Yzer LLC,YZER,2026-05-19 23:59:59,020,0.0,0.0,0.0,0.0,0.0,0.0,,,1.0,,1.0,0.0
3101,8162-H05-035-259008-260513,8162_H05,C_259008,8162,XD_8162_OH_CLEVELAND.YZER,FM,Customer,REG,Yzer LLC,YZER,2026-05-13 23:59:59,035,0.0,0.0,0.0,0.0,0.0,0.0,,,1.0,,1.0,1.0
3102,8162-G02-040-017375-260520,8162_G02,C_017375,8162,XD_8162_OH_CLEVELAND.YZER,FM,Customer,REG,Yzer LLC,YZER,2026-05-20 23:59:59,040,0.0,0.0,0.0,0.0,0.0,0.0,,,1.0,,1.0,0.0
3103,8162-G03-015-584757-260520,8162_G03,C_864840,8162,XD_8162_OH_CLEVELAND.YZER,FM,Customer,REG,Yzer LLC,YZER,2026-05-20 23:59:59,015,0.0,0.0,0.0,0.0,0.0,0.0,,,1.0,,1.0,1.0
3104,8163-H04-005-050648-260520,8163_H04,C_435532,8162,XD_8162_OH_CLEVELAND.YZER,FM,Customer,REG,Yzer LLC,YZER,2026-05-20 23:59:59,005,0.0,0.0,0.0,0.0,0.0,0.0,,,1.0,,1.0,0.0
3105,8162-H03-020-415745-260520,8162_H03,C_415745,8162,XD_8162_OH_CLEVELAND.YZER,FM,Customer,REG,Yzer LLC,YZER,2026-05-20 23:59:59,020,0.0,0.0,0.0,0.0,0.0,0.0,,,1.0,,1.0,1.0
3106,8162-H05-060-446021-260520,8162_H05,C_446021,8162,XD_8162_OH_CLEVELAND.YZER,FM,Customer,REG,Yzer LLC,YZER,2026-05-20 23:59:59,060,0.0,0.0,0.0,0.0,0.0,0.0,,,1.0,,1.0,1.0
3107,8162-G02-030-289502-260520,8162_G02,C_289502,8162,XD_8162_OH_CLEVELAND.YZER,FM,Customer,REG,Yzer LLC,YZER,2026-05-20 23:59:59,030,0.0,0.0,0.0,0.0,0.0,0.0,,,1.0,,1.0,1.0
3108,8163-G03-005-723011-260520,8163_G03,C_810447,8162,XD_8162_OH_CLEVELAND.YZER,FM,Customer,REG,Yzer LLC,YZER,2026-05-20 23:59:59,005,0.0,0.0,0.0,0.0,0.0,0.0,,,1.0,,1.0,0.0
3109,8162-G04-035-444588-260512,8162_G04,C_444588,8162,XD_8162_OH_CLEVELAND.YZER,FM,Customer,REG,Yzer LLC,YZER,2026-05-12 23:59:59,035,0.0,0.0,0.0,0.0,0.0,0.0,,,1.0,,1.0,1.0
3110,8163-G01-020-890860-260512,8163_G01,C_890860,8162,XD_8162_OH_CLEVELAND.YZER,FM,Customer,REG,Yzer LLC,YZER,2026-05-12 23:59:59,020,0.0,0.0,0.0,0.0,0.0,0.0,,,1.0,,1.0,0.0
3111,8162-H02-050-579755-260520,8162_H02,C_579755,8162,XD_8162_OH_CLEVELAND.YZER,FM,Customer,REG,Yzer LLC,YZER,2026-05-20 23:59:59,050,0.0,0.0,0.0,0.0,0.0,0.0,,,1.0,,1.0,1.0
3112,8162-H02-027-376609-260521,8162_H02,C_376609,8162,XD_8162_OH_CLEVELAND.YZER,FM,Customer,REG,Yzer LLC,YZER,2026-05-21 23:59:59,027,0.0,0.0,0.0,0.0,0.0,0.0,,,1.0,,1.0,1.0
3113,8162-G04-010-786357-260508,8162_G04,C_833539,8162,XD_8162_OH_CLEVELAND.YZER,FM,Customer,REG,Yzer LLC,YZER,2026-05-08 23:59:59,010,0.0,0.0,0.0,0.0,0.0,0.0,,,1.0,,1.0,1.0
3114,8163-G02-005-713914-260512,8163_G02,C_713914,8162,XD_8162_OH_CLEVELAND.YZER,FM,Customer,REG,Yzer LLC,YZER,2026-05-12 23:59:59,005,0.0,0.0,0.0,0.0,0.0,0.0,,,1.0,,1.0,0.0
3115,8162-G05-030-610134-260521,8162_G05,C_610134,8162,XD_8162_OH_CLEVELAND.YZER,FM,Customer,REG,Yzer LLC,YZER,2026-05-21 23:59:59,030,0.0,0.0,0.0,0.0,0.0,0.0,,,1.0,,1.0,0.0
3116,8162-G09-002-289527-260513,8162_G09,C_289527,8162,XD_8162_OH_CLEVELAND.YZER,FM,Customer,REG,Yzer LLC,YZER,2026-05-13 23:59:59,002,0.0,0.0,0.0,0.0,0.0,0.0,,,1.0,,1.0,1.0
3117,8162-G04-010-786357-260507,8162_G04,C_833539,8162,XD_8162_OH_CLEVELAND.YZER,FM,Customer,REG,Yzer LLC,YZER,2026-05-07 23:59:59,010,0.0,0.0,0.0,0.0,0.0,0.0,,,1.0,,1.0,1.0
3118,8163-G07-005-386053-260521,8163_G07,C_599132,8162,XD_8162_OH_CLEVELAND.YZER,FM,Customer,REG,Yzer LLC,YZER,2026-05-21 23:59:59,005,0.0,0.0,0.0,0.0,0.0,0.0,,,1.0,,1.0,0.0
3119,8162-H04-030-326949-260526,8162_H04,C_993260,8162,XD_8162_OH_CLEVELAND.YZER,FM,Customer,REG,Yzer LLC,YZER,2026-05-26 23:59:59,030,0.0,0.0,0.0,0.0,0.0,0.0,,,1.0,,1.0,1.0
3120,8162-G05-025-173268-260507,8162_G05,C_173268,8162,XD_8162_OH_CLEVELAND.YZER,FM,Customer,REG,Yzer LLC,YZER,2026-05-07 23:59:59,025,0.0,0.0,0.0,0.0,0.0,0.0,,,1.0,,1.0,1.0
3121,8162-G02-020-598488-260506,8162_G02,C_598488,8162,XD_8162_OH_CLEVELAND.YZER,FM,Customer,REG,Yzer LLC,YZER,2026-05-06 23:59:59,020,0.0,0.0,0.0,0.0,0.0,0.0,,,1.0,,1.0,0.0
3122,8162-G04-030-523596-260526,8162_G04,C_551579,8162,XD_8162_OH_CLEVELAND.YZER,FM,Customer,REG,Yzer LLC,YZER,2026-05-26 23:59:59,030,0.0,0.0,0.0,0.0,0.0,0.0,,,1.0,,1.0,1.0
3123,8162-H01-015-444763-260508,8162_H01,C_444763,8162,XD_8162_OH_CLEVELAND.YZER,FM,Customer,REG,Yzer LLC,YZER,2026-05-08 23:59:59,015,0.0,0.0,0.0,0.0,0.0,0.0,,,1.0,,1.0,0.0
3124,8163-G06-025-289532-260512,8163_G06,C_289522,8162,XD_8162_OH_CLEVELAND.YZER,FM,Customer,REG,Yzer LLC,YZER,2026-05-12 23:59:59,025,0.0,0.0,0.0,0.0,0.0,0.0,,,1.0,,1.0,0.0
3125,Z-3575414,8162_H02,,8162,XD_8162_OH_CLEVELAND.YZER,RC,Route Chrg,REG,Yzer LLC,YZER,2026-05-07 23:59:59,000,333.92,0.0,333.92,283.0,41.01,9.91,,,,,1.0,1.0
3126,8162-H01-015-444602-260526,8162_H01,C_444763,8162,XD_8162_OH_CLEVELAND.YZER,FM,Customer,REG,Yzer LLC,YZER,2026-05-26 23:59:59,015,0.0,0.0,0.0,0.0,0.0,0.0,,,1.0,,1.0,0.0
3127,8162-G03-037-426990-260514,8162_G03,C_521590,8162,XD_8162_OH_CLEVELAND.YZER,FM,Customer,REG,Yzer LLC,YZER,2026-05-14 23:59:59,037,0.0,0.0,0.0,0.0,0.0,0.0,,,1.0,,1.0,1.0
3128,8162-H02-035-340423-260522,8162_H02,C_340423,8162,XD_8162_OH_CLEVELAND.YZER,FM,Customer,REG,Yzer LLC,YZER,2026-05-22 23:59:59,035,0.0,0.0,0.0,0.0,0.0,0.0,,,1.0,,1.0,1.0
3129,8162-H01-010-446212-260507,8162_H01,C_446212,8162,XD_8162_OH_CLEVELAND.YZER,FM,Customer,REG,Yzer LLC,YZER,2026-05-07 23:59:59,010,0.0,0.0,0.0,0.0,0.0,0.0,,,1.0,,1.0,1.0
3130,8162-H05-035-259008-260526,8162_H05,C_259008,8162,XD_8162_OH_CLEVELAND.YZER,FM,Customer,REG,Yzer LLC,YZER,2026-05-26 23:59:59,035,0.0,0.0,0.0,0.0,0.0,0.0,,,1.0,,1.0,1.0
3131,8162-G05-001-441221-260511,8162_G05,C_441221,8162,XD_8162_OH_CLEVELAND.YZER,FM,Customer,REG,Yzer LLC,YZER,2026-05-11 23:59:59,001,0.0,0.0,0.0,0.0,0.0,0.0,,,1.0,,1.0,1.0
3132,8163-G01-005-718289-260513,8163_G01,C_436015,8162,XD_8162_OH_CLEVELAND.YZER,FM,Customer,REG,Yzer LLC,YZER,2026-05-13 23:59:59,005,0.0,0.0,0.0,0.0,0.0,0.0,,,1.0,,1.0,0.0
3133,8162-H06-010-151574-260526,8162_H06,C_151568,8162,XD_8162_OH_CLEVELAND.YZER,FM,Customer,REG,Yzer LLC,YZER,2026-05-26 23:59:59,010,0.0,0.0,0.0,0.0,0.0,0.0,,,1.0,,1.0,0.0
3134,8163-G02-005-071322-260522,8163_G02,C_713914,8162,XD_8162_OH_CLEVELAND.YZER,FM,Customer,REG,Yzer LLC,YZER,2026-05-22 23:59:59,005,0.0,0.0,0.0,0.0,0.0,0.0,,,1.0,,1.0,0.0
3135,8162-G01-020-890860-260522,8162_G01,C_890860,8162,XD_8162_OH_CLEVELAND.YZER,FM,Customer,REG,Yzer LLC,YZER,2026-05-22 23:59:59,020,0.0,0.0,0.0,0.0,0.0,0.0,,,1.0,,1.0,0.0
3136,Z-3620709,8162_G04,,8162,XD_8162_OH_CLEVELAND.YZER,RC,Route Chrg,REG,Yzer LLC,YZER,2026-05-22 23:59:59,000,274.65,0.0,274.65,248.0,17.97,8.68,,,,,1.0,1.0
3137,8162-G09-046-415729-260526,8162_G09,C_415729,8162,XD_8162_OH_CLEVELAND.YZER,FM,Customer,REG,Yzer LLC,YZER,2026-05-26 23:59:59,046,0.0,0.0,0.0,0.0,0.0,0.0,,,1.0,,1.0,1.0
3138,8162-H02-020-134501-260526,8162_H02,C_134501,8162,XD_8162_OH_CLEVELAND.YZER,FM,Customer,REG,Yzer LLC,YZER,2026-05-26 23:59:59,020,0.0,0.0,0.0,0.0,0.0,0.0,,,1.0,,1.0,1.0
3139,8162-G03-030-724609-260522,8162_G03,C_724609,8162,XD_8162_OH_CLEVELAND.YZER,FM,Customer,REG,Yzer LLC,YZER,2026-05-22 23:59:59,030,0.0,0.0,0.0,0.0,0.0,0.0,,,1.0,,1.0,1.0
3140,8162-H01-025-806927-260522,8162_H01,C_806927,8162,XD_8162_OH_CLEVELAND.YZER,FM,Customer,REG,Yzer LLC,YZER,2026-05-22 23:59:59,025,0.0,0.0,0.0,0.0,0.0,0.0,,,1.0,,1.0,1.0
3141,8162-G09-002-289527-260526,8162_G09,C_289527,8162,XD_8162_OH_CLEVELAND.YZER,FM,Customer,REG,Yzer LLC,YZER,2026-05-26 23:59:59,002,0.0,0.0,0.0,0.0,0.0,0.0,,,1.0,,1.0,0.0
3142,Z-3563281,8163_G05,,8162,XD_8162_OH_CLEVELAND.YZER,RC,Route Chrg,REG,Yzer LLC,YZER,2026-05-04 23:59:59,000,,0.0,,,0.0,,7.0,19.0,7.0,19.0,1.0,1.0
3143,Z-3580378,8163_H02,,8162,XD_8162_OH_CLEVELAND.YZER,RC,Route Chrg,REG,Yzer LLC,YZER,2026-05-08 23:59:59,000,,0.0,,,0.0,,8.0,20.0,8.0,20.0,1.0,1.0
3144,8162-G07-060-134966-260504,8162_G07,C_134966,8162,XD_8162_OH_CLEVELAND.YZER,FM,Customer,REG,Yzer LLC,YZER,2026-05-04 23:59:59,060,0.0,0.0,0.0,0.0,0.0,0.0,,,1.0,,1.0,1.0
3145,Z-3562978,8162_H03,,8162,XD_8162_OH_CLEVELAND.YZER,RC,Route Chrg,REG,Yzer LLC,YZER,2026-05-04 23:59:59,000,293.11,0.0,293.11,271.0,12.62,9.49,,,,,1.0,1.0
3146,8162-G03-005-723011-260504,8162_G03,C_810447,8162,XD_8162_OH_CLEVELAND.YZER,FM,Customer,REG,Yzer LLC,YZER,2026-05-04 23:59:59,005,0.0,0.0,0.0,0.0,0.0,0.0,,,1.0,,1.0,0.0
3147,Z-3559578,8162_H03,,8162,XD_8162_OH_CLEVELAND.YZER,RC,Route Chrg,REG,Yzer LLC,YZER,2026-05-01 23:59:59,000,293.11,0.0,293.11,271.0,12.62,9.49,,,,,1.0,1.0
3148,8162-H06-015-162630-260505,8162_H06,C_433600,8162,XD_8162_OH_CLEVELAND.YZER,FM,Customer,REG,Yzer LLC,YZER,2026-05-05 23:59:59,015,0.0,0.0,0.0,0.0,0.0,0.0,,,1.0,,1.0,1.0
3149,Z-3584191,8163_GX4,,8162,XD_8162_OH_CLEVELAND.YZER,RC,Route Chrg,REG,Yzer LLC,YZER,2026-05-11 23:59:59,000,,0.0,,,0.0,,1.0,9.0,1.0,9.0,1.0,1.0
3150,8162-G03-035-777727-260504,8162_G03,C_777727,8162,XD_8162_OH_CLEVELAND.YZER,FM,Customer,REG,Yzer LLC,YZER,2026-05-04 23:59:59,035,0.0,0.0,0.0,0.0,0.0,0.0,,,1.0,,1.0,1.0
3151,Z-3559606,8162_H06,,8162,XD_8162_OH_CLEVELAND.YZER,RC,Route Chrg,REG,Yzer LLC,YZER,2026-05-01 23:59:59,000,269.99,0.0,269.99,235.0,26.76,8.23,,,,,1.0,1.0
3152,Z-3587530,8162_GX4,,8162,XD_8162_OH_CLEVELAND.YZER,RC,Route Chrg,REG,Yzer LLC,YZER,2026-05-12 23:59:59,000,,0.0,,,0.0,,1.0,4.0,1.0,4.0,1.0,1.0
3153,Z-3615833,8162_GX4,,8162,XD_8162_OH_CLEVELAND.YZER,RC,Route Chrg,REG,Yzer LLC,YZER,2026-05-21 23:59:59,000,,0.0,,,0.0,,1.0,3.0,1.0,3.0,1.0,1.0
3154,Z-3616191,8163_G04,,8162,XD_8162_OH_CLEVELAND.YZER,RC,Route Chrg,REG,Yzer LLC,YZER,2026-05-21 23:59:59,000,,0.0,,,0.0,,6.0,20.0,6.0,20.0,1.0,1.0
3155,Z-3628163,8163_G09,,8162,XD_8162_OH_CLEVELAND.YZER,RC,Route Chrg,REG,Yzer LLC,YZER,2026-05-27 23:59:59,000,0.0,0.0,0.0,0.0,0.0,0.0,,,,,1.0,1.0
3156,8162-G03-015-584757-260528,8162_G03,C_864840,8162,XD_8162_OH_CLEVELAND.YZER,FM,Customer,REG,Yzer LLC,YZER,2026-05-28 23:59:59,015,0.0,0.0,0.0,0.0,0.0,0.0,,,1.0,,1.0,1.0
3157,8162-G05-006-905419-260528,8162_G05,C_061312,8162,XD_8162_OH_CLEVELAND.YZER,FM,Customer,REG,Yzer LLC,YZER,2026-05-28 23:59:59,006,0.0,0.0,0.0,0.0,0.0,0.0,,,1.0,,1.0,0.0
3158,8162-H04-030-326949-260528,8162_H04,C_993260,8162,XD_8162_OH_CLEVELAND.YZER,FM,Customer,REG,Yzer LLC,YZER,2026-05-28 23:59:59,030,0.0,0.0,0.0,0.0,0.0,0.0,,,1.0,,1.0,1.0
3159,8162-H02-045-624058-260527,8162_H02,C_624058,8162,XD_8162_OH_CLEVELAND.YZER,FM,Customer,REG,Yzer LLC,YZER,2026-05-27 23:59:59,045,0.0,0.0,0.0,0.0,0.0,0.0,,,1.0,,1.0,1.0
3160,8163-G06-015-719738-260529,8163_G06,C_065363,8162,XD_8162_OH_CLEVELAND.YZER,FM,Customer,REG,Yzer LLC,YZER,2026-05-29 23:59:59,015,0.0,0.0,0.0,0.0,0.0,0.0,,,1.0,,1.0,0.0
3161,8162-H03-050-442084-260528,8162_H03,C_442084,8162,XD_8162_OH_CLEVELAND.YZER,FM,Customer,REG,Yzer LLC,YZER,2026-05-28 23:59:59,050,0.0,0.0,0.0,0.0,0.0,0.0,,,1.0,,1.0,1.0
3162,8162-H04-045-603704-260528,8162_H04,C_603704,8162,XD_8162_OH_CLEVELAND.YZER,FM,Customer,REG,Yzer LLC,YZER,2026-05-28 23:59:59,045,0.0,0.0,0.0,0.0,0.0,0.0,,,1.0,,1.0,1.0
3163,8162-H06-040-892876-260528,8162_H06,C_946980,8162,XD_8162_OH_CLEVELAND.YZER,FM,Customer,REG,Yzer LLC,YZER,2026-05-28 23:59:59,040,0.0,0.0,0.0,0.0,0.0,0.0,,,1.0,,1.0,1.0
3164,8162-G04-030-523596-260529,8162_G04,C_551579,8162,XD_8162_OH_CLEVELAND.YZER,FM,Customer,REG,Yzer LLC,YZER,2026-05-29 23:59:59,030,0.0,0.0,0.0,0.0,0.0,0.0,,,1.0,,1.0,1.0
3165,8162-H06-015-362292-260527,8162_H06,C_433600,8162,XD_8162_OH_CLEVELAND.YZER,FM,Customer,REG,Yzer LLC,YZER,2026-05-27 23:59:59,015,0.0,0.0,0.0,0.0,0.0,0.0,,,1.0,,1.0,0.0
3166,Z-3624330,8162_G01,,8162,XD_8162_OH_CLEVELAND.YZER,RC,Route Chrg,REG,Yzer LLC,YZER,2026-05-26 23:59:59,000,254.71,0.0,254.71,230.0,16.66,8.05,,,,,1.0,1.0
3167,8162-H03-015-133964-260529,8162_H03,C_133964,8162,XD_8162_OH_CLEVELAND.YZER,FM,Customer,REG,Yzer LLC,YZER,2026-05-29 23:59:59,015,0.0,0.0,0.0,0.0,0.0,0.0,,,1.0,,1.0,1.0
3168,8163-G04-010-875777-260527,8163_G04,C_833539,8162,XD_8162_OH_CLEVELAND.YZER,FM,Customer,REG,Yzer LLC,YZER,2026-05-27 23:59:59,010,0.0,0.0,0.0,0.0,0.0,0.0,,,1.0,,1.0,0.0
3169,Z-3632035,8162_G03,,8162,XD_8162_OH_CLEVELAND.YZER,RC,Route Chrg,REG,Yzer LLC,YZER,2026-05-28 23:59:59,000,374.32,0.0,374.32,338.0,24.49,11.83,,,,,1.0,1.0
3170,8162-H02-025-134412-260528,8162_H02,C_134412,8162,XD_8162_OH_CLEVELAND.YZER,FM,Customer,REG,Yzer LLC,YZER,2026-05-28 23:59:59,025,0.0,0.0,0.0,0.0,0.0,0.0,,,1.0,,1.0,1.0
3171,8162-H04-035-134185-260528,8162_H04,C_134185,8162,XD_8162_OH_CLEVELAND.YZER,FM,Customer,REG,Yzer LLC,YZER,2026-05-28 23:59:59,035,0.0,0.0,0.0,0.0,0.0,0.0,,,1.0,,1.0,1.0
3172,8163-H06-020-431045-260529,8163_H06,C_717269,8162,XD_8162_OH_CLEVELAND.YZER,FM,Customer,REG,Yzer LLC,YZER,2026-05-29 23:59:59,020,0.0,0.0,0.0,0.0,0.0,0.0,,,1.0,,1.0,0.0
3173,8162-G09-002-289527-260528,8162_G09,C_289527,8162,XD_8162_OH_CLEVELAND.YZER,FM,Customer,REG,Yzer LLC,YZER,2026-05-28 23:59:59,002,0.0,0.0,0.0,0.0,0.0,0.0,,,1.0,,1.0,0.0
3174,8162-H06-035-419882-260527,8162_H06,C_815793,8162,XD_8162_OH_CLEVELAND.YZER,FM,Customer,REG,Yzer LLC,YZER,2026-05-27 23:59:59,035,0.0,0.0,0.0,0.0,0.0,0.0,,,1.0,,1.0,1.0
3175,8162-G01-005-103109-260528,8162_G01,C_436015,8162,XD_8162_OH_CLEVELAND.YZER,FM,Customer,REG,Yzer LLC,YZER,2026-05-28 23:59:59,005,0.0,0.0,0.0,0.0,0.0,0.0,,,1.0,,1.0,1.0
3176,Z-3636771,8162_G03,,8162,XD_8162_OH_CLEVELAND.YZER,RC,Route Chrg,REG,Yzer LLC,YZER,2026-05-29 23:59:59,000,374.32,0.0,374.32,338.0,24.49,11.83,,,,,1.0,1.0
3177,8162-G03-037-426990-260528,8162_G03,C_521590,8162,XD_8162_OH_CLEVELAND.YZER,FM,Customer,REG,Yzer LLC,YZER,2026-05-28 23:59:59,037,0.0,0.0,0.0,0.0,0.0,0.0,,,1.0,,1.0,1.0
3178,8162-H06-020-245725-260513,8162_H06,C_717269,8162,XD_8162_OH_CLEVELAND.YZER,FM,Customer,REG,Yzer LLC,YZER,2026-05-13 23:59:59,020,0.0,0.0,0.0,0.0,0.0,0.0,,,1.0,,1.0,1.0
3179,8162-G05-010-642013-260506,8162_G05,C_219681,8162,XD_8162_OH_CLEVELAND.YZER,FM,Customer,REG,Yzer LLC,YZER,2026-05-06 23:59:59,010,0.0,0.0,0.0,0.0,0.0,0.0,,,1.0,,1.0,0.0
3180,8162-H04-045-603704-260506,8162_H04,C_603704,8162,XD_8162_OH_CLEVELAND.YZER,FM,Customer,REG,Yzer LLC,YZER,2026-05-06 23:59:59,045,0.0,0.0,0.0,0.0,0.0,0.0,,,1.0,,1.0,1.0
3181,8162-G09-017-444117-260511,8162_G09,C_444117,8162,XD_8162_OH_CLEVELAND.YZER,FM,Customer,REG,Yzer LLC,YZER,2026-05-11 23:59:59,017,0.0,0.0,0.0,0.0,0.0,0.0,,,1.0,,1.0,1.0
3182,8162-H02-055-195053-260513,8162_H02,C_195053,8162,XD_8162_OH_CLEVELAND.YZER,FM,Customer,REG,Yzer LLC,YZER,2026-05-13 23:59:59,055,0.0,0.0,0.0,0.0,0.0,0.0,,,1.0,,1.0,1.0
3183,8162-G03-005-892996-260513,8162_G03,C_810447,8162,XD_8162_OH_CLEVELAND.YZER,FM,Customer,REG,Yzer LLC,YZER,2026-05-13 23:59:59,005,0.0,0.0,0.0,0.0,0.0,0.0,,,1.0,,1.0,0.0
3184,8162-G02-065-406255-260511,8162_G02,C_406255,8162,XD_8162_OH_CLEVELAND.YZER,FM,Customer,REG,Yzer LLC,YZER,2026-05-11 23:59:59,065,0.0,0.0,0.0,0.0,0.0,0.0,,,1.0,,1.0,1.0
3185,8163-G01-005-436015-260511,8163_G01,C_436015,8162,XD_8162_OH_CLEVELAND.YZER,FM,Customer,REG,Yzer LLC,YZER,2026-05-11 23:59:59,005,0.0,0.0,0.0,0.0,0.0,0.0,,,1.0,,1.0,0.0
3186,8162-G05-007-314669-260512,8162_G05,C_208840,8162,XD_8162_OH_CLEVELAND.YZER,FM,Customer,REG,Yzer LLC,YZER,2026-05-12 23:59:59,007,0.0,0.0,0.0,0.0,0.0,0.0,,,1.0,,1.0,1.0
3187,8163-G05-005-221190-260512,8163_G05,C_441221,8162,XD_8162_OH_CLEVELAND.YZER,FM,Customer,REG,Yzer LLC,YZER,2026-05-12 23:59:59,005,0.0,0.0,0.0,0.0,0.0,0.0,,,1.0,,1.0,0.0
3188,8162-G05-035-414946-260507,8162_G05,C_414946,8162,XD_8162_OH_CLEVELAND.YZER,FM,Customer,REG,Yzer LLC,YZER,2026-05-07 23:59:59,035,0.0,0.0,0.0,0.0,0.0,0.0,,,1.0,,1.0,1.0
3189,8162-H01-040-093494-260507,8162_H01,C_093505,8162,XD_8162_OH_CLEVELAND.YZER,FM,Customer,REG,Yzer LLC,YZER,2026-05-07 23:59:59,040,0.0,0.0,0.0,0.0,0.0,0.0,,,1.0,,1.0,1.0
3190,8162-G05-030-610134-260512,8162_G05,C_610134,8162,XD_8162_OH_CLEVELAND.YZER,FM,Customer,REG,Yzer LLC,YZER,2026-05-12 23:59:59,030,0.0,0.0,0.0,0.0,0.0,0.0,,,1.0,,1.0,1.0
3191,8162-G01-005-436015-260511,8162_G01,C_436015,8162,XD_8162_OH_CLEVELAND.YZER,FM,Customer,REG,Yzer LLC,YZER,2026-05-11 23:59:59,005,0.0,0.0,0.0,0.0,0.0,0.0,,,1.0,,1.0,0.0
3192,8162-G09-002-289531-260518,8162_G09,C_289527,8162,XD_8162_OH_CLEVELAND.YZER,FM,Customer,REG,Yzer LLC,YZER,2026-05-18 23:59:59,002,0.0,0.0,0.0,0.0,0.0,0.0,,,1.0,,1.0,0.0
3193,8162-G01-040-099634-260518,8162_G01,C_099634,8162,XD_8162_OH_CLEVELAND.YZER,FM,Customer,REG,Yzer LLC,YZER,2026-05-18 23:59:59,040,0.0,0.0,0.0,0.0,0.0,0.0,,,1.0,,1.0,1.0
3194,8162-G05-030-246296-260518,8162_G05,C_610134,8162,XD_8162_OH_CLEVELAND.YZER,FM,Customer,REG,Yzer LLC,YZER,2026-05-18 23:59:59,030,0.0,0.0,0.0,0.0,0.0,0.0,,,1.0,,1.0,0.0
3195,8162-G03-015-864840-260518,8162_G03,C_864840,8162,XD_8162_OH_CLEVELAND.YZER,FM,Customer,REG,Yzer LLC,YZER,2026-05-18 23:59:59,015,0.0,0.0,0.0,0.0,0.0,0.0,,,1.0,,1.0,0.0
3196,8162-GX0-004-960596-260515,8162_GX0,C_464241,8162,XD_8162_OH_CLEVELAND.YZER,FM,Customer,REG,Yzer LLC,YZER,2026-05-15 23:59:59,004,0.0,0.0,0.0,0.0,0.0,0.0,,,1.0,,1.0,0.0
3197,8162-G09-002-289531-260515,8162_G09,C_289527,8162,XD_8162_OH_CLEVELAND.YZER,FM,Customer,REG,Yzer LLC,YZER,2026-05-15 23:59:59,002,0.0,0.0,0.0,0.0,0.0,0.0,,,1.0,,1.0,0.0
3198,8162-H04-005-050648-260515,8162_H04,C_435532,8162,XD_8162_OH_CLEVELAND.YZER,FM,Customer,REG,Yzer LLC,YZER,2026-05-15 23:59:59,005,0.0,0.0,0.0,0.0,0.0,0.0,,,1.0,,1.0,0.0
3199,8163-H01-040-093505-260518,8163_H01,C_093505,8162,XD_8162_OH_CLEVELAND.YZER,FM,Customer,REG,Yzer LLC,YZER,2026-05-18 23:59:59,040,0.0,0.0,0.0,0.0,0.0,0.0,,,1.0,,1.0,0.0
3200,8162-G07-030-995737-260515,8162_G07,C_995737,8162,XD_8162_OH_CLEVELAND.YZER,FM,Customer,REG,Yzer LLC,YZER,2026-05-15 23:59:59,030,0.0,0.0,0.0,0.0,0.0,0.0,,,1.0,,1.0,1.0
3201,8162-H01-060-807917-260518,8162_H01,C_807917,8162,XD_8162_OH_CLEVELAND.YZER,FM,Customer,REG,Yzer LLC,YZER,2026-05-18 23:59:59,060,0.0,0.0,0.0,0.0,0.0,0.0,,,1.0,,1.0,1.0
3202,8162-H05-050-721852-260515,8162_H05,C_721852,8162,XD_8162_OH_CLEVELAND.YZER,FM,Customer,REG,Yzer LLC,YZER,2026-05-15 23:59:59,050,0.0,0.0,0.0,0.0,0.0,0.0,,,1.0,,1.0,1.0
3203,8162-G09-058-753911-260515,8162_G09,C_753911,8162,XD_8162_OH_CLEVELAND.YZER,FM,Customer,REG,Yzer LLC,YZER,2026-05-15 23:59:59,058,0.0,0.0,0.0,0.0,0.0,0.0,,,1.0,,1.0,1.0
3204,8162-G05-045-237260-260518,8162_G05,C_245718,8162,XD_8162_OH_CLEVELAND.YZER,FM,Customer,REG,Yzer LLC,YZER,2026-05-18 23:59:59,045,0.0,0.0,0.0,0.0,0.0,0.0,,,1.0,,1.0,1.0
3205,8162-G03-037-426990-260515,8162_G03,C_521590,8162,XD_8162_OH_CLEVELAND.YZER,FM,Customer,REG,Yzer LLC,YZER,2026-05-15 23:59:59,037,0.0,0.0,0.0,0.0,0.0,0.0,,,1.0,,1.0,1.0
3206,8162-G04-005-679719-260515,8162_G04,C_712383,8162,XD_8162_OH_CLEVELAND.YZER,FM,Customer,REG,Yzer LLC,YZER,2026-05-15 23:59:59,005,0.0,0.0,0.0,0.0,0.0,0.0,,,1.0,,1.0,1.0
3207,8162-G01-005-244545-260512,8162_G01,C_436015,8162,XD_8162_OH_CLEVELAND.YZER,FM,Customer,REG,Yzer LLC,YZER,2026-05-12 23:59:59,005,0.0,0.0,0.0,0.0,0.0,0.0,,,1.0,,1.0,0.0
3208,8162-H06-025-893015-260511,8162_H06,C_717269,8162,XD_8162_OH_CLEVELAND.YZER,FM,Customer,REG,Yzer LLC,YZER,2026-05-11 23:59:59,025,0.0,0.0,0.0,0.0,0.0,0.0,,,1.0,,1.0,0.0
3209,8162-H01-010-446212-260512,8162_H01,C_446212,8162,XD_8162_OH_CLEVELAND.YZER,FM,Customer,REG,Yzer LLC,YZER,2026-05-12 23:59:59,010,0.0,0.0,0.0,0.0,0.0,0.0,,,1.0,,1.0,1.0
3210,Z-3583569,8162_G07,,8162,XD_8162_OH_CLEVELAND.YZER,RC,Route Chrg,REG,Yzer LLC,YZER,2026-05-11 23:59:59,000,304.55,0.0,304.55,275.0,19.92,9.63,,,,,1.0,1.0
3211,8162-H03-015-133964-260508,8162_H03,C_133964,8162,XD_8162_OH_CLEVELAND.YZER,FM,Customer,REG,Yzer LLC,YZER,2026-05-08 23:59:59,015,0.0,0.0,0.0,0.0,0.0,0.0,,,1.0,,1.0,1.0
3212,8162-G02-045-209162-260511,8162_G02,C_209162,8162,XD_8162_OH_CLEVELAND.YZER,FM,Customer,REG,Yzer LLC,YZER,2026-05-11 23:59:59,045,0.0,0.0,0.0,0.0,0.0,0.0,,,1.0,,1.0,0.0
3213,8162-G04-006-839466-260511,8162_G04,C_712383,8162,XD_8162_OH_CLEVELAND.YZER,FM,Customer,REG,Yzer LLC,YZER,2026-05-11 23:59:59,006,0.0,0.0,0.0,0.0,0.0,0.0,,,1.0,,1.0,0.0
3214,8162-G02-040-017375-260506,8162_G02,C_017375,8162,XD_8162_OH_CLEVELAND.YZER,FM,Customer,REG,Yzer LLC,YZER,2026-05-06 23:59:59,040,0.0,0.0,0.0,0.0,0.0,0.0,,,1.0,,1.0,0.0
3215,8162-H06-015-173368-260508,8162_H06,C_433600,8162,XD_8162_OH_CLEVELAND.YZER,FM,Customer,REG,Yzer LLC,YZER,2026-05-08 23:59:59,015,0.0,0.0,0.0,0.0,0.0,0.0,,,1.0,,1.0,0.0
3216,8162-H06-010-151574-260506,8162_H06,C_151568,8162,XD_8162_OH_CLEVELAND.YZER,FM,Customer,REG,Yzer LLC,YZER,2026-05-06 23:59:59,010,0.0,0.0,0.0,0.0,0.0,0.0,,,1.0,,1.0,0.0
3217,8162-G05-030-610134-260511,8162_G05,C_610134,8162,XD_8162_OH_CLEVELAND.YZER,FM,Customer,REG,Yzer LLC,YZER,2026-05-11 23:59:59,030,0.0,0.0,0.0,0.0,0.0,0.0,,,1.0,,1.0,1.0
3218,8162-G02-045-209162-260513,8162_G02,C_209162,8162,XD_8162_OH_CLEVELAND.YZER,FM,Customer,REG,Yzer LLC,YZER,2026-05-13 23:59:59,045,0.0,0.0,0.0,0.0,0.0,0.0,,,1.0,,1.0,0.0
3219,8162-G01-005-436015-260507,8162_G01,C_436015,8162,XD_8162_OH_CLEVELAND.YZER,FM,Customer,REG,Yzer LLC,YZER,2026-05-07 23:59:59,005,0.0,0.0,0.0,0.0,0.0,0.0,,,1.0,,1.0,0.0
3220,8162-H06-010-151574-260511,8162_H06,C_151568,8162,XD_8162_OH_CLEVELAND.YZER,FM,Customer,REG,Yzer LLC,YZER,2026-05-11 23:59:59,010,0.0,0.0,0.0,0.0,0.0,0.0,,,1.0,,1.0,0.0
3221,Z-3595648,8162_H06,,8162,XD_8162_OH_CLEVELAND.YZER,RC,Route Chrg,REG,Yzer LLC,YZER,2026-05-14 23:59:59,000,278.5,0.0,278.5,235.0,35.27,8.23,,,,,1.0,1.0
3222,Z-3575505,8162_H01,,8162,XD_8162_OH_CLEVELAND.YZER,RC,Route Chrg,REG,Yzer LLC,YZER,2026-05-07 23:59:59,000,252.5,0.0,252.5,228.0,16.52,7.98,,,,,1.0,1.0
3223,Z-3583471,8162_G02,,8162,XD_8162_OH_CLEVELAND.YZER,RC,Route Chrg,REG,Yzer LLC,YZER,2026-05-11 23:59:59,000,442.47,0.0,442.47,375.0,54.34,13.13,,,,,1.0,1.0
3224,8162-G03-035-777727-260514,8162_G03,C_777727,8162,XD_8162_OH_CLEVELAND.YZER,FM,Customer,REG,Yzer LLC,YZER,2026-05-14 23:59:59,035,0.0,0.0,0.0,0.0,0.0,0.0,,,1.0,,1.0,1.0
3225,Z-3583474,8162_G09,,8162,XD_8162_OH_CLEVELAND.YZER,RC,Route Chrg,REG,Yzer LLC,YZER,2026-05-11 23:59:59,000,276.86,0.0,276.86,250.0,18.11,8.75,,,,,1.0,1.0
3226,8162-G07-005-245872-260514,8162_G07,C_599132,8162,XD_8162_OH_CLEVELAND.YZER,FM,Customer,REG,Yzer LLC,YZER,2026-05-14 23:59:59,005,0.0,0.0,0.0,0.0,0.0,0.0,,,1.0,,1.0,0.0
3227,8162-G06-015-719738-260519,8162_G06,C_065363,8162,XD_8162_OH_CLEVELAND.YZER,FM,Customer,REG,Yzer LLC,YZER,2026-05-19 23:59:59,015,0.0,0.0,0.0,0.0,0.0,0.0,,,1.0,,1.0,0.0
3228,8162-G05-007-905017-260519,8162_G05,C_208840,8162,XD_8162_OH_CLEVELAND.YZER,FM,Customer,REG,Yzer LLC,YZER,2026-05-19 23:59:59,007,0.0,0.0,0.0,0.0,0.0,0.0,,,1.0,,1.0,0.0
3229,8162-H06-020-431206-260514,8162_H06,C_717269,8162,XD_8162_OH_CLEVELAND.YZER,FM,Customer,REG,Yzer LLC,YZER,2026-05-14 23:59:59,020,0.0,0.0,0.0,0.0,0.0,0.0,,,1.0,,1.0,0.0
3230,8162-G03-025-969803-260519,8162_G03,C_296317,8162,XD_8162_OH_CLEVELAND.YZER,FM,Customer,REG,Yzer LLC,YZER,2026-05-19 23:59:59,025,0.0,0.0,0.0,0.0,0.0,0.0,,,1.0,,1.0,0.0
3231,8162-G05-030-610134-260519,8162_G05,C_610134,8162,XD_8162_OH_CLEVELAND.YZER,FM,Customer,REG,Yzer LLC,YZER,2026-05-19 23:59:59,030,0.0,0.0,0.0,0.0,0.0,0.0,,,1.0,,1.0,1.0
3232,8162-G09-028-093539-260511,8162_G09,C_093545,8162,XD_8162_OH_CLEVELAND.YZER,FM,Customer,REG,Yzer LLC,YZER,2026-05-11 23:59:59,028,0.0,0.0,0.0,0.0,0.0,0.0,,,1.0,,1.0,0.0
3233,8162-H05-005-224273-260519,8162_H05,C_224273,8162,XD_8162_OH_CLEVELAND.YZER,FM,Customer,REG,Yzer LLC,YZER,2026-05-19 23:59:59,005,0.0,0.0,0.0,0.0,0.0,0.0,,,1.0,,1.0,0.0
3234,8162-H04-015-970222-260519,8162_H04,C_970222,8162,XD_8162_OH_CLEVELAND.YZER,FM,Customer,REG,Yzer LLC,YZER,2026-05-19 23:59:59,015,0.0,0.0,0.0,0.0,0.0,0.0,,,1.0,,1.0,1.0
3235,8162-G02-020-128886-260519,8162_G02,C_598488,8162,XD_8162_OH_CLEVELAND.YZER,FM,Customer,REG,Yzer LLC,YZER,2026-05-19 23:59:59,020,0.0,0.0,0.0,0.0,0.0,0.0,,,1.0,,1.0,1.0
3236,8162-G07-005-386053-260519,8162_G07,C_599132,8162,XD_8162_OH_CLEVELAND.YZER,FM,Customer,REG,Yzer LLC,YZER,2026-05-19 23:59:59,005,0.0,0.0,0.0,0.0,0.0,0.0,,,1.0,,1.0,0.0
3237,8163-H06-015-415508-260519,8163_H06,C_433600,8162,XD_8162_OH_CLEVELAND.YZER,FM,Customer,REG,Yzer LLC,YZER,2026-05-19 23:59:59,015,0.0,0.0,0.0,0.0,0.0,0.0,,,1.0,,1.0,0.0
3238,8162-G06-020-133946-260519,8162_G06,C_133946,8162,XD_8162_OH_CLEVELAND.YZER,FM,Customer,REG,Yzer LLC,YZER,2026-05-19 23:59:59,020,0.0,0.0,0.0,0.0,0.0,0.0,,,1.0,,1.0,0.0
3239,8162-G05-010-219681-260506,8162_G05,C_219681,8162,XD_8162_OH_CLEVELAND.YZER,FM,Customer,REG,Yzer LLC,YZER,2026-05-06 23:59:59,010,0.0,0.0,0.0,0.0,0.0,0.0,,,1.0,,1.0,1.0
3240,8162-G07-005-599132-260519,8162_G07,C_599132,8162,XD_8162_OH_CLEVELAND.YZER,FM,Customer,REG,Yzer LLC,YZER,2026-05-19 23:59:59,005,0.0,0.0,0.0,0.0,0.0,0.0,,,1.0,,1.0,0.0
3241,8162-G05-005-221190-260519,8162_G05,C_441221,8162,XD_8162_OH_CLEVELAND.YZER,FM,Customer,REG,Yzer LLC,YZER,2026-05-19 23:59:59,005,0.0,0.0,0.0,0.0,0.0,0.0,,,1.0,,1.0,0.0
3242,8163-H01-015-444602-260519,8163_H01,C_444763,8162,XD_8162_OH_CLEVELAND.YZER,FM,Customer,REG,Yzer LLC,YZER,2026-05-19 23:59:59,015,0.0,0.0,0.0,0.0,0.0,0.0,,,1.0,,1.0,0.0
3243,Z-3603690,8162_G02,,8162,XD_8162_OH_CLEVELAND.YZER,RC,Route Chrg,REG,Yzer LLC,YZER,2026-05-18 23:59:59,000,444.41,0.0,444.41,375.0,56.28,13.13,,,,,1.0,1.0
3244,8162-G06-025-289532-260519,8162_G06,C_289522,8162,XD_8162_OH_CLEVELAND.YZER,FM,Customer,REG,Yzer LLC,YZER,2026-05-19 23:59:59,025,0.0,0.0,0.0,0.0,0.0,0.0,,,1.0,,1.0,0.0
3245,8162-G05-025-173268-260519,8162_G05,C_173268,8162,XD_8162_OH_CLEVELAND.YZER,FM,Customer,REG,Yzer LLC,YZER,2026-05-19 23:59:59,025,0.0,0.0,0.0,0.0,0.0,0.0,,,1.0,,1.0,1.0
3246,8162-H02-055-195053-260507,8162_H02,C_195053,8162,XD_8162_OH_CLEVELAND.YZER,FM,Customer,REG,Yzer LLC,YZER,2026-05-07 23:59:59,055,0.0,0.0,0.0,0.0,0.0,0.0,,,1.0,,1.0,1.0
3247,8163-H06-020-717269-260519,8163_H06,C_717269,8162,XD_8162_OH_CLEVELAND.YZER,FM,Customer,REG,Yzer LLC,YZER,2026-05-19 23:59:59,020,0.0,0.0,0.0,0.0,0.0,0.0,,,1.0,,1.0,0.0
3248,8162-G02-015-038361-260520,8162_G02,C_731867,8162,XD_8162_OH_CLEVELAND.YZER,FM,Customer,REG,Yzer LLC,YZER,2026-05-20 23:59:59,015,0.0,0.0,0.0,0.0,0.0,0.0,,,1.0,,1.0,0.0
3249,8163-G03-005-723011-260511,8163_G03,C_810447,8162,XD_8162_OH_CLEVELAND.YZER,FM,Customer,REG,Yzer LLC,YZER,2026-05-11 23:59:59,005,0.0,0.0,0.0,0.0,0.0,0.0,,,1.0,,1.0,0.0
3250,8162-G05-025-173268-260520,8162_G05,C_173268,8162,XD_8162_OH_CLEVELAND.YZER,FM,Customer,REG,Yzer LLC,YZER,2026-05-20 23:59:59,025,0.0,0.0,0.0,0.0,0.0,0.0,,,1.0,,1.0,1.0
3251,8162-G09-058-753911-260520,8162_G09,C_753911,8162,XD_8162_OH_CLEVELAND.YZER,FM,Customer,REG,Yzer LLC,YZER,2026-05-20 23:59:59,058,0.0,0.0,0.0,0.0,0.0,0.0,,,1.0,,1.0,1.0
3252,8162-H06-005-905176-260520,8162_H06,C_905176,8162,XD_8162_OH_CLEVELAND.YZER,FM,Customer,REG,Yzer LLC,YZER,2026-05-20 23:59:59,005,0.0,0.0,0.0,0.0,0.0,0.0,,,1.0,,1.0,0.0
3253,8162-G09-028-093539-260512,8162_G09,C_093545,8162,XD_8162_OH_CLEVELAND.YZER,FM,Customer,REG,Yzer LLC,YZER,2026-05-12 23:59:59,028,0.0,0.0,0.0,0.0,0.0,0.0,,,1.0,,1.0,0.0
3254,8162-H01-025-806927-260521,8162_H01,C_806927,8162,XD_8162_OH_CLEVELAND.YZER,FM,Customer,REG,Yzer LLC,YZER,2026-05-21 23:59:59,025,0.0,0.0,0.0,0.0,0.0,0.0,,,1.0,,1.0,1.0
3255,8162-G02-020-198160-260506,8162_G02,C_598488,8162,XD_8162_OH_CLEVELAND.YZER,FM,Customer,REG,Yzer LLC,YZER,2026-05-06 23:59:59,020,0.0,0.0,0.0,0.0,0.0,0.0,,,1.0,,1.0,1.0
3256,8162-H04-030-993260-260513,8162_H04,C_993260,8162,XD_8162_OH_CLEVELAND.YZER,FM,Customer,REG,Yzer LLC,YZER,2026-05-13 23:59:59,030,0.0,0.0,0.0,0.0,0.0,0.0,,,1.0,,1.0,1.0
3257,8162-H02-020-134501-260521,8162_H02,C_134501,8162,XD_8162_OH_CLEVELAND.YZER,FM,Customer,REG,Yzer LLC,YZER,2026-05-21 23:59:59,020,0.0,0.0,0.0,0.0,0.0,0.0,,,1.0,,1.0,1.0
3258,8162-G03-035-777727-260521,8162_G03,C_777727,8162,XD_8162_OH_CLEVELAND.YZER,FM,Customer,REG,Yzer LLC,YZER,2026-05-21 23:59:59,035,0.0,0.0,0.0,0.0,0.0,0.0,,,1.0,,1.0,1.0
3259,8162-H02-015-134622-260521,8162_H02,C_134622,8162,XD_8162_OH_CLEVELAND.YZER,FM,Customer,REG,Yzer LLC,YZER,2026-05-21 23:59:59,015,0.0,0.0,0.0,0.0,0.0,0.0,,,1.0,,1.0,1.0
3260,8162-H06-015-415508-260508,8162_H06,C_433600,8162,XD_8162_OH_CLEVELAND.YZER,FM,Customer,REG,Yzer LLC,YZER,2026-05-08 23:59:59,015,0.0,0.0,0.0,0.0,0.0,0.0,,,1.0,,1.0,0.0
3261,8162-G06-010-151558-260521,8162_G06,C_151558,8162,XD_8162_OH_CLEVELAND.YZER,FM,Customer,REG,Yzer LLC,YZER,2026-05-21 23:59:59,010,0.0,0.0,0.0,0.0,0.0,0.0,,,1.0,,1.0,1.0
3262,8162-G03-040-386380-260521,8162_G03,C_386380,8162,XD_8162_OH_CLEVELAND.YZER,FM,Customer,REG,Yzer LLC,YZER,2026-05-21 23:59:59,040,0.0,0.0,0.0,0.0,0.0,0.0,,,1.0,,1.0,1.0
3263,8162-H01-035-865326-260514,8162_H01,C_865326,8162,XD_8162_OH_CLEVELAND.YZER,FM,Customer,REG,Yzer LLC,YZER,2026-05-14 23:59:59,035,0.0,0.0,0.0,0.0,0.0,0.0,,,1.0,,1.0,1.0
3264,8162-G03-025-296317-260521,8162_G03,C_296317,8162,XD_8162_OH_CLEVELAND.YZER,FM,Customer,REG,Yzer LLC,YZER,2026-05-21 23:59:59,025,0.0,0.0,0.0,0.0,0.0,0.0,,,1.0,,1.0,0.0
3265,Z-3613092,8163_H03,,8162,XD_8162_OH_CLEVELAND.YZER,RC,Route Chrg,REG,Yzer LLC,YZER,2026-05-20 23:59:59,000,0.0,0.0,0.0,0.0,0.0,0.0,,,,,1.0,1.0
3266,8162-G06-010-151559-260526,8162_G06,C_151558,8162,XD_8162_OH_CLEVELAND.YZER,FM,Customer,REG,Yzer LLC,YZER,2026-05-26 23:59:59,010,0.0,0.0,0.0,0.0,0.0,0.0,,,1.0,,1.0,0.0
3267,8162-G07-045-144654-260507,8162_G07,C_144654,8162,XD_8162_OH_CLEVELAND.YZER,FM,Customer,REG,Yzer LLC,YZER,2026-05-07 23:59:59,045,0.0,0.0,0.0,0.0,0.0,0.0,,,1.0,,1.0,1.0
3268,8162-H05-055-925913-260522,8162_H05,C_925913,8162,XD_8162_OH_CLEVELAND.YZER,FM,Customer,REG,Yzer LLC,YZER,2026-05-22 23:59:59,055,0.0,0.0,0.0,0.0,0.0,0.0,,,1.0,,1.0,1.0
3269,8162-G07-042-339737-260526,8162_G07,C_905014,8162,XD_8162_OH_CLEVELAND.YZER,FM,Customer,REG,Yzer LLC,YZER,2026-05-26 23:59:59,042,0.0,0.0,0.0,0.0,0.0,0.0,,,1.0,,1.0,1.0
3270,8162-G09-001-424353-260507,8162_G09,C_289513,8162,XD_8162_OH_CLEVELAND.YZER,FM,Customer,REG,Yzer LLC,YZER,2026-05-07 23:59:59,001,0.0,0.0,0.0,0.0,0.0,0.0,,,1.0,,1.0,0.0
3271,8162-H06-015-285190-260512,8162_H06,C_433600,8162,XD_8162_OH_CLEVELAND.YZER,FM,Customer,REG,Yzer LLC,YZER,2026-05-12 23:59:59,015,0.0,0.0,0.0,0.0,0.0,0.0,,,1.0,,1.0,0.0
3272,8162-H06-015-415508-260526,8162_H06,C_433600,8162,XD_8162_OH_CLEVELAND.YZER,FM,Customer,REG,Yzer LLC,YZER,2026-05-26 23:59:59,015,0.0,0.0,0.0,0.0,0.0,0.0,,,1.0,,1.0,0.0
3273,8162-H06-015-415508-260513,8162_H06,C_433600,8162,XD_8162_OH_CLEVELAND.YZER,FM,Customer,REG,Yzer LLC,YZER,2026-05-13 23:59:59,015,0.0,0.0,0.0,0.0,0.0,0.0,,,1.0,,1.0,1.0
3274,8162-H04-020-274850-260522,8162_H04,C_274850,8162,XD_8162_OH_CLEVELAND.YZER,FM,Customer,REG,Yzer LLC,YZER,2026-05-22 23:59:59,020,0.0,0.0,0.0,0.0,0.0,0.0,,,1.0,,1.0,1.0
3275,Z-3573933,8163_HX2,,8162,XD_8162_OH_CLEVELAND.YZER,RC,Route Chrg,REG,Yzer LLC,YZER,2026-05-06 23:59:59,000,,0.0,,,0.0,,1.0,1.0,1.0,1.0,1.0,1.0
3276,Z-3559532,8163_H05,,8162,XD_8162_OH_CLEVELAND.YZER,RC,Route Chrg,REG,Yzer LLC,YZER,2026-05-01 23:59:59,000,,0.0,,,0.0,,8.0,18.0,8.0,18.0,1.0,1.0
3277,Z-3559522,8163_G06,,8162,XD_8162_OH_CLEVELAND.YZER,RC,Route Chrg,REG,Yzer LLC,YZER,2026-05-01 23:59:59,000,,0.0,,,0.0,,6.0,16.0,6.0,16.0,1.0,1.0
3278,Z-3559609,8162_HX5,,8162,XD_8162_OH_CLEVELAND.YZER,RC,Route Chrg,REG,Yzer LLC,YZER,2026-05-01 23:59:59,000,,0.0,,,0.0,,1.0,8.0,1.0,8.0,1.0,1.0
3279,Z-3570010,8163_G09,,8162,XD_8162_OH_CLEVELAND.YZER,RC,Route Chrg,REG,Yzer LLC,YZER,2026-05-05 23:59:59,000,,0.0,,,0.0,,,,,,1.0,1.0
3280,8162-H05-035-259008-260504,8162_H05,C_259008,8162,XD_8162_OH_CLEVELAND.YZER,FM,Customer,REG,Yzer LLC,YZER,2026-05-04 23:59:59,035,0.0,0.0,0.0,0.0,0.0,0.0,,,1.0,,1.0,1.0
3281,8162-G02-065-406255-260505,8162_G02,C_406255,8162,XD_8162_OH_CLEVELAND.YZER,FM,Customer,REG,Yzer LLC,YZER,2026-05-05 23:59:59,065,0.0,0.0,0.0,0.0,0.0,0.0,,,1.0,,1.0,1.0
3282,8162-H06-005-893003-260505,8162_H06,C_905176,8162,XD_8162_OH_CLEVELAND.YZER,FM,Customer,REG,Yzer LLC,YZER,2026-05-05 23:59:59,005,0.0,0.0,0.0,0.0,0.0,0.0,,,1.0,,1.0,0.0
3283,8162-H02-055-195053-260504,8162_H02,C_195053,8162,XD_8162_OH_CLEVELAND.YZER,FM,Customer,REG,Yzer LLC,YZER,2026-05-04 23:59:59,055,0.0,0.0,0.0,0.0,0.0,0.0,,,1.0,,1.0,1.0
3284,Z-3587673,8163_H05,,8162,XD_8162_OH_CLEVELAND.YZER,RC,Route Chrg,REG,Yzer LLC,YZER,2026-05-12 23:59:59,000,,0.0,,,0.0,,7.0,16.0,7.0,16.0,1.0,1.0
3285,Z-3596154,8163_G07,,8162,XD_8162_OH_CLEVELAND.YZER,RC,Route Chrg,REG,Yzer LLC,YZER,2026-05-14 23:59:59,000,,0.0,,,0.0,,6.0,12.0,6.0,12.0,1.0,1.0
3286,Z-3600298,8163_G02,,8162,XD_8162_OH_CLEVELAND.YZER,RC,Route Chrg,REG,Yzer LLC,YZER,2026-05-15 23:59:59,000,,0.0,,,0.0,,7.0,63.0,7.0,63.0,1.0,1.0
3287,8162-G02-045-209162-260505,8162_G02,C_209162,8162,XD_8162_OH_CLEVELAND.YZER,FM,Customer,REG,Yzer LLC,YZER,2026-05-05 23:59:59,045,0.0,0.0,0.0,0.0,0.0,0.0,,,1.0,,1.0,0.0
3288,Z-3613096,8163_H01,,8162,XD_8162_OH_CLEVELAND.YZER,RC,Route Chrg,REG,Yzer LLC,YZER,2026-05-20 23:59:59,000,,0.0,,,0.0,,9.0,26.0,9.0,26.0,1.0,1.0
3289,Z-3603993,8163_G03,,8162,XD_8162_OH_CLEVELAND.YZER,RC,Route Chrg,REG,Yzer LLC,YZER,2026-05-18 23:59:59,000,,0.0,,,0.0,,8.0,33.0,8.0,33.0,1.0,1.0
3290,Z-3624661,8163_G02,,8162,XD_8162_OH_CLEVELAND.YZER,RC,Route Chrg,REG,Yzer LLC,YZER,2026-05-26 23:59:59,000,0.0,0.0,0.0,0.0,0.0,0.0,,,,,1.0,1.0
3291,Z-3627731,8163_G01,,8162,XD_8162_OH_CLEVELAND.YZER,RC,Route Chrg,REG,Yzer LLC,YZER,2026-05-27 23:59:59,000,0.0,0.0,0.0,0.0,0.0,0.0,,,,,1.0,1.0
3292,8162-H04-010-146265-260527,8162_H04,C_146265,8162,XD_8162_OH_CLEVELAND.YZER,FM,Customer,REG,Yzer LLC,YZER,2026-05-27 23:59:59,010,0.0,0.0,0.0,0.0,0.0,0.0,,,1.0,,1.0,1.0
3293,8162-G01-005-244545-260529,8162_G01,C_436015,8162,XD_8162_OH_CLEVELAND.YZER,FM,Customer,REG,Yzer LLC,YZER,2026-05-29 23:59:59,005,0.0,0.0,0.0,0.0,0.0,0.0,,,1.0,,1.0,0.0
3294,8162-H05-060-446021-260527,8162_H05,C_446021,8162,XD_8162_OH_CLEVELAND.YZER,FM,Customer,REG,Yzer LLC,YZER,2026-05-27 23:59:59,060,0.0,0.0,0.0,0.0,0.0,0.0,,,1.0,,1.0,1.0
3295,8162-G01-035-390526-260527,8162_G01,C_390526,8162,XD_8162_OH_CLEVELAND.YZER,FM,Customer,REG,Yzer LLC,YZER,2026-05-27 23:59:59,035,0.0,0.0,0.0,0.0,0.0,0.0,,,1.0,,1.0,1.0
3296,8162-H02-040-407917-260528,8162_H02,C_407917,8162,XD_8162_OH_CLEVELAND.YZER,FM,Customer,REG,Yzer LLC,YZER,2026-05-28 23:59:59,040,0.0,0.0,0.0,0.0,0.0,0.0,,,1.0,,1.0,1.0
3297,8162-G07-005-589418-260529,8162_G07,C_599132,8162,XD_8162_OH_CLEVELAND.YZER,FM,Customer,REG,Yzer LLC,YZER,2026-05-29 23:59:59,005,0.0,0.0,0.0,0.0,0.0,0.0,,,1.0,,1.0,0.0
3298,Z-3636840,8162_H03,,8162,XD_8162_OH_CLEVELAND.YZER,RC,Route Chrg,REG,Yzer LLC,YZER,2026-05-29 23:59:59,000,300.12,0.0,300.12,271.0,19.63,9.49,,,,,1.0,1.0
3299,8162-G01-020-890860-260527,8162_G01,C_890860,8162,XD_8162_OH_CLEVELAND.YZER,FM,Customer,REG,Yzer LLC,YZER,2026-05-27 23:59:59,020,0.0,0.0,0.0,0.0,0.0,0.0,,,1.0,,1.0,0.0
3300,8162-G07-042-339737-260528,8162_G07,C_905014,8162,XD_8162_OH_CLEVELAND.YZER,FM,Customer,REG,Yzer LLC,YZER,2026-05-28 23:59:59,042,0.0,0.0,0.0,0.0,0.0,0.0,,,1.0,,1.0,1.0
3301,8163-G06-015-151562-260526,8163_G06,C_065363,8162,XD_8162_OH_CLEVELAND.YZER,FM,Customer,REG,Yzer LLC,YZER,2026-05-26 23:59:59,015,0.0,0.0,0.0,0.0,0.0,0.0,,,1.0,,1.0,0.0
3302,8162-H04-045-603704-260527,8162_H04,C_603704,8162,XD_8162_OH_CLEVELAND.YZER,FM,Customer,REG,Yzer LLC,YZER,2026-05-27 23:59:59,045,0.0,0.0,0.0,0.0,0.0,0.0,,,1.0,,1.0,1.0
3303,8162-G02-045-209162-260526,8162_G02,C_209162,8162,XD_8162_OH_CLEVELAND.YZER,FM,Customer,REG,Yzer LLC,YZER,2026-05-26 23:59:59,045,0.0,0.0,0.0,0.0,0.0,0.0,,,1.0,,1.0,1.0
3304,8162-H01-010-446212-260529,8162_H01,C_446212,8162,XD_8162_OH_CLEVELAND.YZER,FM,Customer,REG,Yzer LLC,YZER,2026-05-29 23:59:59,010,0.0,0.0,0.0,0.0,0.0,0.0,,,1.0,,1.0,1.0
3305,8162-H06-010-151572-260527,8162_H06,C_151568,8162,XD_8162_OH_CLEVELAND.YZER,FM,Customer,REG,Yzer LLC,YZER,2026-05-27 23:59:59,010,0.0,0.0,0.0,0.0,0.0,0.0,,,1.0,,1.0,0.0
3306,8162-GX0-004-960596-260527,8162_GX0,C_464241,8162,XD_8162_OH_CLEVELAND.YZER,FM,Customer,REG,Yzer LLC,YZER,2026-05-27 23:59:59,004,0.0,0.0,0.0,0.0,0.0,0.0,,,1.0,,1.0,0.0
3307,8162-G09-058-753911-260528,8162_G09,C_753911,8162,XD_8162_OH_CLEVELAND.YZER,FM,Customer,REG,Yzer LLC,YZER,2026-05-28 23:59:59,058,0.0,0.0,0.0,0.0,0.0,0.0,,,1.0,,1.0,1.0
3308,8162-G06-025-289522-260529,8162_G06,C_289522,8162,XD_8162_OH_CLEVELAND.YZER,FM,Customer,REG,Yzer LLC,YZER,2026-05-29 23:59:59,025,0.0,0.0,0.0,0.0,0.0,0.0,,,1.0,,1.0,1.0
3309,8162-H04-025-349314-260527,8162_H04,C_349314,8162,XD_8162_OH_CLEVELAND.YZER,FM,Customer,REG,Yzer LLC,YZER,2026-05-27 23:59:59,025,0.0,0.0,0.0,0.0,0.0,0.0,,,1.0,,1.0,1.0
3310,Z-3624640,8163_H03,,8162,XD_8162_OH_CLEVELAND.YZER,RC,Route Chrg,REG,Yzer LLC,YZER,2026-05-26 23:59:59,000,0.0,0.0,0.0,0.0,0.0,0.0,,,,,1.0,1.0
3311,8162-G06-015-719738-260513,8162_G06,C_065363,8162,XD_8162_OH_CLEVELAND.YZER,FM,Customer,REG,Yzer LLC,YZER,2026-05-13 23:59:59,015,0.0,0.0,0.0,0.0,0.0,0.0,,,1.0,,1.0,0.0
3312,Z-3575543,8163_H03,,8162,XD_8162_OH_CLEVELAND.YZER,RC,Route Chrg,REG,Yzer LLC,YZER,2026-05-07 23:59:59,000,0.0,0.0,0.0,0.0,0.0,0.0,,,,,1.0,1.0
3313,8162-G01-005-718289-260511,8162_G01,C_436015,8162,XD_8162_OH_CLEVELAND.YZER,FM,Customer,REG,Yzer LLC,YZER,2026-05-11 23:59:59,005,0.0,0.0,0.0,0.0,0.0,0.0,,,1.0,,1.0,1.0
3314,Z-3580242,8162_G02,,8162,XD_8162_OH_CLEVELAND.YZER,RC,Route Chrg,REG,Yzer LLC,YZER,2026-05-08 23:59:59,000,442.47,0.0,442.47,375.0,54.34,13.13,,,,,1.0,1.0
3315,8162-H04-025-349314-260507,8162_H04,C_349314,8162,XD_8162_OH_CLEVELAND.YZER,FM,Customer,REG,Yzer LLC,YZER,2026-05-07 23:59:59,025,0.0,0.0,0.0,0.0,0.0,0.0,,,1.0,,1.0,1.0
3316,8162-G05-025-173268-260513,8162_G05,C_173268,8162,XD_8162_OH_CLEVELAND.YZER,FM,Customer,REG,Yzer LLC,YZER,2026-05-13 23:59:59,025,0.0,0.0,0.0,0.0,0.0,0.0,,,1.0,,1.0,1.0
3317,8162-H05-050-721852-260506,8162_H05,C_721852,8162,XD_8162_OH_CLEVELAND.YZER,FM,Customer,REG,Yzer LLC,YZER,2026-05-06 23:59:59,050,0.0,0.0,0.0,0.0,0.0,0.0,,,1.0,,1.0,1.0
3318,8162-G02-040-017375-260514,8162_G02,C_017375,8162,XD_8162_OH_CLEVELAND.YZER,FM,Customer,REG,Yzer LLC,YZER,2026-05-14 23:59:59,040,0.0,0.0,0.0,0.0,0.0,0.0,,,1.0,,1.0,0.0
3319,8162-G06-020-230842-260512,8162_G06,C_133946,8162,XD_8162_OH_CLEVELAND.YZER,FM,Customer,REG,Yzer LLC,YZER,2026-05-12 23:59:59,020,0.0,0.0,0.0,0.0,0.0,0.0,,,1.0,,1.0,1.0
3320,8162-H02-005-407839-260506,8162_H02,C_407839,8162,XD_8162_OH_CLEVELAND.YZER,FM,Customer,REG,Yzer LLC,YZER,2026-05-06 23:59:59,005,0.0,0.0,0.0,0.0,0.0,0.0,,,1.0,,1.0,1.0
3321,8162-H04-045-603704-260513,8162_H04,C_603704,8162,XD_8162_OH_CLEVELAND.YZER,FM,Customer,REG,Yzer LLC,YZER,2026-05-13 23:59:59,045,0.0,0.0,0.0,0.0,0.0,0.0,,,1.0,,1.0,1.0
3322,8162-H02-050-579755-260506,8162_H02,C_579755,8162,XD_8162_OH_CLEVELAND.YZER,FM,Customer,REG,Yzer LLC,YZER,2026-05-06 23:59:59,050,0.0,0.0,0.0,0.0,0.0,0.0,,,1.0,,1.0,1.0
3323,8162-H03-050-442084-260506,8162_H03,C_442084,8162,XD_8162_OH_CLEVELAND.YZER,FM,Customer,REG,Yzer LLC,YZER,2026-05-06 23:59:59,050,0.0,0.0,0.0,0.0,0.0,0.0,,,1.0,,1.0,1.0
3324,8162-H03-015-133964-260515,8162_H03,C_133964,8162,XD_8162_OH_CLEVELAND.YZER,FM,Customer,REG,Yzer LLC,YZER,2026-05-15 23:59:59,015,0.0,0.0,0.0,0.0,0.0,0.0,,,1.0,,1.0,1.0
3325,8162-G06-025-289522-260518,8162_G06,C_289522,8162,XD_8162_OH_CLEVELAND.YZER,FM,Customer,REG,Yzer LLC,YZER,2026-05-18 23:59:59,025,0.0,0.0,0.0,0.0,0.0,0.0,,,1.0,,1.0,1.0
3326,8162-H06-005-893003-260518,8162_H06,C_905176,8162,XD_8162_OH_CLEVELAND.YZER,FM,Customer,REG,Yzer LLC,YZER,2026-05-18 23:59:59,005,0.0,0.0,0.0,0.0,0.0,0.0,,,1.0,,1.0,0.0
3327,8162-G02-050-140655-260515,8162_G02,C_433278,8162,XD_8162_OH_CLEVELAND.YZER,FM,Customer,REG,Yzer LLC,YZER,2026-05-15 23:59:59,050,0.0,0.0,0.0,0.0,0.0,0.0,,,1.0,,1.0,0.0
3328,8162-G07-005-386053-260515,8162_G07,C_599132,8162,XD_8162_OH_CLEVELAND.YZER,FM,Customer,REG,Yzer LLC,YZER,2026-05-15 23:59:59,005,0.0,0.0,0.0,0.0,0.0,0.0,,,1.0,,1.0,0.0
3329,8162-H06-020-431206-260515,8162_H06,C_717269,8162,XD_8162_OH_CLEVELAND.YZER,FM,Customer,REG,Yzer LLC,YZER,2026-05-15 23:59:59,020,0.0,0.0,0.0,0.0,0.0,0.0,,,1.0,,1.0,0.0
3330,8162-G03-005-810447-260518,8162_G03,C_810447,8162,XD_8162_OH_CLEVELAND.YZER,FM,Customer,REG,Yzer LLC,YZER,2026-05-18 23:59:59,005,0.0,0.0,0.0,0.0,0.0,0.0,,,1.0,,1.0,0.0
3331,8162-H05-055-925913-260515,8162_H05,C_925913,8162,XD_8162_OH_CLEVELAND.YZER,FM,Customer,REG,Yzer LLC,YZER,2026-05-15 23:59:59,055,0.0,0.0,0.0,0.0,0.0,0.0,,,1.0,,1.0,1.0
3332,8162-H02-035-340423-260515,8162_H02,C_340423,8162,XD_8162_OH_CLEVELAND.YZER,FM,Customer,REG,Yzer LLC,YZER,2026-05-15 23:59:59,035,0.0,0.0,0.0,0.0,0.0,0.0,,,1.0,,1.0,1.0
3333,8162-G05-005-221190-260515,8162_G05,C_441221,8162,XD_8162_OH_CLEVELAND.YZER,FM,Customer,REG,Yzer LLC,YZER,2026-05-15 23:59:59,005,0.0,0.0,0.0,0.0,0.0,0.0,,,1.0,,1.0,0.0
3334,8162-G07-005-589418-260518,8162_G07,C_599132,8162,XD_8162_OH_CLEVELAND.YZER,FM,Customer,REG,Yzer LLC,YZER,2026-05-18 23:59:59,005,0.0,0.0,0.0,0.0,0.0,0.0,,,1.0,,1.0,0.0
3335,8163-G02-005-071322-260515,8163_G02,C_713914,8162,XD_8162_OH_CLEVELAND.YZER,FM,Customer,REG,Yzer LLC,YZER,2026-05-15 23:59:59,005,0.0,0.0,0.0,0.0,0.0,0.0,,,1.0,,1.0,0.0
3336,8162-H06-005-905176-260518,8162_H06,C_905176,8162,XD_8162_OH_CLEVELAND.YZER,FM,Customer,REG,Yzer LLC,YZER,2026-05-18 23:59:59,005,0.0,0.0,0.0,0.0,0.0,0.0,,,1.0,,1.0,1.0
3337,8163-G03-020-667610-260518,8163_G03,C_667610,8162,XD_8162_OH_CLEVELAND.YZER,FM,Customer,REG,Yzer LLC,YZER,2026-05-18 23:59:59,020,0.0,0.0,0.0,0.0,0.0,0.0,,,1.0,,1.0,0.0
3338,8162-G07-050-275462-260506,8162_G07,C_275462,8162,XD_8162_OH_CLEVELAND.YZER,FM,Customer,REG,Yzer LLC,YZER,2026-05-06 23:59:59,050,0.0,0.0,0.0,0.0,0.0,0.0,,,1.0,,1.0,1.0
3339,8162-G06-040-807750-260506,8162_G06,C_807750,8162,XD_8162_OH_CLEVELAND.YZER,FM,Customer,REG,Yzer LLC,YZER,2026-05-06 23:59:59,040,0.0,0.0,0.0,0.0,0.0,0.0,,,1.0,,1.0,1.0
3340,8163-H06-015-415508-260506,8163_H06,C_433600,8162,XD_8162_OH_CLEVELAND.YZER,FM,Customer,REG,Yzer LLC,YZER,2026-05-06 23:59:59,015,0.0,0.0,0.0,0.0,0.0,0.0,,,1.0,,1.0,0.0
3341,Z-3570841,8162_G06,,8162,XD_8162_OH_CLEVELAND.YZER,RC,Route Chrg,REG,Yzer LLC,YZER,2026-05-06 23:59:59,000,382.08,0.0,382.08,345.0,25.0,12.08,,,,,1.0,1.0
3342,8162-G04-017-286184-260511,8162_G04,C_286184,8162,XD_8162_OH_CLEVELAND.YZER,FM,Customer,REG,Yzer LLC,YZER,2026-05-11 23:59:59,017,0.0,0.0,0.0,0.0,0.0,0.0,,,1.0,,1.0,1.0
3343,8162-G02-020-598488-260511,8162_G02,C_598488,8162,XD_8162_OH_CLEVELAND.YZER,FM,Customer,REG,Yzer LLC,YZER,2026-05-11 23:59:59,020,0.0,0.0,0.0,0.0,0.0,0.0,,,1.0,,1.0,1.0
3344,8162-G06-040-807750-260514,8162_G06,C_807750,8162,XD_8162_OH_CLEVELAND.YZER,FM,Customer,REG,Yzer LLC,YZER,2026-05-14 23:59:59,040,0.0,0.0,0.0,0.0,0.0,0.0,,,1.0,,1.0,1.0
3345,8162-G07-005-034802-260507,8162_G07,C_599132,8162,XD_8162_OH_CLEVELAND.YZER,FM,Customer,REG,Yzer LLC,YZER,2026-05-07 23:59:59,005,0.0,0.0,0.0,0.0,0.0,0.0,,,1.0,,1.0,0.0
3346,8162-H06-035-419882-260506,8162_H06,C_815793,8162,XD_8162_OH_CLEVELAND.YZER,FM,Customer,REG,Yzer LLC,YZER,2026-05-06 23:59:59,035,0.0,0.0,0.0,0.0,0.0,0.0,,,1.0,,1.0,1.0
3347,8162-G06-040-807750-260513,8162_G06,C_807750,8162,XD_8162_OH_CLEVELAND.YZER,FM,Customer,REG,Yzer LLC,YZER,2026-05-13 23:59:59,040,0.0,0.0,0.0,0.0,0.0,0.0,,,1.0,,1.0,1.0
3348,8162-G02-020-096464-260512,8162_G02,C_598488,8162,XD_8162_OH_CLEVELAND.YZER,FM,Customer,REG,Yzer LLC,YZER,2026-05-12 23:59:59,020,0.0,0.0,0.0,0.0,0.0,0.0,,,1.0,,1.0,0.0
3349,8162-H04-010-146265-260507,8162_H04,C_146265,8162,XD_8162_OH_CLEVELAND.YZER,FM,Customer,REG,Yzer LLC,YZER,2026-05-07 23:59:59,010,0.0,0.0,0.0,0.0,0.0,0.0,,,1.0,,1.0,1.0
3350,8162-G06-040-807750-260511,8162_G06,C_807750,8162,XD_8162_OH_CLEVELAND.YZER,FM,Customer,REG,Yzer LLC,YZER,2026-05-11 23:59:59,040,0.0,0.0,0.0,0.0,0.0,0.0,,,1.0,,1.0,1.0
3351,8162-G07-030-995737-260511,8162_G07,C_995737,8162,XD_8162_OH_CLEVELAND.YZER,FM,Customer,REG,Yzer LLC,YZER,2026-05-11 23:59:59,030,0.0,0.0,0.0,0.0,0.0,0.0,,,1.0,,1.0,1.0
3352,8162-G01-005-050647-260512,8162_G01,C_436015,8162,XD_8162_OH_CLEVELAND.YZER,FM,Customer,REG,Yzer LLC,YZER,2026-05-12 23:59:59,005,0.0,0.0,0.0,0.0,0.0,0.0,,,1.0,,1.0,0.0
3353,8162-G03-005-070610-260508,8162_G03,C_810447,8162,XD_8162_OH_CLEVELAND.YZER,FM,Customer,REG,Yzer LLC,YZER,2026-05-08 23:59:59,005,0.0,0.0,0.0,0.0,0.0,0.0,,,1.0,,1.0,0.0
3354,8163-G04-010-833539-260514,8163_G04,C_833539,8162,XD_8162_OH_CLEVELAND.YZER,FM,Customer,REG,Yzer LLC,YZER,2026-05-14 23:59:59,010,0.0,0.0,0.0,0.0,0.0,0.0,,,1.0,,1.0,0.0
3355,Z-3592697,8162_G06,,8162,XD_8162_OH_CLEVELAND.YZER,RC,Route Chrg,REG,Yzer LLC,YZER,2026-05-13 23:59:59,000,383.86,0.0,383.86,345.0,26.78,12.08,,,,,1.0,1.0
3356,8162-G07-030-995737-260512,8162_G07,C_995737,8162,XD_8162_OH_CLEVELAND.YZER,FM,Customer,REG,Yzer LLC,YZER,2026-05-12 23:59:59,030,0.0,0.0,0.0,0.0,0.0,0.0,,,1.0,,1.0,1.0
3357,8162-H03-025-339419-260507,8162_H03,C_339419,8162,XD_8162_OH_CLEVELAND.YZER,FM,Customer,REG,Yzer LLC,YZER,2026-05-07 23:59:59,025,0.0,0.0,0.0,0.0,0.0,0.0,,,1.0,,1.0,1.0
3358,8162-H01-025-806927-260519,8162_H01,C_806927,8162,XD_8162_OH_CLEVELAND.YZER,FM,Customer,REG,Yzer LLC,YZER,2026-05-19 23:59:59,025,0.0,0.0,0.0,0.0,0.0,0.0,,,1.0,,1.0,1.0
3359,8163-G02-005-754541-260519,8163_G02,C_713914,8162,XD_8162_OH_CLEVELAND.YZER,FM,Customer,REG,Yzer LLC,YZER,2026-05-19 23:59:59,005,0.0,0.0,0.0,0.0,0.0,0.0,,,1.0,,1.0,0.0
3360,8162-G04-005-679719-260508,8162_G04,C_712383,8162,XD_8162_OH_CLEVELAND.YZER,FM,Customer,REG,Yzer LLC,YZER,2026-05-08 23:59:59,005,0.0,0.0,0.0,0.0,0.0,0.0,,,1.0,,1.0,1.0
3361,8163-G06-015-719738-260508,8163_G06,C_065363,8162,XD_8162_OH_CLEVELAND.YZER,FM,Customer,REG,Yzer LLC,YZER,2026-05-08 23:59:59,015,0.0,0.0,0.0,0.0,0.0,0.0,,,1.0,,1.0,0.0
3362,8162-G02-030-289502-260506,8162_G02,C_289502,8162,XD_8162_OH_CLEVELAND.YZER,FM,Customer,REG,Yzer LLC,YZER,2026-05-06 23:59:59,030,0.0,0.0,0.0,0.0,0.0,0.0,,,1.0,,1.0,1.0
3363,8162-H04-045-603704-260514,8162_H04,C_603704,8162,XD_8162_OH_CLEVELAND.YZER,FM,Customer,REG,Yzer LLC,YZER,2026-05-14 23:59:59,045,0.0,0.0,0.0,0.0,0.0,0.0,,,1.0,,1.0,1.0
3364,Z-3575417,8162_H05,,8162,XD_8162_OH_CLEVELAND.YZER,RC,Route Chrg,REG,Yzer LLC,YZER,2026-05-07 23:59:59,000,297.33,0.0,297.33,252.0,36.51,8.82,,,,,1.0,1.0
3365,8162-G03-005-723011-260507,8162_G03,C_810447,8162,XD_8162_OH_CLEVELAND.YZER,FM,Customer,REG,Yzer LLC,YZER,2026-05-07 23:59:59,005,0.0,0.0,0.0,0.0,0.0,0.0,,,1.0,,1.0,0.0
3366,8162-G06-035-134431-260506,8162_G06,C_134431,8162,XD_8162_OH_CLEVELAND.YZER,FM,Customer,REG,Yzer LLC,YZER,2026-05-06 23:59:59,035,0.0,0.0,0.0,0.0,0.0,0.0,,,1.0,,1.0,1.0
3367,8162-H06-015-173358-260507,8162_H06,C_433600,8162,XD_8162_OH_CLEVELAND.YZER,FM,Customer,REG,Yzer LLC,YZER,2026-05-07 23:59:59,015,0.0,0.0,0.0,0.0,0.0,0.0,,,1.0,,1.0,0.0
3368,8162-G07-060-134966-260506,8162_G07,C_134966,8162,XD_8162_OH_CLEVELAND.YZER,FM,Customer,REG,Yzer LLC,YZER,2026-05-06 23:59:59,060,0.0,0.0,0.0,0.0,0.0,0.0,,,1.0,,1.0,1.0
3369,Z-3603702,8162_H01,,8162,XD_8162_OH_CLEVELAND.YZER,RC,Route Chrg,REG,Yzer LLC,YZER,2026-05-18 23:59:59,000,253.68,0.0,253.68,228.0,17.7,7.98,,,,,1.0,1.0
3370,8162-H02-040-407917-260519,8162_H02,C_407917,8162,XD_8162_OH_CLEVELAND.YZER,FM,Customer,REG,Yzer LLC,YZER,2026-05-19 23:59:59,040,0.0,0.0,0.0,0.0,0.0,0.0,,,1.0,,1.0,1.0
3371,8162-H04-010-146265-260519,8162_H04,C_146265,8162,XD_8162_OH_CLEVELAND.YZER,FM,Customer,REG,Yzer LLC,YZER,2026-05-19 23:59:59,010,0.0,0.0,0.0,0.0,0.0,0.0,,,1.0,,1.0,1.0
3372,8162-G04-010-833539-260519,8162_G04,C_833539,8162,XD_8162_OH_CLEVELAND.YZER,FM,Customer,REG,Yzer LLC,YZER,2026-05-19 23:59:59,010,0.0,0.0,0.0,0.0,0.0,0.0,,,1.0,,1.0,0.0
3373,8162-H06-005-905176-260508,8162_H06,C_905176,8162,XD_8162_OH_CLEVELAND.YZER,FM,Customer,REG,Yzer LLC,YZER,2026-05-08 23:59:59,005,0.0,0.0,0.0,0.0,0.0,0.0,,,1.0,,1.0,0.0
3374,8162-G05-007-905017-260508,8162_G05,C_208840,8162,XD_8162_OH_CLEVELAND.YZER,FM,Customer,REG,Yzer LLC,YZER,2026-05-08 23:59:59,007,0.0,0.0,0.0,0.0,0.0,0.0,,,1.0,,1.0,1.0
3375,8162-G01-015-273236-260506,8162_G01,C_273236,8162,XD_8162_OH_CLEVELAND.YZER,FM,Customer,REG,Yzer LLC,YZER,2026-05-06 23:59:59,015,0.0,0.0,0.0,0.0,0.0,0.0,,,1.0,,1.0,1.0
3376,8162-H06-010-151572-260514,8162_H06,C_151568,8162,XD_8162_OH_CLEVELAND.YZER,FM,Customer,REG,Yzer LLC,YZER,2026-05-14 23:59:59,010,0.0,0.0,0.0,0.0,0.0,0.0,,,1.0,,1.0,0.0
3377,8162-H02-040-407917-260513,8162_H02,C_407917,8162,XD_8162_OH_CLEVELAND.YZER,FM,Customer,REG,Yzer LLC,YZER,2026-05-13 23:59:59,040,0.0,0.0,0.0,0.0,0.0,0.0,,,1.0,,1.0,1.0
3378,8162-G05-020-599776-260511,8162_G05,C_599776,8162,XD_8162_OH_CLEVELAND.YZER,FM,Customer,REG,Yzer LLC,YZER,2026-05-11 23:59:59,020,0.0,0.0,0.0,0.0,0.0,0.0,,,1.0,,1.0,1.0
3379,8163-G05-005-221190-260511,8163_G05,C_441221,8162,XD_8162_OH_CLEVELAND.YZER,FM,Customer,REG,Yzer LLC,YZER,2026-05-11 23:59:59,005,0.0,0.0,0.0,0.0,0.0,0.0,,,1.0,,1.0,0.0
3380,8162-G01-015-273236-260507,8162_G01,C_273236,8162,XD_8162_OH_CLEVELAND.YZER,FM,Customer,REG,Yzer LLC,YZER,2026-05-07 23:59:59,015,0.0,0.0,0.0,0.0,0.0,0.0,,,1.0,,1.0,1.0
3381,8163-G02-005-071322-260507,8163_G02,C_713914,8162,XD_8162_OH_CLEVELAND.YZER,FM,Customer,REG,Yzer LLC,YZER,2026-05-07 23:59:59,005,0.0,0.0,0.0,0.0,0.0,0.0,,,1.0,,1.0,0.0
3382,8162-G01-040-099634-260507,8162_G01,C_099634,8162,XD_8162_OH_CLEVELAND.YZER,FM,Customer,REG,Yzer LLC,YZER,2026-05-07 23:59:59,040,0.0,0.0,0.0,0.0,0.0,0.0,,,1.0,,1.0,1.0
3383,8162-H04-015-970222-260506,8162_H04,C_970222,8162,XD_8162_OH_CLEVELAND.YZER,FM,Customer,REG,Yzer LLC,YZER,2026-05-06 23:59:59,015,0.0,0.0,0.0,0.0,0.0,0.0,,,1.0,,1.0,1.0
3384,8163-G07-005-589418-260506,8163_G07,C_599132,8162,XD_8162_OH_CLEVELAND.YZER,FM,Customer,REG,Yzer LLC,YZER,2026-05-06 23:59:59,005,0.0,0.0,0.0,0.0,0.0,0.0,,,1.0,,1.0,0.0
3385,8162-G04-015-134184-260511,8162_G04,C_134184,8162,XD_8162_OH_CLEVELAND.YZER,FM,Customer,REG,Yzer LLC,YZER,2026-05-11 23:59:59,015,0.0,0.0,0.0,0.0,0.0,0.0,,,1.0,,1.0,1.0
3386,8162-H05-025-253079-260506,8162_H05,C_253079,8162,XD_8162_OH_CLEVELAND.YZER,FM,Customer,REG,Yzer LLC,YZER,2026-05-06 23:59:59,025,0.0,0.0,0.0,0.0,0.0,0.0,,,1.0,,1.0,1.0
3387,8162-G05-002-219681-260514,8162_G05,C_219681,8162,XD_8162_OH_CLEVELAND.YZER,FM,Customer,REG,Yzer LLC,YZER,2026-05-14 23:59:59,002,0.0,0.0,0.0,0.0,0.0,0.0,,,1.0,,1.0,1.0
3388,Z-3573941,8163_G01,,8162,XD_8162_OH_CLEVELAND.YZER,RC,Route Chrg,REG,Yzer LLC,YZER,2026-05-06 23:59:59,000,,0.0,,,0.0,,5.0,17.0,5.0,17.0,1.0,1.0
3389,Z-3567682,8163_H04,,8162,XD_8162_OH_CLEVELAND.YZER,RC,Route Chrg,REG,Yzer LLC,YZER,2026-05-05 23:59:59,000,,0.0,,,0.0,,7.0,18.0,7.0,18.0,1.0,1.0
3390,8162-G05-035-414946-260505,8162_G05,C_414946,8162,XD_8162_OH_CLEVELAND.YZER,FM,Customer,REG,Yzer LLC,YZER,2026-05-05 23:59:59,035,0.0,0.0,0.0,0.0,0.0,0.0,,,1.0,,1.0,1.0
3391,Z-3559465,8162_G02,,8162,XD_8162_OH_CLEVELAND.YZER,RC,Route Chrg,REG,Yzer LLC,YZER,2026-05-01 23:59:59,000,430.82,0.0,430.82,375.0,42.69,13.13,,,,,1.0,1.0
3392,8162-H06-010-151572-260505,8162_H06,C_151568,8162,XD_8162_OH_CLEVELAND.YZER,FM,Customer,REG,Yzer LLC,YZER,2026-05-05 23:59:59,010,0.0,0.0,0.0,0.0,0.0,0.0,,,1.0,,1.0,0.0
3393,8162-H01-015-444602-260504,8162_H01,C_444763,8162,XD_8162_OH_CLEVELAND.YZER,FM,Customer,REG,Yzer LLC,YZER,2026-05-04 23:59:59,015,0.0,0.0,0.0,0.0,0.0,0.0,,,1.0,,1.0,0.0
3394,8162-G06-025-289532-260504,8162_G06,C_289522,8162,XD_8162_OH_CLEVELAND.YZER,FM,Customer,REG,Yzer LLC,YZER,2026-05-04 23:59:59,025,0.0,0.0,0.0,0.0,0.0,0.0,,,1.0,,1.0,0.0
3395,Z-3587911,8163_HX2,,8162,XD_8162_OH_CLEVELAND.YZER,RC,Route Chrg,REG,Yzer LLC,YZER,2026-05-12 23:59:59,000,,0.0,,,0.0,,1.0,1.0,1.0,1.0,1.0,1.0
3396,8162-G01-020-443013-260504,8162_G01,C_890860,8162,XD_8162_OH_CLEVELAND.YZER,FM,Customer,REG,Yzer LLC,YZER,2026-05-04 23:59:59,020,0.0,0.0,0.0,0.0,0.0,0.0,,,1.0,,1.0,1.0
3397,Z-3592898,8163_G02,,8162,XD_8162_OH_CLEVELAND.YZER,RC,Route Chrg,REG,Yzer LLC,YZER,2026-05-13 23:59:59,000,,0.0,,,0.0,,6.0,119.0,6.0,119.0,1.0,1.0
3398,Z-3596167,8163_GX4,,8162,XD_8162_OH_CLEVELAND.YZER,RC,Route Chrg,REG,Yzer LLC,YZER,2026-05-14 23:59:59,000,,0.0,,,0.0,,1.0,1.0,1.0,1.0,1.0,1.0
3399,Z-3600180,8163_H04,,8162,XD_8162_OH_CLEVELAND.YZER,RC,Route Chrg,REG,Yzer LLC,YZER,2026-05-15 23:59:59,000,,0.0,,,0.0,,7.0,18.0,7.0,18.0,1.0,1.0
3400,Z-3613238,8163_G01,,8162,XD_8162_OH_CLEVELAND.YZER,RC,Route Chrg,REG,Yzer LLC,YZER,2026-05-20 23:59:59,000,,0.0,,,0.0,,5.0,20.0,5.0,20.0,1.0,1.0
3401,8162-G01-015-273236-260505,8162_G01,C_273236,8162,XD_8162_OH_CLEVELAND.YZER,FM,Customer,REG,Yzer LLC,YZER,2026-05-05 23:59:59,015,0.0,0.0,0.0,0.0,0.0,0.0,,,1.0,,1.0,1.0
3402,8162-G09-001-289513-260505,8162_G09,C_289513,8162,XD_8162_OH_CLEVELAND.YZER,FM,Customer,REG,Yzer LLC,YZER,2026-05-05 23:59:59,001,0.0,0.0,0.0,0.0,0.0,0.0,,,1.0,,1.0,1.0
3403,8162-H03-020-415745-260529,8162_H03,C_415745,8162,XD_8162_OH_CLEVELAND.YZER,FM,Customer,REG,Yzer LLC,YZER,2026-05-29 23:59:59,020,0.0,0.0,0.0,0.0,0.0,0.0,,,1.0,,1.0,1.0
3404,8162-G07-030-995737-260528,8162_G07,C_995737,8162,XD_8162_OH_CLEVELAND.YZER,FM,Customer,REG,Yzer LLC,YZER,2026-05-28 23:59:59,030,0.0,0.0,0.0,0.0,0.0,0.0,,,1.0,,1.0,1.0
3405,8162-H02-045-624058-260529,8162_H02,C_624058,8162,XD_8162_OH_CLEVELAND.YZER,FM,Customer,REG,Yzer LLC,YZER,2026-05-29 23:59:59,045,0.0,0.0,0.0,0.0,0.0,0.0,,,1.0,,1.0,1.0
3406,8162-G02-015-244535-260526,8162_G02,C_731867,8162,XD_8162_OH_CLEVELAND.YZER,FM,Customer,REG,Yzer LLC,YZER,2026-05-26 23:59:59,015,0.0,0.0,0.0,0.0,0.0,0.0,,,1.0,,1.0,1.0
3407,8163-G06-010-151559-260528,8163_G06,C_151558,8162,XD_8162_OH_CLEVELAND.YZER,FM,Customer,REG,Yzer LLC,YZER,2026-05-28 23:59:59,010,0.0,0.0,0.0,0.0,0.0,0.0,,,1.0,,1.0,0.0
3408,8162-G05-006-034806-260526,8162_G05,C_061312,8162,XD_8162_OH_CLEVELAND.YZER,FM,Customer,REG,Yzer LLC,YZER,2026-05-26 23:59:59,006,0.0,0.0,0.0,0.0,0.0,0.0,,,1.0,,1.0,1.0
3409,8162-H01-040-093505-260528,8162_H01,C_093505,8162,XD_8162_OH_CLEVELAND.YZER,FM,Customer,REG,Yzer LLC,YZER,2026-05-28 23:59:59,040,0.0,0.0,0.0,0.0,0.0,0.0,,,1.0,,1.0,0.0
3410,8162-H01-040-093494-260528,8162_H01,C_093505,8162,XD_8162_OH_CLEVELAND.YZER,FM,Customer,REG,Yzer LLC,YZER,2026-05-28 23:59:59,040,0.0,0.0,0.0,0.0,0.0,0.0,,,1.0,,1.0,1.0
3411,8163-G06-015-151561-260526,8163_G06,C_065363,8162,XD_8162_OH_CLEVELAND.YZER,FM,Customer,REG,Yzer LLC,YZER,2026-05-26 23:59:59,015,0.0,0.0,0.0,0.0,0.0,0.0,,,1.0,,1.0,0.0
3412,8162-G05-045-237260-260528,8162_G05,C_245718,8162,XD_8162_OH_CLEVELAND.YZER,FM,Customer,REG,Yzer LLC,YZER,2026-05-28 23:59:59,045,0.0,0.0,0.0,0.0,0.0,0.0,,,1.0,,1.0,0.0
3413,8162-H03-020-415745-260527,8162_H03,C_415745,8162,XD_8162_OH_CLEVELAND.YZER,FM,Customer,REG,Yzer LLC,YZER,2026-05-27 23:59:59,020,0.0,0.0,0.0,0.0,0.0,0.0,,,1.0,,1.0,1.0
3414,8162-H02-005-407839-260527,8162_H02,C_407839,8162,XD_8162_OH_CLEVELAND.YZER,FM,Customer,REG,Yzer LLC,YZER,2026-05-27 23:59:59,005,0.0,0.0,0.0,0.0,0.0,0.0,,,1.0,,1.0,1.0
3415,8162-G03-037-426990-260526,8162_G03,C_521590,8162,XD_8162_OH_CLEVELAND.YZER,FM,Customer,REG,Yzer LLC,YZER,2026-05-26 23:59:59,037,0.0,0.0,0.0,0.0,0.0,0.0,,,1.0,,1.0,0.0
3416,8162-G04-010-786357-260527,8162_G04,C_833539,8162,XD_8162_OH_CLEVELAND.YZER,FM,Customer,REG,Yzer LLC,YZER,2026-05-27 23:59:59,010,0.0,0.0,0.0,0.0,0.0,0.0,,,1.0,,1.0,1.0
3417,8162-G04-010-786357-260528,8162_G04,C_833539,8162,XD_8162_OH_CLEVELAND.YZER,FM,Customer,REG,Yzer LLC,YZER,2026-05-28 23:59:59,010,0.0,0.0,0.0,0.0,0.0,0.0,,,1.0,,1.0,1.0
3418,8162-G06-015-151561-260528,8162_G06,C_065363,8162,XD_8162_OH_CLEVELAND.YZER,FM,Customer,REG,Yzer LLC,YZER,2026-05-28 23:59:59,015,0.0,0.0,0.0,0.0,0.0,0.0,,,1.0,,1.0,1.0
3419,8162-H04-030-326949-260527,8162_H04,C_993260,8162,XD_8162_OH_CLEVELAND.YZER,FM,Customer,REG,Yzer LLC,YZER,2026-05-27 23:59:59,030,0.0,0.0,0.0,0.0,0.0,0.0,,,1.0,,1.0,1.0
3420,8162-G03-025-296317-260508,8162_G03,C_296317,8162,XD_8162_OH_CLEVELAND.YZER,FM,Customer,REG,Yzer LLC,YZER,2026-05-08 23:59:59,025,0.0,0.0,0.0,0.0,0.0,0.0,,,1.0,,1.0,1.0
3421,8163-G04-006-712383-260506,8163_G04,C_712383,8162,XD_8162_OH_CLEVELAND.YZER,FM,Customer,REG,Yzer LLC,YZER,2026-05-06 23:59:59,006,0.0,0.0,0.0,0.0,0.0,0.0,,,1.0,,1.0,0.0
3422,8162-H03-005-160440-260508,8162_H03,C_160440,8162,XD_8162_OH_CLEVELAND.YZER,FM,Customer,REG,Yzer LLC,YZER,2026-05-08 23:59:59,005,0.0,0.0,0.0,0.0,0.0,0.0,,,1.0,,1.0,1.0
3423,8162-G04-035-444588-260514,8162_G04,C_444588,8162,XD_8162_OH_CLEVELAND.YZER,FM,Customer,REG,Yzer LLC,YZER,2026-05-14 23:59:59,035,0.0,0.0,0.0,0.0,0.0,0.0,,,1.0,,1.0,1.0
3424,8162-H03-015-133964-260506,8162_H03,C_133964,8162,XD_8162_OH_CLEVELAND.YZER,FM,Customer,REG,Yzer LLC,YZER,2026-05-06 23:59:59,015,0.0,0.0,0.0,0.0,0.0,0.0,,,1.0,,1.0,1.0
3425,8162-H05-055-925913-260512,8162_H05,C_925913,8162,XD_8162_OH_CLEVELAND.YZER,FM,Customer,REG,Yzer LLC,YZER,2026-05-12 23:59:59,055,0.0,0.0,0.0,0.0,0.0,0.0,,,1.0,,1.0,1.0
3426,8162-H03-025-339419-260513,8162_H03,C_339419,8162,XD_8162_OH_CLEVELAND.YZER,FM,Customer,REG,Yzer LLC,YZER,2026-05-13 23:59:59,025,0.0,0.0,0.0,0.0,0.0,0.0,,,1.0,,1.0,1.0
3427,8162-G05-006-905419-260513,8162_G05,C_061312,8162,XD_8162_OH_CLEVELAND.YZER,FM,Customer,REG,Yzer LLC,YZER,2026-05-13 23:59:59,006,0.0,0.0,0.0,0.0,0.0,0.0,,,1.0,,1.0,1.0
3428,8162-G09-013-286750-260506,8162_G09,C_286750,8162,XD_8162_OH_CLEVELAND.YZER,FM,Customer,REG,Yzer LLC,YZER,2026-05-06 23:59:59,013,0.0,0.0,0.0,0.0,0.0,0.0,,,1.0,,1.0,1.0
3429,8162-H01-030-756914-260514,8162_H01,C_756914,8162,XD_8162_OH_CLEVELAND.YZER,FM,Customer,REG,Yzer LLC,YZER,2026-05-14 23:59:59,030,0.0,0.0,0.0,0.0,0.0,0.0,,,1.0,,1.0,1.0
3430,8162-G09-013-286750-260508,8162_G09,C_286750,8162,XD_8162_OH_CLEVELAND.YZER,FM,Customer,REG,Yzer LLC,YZER,2026-05-08 23:59:59,013,0.0,0.0,0.0,0.0,0.0,0.0,,,1.0,,1.0,1.0
3431,8162-G05-045-237260-260513,8162_G05,C_245718,8162,XD_8162_OH_CLEVELAND.YZER,FM,Customer,REG,Yzer LLC,YZER,2026-05-13 23:59:59,045,0.0,0.0,0.0,0.0,0.0,0.0,,,1.0,,1.0,1.0
3432,8162-G07-045-144654-260515,8162_G07,C_144654,8162,XD_8162_OH_CLEVELAND.YZER,FM,Customer,REG,Yzer LLC,YZER,2026-05-15 23:59:59,045,0.0,0.0,0.0,0.0,0.0,0.0,,,1.0,,1.0,1.0
3433,8162-G02-045-209162-260515,8162_G02,C_209162,8162,XD_8162_OH_CLEVELAND.YZER,FM,Customer,REG,Yzer LLC,YZER,2026-05-15 23:59:59,045,0.0,0.0,0.0,0.0,0.0,0.0,,,1.0,,1.0,0.0
3434,8162-H05-005-224273-260518,8162_H05,C_224273,8162,XD_8162_OH_CLEVELAND.YZER,FM,Customer,REG,Yzer LLC,YZER,2026-05-18 23:59:59,005,0.0,0.0,0.0,0.0,0.0,0.0,,,1.0,,1.0,1.0
3435,8162-G05-025-173268-260518,8162_G05,C_173268,8162,XD_8162_OH_CLEVELAND.YZER,FM,Customer,REG,Yzer LLC,YZER,2026-05-18 23:59:59,025,0.0,0.0,0.0,0.0,0.0,0.0,,,1.0,,1.0,1.0
3436,8162-H05-020-304538-260515,8162_H05,C_304538,8162,XD_8162_OH_CLEVELAND.YZER,FM,Customer,REG,Yzer LLC,YZER,2026-05-15 23:59:59,020,0.0,0.0,0.0,0.0,0.0,0.0,,,1.0,,1.0,1.0
3437,8162-G02-030-289502-260518,8162_G02,C_289502,8162,XD_8162_OH_CLEVELAND.YZER,FM,Customer,REG,Yzer LLC,YZER,2026-05-18 23:59:59,030,0.0,0.0,0.0,0.0,0.0,0.0,,,1.0,,1.0,1.0
3438,8162-H01-020-446373-260515,8162_H01,C_446373,8162,XD_8162_OH_CLEVELAND.YZER,FM,Customer,REG,Yzer LLC,YZER,2026-05-15 23:59:59,020,0.0,0.0,0.0,0.0,0.0,0.0,,,1.0,,1.0,1.0
3439,8162-H01-060-807917-260515,8162_H01,C_807917,8162,XD_8162_OH_CLEVELAND.YZER,FM,Customer,REG,Yzer LLC,YZER,2026-05-15 23:59:59,060,0.0,0.0,0.0,0.0,0.0,0.0,,,1.0,,1.0,1.0
3440,8162-G09-017-444117-260518,8162_G09,C_444117,8162,XD_8162_OH_CLEVELAND.YZER,FM,Customer,REG,Yzer LLC,YZER,2026-05-18 23:59:59,017,0.0,0.0,0.0,0.0,0.0,0.0,,,1.0,,1.0,1.0
3441,8162-G03-005-723011-260515,8162_G03,C_810447,8162,XD_8162_OH_CLEVELAND.YZER,FM,Customer,REG,Yzer LLC,YZER,2026-05-15 23:59:59,005,0.0,0.0,0.0,0.0,0.0,0.0,,,1.0,,1.0,0.0
3442,8162-H05-060-446021-260518,8162_H05,C_446021,8162,XD_8162_OH_CLEVELAND.YZER,FM,Customer,REG,Yzer LLC,YZER,2026-05-18 23:59:59,060,0.0,0.0,0.0,0.0,0.0,0.0,,,1.0,,1.0,1.0
3443,8163-G09-001-289513-260518,8163_G09,C_289513,8162,XD_8162_OH_CLEVELAND.YZER,FM,Customer,REG,Yzer LLC,YZER,2026-05-18 23:59:59,001,0.0,0.0,0.0,0.0,0.0,0.0,,,1.0,,1.0,0.0
3444,8162-H06-020-245725-260518,8162_H06,C_717269,8162,XD_8162_OH_CLEVELAND.YZER,FM,Customer,REG,Yzer LLC,YZER,2026-05-18 23:59:59,020,0.0,0.0,0.0,0.0,0.0,0.0,,,1.0,,1.0,0.0
3445,8162-H02-005-407839-260515,8162_H02,C_407839,8162,XD_8162_OH_CLEVELAND.YZER,FM,Customer,REG,Yzer LLC,YZER,2026-05-15 23:59:59,005,0.0,0.0,0.0,0.0,0.0,0.0,,,1.0,,1.0,1.0
3446,8162-G04-010-875777-260511,8162_G04,C_833539,8162,XD_8162_OH_CLEVELAND.YZER,FM,Customer,REG,Yzer LLC,YZER,2026-05-11 23:59:59,010,0.0,0.0,0.0,0.0,0.0,0.0,,,1.0,,1.0,0.0
3447,8162-G05-045-237260-260506,8162_G05,C_245718,8162,XD_8162_OH_CLEVELAND.YZER,FM,Customer,REG,Yzer LLC,YZER,2026-05-06 23:59:59,045,0.0,0.0,0.0,0.0,0.0,0.0,,,1.0,,1.0,1.0
3448,8163-G03-037-521590-260512,8163_G03,C_521590,8162,XD_8162_OH_CLEVELAND.YZER,FM,Customer,REG,Yzer LLC,YZER,2026-05-12 23:59:59,037,0.0,0.0,0.0,0.0,0.0,0.0,,,1.0,,1.0,0.0
3449,8162-G02-020-128886-260512,8162_G02,C_598488,8162,XD_8162_OH_CLEVELAND.YZER,FM,Customer,REG,Yzer LLC,YZER,2026-05-12 23:59:59,020,0.0,0.0,0.0,0.0,0.0,0.0,,,1.0,,1.0,0.0
3450,Z-3587592,8162_H04,,8162,XD_8162_OH_CLEVELAND.YZER,RC,Route Chrg,REG,Yzer LLC,YZER,2026-05-12 23:59:59,000,271.33,0.0,271.33,245.0,17.75,8.58,,,,,1.0,1.0
3451,8162-G05-035-414946-260511,8162_G05,C_414946,8162,XD_8162_OH_CLEVELAND.YZER,FM,Customer,REG,Yzer LLC,YZER,2026-05-11 23:59:59,035,0.0,0.0,0.0,0.0,0.0,0.0,,,1.0,,1.0,1.0
3452,8162-G04-006-839466-260514,8162_G04,C_712383,8162,XD_8162_OH_CLEVELAND.YZER,FM,Customer,REG,Yzer LLC,YZER,2026-05-14 23:59:59,006,0.0,0.0,0.0,0.0,0.0,0.0,,,1.0,,1.0,0.0
3453,8162-H05-020-304538-260514,8162_H05,C_304538,8162,XD_8162_OH_CLEVELAND.YZER,FM,Customer,REG,Yzer LLC,YZER,2026-05-14 23:59:59,020,0.0,0.0,0.0,0.0,0.0,0.0,,,1.0,,1.0,1.0
3454,8162-G05-030-246296-260508,8162_G05,C_610134,8162,XD_8162_OH_CLEVELAND.YZER,FM,Customer,REG,Yzer LLC,YZER,2026-05-08 23:59:59,030,0.0,0.0,0.0,0.0,0.0,0.0,,,1.0,,1.0,0.0
3455,8162-H01-015-444602-260511,8162_H01,C_444763,8162,XD_8162_OH_CLEVELAND.YZER,FM,Customer,REG,Yzer LLC,YZER,2026-05-11 23:59:59,015,0.0,0.0,0.0,0.0,0.0,0.0,,,1.0,,1.0,0.0
3456,8162-G05-045-245718-260512,8162_G05,C_245718,8162,XD_8162_OH_CLEVELAND.YZER,FM,Customer,REG,Yzer LLC,YZER,2026-05-12 23:59:59,045,0.0,0.0,0.0,0.0,0.0,0.0,,,1.0,,1.0,1.0
3457,8162-G05-006-905419-260506,8162_G05,C_061312,8162,XD_8162_OH_CLEVELAND.YZER,FM,Customer,REG,Yzer LLC,YZER,2026-05-06 23:59:59,006,0.0,0.0,0.0,0.0,0.0,0.0,,,1.0,,1.0,1.0
3458,Z-3575458,8162_G03,,8162,XD_8162_OH_CLEVELAND.YZER,RC,Route Chrg,REG,Yzer LLC,YZER,2026-05-07 23:59:59,000,374.32,0.0,374.32,338.0,24.49,11.83,,,,,1.0,1.0
3459,8162-G06-020-133946-260512,8162_G06,C_133946,8162,XD_8162_OH_CLEVELAND.YZER,FM,Customer,REG,Yzer LLC,YZER,2026-05-12 23:59:59,020,0.0,0.0,0.0,0.0,0.0,0.0,,,1.0,,1.0,0.0
3460,8162-H02-015-134622-260508,8162_H02,C_134622,8162,XD_8162_OH_CLEVELAND.YZER,FM,Customer,REG,Yzer LLC,YZER,2026-05-08 23:59:59,015,0.0,0.0,0.0,0.0,0.0,0.0,,,1.0,,1.0,1.0
3461,8162-H02-015-134622-260519,8162_H02,C_134622,8162,XD_8162_OH_CLEVELAND.YZER,FM,Customer,REG,Yzer LLC,YZER,2026-05-19 23:59:59,015,0.0,0.0,0.0,0.0,0.0,0.0,,,1.0,,1.0,1.0
3462,8162-G07-005-386053-260504,8162_G07,C_599132,8162,XD_8162_OH_CLEVELAND.YZER,FM,Customer,REG,Yzer LLC,YZER,2026-05-04 23:59:59,005,0.0,0.0,0.0,0.0,0.0,0.0,,,1.0,,1.0,0.0
3463,Z-3559593,8162_H01,,8162,XD_8162_OH_CLEVELAND.YZER,RC,Route Chrg,REG,Yzer LLC,YZER,2026-05-01 23:59:59,000,246.6,0.0,246.6,228.0,10.62,7.98,,,,,1.0,1.0
3464,Z-3562980,8162_H01,,8162,XD_8162_OH_CLEVELAND.YZER,RC,Route Chrg,REG,Yzer LLC,YZER,2026-05-04 23:59:59,000,246.6,0.0,246.6,228.0,10.62,7.98,,,,,1.0,1.0
3465,8162-G02-015-731867-260505,8162_G02,C_731867,8162,XD_8162_OH_CLEVELAND.YZER,FM,Customer,REG,Yzer LLC,YZER,2026-05-05 23:59:59,015,0.0,0.0,0.0,0.0,0.0,0.0,,,1.0,,1.0,1.0
3466,8162-H06-010-151569-260505,8162_H06,C_151568,8162,XD_8162_OH_CLEVELAND.YZER,FM,Customer,REG,Yzer LLC,YZER,2026-05-05 23:59:59,010,0.0,0.0,0.0,0.0,0.0,0.0,,,1.0,,1.0,0.0
3467,Z-3583674,8163_H05,,8162,XD_8162_OH_CLEVELAND.YZER,RC,Route Chrg,REG,Yzer LLC,YZER,2026-05-11 23:59:59,000,,0.0,,,0.0,,7.0,25.0,7.0,25.0,1.0,1.0
3468,Z-3587678,8163_H06,,8162,XD_8162_OH_CLEVELAND.YZER,RC,Route Chrg,REG,Yzer LLC,YZER,2026-05-12 23:59:59,000,,0.0,,,0.0,,4.0,39.0,4.0,39.0,1.0,1.0
3469,8162-G03-030-724609-260505,8162_G03,C_724609,8162,XD_8162_OH_CLEVELAND.YZER,FM,Customer,REG,Yzer LLC,YZER,2026-05-05 23:59:59,030,0.0,0.0,0.0,0.0,0.0,0.0,,,1.0,,1.0,1.0
3470,Z-3559482,8162_G03,,8162,XD_8162_OH_CLEVELAND.YZER,RC,Route Chrg,REG,Yzer LLC,YZER,2026-05-01 23:59:59,000,365.57,0.0,365.57,338.0,15.74,11.83,,,,,1.0,1.0
3471,Z-3600196,8163_G06,,8162,XD_8162_OH_CLEVELAND.YZER,RC,Route Chrg,REG,Yzer LLC,YZER,2026-05-15 23:59:59,000,,0.0,,,0.0,,7.0,21.0,7.0,21.0,1.0,1.0
3472,Z-3620704,8163_G06,,8162,XD_8162_OH_CLEVELAND.YZER,RC,Route Chrg,REG,Yzer LLC,YZER,2026-05-22 23:59:59,000,,0.0,,,0.0,,7.0,19.0,7.0,19.0,1.0,1.0
3473,Z-3620747,8163_G09,,8162,XD_8162_OH_CLEVELAND.YZER,RC,Route Chrg,REG,Yzer LLC,YZER,2026-05-22 23:59:59,000,,0.0,,,0.0,,7.0,24.0,7.0,24.0,1.0,1.0
3474,Z-3603982,8163_HX5,,8162,XD_8162_OH_CLEVELAND.YZER,RC,Route Chrg,REG,Yzer LLC,YZER,2026-05-18 23:59:59,000,,0.0,,,0.0,,1.0,1.0,1.0,1.0,1.0,1.0
3475,Z-3608456,8163_G02,,8162,XD_8162_OH_CLEVELAND.YZER,RC,Route Chrg,REG,Yzer LLC,YZER,2026-05-19 23:59:59,000,,0.0,,,0.0,,4.0,169.0,4.0,169.0,1.0,1.0
3476,Z-3625963,8163_GX4,,8162,XD_8162_OH_CLEVELAND.YZER,RC,Route Chrg,REG,Yzer LLC,YZER,2026-05-26 23:59:59,000,0.0,0.0,0.0,0.0,0.0,0.0,,,,,1.0,1.0
3477,Z-3627474,8163_H04,,8162,XD_8162_OH_CLEVELAND.YZER,RC,Route Chrg,REG,Yzer LLC,YZER,2026-05-27 23:59:59,000,0.0,0.0,0.0,0.0,0.0,0.0,,,,,1.0,1.0
3478,8162-G03-010-256130-260528,8162_G03,C_223285,8162,XD_8162_OH_CLEVELAND.YZER,FM,Customer,REG,Yzer LLC,YZER,2026-05-28 23:59:59,010,0.0,0.0,0.0,0.0,0.0,0.0,,,1.0,,1.0,1.0
3479,8162-G05-001-441221-260526,8162_G05,C_441221,8162,XD_8162_OH_CLEVELAND.YZER,FM,Customer,REG,Yzer LLC,YZER,2026-05-26 23:59:59,001,0.0,0.0,0.0,0.0,0.0,0.0,,,1.0,,1.0,1.0
3480,8162-H06-035-419882-260529,8162_H06,C_815793,8162,XD_8162_OH_CLEVELAND.YZER,FM,Customer,REG,Yzer LLC,YZER,2026-05-29 23:59:59,035,0.0,0.0,0.0,0.0,0.0,0.0,,,1.0,,1.0,1.0
3481,8162-H03-005-160440-260527,8162_H03,C_160440,8162,XD_8162_OH_CLEVELAND.YZER,FM,Customer,REG,Yzer LLC,YZER,2026-05-27 23:59:59,005,0.0,0.0,0.0,0.0,0.0,0.0,,,1.0,,1.0,1.0
3482,8162-H02-020-134501-260529,8162_H02,C_134501,8162,XD_8162_OH_CLEVELAND.YZER,FM,Customer,REG,Yzer LLC,YZER,2026-05-29 23:59:59,020,0.0,0.0,0.0,0.0,0.0,0.0,,,1.0,,1.0,1.0
3483,8163-G04-010-833539-260528,8163_G04,C_833539,8162,XD_8162_OH_CLEVELAND.YZER,FM,Customer,REG,Yzer LLC,YZER,2026-05-28 23:59:59,010,0.0,0.0,0.0,0.0,0.0,0.0,,,1.0,,1.0,0.0
3484,8162-G09-058-753911-260527,8162_G09,C_753911,8162,XD_8162_OH_CLEVELAND.YZER,FM,Customer,REG,Yzer LLC,YZER,2026-05-27 23:59:59,058,0.0,0.0,0.0,0.0,0.0,0.0,,,1.0,,1.0,1.0
3485,8163-GX0-004-464241-260528,8163_GX0,C_464241,8162,XD_8162_OH_CLEVELAND.YZER,FM,Customer,REG,Yzer LLC,YZER,2026-05-28 23:59:59,004,0.0,0.0,0.0,0.0,0.0,0.0,,,1.0,,1.0,0.0
3486,8162-G09-001-289513-260528,8162_G09,C_289513,8162,XD_8162_OH_CLEVELAND.YZER,FM,Customer,REG,Yzer LLC,YZER,2026-05-28 23:59:59,001,0.0,0.0,0.0,0.0,0.0,0.0,,,1.0,,1.0,1.0
3487,8162-H06-020-245725-260528,8162_H06,C_717269,8162,XD_8162_OH_CLEVELAND.YZER,FM,Customer,REG,Yzer LLC,YZER,2026-05-28 23:59:59,020,0.0,0.0,0.0,0.0,0.0,0.0,,,1.0,,1.0,1.0
3488,8162-G04-005-679719-260529,8162_G04,C_712383,8162,XD_8162_OH_CLEVELAND.YZER,FM,Customer,REG,Yzer LLC,YZER,2026-05-29 23:59:59,005,0.0,0.0,0.0,0.0,0.0,0.0,,,1.0,,1.0,1.0
3489,8162-H06-005-893003-260528,8162_H06,C_905176,8162,XD_8162_OH_CLEVELAND.YZER,FM,Customer,REG,Yzer LLC,YZER,2026-05-28 23:59:59,005,0.0,0.0,0.0,0.0,0.0,0.0,,,1.0,,1.0,1.0
3490,8162-G05-007-905017-260528,8162_G05,C_208840,8162,XD_8162_OH_CLEVELAND.YZER,FM,Customer,REG,Yzer LLC,YZER,2026-05-28 23:59:59,007,0.0,0.0,0.0,0.0,0.0,0.0,,,1.0,,1.0,0.0
3491,8163-G04-006-712383-260527,8163_G04,C_712383,8162,XD_8162_OH_CLEVELAND.YZER,FM,Customer,REG,Yzer LLC,YZER,2026-05-27 23:59:59,006,0.0,0.0,0.0,0.0,0.0,0.0,,,1.0,,1.0,0.0
3492,8162-H01-050-362140-260527,8162_H01,C_362140,8162,XD_8162_OH_CLEVELAND.YZER,FM,Customer,REG,Yzer LLC,YZER,2026-05-27 23:59:59,050,0.0,0.0,0.0,0.0,0.0,0.0,,,1.0,,1.0,1.0
3493,8162-H04-005-050648-260529,8162_H04,C_435532,8162,XD_8162_OH_CLEVELAND.YZER,FM,Customer,REG,Yzer LLC,YZER,2026-05-29 23:59:59,005,0.0,0.0,0.0,0.0,0.0,0.0,,,1.0,,1.0,0.0
3494,8163-H06-020-431045-260526,8163_H06,C_717269,8162,XD_8162_OH_CLEVELAND.YZER,FM,Customer,REG,Yzer LLC,YZER,2026-05-26 23:59:59,020,0.0,0.0,0.0,0.0,0.0,0.0,,,1.0,,1.0,0.0
3495,8162-G05-006-224266-260526,8162_G05,C_061312,8162,XD_8162_OH_CLEVELAND.YZER,FM,Customer,REG,Yzer LLC,YZER,2026-05-26 23:59:59,006,0.0,0.0,0.0,0.0,0.0,0.0,,,1.0,,1.0,0.0
3496,8162-H05-025-253079-260527,8162_H05,C_253079,8162,XD_8162_OH_CLEVELAND.YZER,FM,Customer,REG,Yzer LLC,YZER,2026-05-27 23:59:59,025,0.0,0.0,0.0,0.0,0.0,0.0,,,1.0,,1.0,1.0
3497,8162-H06-020-431045-260528,8162_H06,C_717269,8162,XD_8162_OH_CLEVELAND.YZER,FM,Customer,REG,Yzer LLC,YZER,2026-05-28 23:59:59,020,0.0,0.0,0.0,0.0,0.0,0.0,,,1.0,,1.0,0.0
3498,8162-G03-025-969803-260529,8162_G03,C_296317,8162,XD_8162_OH_CLEVELAND.YZER,FM,Customer,REG,Yzer LLC,YZER,2026-05-29 23:59:59,025,0.0,0.0,0.0,0.0,0.0,0.0,,,1.0,,1.0,1.0
3499,Z-3592916,8163_H03,,8162,XD_8162_OH_CLEVELAND.YZER,RC,Route Chrg,REG,Yzer LLC,YZER,2026-05-13 23:59:59,000,0.0,0.0,0.0,0.0,0.0,0.0,,,,,1.0,1.0
3500,8162-H04-005-433761-260507,8162_H04,C_435532,8162,XD_8162_OH_CLEVELAND.YZER,FM,Customer,REG,Yzer LLC,YZER,2026-05-07 23:59:59,005,0.0,0.0,0.0,0.0,0.0,0.0,,,1.0,,1.0,1.0
3501,8162-G05-005-265408-260514,8162_G05,C_441221,8162,XD_8162_OH_CLEVELAND.YZER,FM,Customer,REG,Yzer LLC,YZER,2026-05-14 23:59:59,005,0.0,0.0,0.0,0.0,0.0,0.0,,,1.0,,1.0,0.0
3502,8162-H04-035-134185-260511,8162_H04,C_134185,8162,XD_8162_OH_CLEVELAND.YZER,FM,Customer,REG,Yzer LLC,YZER,2026-05-11 23:59:59,035,0.0,0.0,0.0,0.0,0.0,0.0,,,1.0,,1.0,1.0
3503,8162-G09-011-401833-260512,8162_G09,C_401833,8162,XD_8162_OH_CLEVELAND.YZER,FM,Customer,REG,Yzer LLC,YZER,2026-05-12 23:59:59,011,0.0,0.0,0.0,0.0,0.0,0.0,,,1.0,,1.0,1.0
3504,8162-H01-040-093505-260507,8162_H01,C_093505,8162,XD_8162_OH_CLEVELAND.YZER,FM,Customer,REG,Yzer LLC,YZER,2026-05-07 23:59:59,040,0.0,0.0,0.0,0.0,0.0,0.0,,,1.0,,1.0,0.0
3505,8163-G03-005-892996-260513,8163_G03,C_810447,8162,XD_8162_OH_CLEVELAND.YZER,FM,Customer,REG,Yzer LLC,YZER,2026-05-13 23:59:59,005,0.0,0.0,0.0,0.0,0.0,0.0,,,1.0,,1.0,0.0
3506,8162-G02-050-140655-260508,8162_G02,C_433278,8162,XD_8162_OH_CLEVELAND.YZER,FM,Customer,REG,Yzer LLC,YZER,2026-05-08 23:59:59,050,0.0,0.0,0.0,0.0,0.0,0.0,,,1.0,,1.0,0.0
3507,8162-G02-040-017375-260513,8162_G02,C_017375,8162,XD_8162_OH_CLEVELAND.YZER,FM,Customer,REG,Yzer LLC,YZER,2026-05-13 23:59:59,040,0.0,0.0,0.0,0.0,0.0,0.0,,,1.0,,1.0,0.0
3508,Z-3592618,8162_H02,,8162,XD_8162_OH_CLEVELAND.YZER,RC,Route Chrg,REG,Yzer LLC,YZER,2026-05-13 23:59:59,000,335.38,0.0,335.38,283.0,42.47,9.91,,,,,1.0,1.0
3509,8162-G05-007-314669-260506,8162_G05,C_208840,8162,XD_8162_OH_CLEVELAND.YZER,FM,Customer,REG,Yzer LLC,YZER,2026-05-06 23:59:59,007,0.0,0.0,0.0,0.0,0.0,0.0,,,1.0,,1.0,0.0
3510,8163-G03-005-892996-260514,8163_G03,C_810447,8162,XD_8162_OH_CLEVELAND.YZER,FM,Customer,REG,Yzer LLC,YZER,2026-05-14 23:59:59,005,0.0,0.0,0.0,0.0,0.0,0.0,,,1.0,,1.0,0.0
3511,8162-G05-030-246296-260512,8162_G05,C_610134,8162,XD_8162_OH_CLEVELAND.YZER,FM,Customer,REG,Yzer LLC,YZER,2026-05-12 23:59:59,030,0.0,0.0,0.0,0.0,0.0,0.0,,,1.0,,1.0,0.0
3512,8162-H01-035-865326-260511,8162_H01,C_865326,8162,XD_8162_OH_CLEVELAND.YZER,FM,Customer,REG,Yzer LLC,YZER,2026-05-11 23:59:59,035,0.0,0.0,0.0,0.0,0.0,0.0,,,1.0,,1.0,1.0
3513,8162-G05-030-246296-260513,8162_G05,C_610134,8162,XD_8162_OH_CLEVELAND.YZER,FM,Customer,REG,Yzer LLC,YZER,2026-05-13 23:59:59,030,0.0,0.0,0.0,0.0,0.0,0.0,,,1.0,,1.0,1.0
3514,8162-G01-005-050647-260508,8162_G01,C_436015,8162,XD_8162_OH_CLEVELAND.YZER,FM,Customer,REG,Yzer LLC,YZER,2026-05-08 23:59:59,005,0.0,0.0,0.0,0.0,0.0,0.0,,,1.0,,1.0,0.0
3515,8162-G06-010-151558-260515,8162_G06,C_151558,8162,XD_8162_OH_CLEVELAND.YZER,FM,Customer,REG,Yzer LLC,YZER,2026-05-15 23:59:59,010,0.0,0.0,0.0,0.0,0.0,0.0,,,1.0,,1.0,1.0
3516,8162-H01-015-444602-260515,8162_H01,C_444763,8162,XD_8162_OH_CLEVELAND.YZER,FM,Customer,REG,Yzer LLC,YZER,2026-05-15 23:59:59,015,0.0,0.0,0.0,0.0,0.0,0.0,,,1.0,,1.0,1.0
3517,8162-H06-005-893003-260515,8162_H06,C_905176,8162,XD_8162_OH_CLEVELAND.YZER,FM,Customer,REG,Yzer LLC,YZER,2026-05-15 23:59:59,005,0.0,0.0,0.0,0.0,0.0,0.0,,,1.0,,1.0,0.0
3518,8162-G09-001-424353-260515,8162_G09,C_289513,8162,XD_8162_OH_CLEVELAND.YZER,FM,Customer,REG,Yzer LLC,YZER,2026-05-15 23:59:59,001,0.0,0.0,0.0,0.0,0.0,0.0,,,1.0,,1.0,0.0
3519,8162-H06-035-419882-260518,8162_H06,C_815793,8162,XD_8162_OH_CLEVELAND.YZER,FM,Customer,REG,Yzer LLC,YZER,2026-05-18 23:59:59,035,0.0,0.0,0.0,0.0,0.0,0.0,,,1.0,,1.0,1.0
3520,8162-H04-040-350918-260515,8162_H04,C_350918,8162,XD_8162_OH_CLEVELAND.YZER,FM,Customer,REG,Yzer LLC,YZER,2026-05-15 23:59:59,040,0.0,0.0,0.0,0.0,0.0,0.0,,,1.0,,1.0,1.0
3521,8162-G05-002-219681-260515,8162_G05,C_219681,8162,XD_8162_OH_CLEVELAND.YZER,FM,Customer,REG,Yzer LLC,YZER,2026-05-15 23:59:59,002,0.0,0.0,0.0,0.0,0.0,0.0,,,1.0,,1.0,1.0
3522,8162-H01-010-446212-260518,8162_H01,C_446212,8162,XD_8162_OH_CLEVELAND.YZER,FM,Customer,REG,Yzer LLC,YZER,2026-05-18 23:59:59,010,0.0,0.0,0.0,0.0,0.0,0.0,,,1.0,,1.0,1.0
3523,8163-G06-010-151559-260518,8163_G06,C_151558,8162,XD_8162_OH_CLEVELAND.YZER,FM,Customer,REG,Yzer LLC,YZER,2026-05-18 23:59:59,010,0.0,0.0,0.0,0.0,0.0,0.0,,,1.0,,1.0,0.0
3524,8162-G07-020-235209-260515,8162_G07,C_235209,8162,XD_8162_OH_CLEVELAND.YZER,FM,Customer,REG,Yzer LLC,YZER,2026-05-15 23:59:59,020,0.0,0.0,0.0,0.0,0.0,0.0,,,1.0,,1.0,1.0
3525,8162-G04-035-444588-260518,8162_G04,C_444588,8162,XD_8162_OH_CLEVELAND.YZER,FM,Customer,REG,Yzer LLC,YZER,2026-05-18 23:59:59,035,0.0,0.0,0.0,0.0,0.0,0.0,,,1.0,,1.0,1.0
3526,8162-H04-045-603704-260515,8162_H04,C_603704,8162,XD_8162_OH_CLEVELAND.YZER,FM,Customer,REG,Yzer LLC,YZER,2026-05-15 23:59:59,045,0.0,0.0,0.0,0.0,0.0,0.0,,,1.0,,1.0,1.0
3527,8162-G05-002-642013-260518,8162_G05,C_219681,8162,XD_8162_OH_CLEVELAND.YZER,FM,Customer,REG,Yzer LLC,YZER,2026-05-18 23:59:59,002,0.0,0.0,0.0,0.0,0.0,0.0,,,1.0,,1.0,0.0
3528,8162-G05-005-221190-260518,8162_G05,C_441221,8162,XD_8162_OH_CLEVELAND.YZER,FM,Customer,REG,Yzer LLC,YZER,2026-05-18 23:59:59,005,0.0,0.0,0.0,0.0,0.0,0.0,,,1.0,,1.0,0.0
3529,8162-G03-035-777727-260518,8162_G03,C_777727,8162,XD_8162_OH_CLEVELAND.YZER,FM,Customer,REG,Yzer LLC,YZER,2026-05-18 23:59:59,035,0.0,0.0,0.0,0.0,0.0,0.0,,,1.0,,1.0,1.0
3530,8162-G02-015-038361-260515,8162_G02,C_731867,8162,XD_8162_OH_CLEVELAND.YZER,FM,Customer,REG,Yzer LLC,YZER,2026-05-15 23:59:59,015,0.0,0.0,0.0,0.0,0.0,0.0,,,1.0,,1.0,0.0
3531,8162-H06-015-173366-260507,8162_H06,C_433600,8162,XD_8162_OH_CLEVELAND.YZER,FM,Customer,REG,Yzer LLC,YZER,2026-05-07 23:59:59,015,0.0,0.0,0.0,0.0,0.0,0.0,,,1.0,,1.0,0.0
3532,Z-3583585,8162_G01,,8162,XD_8162_OH_CLEVELAND.YZER,RC,Route Chrg,REG,Yzer LLC,YZER,2026-05-11 23:59:59,000,254.71,0.0,254.71,230.0,16.66,8.05,,,,,1.0,1.0
3533,8162-GX0-004-960596-260506,8162_GX0,C_464241,8162,XD_8162_OH_CLEVELAND.YZER,FM,Customer,REG,Yzer LLC,YZER,2026-05-06 23:59:59,004,0.0,0.0,0.0,0.0,0.0,0.0,,,1.0,,1.0,0.0
3534,8162-H03-005-160440-260511,8162_H03,C_160440,8162,XD_8162_OH_CLEVELAND.YZER,FM,Customer,REG,Yzer LLC,YZER,2026-05-11 23:59:59,005,0.0,0.0,0.0,0.0,0.0,0.0,,,1.0,,1.0,1.0
3535,8162-G03-010-256130-260514,8162_G03,C_223285,8162,XD_8162_OH_CLEVELAND.YZER,FM,Customer,REG,Yzer LLC,YZER,2026-05-14 23:59:59,010,0.0,0.0,0.0,0.0,0.0,0.0,,,1.0,,1.0,1.0
3536,8162-G02-015-038361-260511,8162_G02,C_731867,8162,XD_8162_OH_CLEVELAND.YZER,FM,Customer,REG,Yzer LLC,YZER,2026-05-11 23:59:59,015,0.0,0.0,0.0,0.0,0.0,0.0,,,1.0,,1.0,0.0
3537,8162-H05-025-253079-260507,8162_H05,C_253079,8162,XD_8162_OH_CLEVELAND.YZER,FM,Customer,REG,Yzer LLC,YZER,2026-05-07 23:59:59,025,0.0,0.0,0.0,0.0,0.0,0.0,,,1.0,,1.0,1.0
3538,Z-3587529,8162_G07,,8162,XD_8162_OH_CLEVELAND.YZER,RC,Route Chrg,REG,Yzer LLC,YZER,2026-05-12 23:59:59,000,304.55,0.0,304.55,275.0,19.92,9.63,,,,,1.0,1.0
3539,8162-H06-010-151569-260511,8162_H06,C_151568,8162,XD_8162_OH_CLEVELAND.YZER,FM,Customer,REG,Yzer LLC,YZER,2026-05-11 23:59:59,010,0.0,0.0,0.0,0.0,0.0,0.0,,,1.0,,1.0,0.0
3540,8162-G04-006-839466-260506,8162_G04,C_712383,8162,XD_8162_OH_CLEVELAND.YZER,FM,Customer,REG,Yzer LLC,YZER,2026-05-06 23:59:59,006,0.0,0.0,0.0,0.0,0.0,0.0,,,1.0,,1.0,0.0
3541,8163-G07-005-589418-260508,8163_G07,C_599132,8162,XD_8162_OH_CLEVELAND.YZER,FM,Customer,REG,Yzer LLC,YZER,2026-05-08 23:59:59,005,0.0,0.0,0.0,0.0,0.0,0.0,,,1.0,,1.0,0.0
3542,8162-G02-040-017375-260511,8162_G02,C_017375,8162,XD_8162_OH_CLEVELAND.YZER,FM,Customer,REG,Yzer LLC,YZER,2026-05-11 23:59:59,040,0.0,0.0,0.0,0.0,0.0,0.0,,,1.0,,1.0,0.0
3543,Z-3587694,8162_GX0,,8162,XD_8162_OH_CLEVELAND.YZER,RC,Route Chrg,REG,Yzer LLC,YZER,2026-05-12 23:59:59,000,0.0,0.0,0.0,0.0,0.0,0.0,,,,,1.0,1.0
3544,8162-H06-010-151572-260508,8162_H06,C_151568,8162,XD_8162_OH_CLEVELAND.YZER,FM,Customer,REG,Yzer LLC,YZER,2026-05-08 23:59:59,010,0.0,0.0,0.0,0.0,0.0,0.0,,,1.0,,1.0,0.0
3545,8162-G03-035-777727-260512,8162_G03,C_777727,8162,XD_8162_OH_CLEVELAND.YZER,FM,Customer,REG,Yzer LLC,YZER,2026-05-12 23:59:59,035,0.0,0.0,0.0,0.0,0.0,0.0,,,1.0,,1.0,1.0
3546,8162-G07-005-245872-260513,8162_G07,C_599132,8162,XD_8162_OH_CLEVELAND.YZER,FM,Customer,REG,Yzer LLC,YZER,2026-05-13 23:59:59,005,0.0,0.0,0.0,0.0,0.0,0.0,,,1.0,,1.0,0.0
3547,8162-G09-028-093545-260519,8162_G09,C_093545,8162,XD_8162_OH_CLEVELAND.YZER,FM,Customer,REG,Yzer LLC,YZER,2026-05-19 23:59:59,028,0.0,0.0,0.0,0.0,0.0,0.0,,,1.0,,1.0,1.0
3548,8162-G05-045-245718-260519,8162_G05,C_245718,8162,XD_8162_OH_CLEVELAND.YZER,FM,Customer,REG,Yzer LLC,YZER,2026-05-19 23:59:59,045,0.0,0.0,0.0,0.0,0.0,0.0,,,1.0,,1.0,1.0
3549,8162-G03-037-426990-260519,8162_G03,C_521590,8162,XD_8162_OH_CLEVELAND.YZER,FM,Customer,REG,Yzer LLC,YZER,2026-05-19 23:59:59,037,0.0,0.0,0.0,0.0,0.0,0.0,,,1.0,,1.0,1.0
3550,8162-H06-015-415508-260514,8162_H06,C_433600,8162,XD_8162_OH_CLEVELAND.YZER,FM,Customer,REG,Yzer LLC,YZER,2026-05-14 23:59:59,015,0.0,0.0,0.0,0.0,0.0,0.0,,,1.0,,1.0,1.0
3551,8162-G03-015-584757-260519,8162_G03,C_864840,8162,XD_8162_OH_CLEVELAND.YZER,FM,Customer,REG,Yzer LLC,YZER,2026-05-19 23:59:59,015,0.0,0.0,0.0,0.0,0.0,0.0,,,1.0,,1.0,0.0
3552,Z-3603707,8162_H06,,8162,XD_8162_OH_CLEVELAND.YZER,RC,Route Chrg,REG,Yzer LLC,YZER,2026-05-18 23:59:59,000,278.5,0.0,278.5,235.0,35.27,8.23,,,,,1.0,1.0
3553,8162-G09-001-424353-260514,8162_G09,C_289513,8162,XD_8162_OH_CLEVELAND.YZER,FM,Customer,REG,Yzer LLC,YZER,2026-05-14 23:59:59,001,0.0,0.0,0.0,0.0,0.0,0.0,,,1.0,,1.0,0.0
3554,8162-H03-015-133964-260519,8162_H03,C_133964,8162,XD_8162_OH_CLEVELAND.YZER,FM,Customer,REG,Yzer LLC,YZER,2026-05-19 23:59:59,015,0.0,0.0,0.0,0.0,0.0,0.0,,,1.0,,1.0,1.0
3555,8162-H03-045-664113-260519,8162_H03,C_664113,8162,XD_8162_OH_CLEVELAND.YZER,FM,Customer,REG,Yzer LLC,YZER,2026-05-19 23:59:59,045,0.0,0.0,0.0,0.0,0.0,0.0,,,1.0,,1.0,1.0
3556,8162-G05-045-237260-260519,8162_G05,C_245718,8162,XD_8162_OH_CLEVELAND.YZER,FM,Customer,REG,Yzer LLC,YZER,2026-05-19 23:59:59,045,0.0,0.0,0.0,0.0,0.0,0.0,,,1.0,,1.0,0.0
3557,8162-H04-030-326949-260504,8162_H04,C_993260,8162,XD_8162_OH_CLEVELAND.YZER,FM,Customer,REG,Yzer LLC,YZER,2026-05-04 23:59:59,030,0.0,0.0,0.0,0.0,0.0,0.0,,,1.0,,1.0,1.0
3558,8162-G06-015-151562-260504,8162_G06,C_065363,8162,XD_8162_OH_CLEVELAND.YZER,FM,Customer,REG,Yzer LLC,YZER,2026-05-04 23:59:59,015,0.0,0.0,0.0,0.0,0.0,0.0,,,1.0,,1.0,0.0
3559,8162-G03-010-256130-260505,8162_G03,C_223285,8162,XD_8162_OH_CLEVELAND.YZER,FM,Customer,REG,Yzer LLC,YZER,2026-05-05 23:59:59,010,0.0,0.0,0.0,0.0,0.0,0.0,,,1.0,,1.0,0.0
3560,Z-3562975,8162_H05,,8162,XD_8162_OH_CLEVELAND.YZER,RC,Route Chrg,REG,Yzer LLC,YZER,2026-05-04 23:59:59,000,289.51,0.0,289.51,252.0,28.69,8.82,,,,,1.0,1.0
3561,Z-3587855,8163_G02,,8162,XD_8162_OH_CLEVELAND.YZER,RC,Route Chrg,REG,Yzer LLC,YZER,2026-05-12 23:59:59,000,,0.0,,,0.0,,8.0,91.0,8.0,91.0,1.0,1.0
3562,8162-H01-010-446212-260505,8162_H01,C_446212,8162,XD_8162_OH_CLEVELAND.YZER,FM,Customer,REG,Yzer LLC,YZER,2026-05-05 23:59:59,010,0.0,0.0,0.0,0.0,0.0,0.0,,,1.0,,1.0,1.0
3563,Z-3587674,8163_H01,,8162,XD_8162_OH_CLEVELAND.YZER,RC,Route Chrg,REG,Yzer LLC,YZER,2026-05-12 23:59:59,000,,0.0,,,0.0,,7.0,17.0,7.0,17.0,1.0,1.0
3564,Z-3592911,8163_G05,,8162,XD_8162_OH_CLEVELAND.YZER,RC,Route Chrg,REG,Yzer LLC,YZER,2026-05-13 23:59:59,000,,0.0,,,0.0,,8.0,19.0,8.0,19.0,1.0,1.0
3565,Z-3593269,8163_G06,,8162,XD_8162_OH_CLEVELAND.YZER,RC,Route Chrg,REG,Yzer LLC,YZER,2026-05-13 23:59:59,000,,0.0,,,0.0,,7.0,14.0,7.0,14.0,1.0,1.0
3566,Z-3595481,8162_HX5,,8162,XD_8162_OH_CLEVELAND.YZER,RC,Route Chrg,REG,Yzer LLC,YZER,2026-05-14 23:59:59,000,,0.0,,,0.0,,1.0,4.0,1.0,4.0,1.0,1.0
3567,Z-3608680,8163_G06,,8162,XD_8162_OH_CLEVELAND.YZER,RC,Route Chrg,REG,Yzer LLC,YZER,2026-05-19 23:59:59,000,,0.0,,,0.0,,6.0,11.0,6.0,11.0,1.0,1.0
3568,Z-3627888,8163_G06,,8162,XD_8162_OH_CLEVELAND.YZER,RC,Route Chrg,REG,Yzer LLC,YZER,2026-05-27 23:59:59,000,0.0,0.0,0.0,0.0,0.0,0.0,,,,,1.0,1.0
3569,8162-G05-007-208840-260529,8162_G05,C_208840,8162,XD_8162_OH_CLEVELAND.YZER,FM,Customer,REG,Yzer LLC,YZER,2026-05-29 23:59:59,007,0.0,0.0,0.0,0.0,0.0,0.0,,,1.0,,1.0,1.0
3570,8162-G04-010-875777-260528,8162_G04,C_833539,8162,XD_8162_OH_CLEVELAND.YZER,FM,Customer,REG,Yzer LLC,YZER,2026-05-28 23:59:59,010,0.0,0.0,0.0,0.0,0.0,0.0,,,1.0,,1.0,0.0
3571,8162-G07-005-589418-260527,8162_G07,C_599132,8162,XD_8162_OH_CLEVELAND.YZER,FM,Customer,REG,Yzer LLC,YZER,2026-05-27 23:59:59,005,0.0,0.0,0.0,0.0,0.0,0.0,,,1.0,,1.0,0.0
3572,8162-H06-020-431206-260527,8162_H06,C_717269,8162,XD_8162_OH_CLEVELAND.YZER,FM,Customer,REG,Yzer LLC,YZER,2026-05-27 23:59:59,020,0.0,0.0,0.0,0.0,0.0,0.0,,,1.0,,1.0,0.0
3573,8162-H05-025-253079-260529,8162_H05,C_253079,8162,XD_8162_OH_CLEVELAND.YZER,FM,Customer,REG,Yzer LLC,YZER,2026-05-29 23:59:59,025,0.0,0.0,0.0,0.0,0.0,0.0,,,1.0,,1.0,1.0
3574,8163-G07-005-589418-260528,8163_G07,C_599132,8162,XD_8162_OH_CLEVELAND.YZER,FM,Customer,REG,Yzer LLC,YZER,2026-05-28 23:59:59,005,0.0,0.0,0.0,0.0,0.0,0.0,,,1.0,,1.0,0.0
3575,8162-H05-005-224273-260527,8162_H05,C_224273,8162,XD_8162_OH_CLEVELAND.YZER,FM,Customer,REG,Yzer LLC,YZER,2026-05-27 23:59:59,005,0.0,0.0,0.0,0.0,0.0,0.0,,,1.0,,1.0,1.0
3576,8163-G03-005-723011-260527,8163_G03,C_810447,8162,XD_8162_OH_CLEVELAND.YZER,FM,Customer,REG,Yzer LLC,YZER,2026-05-27 23:59:59,005,0.0,0.0,0.0,0.0,0.0,0.0,,,1.0,,1.0,0.0
3577,8162-G01-015-273236-260528,8162_G01,C_273236,8162,XD_8162_OH_CLEVELAND.YZER,FM,Customer,REG,Yzer LLC,YZER,2026-05-28 23:59:59,015,0.0,0.0,0.0,0.0,0.0,0.0,,,1.0,,1.0,1.0
3578,8162-G02-020-598488-260526,8162_G02,C_598488,8162,XD_8162_OH_CLEVELAND.YZER,FM,Customer,REG,Yzer LLC,YZER,2026-05-26 23:59:59,020,0.0,0.0,0.0,0.0,0.0,0.0,,,1.0,,1.0,0.0
3579,8163-G04-005-814672-260526,8163_G04,C_712383,8162,XD_8162_OH_CLEVELAND.YZER,FM,Customer,REG,Yzer LLC,YZER,2026-05-26 23:59:59,005,0.0,0.0,0.0,0.0,0.0,0.0,,,1.0,,1.0,0.0
3580,8162-G07-005-893022-260529,8162_G07,C_599132,8162,XD_8162_OH_CLEVELAND.YZER,FM,Customer,REG,Yzer LLC,YZER,2026-05-29 23:59:59,005,0.0,0.0,0.0,0.0,0.0,0.0,,,1.0,,1.0,0.0
3581,8162-G02-020-198160-260527,8162_G02,C_598488,8162,XD_8162_OH_CLEVELAND.YZER,FM,Customer,REG,Yzer LLC,YZER,2026-05-27 23:59:59,020,0.0,0.0,0.0,0.0,0.0,0.0,,,1.0,,1.0,0.0
3582,8162-G05-035-414946-260526,8162_G05,C_414946,8162,XD_8162_OH_CLEVELAND.YZER,FM,Customer,REG,Yzer LLC,YZER,2026-05-26 23:59:59,035,0.0,0.0,0.0,0.0,0.0,0.0,,,1.0,,1.0,1.0
3583,8162-H06-015-631172-260527,8162_H06,C_433600,8162,XD_8162_OH_CLEVELAND.YZER,FM,Customer,REG,Yzer LLC,YZER,2026-05-27 23:59:59,015,0.0,0.0,0.0,0.0,0.0,0.0,,,1.0,,1.0,0.0
3584,8163-G07-005-599132-260527,8163_G07,C_599132,8162,XD_8162_OH_CLEVELAND.YZER,FM,Customer,REG,Yzer LLC,YZER,2026-05-27 23:59:59,005,0.0,0.0,0.0,0.0,0.0,0.0,,,1.0,,1.0,0.0
3585,8162-H04-020-274850-260527,8162_H04,C_274850,8162,XD_8162_OH_CLEVELAND.YZER,FM,Customer,REG,Yzer LLC,YZER,2026-05-27 23:59:59,020,0.0,0.0,0.0,0.0,0.0,0.0,,,1.0,,1.0,1.0
3586,Z-3632080,8162_G01,,8162,XD_8162_OH_CLEVELAND.YZER,RC,Route Chrg,REG,Yzer LLC,YZER,2026-05-28 23:59:59,000,254.71,0.0,254.71,230.0,16.66,8.05,,,,,1.0,1.0
3587,8162-H06-015-631172-260528,8162_H06,C_433600,8162,XD_8162_OH_CLEVELAND.YZER,FM,Customer,REG,Yzer LLC,YZER,2026-05-28 23:59:59,015,0.0,0.0,0.0,0.0,0.0,0.0,,,1.0,,1.0,0.0
3588,8162-GX0-004-960596-260529,8162_GX0,C_464241,8162,XD_8162_OH_CLEVELAND.YZER,FM,Customer,REG,Yzer LLC,YZER,2026-05-29 23:59:59,004,0.0,0.0,0.0,0.0,0.0,0.0,,,1.0,,1.0,0.0
3589,8162-G02-045-209162-260527,8162_G02,C_209162,8162,XD_8162_OH_CLEVELAND.YZER,FM,Customer,REG,Yzer LLC,YZER,2026-05-27 23:59:59,045,0.0,0.0,0.0,0.0,0.0,0.0,,,1.0,,1.0,0.0
3590,8162-G04-045-443911-260529,8162_G04,C_443911,8162,XD_8162_OH_CLEVELAND.YZER,FM,Customer,REG,Yzer LLC,YZER,2026-05-29 23:59:59,045,0.0,0.0,0.0,0.0,0.0,0.0,,,1.0,,1.0,1.0
3591,8162-G07-005-599132-260514,8162_G07,C_599132,8162,XD_8162_OH_CLEVELAND.YZER,FM,Customer,REG,Yzer LLC,YZER,2026-05-14 23:59:59,005,0.0,0.0,0.0,0.0,0.0,0.0,,,1.0,,1.0,1.0
3592,8162-H06-010-151572-260512,8162_H06,C_151568,8162,XD_8162_OH_CLEVELAND.YZER,FM,Customer,REG,Yzer LLC,YZER,2026-05-12 23:59:59,010,0.0,0.0,0.0,0.0,0.0,0.0,,,1.0,,1.0,0.0
3593,8162-G09-035-905119-260513,8162_G09,C_905119,8162,XD_8162_OH_CLEVELAND.YZER,FM,Customer,REG,Yzer LLC,YZER,2026-05-13 23:59:59,035,0.0,0.0,0.0,0.0,0.0,0.0,,,1.0,,1.0,1.0
3594,8162-H04-005-893019-260511,8162_H04,C_435532,8162,XD_8162_OH_CLEVELAND.YZER,FM,Customer,REG,Yzer LLC,YZER,2026-05-11 23:59:59,005,0.0,0.0,0.0,0.0,0.0,0.0,,,1.0,,1.0,0.0
3595,8163-GX0-004-960596-260513,8163_GX0,C_464241,8162,XD_8162_OH_CLEVELAND.YZER,FM,Customer,REG,Yzer LLC,YZER,2026-05-13 23:59:59,004,0.0,0.0,0.0,0.0,0.0,0.0,,,1.0,,1.0,0.0
3596,8162-G04-006-839466-260513,8162_G04,C_712383,8162,XD_8162_OH_CLEVELAND.YZER,FM,Customer,REG,Yzer LLC,YZER,2026-05-13 23:59:59,006,0.0,0.0,0.0,0.0,0.0,0.0,,,1.0,,1.0,0.0
3597,Z-3570839,8162_G02,,8162,XD_8162_OH_CLEVELAND.YZER,RC,Route Chrg,REG,Yzer LLC,YZER,2026-05-06 23:59:59,000,442.47,0.0,442.47,375.0,54.34,13.13,,,,,1.0,1.0
3598,Z-3595625,8162_G01,,8162,XD_8162_OH_CLEVELAND.YZER,RC,Route Chrg,REG,Yzer LLC,YZER,2026-05-14 23:59:59,000,255.9,0.0,255.9,230.0,17.85,8.05,,,,,1.0,1.0
3599,8162-G03-015-864840-260512,8162_G03,C_864840,8162,XD_8162_OH_CLEVELAND.YZER,FM,Customer,REG,Yzer LLC,YZER,2026-05-12 23:59:59,015,0.0,0.0,0.0,0.0,0.0,0.0,,,1.0,,1.0,0.0
3600,8162-G05-045-245718-260507,8162_G05,C_245718,8162,XD_8162_OH_CLEVELAND.YZER,FM,Customer,REG,Yzer LLC,YZER,2026-05-07 23:59:59,045,0.0,0.0,0.0,0.0,0.0,0.0,,,1.0,,1.0,0.0
3601,8162-G06-025-289522-260508,8162_G06,C_289522,8162,XD_8162_OH_CLEVELAND.YZER,FM,Customer,REG,Yzer LLC,YZER,2026-05-08 23:59:59,025,0.0,0.0,0.0,0.0,0.0,0.0,,,1.0,,1.0,1.0
3602,8162-H04-005-893019-260506,8162_H04,C_435532,8162,XD_8162_OH_CLEVELAND.YZER,FM,Customer,REG,Yzer LLC,YZER,2026-05-06 23:59:59,005,0.0,0.0,0.0,0.0,0.0,0.0,,,1.0,,1.0,0.0
3603,8162-G06-015-719738-260514,8162_G06,C_065363,8162,XD_8162_OH_CLEVELAND.YZER,FM,Customer,REG,Yzer LLC,YZER,2026-05-14 23:59:59,015,0.0,0.0,0.0,0.0,0.0,0.0,,,1.0,,1.0,0.0
3604,8162-G02-045-209162-260508,8162_G02,C_209162,8162,XD_8162_OH_CLEVELAND.YZER,FM,Customer,REG,Yzer LLC,YZER,2026-05-08 23:59:59,045,0.0,0.0,0.0,0.0,0.0,0.0,,,1.0,,1.0,0.0
3605,8162-G02-045-209162-260518,8162_G02,C_209162,8162,XD_8162_OH_CLEVELAND.YZER,FM,Customer,REG,Yzer LLC,YZER,2026-05-18 23:59:59,045,0.0,0.0,0.0,0.0,0.0,0.0,,,1.0,,1.0,0.0
3606,8162-H04-035-134185-260518,8162_H04,C_134185,8162,XD_8162_OH_CLEVELAND.YZER,FM,Customer,REG,Yzer LLC,YZER,2026-05-18 23:59:59,035,0.0,0.0,0.0,0.0,0.0,0.0,,,1.0,,1.0,1.0
3607,8162-H02-035-340423-260518,8162_H02,C_340423,8162,XD_8162_OH_CLEVELAND.YZER,FM,Customer,REG,Yzer LLC,YZER,2026-05-18 23:59:59,035,0.0,0.0,0.0,0.0,0.0,0.0,,,1.0,,1.0,1.0
3608,8163-G04-006-712383-260518,8163_G04,C_712383,8162,XD_8162_OH_CLEVELAND.YZER,FM,Customer,REG,Yzer LLC,YZER,2026-05-18 23:59:59,006,0.0,0.0,0.0,0.0,0.0,0.0,,,1.0,,1.0,0.0
3609,8162-G07-025-955410-260515,8162_G07,C_955410,8162,XD_8162_OH_CLEVELAND.YZER,FM,Customer,REG,Yzer LLC,YZER,2026-05-15 23:59:59,025,0.0,0.0,0.0,0.0,0.0,0.0,,,1.0,,1.0,1.0
3610,8162-G05-007-314669-260518,8162_G05,C_208840,8162,XD_8162_OH_CLEVELAND.YZER,FM,Customer,REG,Yzer LLC,YZER,2026-05-18 23:59:59,007,0.0,0.0,0.0,0.0,0.0,0.0,,,1.0,,1.0,1.0
3611,8162-G05-006-224266-260518,8162_G05,C_061312,8162,XD_8162_OH_CLEVELAND.YZER,FM,Customer,REG,Yzer LLC,YZER,2026-05-18 23:59:59,006,0.0,0.0,0.0,0.0,0.0,0.0,,,1.0,,1.0,1.0
3612,8162-H04-005-893019-260518,8162_H04,C_435532,8162,XD_8162_OH_CLEVELAND.YZER,FM,Customer,REG,Yzer LLC,YZER,2026-05-18 23:59:59,005,0.0,0.0,0.0,0.0,0.0,0.0,,,1.0,,1.0,0.0
3613,8162-H06-010-151574-260515,8162_H06,C_151568,8162,XD_8162_OH_CLEVELAND.YZER,FM,Customer,REG,Yzer LLC,YZER,2026-05-15 23:59:59,010,0.0,0.0,0.0,0.0,0.0,0.0,,,1.0,,1.0,0.0
3614,8162-G04-006-839466-260515,8162_G04,C_712383,8162,XD_8162_OH_CLEVELAND.YZER,FM,Customer,REG,Yzer LLC,YZER,2026-05-15 23:59:59,006,0.0,0.0,0.0,0.0,0.0,0.0,,,1.0,,1.0,0.0
3615,8163-G02-015-038361-260518,8163_G02,C_731867,8162,XD_8162_OH_CLEVELAND.YZER,FM,Customer,REG,Yzer LLC,YZER,2026-05-18 23:59:59,015,0.0,0.0,0.0,0.0,0.0,0.0,,,1.0,,1.0,0.0
3616,8162-H06-010-151572-260515,8162_H06,C_151568,8162,XD_8162_OH_CLEVELAND.YZER,FM,Customer,REG,Yzer LLC,YZER,2026-05-15 23:59:59,010,0.0,0.0,0.0,0.0,0.0,0.0,,,1.0,,1.0,0.0
3617,8162-H01-015-444602-260518,8162_H01,C_444763,8162,XD_8162_OH_CLEVELAND.YZER,FM,Customer,REG,Yzer LLC,YZER,2026-05-18 23:59:59,015,0.0,0.0,0.0,0.0,0.0,0.0,,,1.0,,1.0,0.0
3618,8162-G07-010-134526-260515,8162_G07,C_134526,8162,XD_8162_OH_CLEVELAND.YZER,FM,Customer,REG,Yzer LLC,YZER,2026-05-15 23:59:59,010,0.0,0.0,0.0,0.0,0.0,0.0,,,1.0,,1.0,1.0
3619,8162-G09-028-093545-260515,8162_G09,C_093545,8162,XD_8162_OH_CLEVELAND.YZER,FM,Customer,REG,Yzer LLC,YZER,2026-05-15 23:59:59,028,0.0,0.0,0.0,0.0,0.0,0.0,,,1.0,,1.0,1.0
3620,8162-G02-045-209162-260519,8162_G02,C_209162,8162,XD_8162_OH_CLEVELAND.YZER,FM,Customer,REG,Yzer LLC,YZER,2026-05-19 23:59:59,045,0.0,0.0,0.0,0.0,0.0,0.0,,,1.0,,1.0,1.0
3621,8162-H05-060-446021-260513,8162_H05,C_446021,8162,XD_8162_OH_CLEVELAND.YZER,FM,Customer,REG,Yzer LLC,YZER,2026-05-13 23:59:59,060,0.0,0.0,0.0,0.0,0.0,0.0,,,1.0,,1.0,1.0
3622,8162-G04-045-443911-260512,8162_G04,C_443911,8162,XD_8162_OH_CLEVELAND.YZER,FM,Customer,REG,Yzer LLC,YZER,2026-05-12 23:59:59,045,0.0,0.0,0.0,0.0,0.0,0.0,,,1.0,,1.0,1.0
3623,8162-G03-025-969803-260520,8162_G03,C_296317,8162,XD_8162_OH_CLEVELAND.YZER,FM,Customer,REG,Yzer LLC,YZER,2026-05-20 23:59:59,025,0.0,0.0,0.0,0.0,0.0,0.0,,,1.0,,1.0,1.0
3624,8162-G01-005-436015-260513,8162_G01,C_436015,8162,XD_8162_OH_CLEVELAND.YZER,FM,Customer,REG,Yzer LLC,YZER,2026-05-13 23:59:59,005,0.0,0.0,0.0,0.0,0.0,0.0,,,1.0,,1.0,0.0
3625,8162-H06-005-893003-260508,8162_H06,C_905176,8162,XD_8162_OH_CLEVELAND.YZER,FM,Customer,REG,Yzer LLC,YZER,2026-05-08 23:59:59,005,0.0,0.0,0.0,0.0,0.0,0.0,,,1.0,,1.0,1.0
3626,8162-G09-001-424353-260513,8162_G09,C_289513,8162,XD_8162_OH_CLEVELAND.YZER,FM,Customer,REG,Yzer LLC,YZER,2026-05-13 23:59:59,001,0.0,0.0,0.0,0.0,0.0,0.0,,,1.0,,1.0,0.0
3627,8162-G07-005-034802-260521,8162_G07,C_599132,8162,XD_8162_OH_CLEVELAND.YZER,FM,Customer,REG,Yzer LLC,YZER,2026-05-21 23:59:59,005,0.0,0.0,0.0,0.0,0.0,0.0,,,1.0,,1.0,0.0
3628,Z-3583465,8162_G06,,8162,XD_8162_OH_CLEVELAND.YZER,RC,Route Chrg,REG,Yzer LLC,YZER,2026-05-11 23:59:59,000,382.08,0.0,382.08,345.0,25.0,12.08,,,,,1.0,1.0
3629,8162-H04-040-350918-260521,8162_H04,C_350918,8162,XD_8162_OH_CLEVELAND.YZER,FM,Customer,REG,Yzer LLC,YZER,2026-05-21 23:59:59,040,0.0,0.0,0.0,0.0,0.0,0.0,,,1.0,,1.0,1.0
3630,8162-H04-010-146265-260521,8162_H04,C_146265,8162,XD_8162_OH_CLEVELAND.YZER,FM,Customer,REG,Yzer LLC,YZER,2026-05-21 23:59:59,010,0.0,0.0,0.0,0.0,0.0,0.0,,,1.0,,1.0,1.0
3631,8162-H05-025-253079-260521,8162_H05,C_253079,8162,XD_8162_OH_CLEVELAND.YZER,FM,Customer,REG,Yzer LLC,YZER,2026-05-21 23:59:59,025,0.0,0.0,0.0,0.0,0.0,0.0,,,1.0,,1.0,1.0
3632,8162-G04-030-523596-260508,8162_G04,C_551579,8162,XD_8162_OH_CLEVELAND.YZER,FM,Customer,REG,Yzer LLC,YZER,2026-05-08 23:59:59,030,0.0,0.0,0.0,0.0,0.0,0.0,,,1.0,,1.0,1.0
3633,8163-G02-045-209162-260508,8163_G02,C_209162,8162,XD_8162_OH_CLEVELAND.YZER,FM,Customer,REG,Yzer LLC,YZER,2026-05-08 23:59:59,045,0.0,0.0,0.0,0.0,0.0,0.0,,,1.0,,1.0,0.0
3634,8162-G07-055-096254-260521,8162_G07,C_096254,8162,XD_8162_OH_CLEVELAND.YZER,FM,Customer,REG,Yzer LLC,YZER,2026-05-21 23:59:59,055,0.0,0.0,0.0,0.0,0.0,0.0,,,1.0,,1.0,1.0
3635,8162-G01-005-718289-260507,8162_G01,C_436015,8162,XD_8162_OH_CLEVELAND.YZER,FM,Customer,REG,Yzer LLC,YZER,2026-05-07 23:59:59,005,0.0,0.0,0.0,0.0,0.0,0.0,,,1.0,,1.0,0.0
3636,8163-G01-020-443013-260507,8163_G01,C_890860,8162,XD_8162_OH_CLEVELAND.YZER,FM,Customer,REG,Yzer LLC,YZER,2026-05-07 23:59:59,020,0.0,0.0,0.0,0.0,0.0,0.0,,,1.0,,1.0,0.0
3637,8162-H06-015-285194-260521,8162_H06,C_433600,8162,XD_8162_OH_CLEVELAND.YZER,FM,Customer,REG,Yzer LLC,YZER,2026-05-21 23:59:59,015,0.0,0.0,0.0,0.0,0.0,0.0,,,1.0,,1.0,0.0
3638,8162-G03-010-256130-260521,8162_G03,C_223285,8162,XD_8162_OH_CLEVELAND.YZER,FM,Customer,REG,Yzer LLC,YZER,2026-05-21 23:59:59,010,0.0,0.0,0.0,0.0,0.0,0.0,,,1.0,,1.0,1.0
3639,Z-3613005,8162_G06,,8162,XD_8162_OH_CLEVELAND.YZER,RC,Route Chrg,REG,Yzer LLC,YZER,2026-05-20 23:59:59,000,382.08,0.0,382.08,345.0,25.0,12.08,,,,,1.0,1.0
3640,8162-G01-025-371496-260511,8162_G01,C_371496,8162,XD_8162_OH_CLEVELAND.YZER,FM,Customer,REG,Yzer LLC,YZER,2026-05-11 23:59:59,025,0.0,0.0,0.0,0.0,0.0,0.0,,,1.0,,1.0,1.0
3641,8162-H04-005-433761-260511,8162_H04,C_435532,8162,XD_8162_OH_CLEVELAND.YZER,FM,Customer,REG,Yzer LLC,YZER,2026-05-11 23:59:59,005,0.0,0.0,0.0,0.0,0.0,0.0,,,1.0,,1.0,0.0
3642,8163-G02-005-071322-260512,8163_G02,C_713914,8162,XD_8162_OH_CLEVELAND.YZER,FM,Customer,REG,Yzer LLC,YZER,2026-05-12 23:59:59,005,0.0,0.0,0.0,0.0,0.0,0.0,,,1.0,,1.0,0.0
3643,8162-G03-005-070610-260522,8162_G03,C_810447,8162,XD_8162_OH_CLEVELAND.YZER,FM,Customer,REG,Yzer LLC,YZER,2026-05-22 23:59:59,005,0.0,0.0,0.0,0.0,0.0,0.0,,,1.0,,1.0,0.0
3644,8162-G05-020-599776-260522,8162_G05,C_599776,8162,XD_8162_OH_CLEVELAND.YZER,FM,Customer,REG,Yzer LLC,YZER,2026-05-22 23:59:59,020,0.0,0.0,0.0,0.0,0.0,0.0,,,1.0,,1.0,1.0
3645,8162-G04-015-134184-260508,8162_G04,C_134184,8162,XD_8162_OH_CLEVELAND.YZER,FM,Customer,REG,Yzer LLC,YZER,2026-05-08 23:59:59,015,0.0,0.0,0.0,0.0,0.0,0.0,,,1.0,,1.0,1.0
3646,8162-G04-017-286184-260526,8162_G04,C_286184,8162,XD_8162_OH_CLEVELAND.YZER,FM,Customer,REG,Yzer LLC,YZER,2026-05-26 23:59:59,017,0.0,0.0,0.0,0.0,0.0,0.0,,,1.0,,1.0,1.0
3647,8162-H05-005-224273-260514,8162_H05,C_224273,8162,XD_8162_OH_CLEVELAND.YZER,FM,Customer,REG,Yzer LLC,YZER,2026-05-14 23:59:59,005,0.0,0.0,0.0,0.0,0.0,0.0,,,1.0,,1.0,0.0
3648,Z-3615928,8162_G04,,8162,XD_8162_OH_CLEVELAND.YZER,RC,Route Chrg,REG,Yzer LLC,YZER,2026-05-21 23:59:59,000,274.65,0.0,274.65,248.0,17.97,8.68,,,,,1.0,1.0
3649,8162-G09-058-753911-260522,8162_G09,C_753911,8162,XD_8162_OH_CLEVELAND.YZER,FM,Customer,REG,Yzer LLC,YZER,2026-05-22 23:59:59,058,0.0,0.0,0.0,0.0,0.0,0.0,,,1.0,,1.0,1.0
3650,8162-H03-045-664113-260522,8162_H03,C_664113,8162,XD_8162_OH_CLEVELAND.YZER,FM,Customer,REG,Yzer LLC,YZER,2026-05-22 23:59:59,045,0.0,0.0,0.0,0.0,0.0,0.0,,,1.0,,1.0,1.0
3651,8162-G04-010-786357-260512,8162_G04,C_833539,8162,XD_8162_OH_CLEVELAND.YZER,FM,Customer,REG,Yzer LLC,YZER,2026-05-12 23:59:59,010,0.0,0.0,0.0,0.0,0.0,0.0,,,1.0,,1.0,0.0
3652,8162-H03-050-442084-260526,8162_H03,C_442084,8162,XD_8162_OH_CLEVELAND.YZER,FM,Customer,REG,Yzer LLC,YZER,2026-05-26 23:59:59,050,0.0,0.0,0.0,0.0,0.0,0.0,,,1.0,,1.0,1.0
3653,8162-G05-030-246296-260522,8162_G05,C_610134,8162,XD_8162_OH_CLEVELAND.YZER,FM,Customer,REG,Yzer LLC,YZER,2026-05-22 23:59:59,030,0.0,0.0,0.0,0.0,0.0,0.0,,,1.0,,1.0,0.0
3654,Z-3620681,8162_H01,,8162,XD_8162_OH_CLEVELAND.YZER,RC,Route Chrg,REG,Yzer LLC,YZER,2026-05-22 23:59:59,000,252.5,0.0,252.5,228.0,16.52,7.98,,,,,1.0,1.0
3655,8162-G05-001-224268-260522,8162_G05,C_441221,8162,XD_8162_OH_CLEVELAND.YZER,FM,Customer,REG,Yzer LLC,YZER,2026-05-22 23:59:59,001,0.0,0.0,0.0,0.0,0.0,0.0,,,1.0,,1.0,0.0
3656,8162-G06-010-151558-260526,8162_G06,C_151558,8162,XD_8162_OH_CLEVELAND.YZER,FM,Customer,REG,Yzer LLC,YZER,2026-05-26 23:59:59,010,0.0,0.0,0.0,0.0,0.0,0.0,,,1.0,,1.0,1.0
3657,8162-H05-025-253079-260526,8162_H05,C_253079,8162,XD_8162_OH_CLEVELAND.YZER,FM,Customer,REG,Yzer LLC,YZER,2026-05-26 23:59:59,025,0.0,0.0,0.0,0.0,0.0,0.0,,,1.0,,1.0,1.0
3658,Z-3615870,8162_H04,,8162,XD_8162_OH_CLEVELAND.YZER,RC,Route Chrg,REG,Yzer LLC,YZER,2026-05-21 23:59:59,000,271.33,0.0,271.33,245.0,17.75,8.58,,,,,1.0,1.0
3659,8162-G09-028-093539-260522,8162_G09,C_093545,8162,XD_8162_OH_CLEVELAND.YZER,FM,Customer,REG,Yzer LLC,YZER,2026-05-22 23:59:59,028,0.0,0.0,0.0,0.0,0.0,0.0,,,1.0,,1.0,0.0
3660,Z-3580373,8163_G04,,8162,XD_8162_OH_CLEVELAND.YZER,RC,Route Chrg,REG,Yzer LLC,YZER,2026-05-08 23:59:59,000,,0.0,,,0.0,,6.0,18.0,6.0,18.0,1.0,1.0
3661,8162-H04-010-146265-260505,8162_H04,C_146265,8162,XD_8162_OH_CLEVELAND.YZER,FM,Customer,REG,Yzer LLC,YZER,2026-05-05 23:59:59,010,0.0,0.0,0.0,0.0,0.0,0.0,,,1.0,,1.0,1.0
3662,8162-H05-050-721852-260505,8162_H05,C_721852,8162,XD_8162_OH_CLEVELAND.YZER,FM,Customer,REG,Yzer LLC,YZER,2026-05-05 23:59:59,050,0.0,0.0,0.0,0.0,0.0,0.0,,,1.0,,1.0,1.0
3663,8162-G02-030-289502-260505,8162_G02,C_289502,8162,XD_8162_OH_CLEVELAND.YZER,FM,Customer,REG,Yzer LLC,YZER,2026-05-05 23:59:59,030,0.0,0.0,0.0,0.0,0.0,0.0,,,1.0,,1.0,1.0
3664,8162-G05-030-610134-260505,8162_G05,C_610134,8162,XD_8162_OH_CLEVELAND.YZER,FM,Customer,REG,Yzer LLC,YZER,2026-05-05 23:59:59,030,0.0,0.0,0.0,0.0,0.0,0.0,,,1.0,,1.0,0.0
3665,8162-G06-025-289532-260505,8162_G06,C_289522,8162,XD_8162_OH_CLEVELAND.YZER,FM,Customer,REG,Yzer LLC,YZER,2026-05-05 23:59:59,025,0.0,0.0,0.0,0.0,0.0,0.0,,,1.0,,1.0,0.0
3666,8162-G04-030-523596-260505,8162_G04,C_551579,8162,XD_8162_OH_CLEVELAND.YZER,FM,Customer,REG,Yzer LLC,YZER,2026-05-05 23:59:59,030,0.0,0.0,0.0,0.0,0.0,0.0,,,1.0,,1.0,1.0
3667,8163-G04-006-839466-260504,8163_G04,C_712383,8162,XD_8162_OH_CLEVELAND.YZER,FM,Customer,REG,Yzer LLC,YZER,2026-05-04 23:59:59,006,0.0,0.0,0.0,0.0,0.0,0.0,,,1.0,,1.0,0.0
3668,8162-H01-010-446212-260504,8162_H01,C_446212,8162,XD_8162_OH_CLEVELAND.YZER,FM,Customer,REG,Yzer LLC,YZER,2026-05-04 23:59:59,010,0.0,0.0,0.0,0.0,0.0,0.0,,,1.0,,1.0,1.0
3669,8163-G01-005-718289-260505,8163_G01,C_436015,8162,XD_8162_OH_CLEVELAND.YZER,FM,Customer,REG,Yzer LLC,YZER,2026-05-05 23:59:59,005,0.0,0.0,0.0,0.0,0.0,0.0,,,1.0,,1.0,0.0
3670,Z-3592589,8162_HX2,,8162,XD_8162_OH_CLEVELAND.YZER,RC,Route Chrg,REG,Yzer LLC,YZER,2026-05-13 23:59:59,000,,0.0,,,0.0,,1.0,2.0,1.0,2.0,1.0,1.0
3671,Z-3595748,8163_G09,,8162,XD_8162_OH_CLEVELAND.YZER,RC,Route Chrg,REG,Yzer LLC,YZER,2026-05-14 23:59:59,000,,0.0,,,0.0,,10.0,35.0,10.0,35.0,1.0,1.0
3672,8162-G04-010-875777-260504,8162_G04,C_833539,8162,XD_8162_OH_CLEVELAND.YZER,FM,Customer,REG,Yzer LLC,YZER,2026-05-04 23:59:59,010,0.0,0.0,0.0,0.0,0.0,0.0,,,1.0,,1.0,1.0
3673,8162-H06-015-415508-260504,8162_H06,C_433600,8162,XD_8162_OH_CLEVELAND.YZER,FM,Customer,REG,Yzer LLC,YZER,2026-05-04 23:59:59,015,0.0,0.0,0.0,0.0,0.0,0.0,,,1.0,,1.0,0.0
3674,Z-3624617,8163_HX5,,8162,XD_8162_OH_CLEVELAND.YZER,RC,Route Chrg,REG,Yzer LLC,YZER,2026-05-26 23:59:59,000,0.0,0.0,0.0,0.0,0.0,0.0,,,,,1.0,1.0
3675,Z-3624456,8162_HX5,,8162,XD_8162_OH_CLEVELAND.YZER,RC,Route Chrg,REG,Yzer LLC,YZER,2026-05-26 23:59:59,000,0.0,0.0,0.0,0.0,0.0,0.0,,,,,1.0,1.0
3676,8162-H06-010-151569-260504,8162_H06,C_151568,8162,XD_8162_OH_CLEVELAND.YZER,FM,Customer,REG,Yzer LLC,YZER,2026-05-04 23:59:59,010,0.0,0.0,0.0,0.0,0.0,0.0,,,1.0,,1.0,0.0
3677,8162-G05-025-173268-260527,8162_G05,C_173268,8162,XD_8162_OH_CLEVELAND.YZER,FM,Customer,REG,Yzer LLC,YZER,2026-05-27 23:59:59,025,0.0,0.0,0.0,0.0,0.0,0.0,,,1.0,,1.0,1.0
3678,8162-G05-045-245718-260528,8162_G05,C_245718,8162,XD_8162_OH_CLEVELAND.YZER,FM,Customer,REG,Yzer LLC,YZER,2026-05-28 23:59:59,045,0.0,0.0,0.0,0.0,0.0,0.0,,,1.0,,1.0,0.0
3679,8162-H01-030-756914-260528,8162_H01,C_756914,8162,XD_8162_OH_CLEVELAND.YZER,FM,Customer,REG,Yzer LLC,YZER,2026-05-28 23:59:59,030,0.0,0.0,0.0,0.0,0.0,0.0,,,1.0,,1.0,1.0
3680,8162-G03-020-667610-260528,8162_G03,C_667610,8162,XD_8162_OH_CLEVELAND.YZER,FM,Customer,REG,Yzer LLC,YZER,2026-05-28 23:59:59,020,0.0,0.0,0.0,0.0,0.0,0.0,,,1.0,,1.0,1.0
3681,8162-G05-001-224268-260529,8162_G05,C_441221,8162,XD_8162_OH_CLEVELAND.YZER,FM,Customer,REG,Yzer LLC,YZER,2026-05-29 23:59:59,001,0.0,0.0,0.0,0.0,0.0,0.0,,,1.0,,1.0,0.0
3682,8162-G07-005-245872-260529,8162_G07,C_599132,8162,XD_8162_OH_CLEVELAND.YZER,FM,Customer,REG,Yzer LLC,YZER,2026-05-29 23:59:59,005,0.0,0.0,0.0,0.0,0.0,0.0,,,1.0,,1.0,0.0
3683,8162-G09-035-245727-260527,8162_G09,C_905119,8162,XD_8162_OH_CLEVELAND.YZER,FM,Customer,REG,Yzer LLC,YZER,2026-05-27 23:59:59,035,0.0,0.0,0.0,0.0,0.0,0.0,,,1.0,,1.0,1.0
3684,8162-G05-020-599776-260526,8162_G05,C_599776,8162,XD_8162_OH_CLEVELAND.YZER,FM,Customer,REG,Yzer LLC,YZER,2026-05-26 23:59:59,020,0.0,0.0,0.0,0.0,0.0,0.0,,,1.0,,1.0,1.0
3685,8162-G02-040-017375-260527,8162_G02,C_017375,8162,XD_8162_OH_CLEVELAND.YZER,FM,Customer,REG,Yzer LLC,YZER,2026-05-27 23:59:59,040,0.0,0.0,0.0,0.0,0.0,0.0,,,1.0,,1.0,0.0
3686,8162-H06-010-151572-260528,8162_H06,C_151568,8162,XD_8162_OH_CLEVELAND.YZER,FM,Customer,REG,Yzer LLC,YZER,2026-05-28 23:59:59,010,0.0,0.0,0.0,0.0,0.0,0.0,,,1.0,,1.0,0.0
3687,8163-H06-015-631172-260529,8163_H06,C_433600,8162,XD_8162_OH_CLEVELAND.YZER,FM,Customer,REG,Yzer LLC,YZER,2026-05-29 23:59:59,015,0.0,0.0,0.0,0.0,0.0,0.0,,,1.0,,1.0,0.0
3688,8162-G04-035-444588-260529,8162_G04,C_444588,8162,XD_8162_OH_CLEVELAND.YZER,FM,Customer,REG,Yzer LLC,YZER,2026-05-29 23:59:59,035,0.0,0.0,0.0,0.0,0.0,0.0,,,1.0,,1.0,1.0
3689,Z-3627798,8162_H01,,8162,XD_8162_OH_CLEVELAND.YZER,RC,Route Chrg,REG,Yzer LLC,YZER,2026-05-27 23:59:59,000,252.5,0.0,252.5,228.0,16.52,7.98,,,,,1.0,1.0
3690,8162-G07-005-599132-260528,8162_G07,C_599132,8162,XD_8162_OH_CLEVELAND.YZER,FM,Customer,REG,Yzer LLC,YZER,2026-05-28 23:59:59,005,0.0,0.0,0.0,0.0,0.0,0.0,,,1.0,,1.0,0.0
3691,8162-G09-011-401833-260528,8162_G09,C_401833,8162,XD_8162_OH_CLEVELAND.YZER,FM,Customer,REG,Yzer LLC,YZER,2026-05-28 23:59:59,011,0.0,0.0,0.0,0.0,0.0,0.0,,,1.0,,1.0,1.0
3692,8163-G05-005-221190-260526,8163_G05,C_441221,8162,XD_8162_OH_CLEVELAND.YZER,FM,Customer,REG,Yzer LLC,YZER,2026-05-26 23:59:59,005,0.0,0.0,0.0,0.0,0.0,0.0,,,1.0,,1.0,0.0
3693,Z-3627785,8162_H02,,8162,XD_8162_OH_CLEVELAND.YZER,RC,Route Chrg,REG,Yzer LLC,YZER,2026-05-27 23:59:59,000,333.92,0.0,333.92,283.0,41.01,9.91,,,,,1.0,1.0
3694,8162-G05-045-237260-260527,8162_G05,C_245718,8162,XD_8162_OH_CLEVELAND.YZER,FM,Customer,REG,Yzer LLC,YZER,2026-05-27 23:59:59,045,0.0,0.0,0.0,0.0,0.0,0.0,,,1.0,,1.0,1.0
3695,8163-G02-050-140655-260529,8163_G02,C_433278,8162,XD_8162_OH_CLEVELAND.YZER,FM,Customer,REG,Yzer LLC,YZER,2026-05-29 23:59:59,050,0.0,0.0,0.0,0.0,0.0,0.0,,,1.0,,1.0,0.0
3696,8162-G07-045-144654-260508,8162_G07,C_144654,8162,XD_8162_OH_CLEVELAND.YZER,FM,Customer,REG,Yzer LLC,YZER,2026-05-08 23:59:59,045,0.0,0.0,0.0,0.0,0.0,0.0,,,1.0,,1.0,1.0
3697,8162-G01-015-273236-260514,8162_G01,C_273236,8162,XD_8162_OH_CLEVELAND.YZER,FM,Customer,REG,Yzer LLC,YZER,2026-05-14 23:59:59,015,0.0,0.0,0.0,0.0,0.0,0.0,,,1.0,,1.0,1.0
3698,8162-G09-001-424353-260508,8162_G09,C_289513,8162,XD_8162_OH_CLEVELAND.YZER,FM,Customer,REG,Yzer LLC,YZER,2026-05-08 23:59:59,001,0.0,0.0,0.0,0.0,0.0,0.0,,,1.0,,1.0,1.0
3699,8162-G04-017-286184-260507,8162_G04,C_286184,8162,XD_8162_OH_CLEVELAND.YZER,FM,Customer,REG,Yzer LLC,YZER,2026-05-07 23:59:59,017,0.0,0.0,0.0,0.0,0.0,0.0,,,1.0,,1.0,1.0
3700,8162-HX5-010-678442-260508,8162_HX5,C_678442,8162,XD_8162_OH_CLEVELAND.YZER,FM,Customer,REG,Yzer LLC,YZER,2026-05-08 23:59:59,010,0.0,0.0,0.0,0.0,0.0,0.0,,,1.0,,1.0,0.0
3701,8162-G04-017-286184-260506,8162_G04,C_286184,8162,XD_8162_OH_CLEVELAND.YZER,FM,Customer,REG,Yzer LLC,YZER,2026-05-06 23:59:59,017,0.0,0.0,0.0,0.0,0.0,0.0,,,1.0,,1.0,1.0
3702,8162-H01-040-093505-260508,8162_H01,C_093505,8162,XD_8162_OH_CLEVELAND.YZER,FM,Customer,REG,Yzer LLC,YZER,2026-05-08 23:59:59,040,0.0,0.0,0.0,0.0,0.0,0.0,,,1.0,,1.0,0.0
3703,8162-G01-025-371496-260508,8162_G01,C_371496,8162,XD_8162_OH_CLEVELAND.YZER,FM,Customer,REG,Yzer LLC,YZER,2026-05-08 23:59:59,025,0.0,0.0,0.0,0.0,0.0,0.0,,,1.0,,1.0,1.0
3704,8162-H06-015-415508-260511,8162_H06,C_433600,8162,XD_8162_OH_CLEVELAND.YZER,FM,Customer,REG,Yzer LLC,YZER,2026-05-11 23:59:59,015,0.0,0.0,0.0,0.0,0.0,0.0,,,1.0,,1.0,0.0
3705,8163-G05-005-221190-260514,8163_G05,C_441221,8162,XD_8162_OH_CLEVELAND.YZER,FM,Customer,REG,Yzer LLC,YZER,2026-05-14 23:59:59,005,0.0,0.0,0.0,0.0,0.0,0.0,,,1.0,,1.0,0.0
3706,8162-G04-017-286184-260514,8162_G04,C_286184,8162,XD_8162_OH_CLEVELAND.YZER,FM,Customer,REG,Yzer LLC,YZER,2026-05-14 23:59:59,017,0.0,0.0,0.0,0.0,0.0,0.0,,,1.0,,1.0,1.0
3707,8162-H06-005-905176-260514,8162_H06,C_905176,8162,XD_8162_OH_CLEVELAND.YZER,FM,Customer,REG,Yzer LLC,YZER,2026-05-14 23:59:59,005,0.0,0.0,0.0,0.0,0.0,0.0,,,1.0,,1.0,1.0
3708,Z-3587857,8163_GX0,,8162,XD_8162_OH_CLEVELAND.YZER,RC,Route Chrg,REG,Yzer LLC,YZER,2026-05-12 23:59:59,000,0.0,0.0,0.0,0.0,0.0,0.0,,,,,1.0,1.0
3709,8162-H05-025-253079-260515,8162_H05,C_253079,8162,XD_8162_OH_CLEVELAND.YZER,FM,Customer,REG,Yzer LLC,YZER,2026-05-15 23:59:59,025,0.0,0.0,0.0,0.0,0.0,0.0,,,1.0,,1.0,1.0
3710,Z-3600207,8162_G01,,8162,XD_8162_OH_CLEVELAND.YZER,RC,Route Chrg,REG,Yzer LLC,YZER,2026-05-15 23:59:59,000,255.9,0.0,255.9,230.0,17.85,8.05,,,,,1.0,1.0
3711,8162-H02-015-134622-260515,8162_H02,C_134622,8162,XD_8162_OH_CLEVELAND.YZER,FM,Customer,REG,Yzer LLC,YZER,2026-05-15 23:59:59,015,0.0,0.0,0.0,0.0,0.0,0.0,,,1.0,,1.0,1.0
3712,8162-H02-020-134501-260515,8162_H02,C_134501,8162,XD_8162_OH_CLEVELAND.YZER,FM,Customer,REG,Yzer LLC,YZER,2026-05-15 23:59:59,020,0.0,0.0,0.0,0.0,0.0,0.0,,,1.0,,1.0,1.0
3713,8162-G06-020-133946-260518,8162_G06,C_133946,8162,XD_8162_OH_CLEVELAND.YZER,FM,Customer,REG,Yzer LLC,YZER,2026-05-18 23:59:59,020,0.0,0.0,0.0,0.0,0.0,0.0,,,1.0,,1.0,1.0
3714,8162-G01-015-273236-260515,8162_G01,C_273236,8162,XD_8162_OH_CLEVELAND.YZER,FM,Customer,REG,Yzer LLC,YZER,2026-05-15 23:59:59,015,0.0,0.0,0.0,0.0,0.0,0.0,,,1.0,,1.0,1.0
3715,8162-G04-035-444588-260515,8162_G04,C_444588,8162,XD_8162_OH_CLEVELAND.YZER,FM,Customer,REG,Yzer LLC,YZER,2026-05-15 23:59:59,035,0.0,0.0,0.0,0.0,0.0,0.0,,,1.0,,1.0,1.0
3716,8162-H04-030-326949-260518,8162_H04,C_993260,8162,XD_8162_OH_CLEVELAND.YZER,FM,Customer,REG,Yzer LLC,YZER,2026-05-18 23:59:59,030,0.0,0.0,0.0,0.0,0.0,0.0,,,1.0,,1.0,1.0
3717,8162-HX5-010-992617-260515,8162_HX5,C_678442,8162,XD_8162_OH_CLEVELAND.YZER,FM,Customer,REG,Yzer LLC,YZER,2026-05-15 23:59:59,010,0.0,0.0,0.0,0.0,0.0,0.0,,,1.0,,1.0,0.0
3718,8162-G01-040-099634-260519,8162_G01,C_099634,8162,XD_8162_OH_CLEVELAND.YZER,FM,Customer,REG,Yzer LLC,YZER,2026-05-19 23:59:59,040,0.0,0.0,0.0,0.0,0.0,0.0,,,1.0,,1.0,1.0
3719,8162-G06-040-807750-260507,8162_G06,C_807750,8162,XD_8162_OH_CLEVELAND.YZER,FM,Customer,REG,Yzer LLC,YZER,2026-05-07 23:59:59,040,0.0,0.0,0.0,0.0,0.0,0.0,,,1.0,,1.0,1.0
3720,8163-G04-010-833539-260511,8163_G04,C_833539,8162,XD_8162_OH_CLEVELAND.YZER,FM,Customer,REG,Yzer LLC,YZER,2026-05-11 23:59:59,010,0.0,0.0,0.0,0.0,0.0,0.0,,,1.0,,1.0,0.0
3721,8162-G01-030-217734-260519,8162_G01,C_217734,8162,XD_8162_OH_CLEVELAND.YZER,FM,Customer,REG,Yzer LLC,YZER,2026-05-19 23:59:59,030,0.0,0.0,0.0,0.0,0.0,0.0,,,1.0,,1.0,1.0
3722,8162-G04-015-134184-260519,8162_G04,C_134184,8162,XD_8162_OH_CLEVELAND.YZER,FM,Customer,REG,Yzer LLC,YZER,2026-05-19 23:59:59,015,0.0,0.0,0.0,0.0,0.0,0.0,,,1.0,,1.0,1.0
3723,8162-G01-035-390526-260508,8162_G01,C_390526,8162,XD_8162_OH_CLEVELAND.YZER,FM,Customer,REG,Yzer LLC,YZER,2026-05-08 23:59:59,035,0.0,0.0,0.0,0.0,0.0,0.0,,,1.0,,1.0,1.0
3724,8162-G09-013-286750-260519,8162_G09,C_286750,8162,XD_8162_OH_CLEVELAND.YZER,FM,Customer,REG,Yzer LLC,YZER,2026-05-19 23:59:59,013,0.0,0.0,0.0,0.0,0.0,0.0,,,1.0,,1.0,1.0
3725,8162-H04-015-970222-260512,8162_H04,C_970222,8162,XD_8162_OH_CLEVELAND.YZER,FM,Customer,REG,Yzer LLC,YZER,2026-05-12 23:59:59,015,0.0,0.0,0.0,0.0,0.0,0.0,,,1.0,,1.0,1.0
3726,8163-G04-005-679719-260519,8163_G04,C_712383,8162,XD_8162_OH_CLEVELAND.YZER,FM,Customer,REG,Yzer LLC,YZER,2026-05-19 23:59:59,005,0.0,0.0,0.0,0.0,0.0,0.0,,,1.0,,1.0,0.0
3727,8162-G06-040-807750-260519,8162_G06,C_807750,8162,XD_8162_OH_CLEVELAND.YZER,FM,Customer,REG,Yzer LLC,YZER,2026-05-19 23:59:59,040,0.0,0.0,0.0,0.0,0.0,0.0,,,1.0,,1.0,1.0
3728,8162-G02-010-164960-260512,8162_G02,C_164961,8162,XD_8162_OH_CLEVELAND.YZER,FM,Customer,REG,Yzer LLC,YZER,2026-05-12 23:59:59,010,0.0,0.0,0.0,0.0,0.0,0.0,,,1.0,,1.0,1.0
3729,8163-GX0-004-960596-260512,8163_GX0,C_464241,8162,XD_8162_OH_CLEVELAND.YZER,FM,Customer,REG,Yzer LLC,YZER,2026-05-12 23:59:59,004,0.0,0.0,0.0,0.0,0.0,0.0,,,1.0,,1.0,0.0
3730,8162-G06-015-719738-260520,8162_G06,C_065363,8162,XD_8162_OH_CLEVELAND.YZER,FM,Customer,REG,Yzer LLC,YZER,2026-05-20 23:59:59,015,0.0,0.0,0.0,0.0,0.0,0.0,,,1.0,,1.0,0.0
3731,8162-G09-028-093545-260520,8162_G09,C_093545,8162,XD_8162_OH_CLEVELAND.YZER,FM,Customer,REG,Yzer LLC,YZER,2026-05-20 23:59:59,028,0.0,0.0,0.0,0.0,0.0,0.0,,,1.0,,1.0,1.0
3732,8162-G01-005-436015-260520,8162_G01,C_436015,8162,XD_8162_OH_CLEVELAND.YZER,FM,Customer,REG,Yzer LLC,YZER,2026-05-20 23:59:59,005,0.0,0.0,0.0,0.0,0.0,0.0,,,1.0,,1.0,1.0
3733,Z-3608171,8162_G03,,8162,XD_8162_OH_CLEVELAND.YZER,RC,Route Chrg,REG,Yzer LLC,YZER,2026-05-19 23:59:59,000,376.07,0.0,376.07,338.0,26.24,11.83,,,,,1.0,1.0
3734,8162-G05-002-219681-260520,8162_G05,C_219681,8162,XD_8162_OH_CLEVELAND.YZER,FM,Customer,REG,Yzer LLC,YZER,2026-05-20 23:59:59,002,0.0,0.0,0.0,0.0,0.0,0.0,,,1.0,,1.0,1.0
3735,8162-G09-002-289531-260520,8162_G09,C_289527,8162,XD_8162_OH_CLEVELAND.YZER,FM,Customer,REG,Yzer LLC,YZER,2026-05-20 23:59:59,002,0.0,0.0,0.0,0.0,0.0,0.0,,,1.0,,1.0,0.0
3736,8162-H06-040-892876-260520,8162_H06,C_946980,8162,XD_8162_OH_CLEVELAND.YZER,FM,Customer,REG,Yzer LLC,YZER,2026-05-20 23:59:59,040,0.0,0.0,0.0,0.0,0.0,0.0,,,1.0,,1.0,1.0
3737,8162-G07-060-134966-260520,8162_G07,C_134966,8162,XD_8162_OH_CLEVELAND.YZER,FM,Customer,REG,Yzer LLC,YZER,2026-05-20 23:59:59,060,0.0,0.0,0.0,0.0,0.0,0.0,,,1.0,,1.0,1.0
3738,Z-3608152,8162_H03,,8162,XD_8162_OH_CLEVELAND.YZER,RC,Route Chrg,REG,Yzer LLC,YZER,2026-05-19 23:59:59,000,301.53,0.0,301.53,271.0,21.04,9.49,,,,,1.0,1.0
3739,8162-H06-035-419882-260520,8162_H06,C_815793,8162,XD_8162_OH_CLEVELAND.YZER,FM,Customer,REG,Yzer LLC,YZER,2026-05-20 23:59:59,035,0.0,0.0,0.0,0.0,0.0,0.0,,,1.0,,1.0,1.0
3740,Z-3608172,8162_G09,,8162,XD_8162_OH_CLEVELAND.YZER,RC,Route Chrg,REG,Yzer LLC,YZER,2026-05-19 23:59:59,000,278.16,0.0,278.16,250.0,19.41,8.75,,,,,1.0,1.0
3741,8162-G04-010-786357-260520,8162_G04,C_833539,8162,XD_8162_OH_CLEVELAND.YZER,FM,Customer,REG,Yzer LLC,YZER,2026-05-20 23:59:59,010,0.0,0.0,0.0,0.0,0.0,0.0,,,1.0,,1.0,1.0
3742,Z-3608318,8163_H03,,8162,XD_8162_OH_CLEVELAND.YZER,RC,Route Chrg,REG,Yzer LLC,YZER,2026-05-19 23:59:59,000,0.0,0.0,0.0,0.0,0.0,0.0,,,,,1.0,1.0
3743,8162-H02-050-579755-260512,8162_H02,C_579755,8162,XD_8162_OH_CLEVELAND.YZER,FM,Customer,REG,Yzer LLC,YZER,2026-05-12 23:59:59,050,0.0,0.0,0.0,0.0,0.0,0.0,,,1.0,,1.0,1.0
3744,Z-3613116,8162_H01,,8162,XD_8162_OH_CLEVELAND.YZER,RC,Route Chrg,REG,Yzer LLC,YZER,2026-05-20 23:59:59,000,252.5,0.0,252.5,228.0,16.52,7.98,,,,,1.0,1.0
3745,8162-G05-006-905419-260507,8162_G05,C_061312,8162,XD_8162_OH_CLEVELAND.YZER,FM,Customer,REG,Yzer LLC,YZER,2026-05-07 23:59:59,006,0.0,0.0,0.0,0.0,0.0,0.0,,,1.0,,1.0,0.0
3746,8162-G07-010-134526-260521,8162_G07,C_134526,8162,XD_8162_OH_CLEVELAND.YZER,FM,Customer,REG,Yzer LLC,YZER,2026-05-21 23:59:59,010,0.0,0.0,0.0,0.0,0.0,0.0,,,1.0,,1.0,1.0
3747,Z-3613002,8162_G03,,8162,XD_8162_OH_CLEVELAND.YZER,RC,Route Chrg,REG,Yzer LLC,YZER,2026-05-20 23:59:59,000,374.32,0.0,374.32,338.0,24.49,11.83,,,,,1.0,1.0
3748,8162-H06-015-767144-260514,8162_H06,C_433600,8162,XD_8162_OH_CLEVELAND.YZER,FM,Customer,REG,Yzer LLC,YZER,2026-05-14 23:59:59,015,0.0,0.0,0.0,0.0,0.0,0.0,,,1.0,,1.0,0.0
3749,8162-G06-040-807750-260521,8162_G06,C_807750,8162,XD_8162_OH_CLEVELAND.YZER,FM,Customer,REG,Yzer LLC,YZER,2026-05-21 23:59:59,040,0.0,0.0,0.0,0.0,0.0,0.0,,,1.0,,1.0,1.0
3750,8162-H06-020-717269-260521,8162_H06,C_717269,8162,XD_8162_OH_CLEVELAND.YZER,FM,Customer,REG,Yzer LLC,YZER,2026-05-21 23:59:59,020,0.0,0.0,0.0,0.0,0.0,0.0,,,1.0,,1.0,0.0
3751,8162-G02-035-631816-260508,8162_G02,C_209162,8162,XD_8162_OH_CLEVELAND.YZER,FM,Customer,REG,Yzer LLC,YZER,2026-05-08 23:59:59,035,0.0,0.0,0.0,0.0,0.0,0.0,,,1.0,,1.0,1.0
3752,Z-3570900,8163_H03,,8162,XD_8162_OH_CLEVELAND.YZER,RC,Route Chrg,REG,Yzer LLC,YZER,2026-05-06 23:59:59,000,0.0,0.0,0.0,0.0,0.0,0.0,,,,,1.0,1.0
3753,8163-G02-015-038361-260521,8163_G02,C_731867,8162,XD_8162_OH_CLEVELAND.YZER,FM,Customer,REG,Yzer LLC,YZER,2026-05-21 23:59:59,015,0.0,0.0,0.0,0.0,0.0,0.0,,,1.0,,1.0,0.0
3754,8162-H04-040-350918-260514,8162_H04,C_350918,8162,XD_8162_OH_CLEVELAND.YZER,FM,Customer,REG,Yzer LLC,YZER,2026-05-14 23:59:59,040,0.0,0.0,0.0,0.0,0.0,0.0,,,1.0,,1.0,1.0
3755,8162-H01-045-924410-260521,8162_H01,C_924410,8162,XD_8162_OH_CLEVELAND.YZER,FM,Customer,REG,Yzer LLC,YZER,2026-05-21 23:59:59,045,0.0,0.0,0.0,0.0,0.0,0.0,,,1.0,,1.0,1.0
3756,8162-H01-010-446212-260506,8162_H01,C_446212,8162,XD_8162_OH_CLEVELAND.YZER,FM,Customer,REG,Yzer LLC,YZER,2026-05-06 23:59:59,010,0.0,0.0,0.0,0.0,0.0,0.0,,,1.0,,1.0,1.0
3757,8162-H04-015-970222-260522,8162_H04,C_970222,8162,XD_8162_OH_CLEVELAND.YZER,FM,Customer,REG,Yzer LLC,YZER,2026-05-22 23:59:59,015,0.0,0.0,0.0,0.0,0.0,0.0,,,1.0,,1.0,1.0
3758,8162-H01-030-756914-260507,8162_H01,C_756914,8162,XD_8162_OH_CLEVELAND.YZER,FM,Customer,REG,Yzer LLC,YZER,2026-05-07 23:59:59,030,0.0,0.0,0.0,0.0,0.0,0.0,,,1.0,,1.0,1.0
3759,8162-G04-010-833539-260526,8162_G04,C_833539,8162,XD_8162_OH_CLEVELAND.YZER,FM,Customer,REG,Yzer LLC,YZER,2026-05-26 23:59:59,010,0.0,0.0,0.0,0.0,0.0,0.0,,,1.0,,1.0,0.0
3760,8162-G01-020-443013-260513,8162_G01,C_890860,8162,XD_8162_OH_CLEVELAND.YZER,FM,Customer,REG,Yzer LLC,YZER,2026-05-13 23:59:59,020,0.0,0.0,0.0,0.0,0.0,0.0,,,1.0,,1.0,1.0
3761,8162-G04-010-786357-260522,8162_G04,C_833539,8162,XD_8162_OH_CLEVELAND.YZER,FM,Customer,REG,Yzer LLC,YZER,2026-05-22 23:59:59,010,0.0,0.0,0.0,0.0,0.0,0.0,,,1.0,,1.0,1.0
3762,8162-G02-020-598488-260522,8162_G02,C_598488,8162,XD_8162_OH_CLEVELAND.YZER,FM,Customer,REG,Yzer LLC,YZER,2026-05-22 23:59:59,020,0.0,0.0,0.0,0.0,0.0,0.0,,,1.0,,1.0,1.0
3763,Z-3577857,8163_HX2,,8162,XD_8162_OH_CLEVELAND.YZER,RC,Route Chrg,REG,Yzer LLC,YZER,2026-05-07 23:59:59,000,,0.0,,,0.0,,1.0,1.0,1.0,1.0,1.0,1.0
3764,Z-3559524,8163_HX5,,8162,XD_8162_OH_CLEVELAND.YZER,RC,Route Chrg,REG,Yzer LLC,YZER,2026-05-01 23:59:59,000,,0.0,,,0.0,,1.0,4.0,1.0,4.0,1.0,1.0
3765,Z-3580453,8163_GX4,,8162,XD_8162_OH_CLEVELAND.YZER,RC,Route Chrg,REG,Yzer LLC,YZER,2026-05-08 23:59:59,000,,0.0,,,0.0,,1.0,3.0,1.0,3.0,1.0,1.0
3766,Z-3567759,8163_H01,,8162,XD_8162_OH_CLEVELAND.YZER,RC,Route Chrg,REG,Yzer LLC,YZER,2026-05-05 23:59:59,000,,0.0,,,0.0,,9.0,26.0,9.0,26.0,1.0,1.0
3767,8162-H04-045-603704-260508,8162_H04,C_603704,8162,XD_8162_OH_CLEVELAND.YZER,FM,Customer,REG,Yzer LLC,YZER,2026-05-08 23:59:59,045,0.0,0.0,0.0,0.0,0.0,0.0,,,1.0,,1.0,1.0
3768,8162-G07-020-235209-260507,8162_G07,C_235209,8162,XD_8162_OH_CLEVELAND.YZER,FM,Customer,REG,Yzer LLC,YZER,2026-05-07 23:59:59,020,0.0,0.0,0.0,0.0,0.0,0.0,,,1.0,,1.0,1.0
3769,8162-G07-045-144654-260506,8162_G07,C_144654,8162,XD_8162_OH_CLEVELAND.YZER,FM,Customer,REG,Yzer LLC,YZER,2026-05-06 23:59:59,045,0.0,0.0,0.0,0.0,0.0,0.0,,,1.0,,1.0,1.0
3770,8163-G01-020-890860-260513,8163_G01,C_890860,8162,XD_8162_OH_CLEVELAND.YZER,FM,Customer,REG,Yzer LLC,YZER,2026-05-13 23:59:59,020,0.0,0.0,0.0,0.0,0.0,0.0,,,1.0,,1.0,0.0
3771,8162-H06-015-762582-260514,8162_H06,C_433600,8162,XD_8162_OH_CLEVELAND.YZER,FM,Customer,REG,Yzer LLC,YZER,2026-05-14 23:59:59,015,0.0,0.0,0.0,0.0,0.0,0.0,,,1.0,,1.0,0.0
3772,8162-H04-025-349314-260514,8162_H04,C_349314,8162,XD_8162_OH_CLEVELAND.YZER,FM,Customer,REG,Yzer LLC,YZER,2026-05-14 23:59:59,025,0.0,0.0,0.0,0.0,0.0,0.0,,,1.0,,1.0,1.0
3773,8162-H04-040-350918-260511,8162_H04,C_350918,8162,XD_8162_OH_CLEVELAND.YZER,FM,Customer,REG,Yzer LLC,YZER,2026-05-11 23:59:59,040,0.0,0.0,0.0,0.0,0.0,0.0,,,1.0,,1.0,1.0
3774,8163-G04-006-839466-260507,8163_G04,C_712383,8162,XD_8162_OH_CLEVELAND.YZER,FM,Customer,REG,Yzer LLC,YZER,2026-05-07 23:59:59,006,0.0,0.0,0.0,0.0,0.0,0.0,,,1.0,,1.0,0.0
3775,8162-G01-030-217734-260512,8162_G01,C_217734,8162,XD_8162_OH_CLEVELAND.YZER,FM,Customer,REG,Yzer LLC,YZER,2026-05-12 23:59:59,030,0.0,0.0,0.0,0.0,0.0,0.0,,,1.0,,1.0,1.0
3776,8162-H06-020-717269-260513,8162_H06,C_717269,8162,XD_8162_OH_CLEVELAND.YZER,FM,Customer,REG,Yzer LLC,YZER,2026-05-13 23:59:59,020,0.0,0.0,0.0,0.0,0.0,0.0,,,1.0,,1.0,0.0
3777,8162-H05-055-925913-260513,8162_H05,C_925913,8162,XD_8162_OH_CLEVELAND.YZER,FM,Customer,REG,Yzer LLC,YZER,2026-05-13 23:59:59,055,0.0,0.0,0.0,0.0,0.0,0.0,,,1.0,,1.0,1.0
3778,8162-H02-055-195053-260506,8162_H02,C_195053,8162,XD_8162_OH_CLEVELAND.YZER,FM,Customer,REG,Yzer LLC,YZER,2026-05-06 23:59:59,055,0.0,0.0,0.0,0.0,0.0,0.0,,,1.0,,1.0,1.0
3779,Z-3580376,8163_GX0,,8162,XD_8162_OH_CLEVELAND.YZER,RC,Route Chrg,REG,Yzer LLC,YZER,2026-05-08 23:59:59,000,0.0,0.0,0.0,0.0,0.0,0.0,,,,,1.0,1.0
3780,8162-H06-010-151569-260508,8162_H06,C_151568,8162,XD_8162_OH_CLEVELAND.YZER,FM,Customer,REG,Yzer LLC,YZER,2026-05-08 23:59:59,010,0.0,0.0,0.0,0.0,0.0,0.0,,,1.0,,1.0,1.0
3781,8162-G02-010-433278-260512,8162_G02,C_433278,8162,XD_8162_OH_CLEVELAND.YZER,FM,Customer,REG,Yzer LLC,YZER,2026-05-12 23:59:59,010,0.0,0.0,0.0,0.0,0.0,0.0,,,1.0,,1.0,1.0
3782,8162-G06-015-151561-260513,8162_G06,C_065363,8162,XD_8162_OH_CLEVELAND.YZER,FM,Customer,REG,Yzer LLC,YZER,2026-05-13 23:59:59,015,0.0,0.0,0.0,0.0,0.0,0.0,,,1.0,,1.0,1.0
3783,8162-H05-015-134985-260519,8162_H05,C_134985,8162,XD_8162_OH_CLEVELAND.YZER,FM,Customer,REG,Yzer LLC,YZER,2026-05-19 23:59:59,015,0.0,0.0,0.0,0.0,0.0,0.0,,,1.0,,1.0,1.0
3784,8162-H01-015-444602-260519,8162_H01,C_444763,8162,XD_8162_OH_CLEVELAND.YZER,FM,Customer,REG,Yzer LLC,YZER,2026-05-19 23:59:59,015,0.0,0.0,0.0,0.0,0.0,0.0,,,1.0,,1.0,0.0
3785,8162-H02-045-624058-260513,8162_H02,C_624058,8162,XD_8162_OH_CLEVELAND.YZER,FM,Customer,REG,Yzer LLC,YZER,2026-05-13 23:59:59,045,0.0,0.0,0.0,0.0,0.0,0.0,,,1.0,,1.0,1.0
3786,8162-G04-035-444588-260508,8162_G04,C_444588,8162,XD_8162_OH_CLEVELAND.YZER,FM,Customer,REG,Yzer LLC,YZER,2026-05-08 23:59:59,035,0.0,0.0,0.0,0.0,0.0,0.0,,,1.0,,1.0,1.0
3787,8162-H06-035-419882-260519,8162_H06,C_815793,8162,XD_8162_OH_CLEVELAND.YZER,FM,Customer,REG,Yzer LLC,YZER,2026-05-19 23:59:59,035,0.0,0.0,0.0,0.0,0.0,0.0,,,1.0,,1.0,1.0
3788,8162-H05-020-304538-260508,8162_H05,C_304538,8162,XD_8162_OH_CLEVELAND.YZER,FM,Customer,REG,Yzer LLC,YZER,2026-05-08 23:59:59,020,0.0,0.0,0.0,0.0,0.0,0.0,,,1.0,,1.0,1.0
3789,8162-G04-005-679719-260507,8162_G04,C_712383,8162,XD_8162_OH_CLEVELAND.YZER,FM,Customer,REG,Yzer LLC,YZER,2026-05-07 23:59:59,005,0.0,0.0,0.0,0.0,0.0,0.0,,,1.0,,1.0,1.0
3790,8162-G06-015-151561-260520,8162_G06,C_065363,8162,XD_8162_OH_CLEVELAND.YZER,FM,Customer,REG,Yzer LLC,YZER,2026-05-20 23:59:59,015,0.0,0.0,0.0,0.0,0.0,0.0,,,1.0,,1.0,1.0
3791,8162-G06-035-134431-260520,8162_G06,C_134431,8162,XD_8162_OH_CLEVELAND.YZER,FM,Customer,REG,Yzer LLC,YZER,2026-05-20 23:59:59,035,0.0,0.0,0.0,0.0,0.0,0.0,,,1.0,,1.0,1.0
3792,8162-G05-045-237260-260520,8162_G05,C_245718,8162,XD_8162_OH_CLEVELAND.YZER,FM,Customer,REG,Yzer LLC,YZER,2026-05-20 23:59:59,045,0.0,0.0,0.0,0.0,0.0,0.0,,,1.0,,1.0,0.0
3793,8163-G02-005-754541-260520,8163_G02,C_713914,8162,XD_8162_OH_CLEVELAND.YZER,FM,Customer,REG,Yzer LLC,YZER,2026-05-20 23:59:59,005,0.0,0.0,0.0,0.0,0.0,0.0,,,1.0,,1.0,0.0
3794,8162-H02-027-376609-260520,8162_H02,C_376609,8162,XD_8162_OH_CLEVELAND.YZER,FM,Customer,REG,Yzer LLC,YZER,2026-05-20 23:59:59,027,0.0,0.0,0.0,0.0,0.0,0.0,,,1.0,,1.0,1.0
3795,8162-H04-005-050648-260512,8162_H04,C_435532,8162,XD_8162_OH_CLEVELAND.YZER,FM,Customer,REG,Yzer LLC,YZER,2026-05-12 23:59:59,005,0.0,0.0,0.0,0.0,0.0,0.0,,,1.0,,1.0,0.0
3796,8163-G05-005-221190-260520,8163_G05,C_441221,8162,XD_8162_OH_CLEVELAND.YZER,FM,Customer,REG,Yzer LLC,YZER,2026-05-20 23:59:59,005,0.0,0.0,0.0,0.0,0.0,0.0,,,1.0,,1.0,0.0
3797,Z-3570896,8162_G01,,8162,XD_8162_OH_CLEVELAND.YZER,RC,Route Chrg,REG,Yzer LLC,YZER,2026-05-06 23:59:59,000,254.71,0.0,254.71,230.0,16.66,8.05,,,,,1.0,1.0
3798,8162-G07-005-893022-260512,8162_G07,C_599132,8162,XD_8162_OH_CLEVELAND.YZER,FM,Customer,REG,Yzer LLC,YZER,2026-05-12 23:59:59,005,0.0,0.0,0.0,0.0,0.0,0.0,,,1.0,,1.0,0.0
3799,8162-G03-020-667610-260521,8162_G03,C_667610,8162,XD_8162_OH_CLEVELAND.YZER,FM,Customer,REG,Yzer LLC,YZER,2026-05-21 23:59:59,020,0.0,0.0,0.0,0.0,0.0,0.0,,,1.0,,1.0,1.0
3800,8162-G04-035-444588-260521,8162_G04,C_444588,8162,XD_8162_OH_CLEVELAND.YZER,FM,Customer,REG,Yzer LLC,YZER,2026-05-21 23:59:59,035,0.0,0.0,0.0,0.0,0.0,0.0,,,1.0,,1.0,1.0
3801,8162-G04-015-134184-260512,8162_G04,C_134184,8162,XD_8162_OH_CLEVELAND.YZER,FM,Customer,REG,Yzer LLC,YZER,2026-05-12 23:59:59,015,0.0,0.0,0.0,0.0,0.0,0.0,,,1.0,,1.0,1.0
3802,8163-H06-020-431206-260521,8163_H06,C_717269,8162,XD_8162_OH_CLEVELAND.YZER,FM,Customer,REG,Yzer LLC,YZER,2026-05-21 23:59:59,020,0.0,0.0,0.0,0.0,0.0,0.0,,,1.0,,1.0,0.0
3803,8162-G05-005-221190-260521,8162_G05,C_441221,8162,XD_8162_OH_CLEVELAND.YZER,FM,Customer,REG,Yzer LLC,YZER,2026-05-21 23:59:59,005,0.0,0.0,0.0,0.0,0.0,0.0,,,1.0,,1.0,0.0
3804,8162-G05-006-905419-260521,8162_G05,C_061312,8162,XD_8162_OH_CLEVELAND.YZER,FM,Customer,REG,Yzer LLC,YZER,2026-05-21 23:59:59,006,0.0,0.0,0.0,0.0,0.0,0.0,,,1.0,,1.0,1.0
3805,8162-H03-020-415745-260521,8162_H03,C_415745,8162,XD_8162_OH_CLEVELAND.YZER,FM,Customer,REG,Yzer LLC,YZER,2026-05-21 23:59:59,020,0.0,0.0,0.0,0.0,0.0,0.0,,,1.0,,1.0,1.0
3806,8162-H02-050-579755-260508,8162_H02,C_579755,8162,XD_8162_OH_CLEVELAND.YZER,FM,Customer,REG,Yzer LLC,YZER,2026-05-08 23:59:59,050,0.0,0.0,0.0,0.0,0.0,0.0,,,1.0,,1.0,1.0
3807,8162-H06-040-892876-260522,8162_H06,C_946980,8162,XD_8162_OH_CLEVELAND.YZER,FM,Customer,REG,Yzer LLC,YZER,2026-05-22 23:59:59,040,0.0,0.0,0.0,0.0,0.0,0.0,,,1.0,,1.0,1.0
3808,8162-G03-010-223285-260512,8162_G03,C_223285,8162,XD_8162_OH_CLEVELAND.YZER,FM,Customer,REG,Yzer LLC,YZER,2026-05-12 23:59:59,010,0.0,0.0,0.0,0.0,0.0,0.0,,,1.0,,1.0,1.0
3809,8162-H02-045-624058-260506,8162_H02,C_624058,8162,XD_8162_OH_CLEVELAND.YZER,FM,Customer,REG,Yzer LLC,YZER,2026-05-06 23:59:59,045,0.0,0.0,0.0,0.0,0.0,0.0,,,1.0,,1.0,1.0
3810,8162-H04-005-050648-260526,8162_H04,C_435532,8162,XD_8162_OH_CLEVELAND.YZER,FM,Customer,REG,Yzer LLC,YZER,2026-05-26 23:59:59,005,0.0,0.0,0.0,0.0,0.0,0.0,,,1.0,,1.0,0.0
3811,8162-G02-035-631816-260512,8162_G02,C_209162,8162,XD_8162_OH_CLEVELAND.YZER,FM,Customer,REG,Yzer LLC,YZER,2026-05-12 23:59:59,035,0.0,0.0,0.0,0.0,0.0,0.0,,,1.0,,1.0,1.0
3812,8163-G06-015-719738-260512,8163_G06,C_065363,8162,XD_8162_OH_CLEVELAND.YZER,FM,Customer,REG,Yzer LLC,YZER,2026-05-12 23:59:59,015,0.0,0.0,0.0,0.0,0.0,0.0,,,1.0,,1.0,0.0
3813,8162-H01-030-756914-260522,8162_H01,C_756914,8162,XD_8162_OH_CLEVELAND.YZER,FM,Customer,REG,Yzer LLC,YZER,2026-05-22 23:59:59,030,0.0,0.0,0.0,0.0,0.0,0.0,,,1.0,,1.0,1.0
3814,8162-G01-035-390526-260526,8162_G01,C_390526,8162,XD_8162_OH_CLEVELAND.YZER,FM,Customer,REG,Yzer LLC,YZER,2026-05-26 23:59:59,035,0.0,0.0,0.0,0.0,0.0,0.0,,,1.0,,1.0,1.0
3815,8162-G01-005-718289-260526,8162_G01,C_436015,8162,XD_8162_OH_CLEVELAND.YZER,FM,Customer,REG,Yzer LLC,YZER,2026-05-26 23:59:59,005,0.0,0.0,0.0,0.0,0.0,0.0,,,1.0,,1.0,0.0
3816,8162-G09-011-401833-260522,8162_G09,C_401833,8162,XD_8162_OH_CLEVELAND.YZER,FM,Customer,REG,Yzer LLC,YZER,2026-05-22 23:59:59,011,0.0,0.0,0.0,0.0,0.0,0.0,,,1.0,,1.0,1.0
3817,Z-3575545,8163_H01,,8162,XD_8162_OH_CLEVELAND.YZER,RC,Route Chrg,REG,Yzer LLC,YZER,2026-05-07 23:59:59,000,,0.0,,,0.0,,8.0,37.0,8.0,37.0,1.0,1.0
3818,Z-3575567,8163_G04,,8162,XD_8162_OH_CLEVELAND.YZER,RC,Route Chrg,REG,Yzer LLC,YZER,2026-05-07 23:59:59,000,,0.0,,,0.0,,6.0,16.0,6.0,16.0,1.0,1.0
3819,Z-3563141,8163_H04,,8162,XD_8162_OH_CLEVELAND.YZER,RC,Route Chrg,REG,Yzer LLC,YZER,2026-05-04 23:59:59,000,,0.0,,,0.0,,8.0,23.0,8.0,23.0,1.0,1.0
3820,Z-3559519,8163_G04,,8162,XD_8162_OH_CLEVELAND.YZER,RC,Route Chrg,REG,Yzer LLC,YZER,2026-05-01 23:59:59,000,,0.0,,,0.0,,6.0,14.0,6.0,14.0,1.0,1.0
3821,Z-3561411,8163_GX4,,8162,XD_8162_OH_CLEVELAND.YZER,RC,Route Chrg,REG,Yzer LLC,YZER,2026-05-01 23:59:59,000,,0.0,,,0.0,,,,,,1.0,1.0
3822,Z-3580245,8162_HX2,,8162,XD_8162_OH_CLEVELAND.YZER,RC,Route Chrg,REG,Yzer LLC,YZER,2026-05-08 23:59:59,000,,0.0,,,0.0,,1.0,4.0,1.0,4.0,1.0,1.0
3823,Z-3567578,8162_HX2,,8162,XD_8162_OH_CLEVELAND.YZER,RC,Route Chrg,REG,Yzer LLC,YZER,2026-05-05 23:59:59,000,,0.0,,,0.0,,1.0,6.0,1.0,6.0,1.0,1.0
3824,Z-3575449,8162_H04,,8162,XD_8162_OH_CLEVELAND.YZER,RC,Route Chrg,REG,Yzer LLC,YZER,2026-05-07 23:59:59,000,271.33,0.0,271.33,245.0,17.75,8.58,,,,,1.0,1.0
3825,8162-G05-020-599776-260519,8162_G05,C_599776,8162,XD_8162_OH_CLEVELAND.YZER,FM,Customer,REG,Yzer LLC,YZER,2026-05-19 23:59:59,020,0.0,0.0,0.0,0.0,0.0,0.0,,,1.0,,1.0,1.0
3826,8162-H05-035-259008-260519,8162_H05,C_259008,8162,XD_8162_OH_CLEVELAND.YZER,FM,Customer,REG,Yzer LLC,YZER,2026-05-19 23:59:59,035,0.0,0.0,0.0,0.0,0.0,0.0,,,1.0,,1.0,1.0
3827,8162-G02-020-096440-260512,8162_G02,C_598488,8162,XD_8162_OH_CLEVELAND.YZER,FM,Customer,REG,Yzer LLC,YZER,2026-05-12 23:59:59,020,0.0,0.0,0.0,0.0,0.0,0.0,,,1.0,,1.0,0.0
3828,8162-G06-010-151558-260519,8162_G06,C_151558,8162,XD_8162_OH_CLEVELAND.YZER,FM,Customer,REG,Yzer LLC,YZER,2026-05-19 23:59:59,010,0.0,0.0,0.0,0.0,0.0,0.0,,,1.0,,1.0,1.0
3829,8162-G03-005-070610-260520,8162_G03,C_810447,8162,XD_8162_OH_CLEVELAND.YZER,FM,Customer,REG,Yzer LLC,YZER,2026-05-20 23:59:59,005,0.0,0.0,0.0,0.0,0.0,0.0,,,1.0,,1.0,0.0
3830,8162-H04-035-134185-260506,8162_H04,C_134185,8162,XD_8162_OH_CLEVELAND.YZER,FM,Customer,REG,Yzer LLC,YZER,2026-05-06 23:59:59,035,0.0,0.0,0.0,0.0,0.0,0.0,,,1.0,,1.0,1.0
3831,8162-H06-015-631172-260520,8162_H06,C_433600,8162,XD_8162_OH_CLEVELAND.YZER,FM,Customer,REG,Yzer LLC,YZER,2026-05-20 23:59:59,015,0.0,0.0,0.0,0.0,0.0,0.0,,,1.0,,1.0,0.0
3832,8162-G03-037-426990-260508,8162_G03,C_521590,8162,XD_8162_OH_CLEVELAND.YZER,FM,Customer,REG,Yzer LLC,YZER,2026-05-08 23:59:59,037,0.0,0.0,0.0,0.0,0.0,0.0,,,1.0,,1.0,0.0
3833,8162-H05-050-721852-260520,8162_H05,C_721852,8162,XD_8162_OH_CLEVELAND.YZER,FM,Customer,REG,Yzer LLC,YZER,2026-05-20 23:59:59,050,0.0,0.0,0.0,0.0,0.0,0.0,,,1.0,,1.0,1.0
3834,8162-H06-040-892876-260514,8162_H06,C_946980,8162,XD_8162_OH_CLEVELAND.YZER,FM,Customer,REG,Yzer LLC,YZER,2026-05-14 23:59:59,040,0.0,0.0,0.0,0.0,0.0,0.0,,,1.0,,1.0,1.0
3835,8162-G02-020-598488-260521,8162_G02,C_598488,8162,XD_8162_OH_CLEVELAND.YZER,FM,Customer,REG,Yzer LLC,YZER,2026-05-21 23:59:59,020,0.0,0.0,0.0,0.0,0.0,0.0,,,1.0,,1.0,1.0
3836,8162-H02-025-134412-260521,8162_H02,C_134412,8162,XD_8162_OH_CLEVELAND.YZER,FM,Customer,REG,Yzer LLC,YZER,2026-05-21 23:59:59,025,0.0,0.0,0.0,0.0,0.0,0.0,,,1.0,,1.0,1.0
3837,8162-G02-030-289502-260521,8162_G02,C_289502,8162,XD_8162_OH_CLEVELAND.YZER,FM,Customer,REG,Yzer LLC,YZER,2026-05-21 23:59:59,030,0.0,0.0,0.0,0.0,0.0,0.0,,,1.0,,1.0,1.0
3838,8163-GX0-004-960596-260521,8163_GX0,C_464241,8162,XD_8162_OH_CLEVELAND.YZER,FM,Customer,REG,Yzer LLC,YZER,2026-05-21 23:59:59,004,0.0,0.0,0.0,0.0,0.0,0.0,,,1.0,,1.0,0.0
3839,8162-G07-025-955410-260506,8162_G07,C_955410,8162,XD_8162_OH_CLEVELAND.YZER,FM,Customer,REG,Yzer LLC,YZER,2026-05-06 23:59:59,025,0.0,0.0,0.0,0.0,0.0,0.0,,,1.0,,1.0,1.0
3840,8162-G03-030-724609-260521,8162_G03,C_724609,8162,XD_8162_OH_CLEVELAND.YZER,FM,Customer,REG,Yzer LLC,YZER,2026-05-21 23:59:59,030,0.0,0.0,0.0,0.0,0.0,0.0,,,1.0,,1.0,1.0
3841,8162-G03-030-724609-260508,8162_G03,C_724609,8162,XD_8162_OH_CLEVELAND.YZER,FM,Customer,REG,Yzer LLC,YZER,2026-05-08 23:59:59,030,0.0,0.0,0.0,0.0,0.0,0.0,,,1.0,,1.0,1.0
3842,8162-G09-028-093545-260526,8162_G09,C_093545,8162,XD_8162_OH_CLEVELAND.YZER,FM,Customer,REG,Yzer LLC,YZER,2026-05-26 23:59:59,028,0.0,0.0,0.0,0.0,0.0,0.0,,,1.0,,1.0,1.0
3843,8162-G03-010-256130-260512,8162_G03,C_223285,8162,XD_8162_OH_CLEVELAND.YZER,FM,Customer,REG,Yzer LLC,YZER,2026-05-12 23:59:59,010,0.0,0.0,0.0,0.0,0.0,0.0,,,1.0,,1.0,0.0
3844,8162-H01-040-093505-260522,8162_H01,C_093505,8162,XD_8162_OH_CLEVELAND.YZER,FM,Customer,REG,Yzer LLC,YZER,2026-05-22 23:59:59,040,0.0,0.0,0.0,0.0,0.0,0.0,,,1.0,,1.0,0.0
3845,8162-G01-020-443013-260512,8162_G01,C_890860,8162,XD_8162_OH_CLEVELAND.YZER,FM,Customer,REG,Yzer LLC,YZER,2026-05-12 23:59:59,020,0.0,0.0,0.0,0.0,0.0,0.0,,,1.0,,1.0,1.0
3846,8162-G01-020-890860-260526,8162_G01,C_890860,8162,XD_8162_OH_CLEVELAND.YZER,FM,Customer,REG,Yzer LLC,YZER,2026-05-26 23:59:59,020,0.0,0.0,0.0,0.0,0.0,0.0,,,1.0,,1.0,0.0
3847,8162-G09-002-289531-260506,8162_G09,C_289527,8162,XD_8162_OH_CLEVELAND.YZER,FM,Customer,REG,Yzer LLC,YZER,2026-05-06 23:59:59,002,0.0,0.0,0.0,0.0,0.0,0.0,,,1.0,,1.0,1.0
3848,8163-G02-005-754541-260513,8163_G02,C_713914,8162,XD_8162_OH_CLEVELAND.YZER,FM,Customer,REG,Yzer LLC,YZER,2026-05-13 23:59:59,005,0.0,0.0,0.0,0.0,0.0,0.0,,,1.0,,1.0,0.0
3849,8162-G06-020-230842-260526,8162_G06,C_133946,8162,XD_8162_OH_CLEVELAND.YZER,FM,Customer,REG,Yzer LLC,YZER,2026-05-26 23:59:59,020,0.0,0.0,0.0,0.0,0.0,0.0,,,1.0,,1.0,0.0
3850,8162-H06-035-419882-260526,8162_H06,C_815793,8162,XD_8162_OH_CLEVELAND.YZER,FM,Customer,REG,Yzer LLC,YZER,2026-05-26 23:59:59,035,0.0,0.0,0.0,0.0,0.0,0.0,,,1.0,,1.0,1.0
3851,8162-G06-015-151561-260526,8162_G06,C_065363,8162,XD_8162_OH_CLEVELAND.YZER,FM,Customer,REG,Yzer LLC,YZER,2026-05-26 23:59:59,015,0.0,0.0,0.0,0.0,0.0,0.0,,,1.0,,1.0,1.0
3852,8162-G02-020-198160-260512,8162_G02,C_598488,8162,XD_8162_OH_CLEVELAND.YZER,FM,Customer,REG,Yzer LLC,YZER,2026-05-12 23:59:59,020,0.0,0.0,0.0,0.0,0.0,0.0,,,1.0,,1.0,0.0
3853,8162-G02-015-038361-260522,8162_G02,C_731867,8162,XD_8162_OH_CLEVELAND.YZER,FM,Customer,REG,Yzer LLC,YZER,2026-05-22 23:59:59,015,0.0,0.0,0.0,0.0,0.0,0.0,,,1.0,,1.0,0.0
3854,8162-G09-020-327089-260507,8162_G09,C_327089,8162,XD_8162_OH_CLEVELAND.YZER,FM,Customer,REG,Yzer LLC,YZER,2026-05-07 23:59:59,020,0.0,0.0,0.0,0.0,0.0,0.0,,,1.0,,1.0,1.0
3855,8162-H04-005-893019-260522,8162_H04,C_435532,8162,XD_8162_OH_CLEVELAND.YZER,FM,Customer,REG,Yzer LLC,YZER,2026-05-22 23:59:59,005,0.0,0.0,0.0,0.0,0.0,0.0,,,1.0,,1.0,0.0
3856,8162-H01-035-865326-260526,8162_H01,C_865326,8162,XD_8162_OH_CLEVELAND.YZER,FM,Customer,REG,Yzer LLC,YZER,2026-05-26 23:59:59,035,0.0,0.0,0.0,0.0,0.0,0.0,,,1.0,,1.0,1.0
3857,8162-G03-015-584757-260506,8162_G03,C_864840,8162,XD_8162_OH_CLEVELAND.YZER,FM,Customer,REG,Yzer LLC,YZER,2026-05-06 23:59:59,015,0.0,0.0,0.0,0.0,0.0,0.0,,,1.0,,1.0,1.0
3858,8162-H05-015-134985-260526,8162_H05,C_134985,8162,XD_8162_OH_CLEVELAND.YZER,FM,Customer,REG,Yzer LLC,YZER,2026-05-26 23:59:59,015,0.0,0.0,0.0,0.0,0.0,0.0,,,1.0,,1.0,1.0
3859,8162-G09-013-286750-260526,8162_G09,C_286750,8162,XD_8162_OH_CLEVELAND.YZER,FM,Customer,REG,Yzer LLC,YZER,2026-05-26 23:59:59,013,0.0,0.0,0.0,0.0,0.0,0.0,,,1.0,,1.0,1.0
3860,8162-G02-015-731867-260522,8162_G02,C_731867,8162,XD_8162_OH_CLEVELAND.YZER,FM,Customer,REG,Yzer LLC,YZER,2026-05-22 23:59:59,015,0.0,0.0,0.0,0.0,0.0,0.0,,,1.0,,1.0,1.0
3861,8162-H06-005-905176-260522,8162_H06,C_905176,8162,XD_8162_OH_CLEVELAND.YZER,FM,Customer,REG,Yzer LLC,YZER,2026-05-22 23:59:59,005,0.0,0.0,0.0,0.0,0.0,0.0,,,1.0,,1.0,0.0
3862,8162-G06-025-289522-260526,8162_G06,C_289522,8162,XD_8162_OH_CLEVELAND.YZER,FM,Customer,REG,Yzer LLC,YZER,2026-05-26 23:59:59,025,0.0,0.0,0.0,0.0,0.0,0.0,,,1.0,,1.0,1.0
3863,8162-G06-015-892865-260526,8162_G06,C_065363,8162,XD_8162_OH_CLEVELAND.YZER,FM,Customer,REG,Yzer LLC,YZER,2026-05-26 23:59:59,015,0.0,0.0,0.0,0.0,0.0,0.0,,,1.0,,1.0,0.0
3864,Z-3575565,8163_HX5,,8162,XD_8162_OH_CLEVELAND.YZER,RC,Route Chrg,REG,Yzer LLC,YZER,2026-05-07 23:59:59,000,,0.0,,,0.0,,1.0,2.0,1.0,2.0,1.0,1.0
3865,Z-3567690,8163_H06,,8162,XD_8162_OH_CLEVELAND.YZER,RC,Route Chrg,REG,Yzer LLC,YZER,2026-05-05 23:59:59,000,,0.0,,,0.0,,5.0,82.0,5.0,82.0,1.0,1.0
3866,8162-G01-030-217734-260513,8162_G01,C_217734,8162,XD_8162_OH_CLEVELAND.YZER,FM,Customer,REG,Yzer LLC,YZER,2026-05-13 23:59:59,030,0.0,0.0,0.0,0.0,0.0,0.0,,,1.0,,1.0,1.0
3867,8162-H06-015-415508-260507,8162_H06,C_433600,8162,XD_8162_OH_CLEVELAND.YZER,FM,Customer,REG,Yzer LLC,YZER,2026-05-07 23:59:59,015,0.0,0.0,0.0,0.0,0.0,0.0,,,1.0,,1.0,1.0
3868,8163-G07-005-589418-260519,8163_G07,C_599132,8162,XD_8162_OH_CLEVELAND.YZER,FM,Customer,REG,Yzer LLC,YZER,2026-05-19 23:59:59,005,0.0,0.0,0.0,0.0,0.0,0.0,,,1.0,,1.0,0.0
3869,8162-H06-015-285190-260519,8162_H06,C_433600,8162,XD_8162_OH_CLEVELAND.YZER,FM,Customer,REG,Yzer LLC,YZER,2026-05-19 23:59:59,015,0.0,0.0,0.0,0.0,0.0,0.0,,,1.0,,1.0,1.0
3870,8162-G04-030-523596-260513,8162_G04,C_551579,8162,XD_8162_OH_CLEVELAND.YZER,FM,Customer,REG,Yzer LLC,YZER,2026-05-13 23:59:59,030,0.0,0.0,0.0,0.0,0.0,0.0,,,1.0,,1.0,1.0
3871,8162-H01-015-444763-260519,8162_H01,C_444763,8162,XD_8162_OH_CLEVELAND.YZER,FM,Customer,REG,Yzer LLC,YZER,2026-05-19 23:59:59,015,0.0,0.0,0.0,0.0,0.0,0.0,,,1.0,,1.0,1.0
3872,8162-H05-055-925913-260520,8162_H05,C_925913,8162,XD_8162_OH_CLEVELAND.YZER,FM,Customer,REG,Yzer LLC,YZER,2026-05-20 23:59:59,055,0.0,0.0,0.0,0.0,0.0,0.0,,,1.0,,1.0,1.0
3873,Z-3608142,8162_G01,,8162,XD_8162_OH_CLEVELAND.YZER,RC,Route Chrg,REG,Yzer LLC,YZER,2026-05-19 23:59:59,000,255.9,0.0,255.9,230.0,17.85,8.05,,,,,1.0,1.0
3874,8162-G06-025-289532-260520,8162_G06,C_289522,8162,XD_8162_OH_CLEVELAND.YZER,FM,Customer,REG,Yzer LLC,YZER,2026-05-20 23:59:59,025,0.0,0.0,0.0,0.0,0.0,0.0,,,1.0,,1.0,0.0
3875,8162-H03-045-664113-260520,8162_H03,C_664113,8162,XD_8162_OH_CLEVELAND.YZER,FM,Customer,REG,Yzer LLC,YZER,2026-05-20 23:59:59,045,0.0,0.0,0.0,0.0,0.0,0.0,,,1.0,,1.0,1.0
3876,8162-H05-025-253079-260511,8162_H05,C_253079,8162,XD_8162_OH_CLEVELAND.YZER,FM,Customer,REG,Yzer LLC,YZER,2026-05-11 23:59:59,025,0.0,0.0,0.0,0.0,0.0,0.0,,,1.0,,1.0,1.0
3877,8162-G04-015-134184-260507,8162_G04,C_134184,8162,XD_8162_OH_CLEVELAND.YZER,FM,Customer,REG,Yzer LLC,YZER,2026-05-07 23:59:59,015,0.0,0.0,0.0,0.0,0.0,0.0,,,1.0,,1.0,1.0
3878,8162-G06-010-151558-260520,8162_G06,C_151558,8162,XD_8162_OH_CLEVELAND.YZER,FM,Customer,REG,Yzer LLC,YZER,2026-05-20 23:59:59,010,0.0,0.0,0.0,0.0,0.0,0.0,,,1.0,,1.0,1.0
3879,8162-H01-020-446373-260521,8162_H01,C_446373,8162,XD_8162_OH_CLEVELAND.YZER,FM,Customer,REG,Yzer LLC,YZER,2026-05-21 23:59:59,020,0.0,0.0,0.0,0.0,0.0,0.0,,,1.0,,1.0,1.0
3880,Z-3613037,8162_G02,,8162,XD_8162_OH_CLEVELAND.YZER,RC,Route Chrg,REG,Yzer LLC,YZER,2026-05-20 23:59:59,000,442.47,0.0,442.47,375.0,54.34,13.13,,,,,1.0,1.0
3881,8162-G02-035-631816-260513,8162_G02,C_209162,8162,XD_8162_OH_CLEVELAND.YZER,FM,Customer,REG,Yzer LLC,YZER,2026-05-13 23:59:59,035,0.0,0.0,0.0,0.0,0.0,0.0,,,1.0,,1.0,1.0
3882,8162-G05-001-224268-260521,8162_G05,C_441221,8162,XD_8162_OH_CLEVELAND.YZER,FM,Customer,REG,Yzer LLC,YZER,2026-05-21 23:59:59,001,0.0,0.0,0.0,0.0,0.0,0.0,,,1.0,,1.0,1.0
3883,8163-G02-005-713914-260521,8163_G02,C_713914,8162,XD_8162_OH_CLEVELAND.YZER,FM,Customer,REG,Yzer LLC,YZER,2026-05-21 23:59:59,005,0.0,0.0,0.0,0.0,0.0,0.0,,,1.0,,1.0,0.0
3884,8162-G09-001-289513-260511,8162_G09,C_289513,8162,XD_8162_OH_CLEVELAND.YZER,FM,Customer,REG,Yzer LLC,YZER,2026-05-11 23:59:59,001,0.0,0.0,0.0,0.0,0.0,0.0,,,1.0,,1.0,1.0
3885,8162-H03-025-339419-260521,8162_H03,C_339419,8162,XD_8162_OH_CLEVELAND.YZER,FM,Customer,REG,Yzer LLC,YZER,2026-05-21 23:59:59,025,0.0,0.0,0.0,0.0,0.0,0.0,,,1.0,,1.0,1.0
3886,8162-G01-015-273236-260521,8162_G01,C_273236,8162,XD_8162_OH_CLEVELAND.YZER,FM,Customer,REG,Yzer LLC,YZER,2026-05-21 23:59:59,015,0.0,0.0,0.0,0.0,0.0,0.0,,,1.0,,1.0,1.0
3887,8162-G04-006-712383-260514,8162_G04,C_712383,8162,XD_8162_OH_CLEVELAND.YZER,FM,Customer,REG,Yzer LLC,YZER,2026-05-14 23:59:59,006,0.0,0.0,0.0,0.0,0.0,0.0,,,1.0,,1.0,0.0
3888,8163-G03-005-070610-260521,8163_G03,C_810447,8162,XD_8162_OH_CLEVELAND.YZER,FM,Customer,REG,Yzer LLC,YZER,2026-05-21 23:59:59,005,0.0,0.0,0.0,0.0,0.0,0.0,,,1.0,,1.0,0.0
3889,8162-H03-015-133964-260522,8162_H03,C_133964,8162,XD_8162_OH_CLEVELAND.YZER,FM,Customer,REG,Yzer LLC,YZER,2026-05-22 23:59:59,015,0.0,0.0,0.0,0.0,0.0,0.0,,,1.0,,1.0,1.0
3890,8162-G04-017-286184-260508,8162_G04,C_286184,8162,XD_8162_OH_CLEVELAND.YZER,FM,Customer,REG,Yzer LLC,YZER,2026-05-08 23:59:59,017,0.0,0.0,0.0,0.0,0.0,0.0,,,1.0,,1.0,1.0
3891,Z-3587672,8163_H03,,8162,XD_8162_OH_CLEVELAND.YZER,RC,Route Chrg,REG,Yzer LLC,YZER,2026-05-12 23:59:59,000,0.0,0.0,0.0,0.0,0.0,0.0,,,,,1.0,1.0
3892,8162-H04-040-350918-260526,8162_H04,C_350918,8162,XD_8162_OH_CLEVELAND.YZER,FM,Customer,REG,Yzer LLC,YZER,2026-05-26 23:59:59,040,0.0,0.0,0.0,0.0,0.0,0.0,,,1.0,,1.0,1.0
3893,8162-G02-015-244535-260511,8162_G02,C_731867,8162,XD_8162_OH_CLEVELAND.YZER,FM,Customer,REG,Yzer LLC,YZER,2026-05-11 23:59:59,015,0.0,0.0,0.0,0.0,0.0,0.0,,,1.0,,1.0,0.0
3894,8162-G04-010-875777-260522,8162_G04,C_833539,8162,XD_8162_OH_CLEVELAND.YZER,FM,Customer,REG,Yzer LLC,YZER,2026-05-22 23:59:59,010,0.0,0.0,0.0,0.0,0.0,0.0,,,1.0,,1.0,0.0
3895,8162-H01-015-444602-260513,8162_H01,C_444763,8162,XD_8162_OH_CLEVELAND.YZER,FM,Customer,REG,Yzer LLC,YZER,2026-05-13 23:59:59,015,0.0,0.0,0.0,0.0,0.0,0.0,,,1.0,,1.0,0.0
3896,8163-G06-025-289530-260511,8163_G06,C_289522,8162,XD_8162_OH_CLEVELAND.YZER,FM,Customer,REG,Yzer LLC,YZER,2026-05-11 23:59:59,025,0.0,0.0,0.0,0.0,0.0,0.0,,,1.0,,1.0,0.0
3897,8162-G09-001-424353-260526,8162_G09,C_289513,8162,XD_8162_OH_CLEVELAND.YZER,FM,Customer,REG,Yzer LLC,YZER,2026-05-26 23:59:59,001,0.0,0.0,0.0,0.0,0.0,0.0,,,1.0,,1.0,0.0
3898,8162-G03-005-892996-260508,8162_G03,C_810447,8162,XD_8162_OH_CLEVELAND.YZER,FM,Customer,REG,Yzer LLC,YZER,2026-05-08 23:59:59,005,0.0,0.0,0.0,0.0,0.0,0.0,,,1.0,,1.0,0.0
3899,8163-G02-005-754541-260508,8163_G02,C_713914,8162,XD_8162_OH_CLEVELAND.YZER,FM,Customer,REG,Yzer LLC,YZER,2026-05-08 23:59:59,005,0.0,0.0,0.0,0.0,0.0,0.0,,,1.0,,1.0,0.0
3900,8162-H02-015-134622-260522,8162_H02,C_134622,8162,XD_8162_OH_CLEVELAND.YZER,FM,Customer,REG,Yzer LLC,YZER,2026-05-22 23:59:59,015,0.0,0.0,0.0,0.0,0.0,0.0,,,1.0,,1.0,1.0
3901,8162-G09-035-905119-260511,8162_G09,C_905119,8162,XD_8162_OH_CLEVELAND.YZER,FM,Customer,REG,Yzer LLC,YZER,2026-05-11 23:59:59,035,0.0,0.0,0.0,0.0,0.0,0.0,,,1.0,,1.0,1.0
3902,8162-H06-015-173388-260526,8162_H06,C_433600,8162,XD_8162_OH_CLEVELAND.YZER,FM,Customer,REG,Yzer LLC,YZER,2026-05-26 23:59:59,015,0.0,0.0,0.0,0.0,0.0,0.0,,,1.0,,1.0,0.0
3903,8162-H05-005-224273-260522,8162_H05,C_224273,8162,XD_8162_OH_CLEVELAND.YZER,FM,Customer,REG,Yzer LLC,YZER,2026-05-22 23:59:59,005,0.0,0.0,0.0,0.0,0.0,0.0,,,1.0,,1.0,0.0
3904,8162-G05-001-429087-260513,8162_G05,C_441221,8162,XD_8162_OH_CLEVELAND.YZER,FM,Customer,REG,Yzer LLC,YZER,2026-05-13 23:59:59,001,0.0,0.0,0.0,0.0,0.0,0.0,,,1.0,,1.0,0.0
3905,8162-H05-050-721852-260526,8162_H05,C_721852,8162,XD_8162_OH_CLEVELAND.YZER,FM,Customer,REG,Yzer LLC,YZER,2026-05-26 23:59:59,050,0.0,0.0,0.0,0.0,0.0,0.0,,,1.0,,1.0,1.0
3906,8162-G01-020-443013-260522,8162_G01,C_890860,8162,XD_8162_OH_CLEVELAND.YZER,FM,Customer,REG,Yzer LLC,YZER,2026-05-22 23:59:59,020,0.0,0.0,0.0,0.0,0.0,0.0,,,1.0,,1.0,1.0
3907,8162-G09-013-286750-260522,8162_G09,C_286750,8162,XD_8162_OH_CLEVELAND.YZER,FM,Customer,REG,Yzer LLC,YZER,2026-05-22 23:59:59,013,0.0,0.0,0.0,0.0,0.0,0.0,,,1.0,,1.0,1.0
3908,8162-H06-010-151578-260522,8162_H06,C_151568,8162,XD_8162_OH_CLEVELAND.YZER,FM,Customer,REG,Yzer LLC,YZER,2026-05-22 23:59:59,010,0.0,0.0,0.0,0.0,0.0,0.0,,,1.0,,1.0,1.0
3909,8162-H01-040-093494-260526,8162_H01,C_093505,8162,XD_8162_OH_CLEVELAND.YZER,FM,Customer,REG,Yzer LLC,YZER,2026-05-26 23:59:59,040,0.0,0.0,0.0,0.0,0.0,0.0,,,1.0,,1.0,0.0
3910,8162-G03-025-296317-260522,8162_G03,C_296317,8162,XD_8162_OH_CLEVELAND.YZER,FM,Customer,REG,Yzer LLC,YZER,2026-05-22 23:59:59,025,0.0,0.0,0.0,0.0,0.0,0.0,,,1.0,,1.0,0.0
3911,8162-H01-015-444602-260522,8162_H01,C_444763,8162,XD_8162_OH_CLEVELAND.YZER,FM,Customer,REG,Yzer LLC,YZER,2026-05-22 23:59:59,015,0.0,0.0,0.0,0.0,0.0,0.0,,,1.0,,1.0,0.0
3912,8162-G07-025-955410-260526,8162_G07,C_955410,8162,XD_8162_OH_CLEVELAND.YZER,FM,Customer,REG,Yzer LLC,YZER,2026-05-26 23:59:59,025,0.0,0.0,0.0,0.0,0.0,0.0,,,1.0,,1.0,1.0
3913,Z-3575667,8163_G02,,8162,XD_8162_OH_CLEVELAND.YZER,RC,Route Chrg,REG,Yzer LLC,YZER,2026-05-07 23:59:59,000,,0.0,,,0.0,,4.0,105.0,4.0,105.0,1.0,1.0
3914,Z-3564349,8162_HX5,,8162,XD_8162_OH_CLEVELAND.YZER,RC,Route Chrg,REG,Yzer LLC,YZER,2026-05-04 23:59:59,000,,0.0,,,0.0,,1.0,2.0,1.0,2.0,1.0,1.0
3915,Z-3563092,8163_H02,,8162,XD_8162_OH_CLEVELAND.YZER,RC,Route Chrg,REG,Yzer LLC,YZER,2026-05-04 23:59:59,000,,0.0,,,0.0,,9.0,30.0,9.0,30.0,1.0,1.0
3916,Z-3580370,8163_H01,,8162,XD_8162_OH_CLEVELAND.YZER,RC,Route Chrg,REG,Yzer LLC,YZER,2026-05-08 23:59:59,000,,0.0,,,0.0,,8.0,26.0,8.0,26.0,1.0,1.0
3917,Z-3587670,8162_G02,,8162,XD_8162_OH_CLEVELAND.YZER,RC,Route Chrg,REG,Yzer LLC,YZER,2026-05-12 23:59:59,000,442.47,0.0,442.47,375.0,54.34,13.13,,,,,1.0,1.0
3918,Z-3595530,8162_G07,,8162,XD_8162_OH_CLEVELAND.YZER,RC,Route Chrg,REG,Yzer LLC,YZER,2026-05-14 23:59:59,000,305.98,0.0,305.98,275.0,21.35,9.63,,,,,1.0,1.0
3919,8162-G07-042-339737-260513,8162_G07,C_905014,8162,XD_8162_OH_CLEVELAND.YZER,FM,Customer,REG,Yzer LLC,YZER,2026-05-13 23:59:59,042,0.0,0.0,0.0,0.0,0.0,0.0,,,1.0,,1.0,0.0
3920,8162-G05-001-429087-260512,8162_G05,C_441221,8162,XD_8162_OH_CLEVELAND.YZER,FM,Customer,REG,Yzer LLC,YZER,2026-05-12 23:59:59,001,0.0,0.0,0.0,0.0,0.0,0.0,,,1.0,,1.0,0.0
3921,8162-G03-040-386380-260506,8162_G03,C_386380,8162,XD_8162_OH_CLEVELAND.YZER,FM,Customer,REG,Yzer LLC,YZER,2026-05-06 23:59:59,040,0.0,0.0,0.0,0.0,0.0,0.0,,,1.0,,1.0,1.0
3922,8163-G02-005-071322-260506,8163_G02,C_713914,8162,XD_8162_OH_CLEVELAND.YZER,FM,Customer,REG,Yzer LLC,YZER,2026-05-06 23:59:59,005,0.0,0.0,0.0,0.0,0.0,0.0,,,1.0,,1.0,0.0
3923,8162-G05-045-237260-260507,8162_G05,C_245718,8162,XD_8162_OH_CLEVELAND.YZER,FM,Customer,REG,Yzer LLC,YZER,2026-05-07 23:59:59,045,0.0,0.0,0.0,0.0,0.0,0.0,,,1.0,,1.0,0.0
3924,8162-H01-015-444602-260514,8162_H01,C_444763,8162,XD_8162_OH_CLEVELAND.YZER,FM,Customer,REG,Yzer LLC,YZER,2026-05-14 23:59:59,015,0.0,0.0,0.0,0.0,0.0,0.0,,,1.0,,1.0,0.0
3925,8163-G02-005-714075-260514,8163_G02,C_713914,8162,XD_8162_OH_CLEVELAND.YZER,FM,Customer,REG,Yzer LLC,YZER,2026-05-14 23:59:59,005,0.0,0.0,0.0,0.0,0.0,0.0,,,1.0,,1.0,0.0
3926,8162-G05-001-441221-260519,8162_G05,C_441221,8162,XD_8162_OH_CLEVELAND.YZER,FM,Customer,REG,Yzer LLC,YZER,2026-05-19 23:59:59,001,0.0,0.0,0.0,0.0,0.0,0.0,,,1.0,,1.0,1.0
3927,8162-G07-042-339737-260519,8162_G07,C_905014,8162,XD_8162_OH_CLEVELAND.YZER,FM,Customer,REG,Yzer LLC,YZER,2026-05-19 23:59:59,042,0.0,0.0,0.0,0.0,0.0,0.0,,,1.0,,1.0,1.0
3928,8162-G01-005-718289-260512,8162_G01,C_436015,8162,XD_8162_OH_CLEVELAND.YZER,FM,Customer,REG,Yzer LLC,YZER,2026-05-12 23:59:59,005,0.0,0.0,0.0,0.0,0.0,0.0,,,1.0,,1.0,0.0
3929,8162-H06-010-151568-260511,8162_H06,C_151568,8162,XD_8162_OH_CLEVELAND.YZER,FM,Customer,REG,Yzer LLC,YZER,2026-05-11 23:59:59,010,0.0,0.0,0.0,0.0,0.0,0.0,,,1.0,,1.0,0.0
3930,8162-H01-010-446212-260519,8162_H01,C_446212,8162,XD_8162_OH_CLEVELAND.YZER,FM,Customer,REG,Yzer LLC,YZER,2026-05-19 23:59:59,010,0.0,0.0,0.0,0.0,0.0,0.0,,,1.0,,1.0,1.0
3931,8162-G02-020-598488-260513,8162_G02,C_598488,8162,XD_8162_OH_CLEVELAND.YZER,FM,Customer,REG,Yzer LLC,YZER,2026-05-13 23:59:59,020,0.0,0.0,0.0,0.0,0.0,0.0,,,1.0,,1.0,1.0
3932,8162-G06-020-230842-260519,8162_G06,C_133946,8162,XD_8162_OH_CLEVELAND.YZER,FM,Customer,REG,Yzer LLC,YZER,2026-05-19 23:59:59,020,0.0,0.0,0.0,0.0,0.0,0.0,,,1.0,,1.0,1.0
3933,8162-G05-007-208840-260520,8162_G05,C_208840,8162,XD_8162_OH_CLEVELAND.YZER,FM,Customer,REG,Yzer LLC,YZER,2026-05-20 23:59:59,007,0.0,0.0,0.0,0.0,0.0,0.0,,,1.0,,1.0,1.0
3934,8163-GX4-008-106473-260520,8163_GX4,C_106473,8162,XD_8162_OH_CLEVELAND.YZER,FM,Customer,REG,Yzer LLC,YZER,2026-05-20 23:59:59,008,0.0,0.0,0.0,0.0,0.0,0.0,,,1.0,,1.0,0.0
3935,8162-H06-005-893003-260520,8162_H06,C_905176,8162,XD_8162_OH_CLEVELAND.YZER,FM,Customer,REG,Yzer LLC,YZER,2026-05-20 23:59:59,005,0.0,0.0,0.0,0.0,0.0,0.0,,,1.0,,1.0,1.0
3936,8162-G05-035-414946-260520,8162_G05,C_414946,8162,XD_8162_OH_CLEVELAND.YZER,FM,Customer,REG,Yzer LLC,YZER,2026-05-20 23:59:59,035,0.0,0.0,0.0,0.0,0.0,0.0,,,1.0,,1.0,1.0
3937,8162-H05-025-253079-260520,8162_H05,C_253079,8162,XD_8162_OH_CLEVELAND.YZER,FM,Customer,REG,Yzer LLC,YZER,2026-05-20 23:59:59,025,0.0,0.0,0.0,0.0,0.0,0.0,,,1.0,,1.0,1.0
3938,8162-H04-040-350918-260507,8162_H04,C_350918,8162,XD_8162_OH_CLEVELAND.YZER,FM,Customer,REG,Yzer LLC,YZER,2026-05-07 23:59:59,040,0.0,0.0,0.0,0.0,0.0,0.0,,,1.0,,1.0,1.0
3939,8162-G04-010-833539-260513,8162_G04,C_833539,8162,XD_8162_OH_CLEVELAND.YZER,FM,Customer,REG,Yzer LLC,YZER,2026-05-13 23:59:59,010,0.0,0.0,0.0,0.0,0.0,0.0,,,1.0,,1.0,0.0
3940,8162-G01-005-050647-260520,8162_G01,C_436015,8162,XD_8162_OH_CLEVELAND.YZER,FM,Customer,REG,Yzer LLC,YZER,2026-05-20 23:59:59,005,0.0,0.0,0.0,0.0,0.0,0.0,,,1.0,,1.0,0.0
3941,8162-G06-035-134431-260521,8162_G06,C_134431,8162,XD_8162_OH_CLEVELAND.YZER,FM,Customer,REG,Yzer LLC,YZER,2026-05-21 23:59:59,035,0.0,0.0,0.0,0.0,0.0,0.0,,,1.0,,1.0,1.0
3942,8162-G02-020-598488-260507,8162_G02,C_598488,8162,XD_8162_OH_CLEVELAND.YZER,FM,Customer,REG,Yzer LLC,YZER,2026-05-07 23:59:59,020,0.0,0.0,0.0,0.0,0.0,0.0,,,1.0,,1.0,0.0
3943,8162-G03-015-864840-260521,8162_G03,C_864840,8162,XD_8162_OH_CLEVELAND.YZER,FM,Customer,REG,Yzer LLC,YZER,2026-05-21 23:59:59,015,0.0,0.0,0.0,0.0,0.0,0.0,,,1.0,,1.0,0.0
3944,8163-G07-005-589418-260521,8163_G07,C_599132,8162,XD_8162_OH_CLEVELAND.YZER,FM,Customer,REG,Yzer LLC,YZER,2026-05-21 23:59:59,005,0.0,0.0,0.0,0.0,0.0,0.0,,,1.0,,1.0,0.0
3945,8162-G07-042-314668-260507,8162_G07,C_905014,8162,XD_8162_OH_CLEVELAND.YZER,FM,Customer,REG,Yzer LLC,YZER,2026-05-07 23:59:59,042,0.0,0.0,0.0,0.0,0.0,0.0,,,1.0,,1.0,0.0
3946,8162-G05-030-246296-260521,8162_G05,C_610134,8162,XD_8162_OH_CLEVELAND.YZER,FM,Customer,REG,Yzer LLC,YZER,2026-05-21 23:59:59,030,0.0,0.0,0.0,0.0,0.0,0.0,,,1.0,,1.0,0.0
3947,8162-G01-005-718289-260521,8162_G01,C_436015,8162,XD_8162_OH_CLEVELAND.YZER,FM,Customer,REG,Yzer LLC,YZER,2026-05-21 23:59:59,005,0.0,0.0,0.0,0.0,0.0,0.0,,,1.0,,1.0,0.0
3948,8162-G04-006-712383-260508,8162_G04,C_712383,8162,XD_8162_OH_CLEVELAND.YZER,FM,Customer,REG,Yzer LLC,YZER,2026-05-08 23:59:59,006,0.0,0.0,0.0,0.0,0.0,0.0,,,1.0,,1.0,0.0
3949,8162-G02-050-140655-260521,8162_G02,C_433278,8162,XD_8162_OH_CLEVELAND.YZER,FM,Customer,REG,Yzer LLC,YZER,2026-05-21 23:59:59,050,0.0,0.0,0.0,0.0,0.0,0.0,,,1.0,,1.0,0.0
3950,8162-H01-040-093494-260522,8162_H01,C_093505,8162,XD_8162_OH_CLEVELAND.YZER,FM,Customer,REG,Yzer LLC,YZER,2026-05-22 23:59:59,040,0.0,0.0,0.0,0.0,0.0,0.0,,,1.0,,1.0,1.0
3951,8162-G03-015-864840-260508,8162_G03,C_864840,8162,XD_8162_OH_CLEVELAND.YZER,FM,Customer,REG,Yzer LLC,YZER,2026-05-08 23:59:59,015,0.0,0.0,0.0,0.0,0.0,0.0,,,1.0,,1.0,1.0
3952,Z-3615864,8162_H03,,8162,XD_8162_OH_CLEVELAND.YZER,RC,Route Chrg,REG,Yzer LLC,YZER,2026-05-21 23:59:59,000,300.12,0.0,300.12,271.0,19.63,9.49,,,,,1.0,1.0
3953,8162-H04-020-274850-260526,8162_H04,C_274850,8162,XD_8162_OH_CLEVELAND.YZER,FM,Customer,REG,Yzer LLC,YZER,2026-05-26 23:59:59,020,0.0,0.0,0.0,0.0,0.0,0.0,,,1.0,,1.0,1.0
3954,8162-G02-015-038361-260506,8162_G02,C_731867,8162,XD_8162_OH_CLEVELAND.YZER,FM,Customer,REG,Yzer LLC,YZER,2026-05-06 23:59:59,015,0.0,0.0,0.0,0.0,0.0,0.0,,,1.0,,1.0,0.0
3955,Z-3615894,8162_G07,,8162,XD_8162_OH_CLEVELAND.YZER,RC,Route Chrg,REG,Yzer LLC,YZER,2026-05-21 23:59:59,000,304.55,0.0,304.55,275.0,19.92,9.63,,,,,1.0,1.0
3956,8162-G04-010-833539-260522,8162_G04,C_833539,8162,XD_8162_OH_CLEVELAND.YZER,FM,Customer,REG,Yzer LLC,YZER,2026-05-22 23:59:59,010,0.0,0.0,0.0,0.0,0.0,0.0,,,1.0,,1.0,0.0
3957,8162-H01-015-444602-260507,8162_H01,C_444763,8162,XD_8162_OH_CLEVELAND.YZER,FM,Customer,REG,Yzer LLC,YZER,2026-05-07 23:59:59,015,0.0,0.0,0.0,0.0,0.0,0.0,,,1.0,,1.0,0.0
3958,8163-G02-050-140655-260511,8163_G02,C_433278,8162,XD_8162_OH_CLEVELAND.YZER,FM,Customer,REG,Yzer LLC,YZER,2026-05-11 23:59:59,050,0.0,0.0,0.0,0.0,0.0,0.0,,,1.0,,1.0,0.0
3959,8162-G06-026-289530-260526,8162_G06,C_289522,8162,XD_8162_OH_CLEVELAND.YZER,FM,Customer,REG,Yzer LLC,YZER,2026-05-26 23:59:59,026,0.0,0.0,0.0,0.0,0.0,0.0,,,1.0,,1.0,0.0
3960,8162-G02-030-289502-260507,8162_G02,C_289502,8162,XD_8162_OH_CLEVELAND.YZER,FM,Customer,REG,Yzer LLC,YZER,2026-05-07 23:59:59,030,0.0,0.0,0.0,0.0,0.0,0.0,,,1.0,,1.0,1.0
3961,8162-G07-045-144654-260522,8162_G07,C_144654,8162,XD_8162_OH_CLEVELAND.YZER,FM,Customer,REG,Yzer LLC,YZER,2026-05-22 23:59:59,045,0.0,0.0,0.0,0.0,0.0,0.0,,,1.0,,1.0,1.0
3962,8163-H06-020-431045-260522,8163_H06,C_717269,8162,XD_8162_OH_CLEVELAND.YZER,FM,Customer,REG,Yzer LLC,YZER,2026-05-22 23:59:59,020,0.0,0.0,0.0,0.0,0.0,0.0,,,1.0,,1.0,0.0
3963,8162-G09-035-905119-260506,8162_G09,C_905119,8162,XD_8162_OH_CLEVELAND.YZER,FM,Customer,REG,Yzer LLC,YZER,2026-05-06 23:59:59,035,0.0,0.0,0.0,0.0,0.0,0.0,,,1.0,,1.0,1.0
3964,8162-H05-055-925913-260526,8162_H05,C_925913,8162,XD_8162_OH_CLEVELAND.YZER,FM,Customer,REG,Yzer LLC,YZER,2026-05-26 23:59:59,055,0.0,0.0,0.0,0.0,0.0,0.0,,,1.0,,1.0,1.0
3965,8162-H04-025-349314-260522,8162_H04,C_349314,8162,XD_8162_OH_CLEVELAND.YZER,FM,Customer,REG,Yzer LLC,YZER,2026-05-22 23:59:59,025,0.0,0.0,0.0,0.0,0.0,0.0,,,1.0,,1.0,1.0
3966,8162-G03-037-426990-260513,8162_G03,C_521590,8162,XD_8162_OH_CLEVELAND.YZER,FM,Customer,REG,Yzer LLC,YZER,2026-05-13 23:59:59,037,0.0,0.0,0.0,0.0,0.0,0.0,,,1.0,,1.0,1.0
3967,8162-H06-010-151569-260522,8162_H06,C_151568,8162,XD_8162_OH_CLEVELAND.YZER,FM,Customer,REG,Yzer LLC,YZER,2026-05-22 23:59:59,010,0.0,0.0,0.0,0.0,0.0,0.0,,,1.0,,1.0,0.0
3968,8162-H04-045-603704-260522,8162_H04,C_603704,8162,XD_8162_OH_CLEVELAND.YZER,FM,Customer,REG,Yzer LLC,YZER,2026-05-22 23:59:59,045,0.0,0.0,0.0,0.0,0.0,0.0,,,1.0,,1.0,1.0
3969,8162-G04-015-134184-260526,8162_G04,C_134184,8162,XD_8162_OH_CLEVELAND.YZER,FM,Customer,REG,Yzer LLC,YZER,2026-05-26 23:59:59,015,0.0,0.0,0.0,0.0,0.0,0.0,,,1.0,,1.0,1.0
3970,8162-H06-010-151574-260522,8162_H06,C_151568,8162,XD_8162_OH_CLEVELAND.YZER,FM,Customer,REG,Yzer LLC,YZER,2026-05-22 23:59:59,010,0.0,0.0,0.0,0.0,0.0,0.0,,,1.0,,1.0,0.0
3971,8162-GX0-004-960596-260526,8162_GX0,C_464241,8162,XD_8162_OH_CLEVELAND.YZER,FM,Customer,REG,Yzer LLC,YZER,2026-05-26 23:59:59,004,0.0,0.0,0.0,0.0,0.0,0.0,,,1.0,,1.0,0.0
3972,8162-G01-025-371496-260522,8162_G01,C_371496,8162,XD_8162_OH_CLEVELAND.YZER,FM,Customer,REG,Yzer LLC,YZER,2026-05-22 23:59:59,025,0.0,0.0,0.0,0.0,0.0,0.0,,,1.0,,1.0,1.0
3973,Z-3615867,8162_H02,,8162,XD_8162_OH_CLEVELAND.YZER,RC,Route Chrg,REG,Yzer LLC,YZER,2026-05-21 23:59:59,000,333.92,0.0,333.92,283.0,41.01,9.91,,,,,1.0,1.0
3974,8162-G09-002-289531-260526,8162_G09,C_289527,8162,XD_8162_OH_CLEVELAND.YZER,FM,Customer,REG,Yzer LLC,YZER,2026-05-26 23:59:59,002,0.0,0.0,0.0,0.0,0.0,0.0,,,1.0,,1.0,1.0
3975,8162-G06-026-289530-260522,8162_G06,C_289522,8162,XD_8162_OH_CLEVELAND.YZER,FM,Customer,REG,Yzer LLC,YZER,2026-05-22 23:59:59,026,0.0,0.0,0.0,0.0,0.0,0.0,,,1.0,,1.0,0.0
3976,Z-3615897,8162_G09,,8162,XD_8162_OH_CLEVELAND.YZER,RC,Route Chrg,REG,Yzer LLC,YZER,2026-05-21 23:59:59,000,276.86,0.0,276.86,250.0,18.11,8.75,,,,,1.0,1.0
3977,Z-3580465,8163_HX2,,8162,XD_8162_OH_CLEVELAND.YZER,RC,Route Chrg,REG,Yzer LLC,YZER,2026-05-08 23:59:59,000,,0.0,,,0.0,,1.0,1.0,1.0,1.0,1.0,1.0
3978,Z-3559530,8163_H06,,8162,XD_8162_OH_CLEVELAND.YZER,RC,Route Chrg,REG,Yzer LLC,YZER,2026-05-01 23:59:59,000,,0.0,,,0.0,,5.0,16.0,5.0,16.0,1.0,1.0
3979,Z-3580463,8163_H06,,8162,XD_8162_OH_CLEVELAND.YZER,RC,Route Chrg,REG,Yzer LLC,YZER,2026-05-08 23:59:59,000,,0.0,,,0.0,,4.0,30.0,4.0,30.0,1.0,1.0
3980,Z-3567686,8163_H02,,8162,XD_8162_OH_CLEVELAND.YZER,RC,Route Chrg,REG,Yzer LLC,YZER,2026-05-05 23:59:59,000,,0.0,,,0.0,,8.0,17.0,8.0,17.0,1.0,1.0
3981,Z-3567551,8162_GX4,,8162,XD_8162_OH_CLEVELAND.YZER,RC,Route Chrg,REG,Yzer LLC,YZER,2026-05-05 23:59:59,000,,0.0,,,0.0,,1.0,9.0,1.0,9.0,1.0,1.0
3982,8162-G02-010-433278-260505,8162_G02,C_433278,8162,XD_8162_OH_CLEVELAND.YZER,FM,Customer,REG,Yzer LLC,YZER,2026-05-05 23:59:59,010,0.0,0.0,0.0,0.0,0.0,0.0,,,1.0,,1.0,1.0
3983,Z-3559590,8162_H04,,8162,XD_8162_OH_CLEVELAND.YZER,RC,Route Chrg,REG,Yzer LLC,YZER,2026-05-01 23:59:59,000,264.99,0.0,264.99,245.0,11.41,8.58,,,,,1.0,1.0
3984,8162-H05-005-224273-260504,8162_H05,C_224273,8162,XD_8162_OH_CLEVELAND.YZER,FM,Customer,REG,Yzer LLC,YZER,2026-05-04 23:59:59,005,0.0,0.0,0.0,0.0,0.0,0.0,,,1.0,,1.0,0.0
3985,8162-G01-040-099634-260504,8162_G01,C_099634,8162,XD_8162_OH_CLEVELAND.YZER,FM,Customer,REG,Yzer LLC,YZER,2026-05-04 23:59:59,040,0.0,0.0,0.0,0.0,0.0,0.0,,,1.0,,1.0,1.0
3986,Z-3562929,8162_G03,,8162,XD_8162_OH_CLEVELAND.YZER,RC,Route Chrg,REG,Yzer LLC,YZER,2026-05-04 23:59:59,000,365.57,0.0,365.57,338.0,15.74,11.83,,,,,1.0,1.0
3987,8162-H05-005-176725-260505,8162_H05,C_224273,8162,XD_8162_OH_CLEVELAND.YZER,FM,Customer,REG,Yzer LLC,YZER,2026-05-05 23:59:59,005,0.0,0.0,0.0,0.0,0.0,0.0,,,1.0,,1.0,1.0
3988,Z-3562930,8162_G01,,8162,XD_8162_OH_CLEVELAND.YZER,RC,Route Chrg,REG,Yzer LLC,YZER,2026-05-04 23:59:59,000,248.76,0.0,248.76,230.0,10.71,8.05,,,,,1.0,1.0
3989,8162-H01-040-093505-260505,8162_H01,C_093505,8162,XD_8162_OH_CLEVELAND.YZER,FM,Customer,REG,Yzer LLC,YZER,2026-05-05 23:59:59,040,0.0,0.0,0.0,0.0,0.0,0.0,,,1.0,,1.0,1.0
3990,8162-H02-027-376609-260504,8162_H02,C_376609,8162,XD_8162_OH_CLEVELAND.YZER,FM,Customer,REG,Yzer LLC,YZER,2026-05-04 23:59:59,027,0.0,0.0,0.0,0.0,0.0,0.0,,,1.0,,1.0,1.0
3991,Z-3583715,8163_G09,,8162,XD_8162_OH_CLEVELAND.YZER,RC,Route Chrg,REG,Yzer LLC,YZER,2026-05-11 23:59:59,000,,0.0,,,0.0,,8.0,30.0,8.0,30.0,1.0,1.0
3992,8162-G01-015-273236-260504,8162_G01,C_273236,8162,XD_8162_OH_CLEVELAND.YZER,FM,Customer,REG,Yzer LLC,YZER,2026-05-04 23:59:59,015,0.0,0.0,0.0,0.0,0.0,0.0,,,1.0,,1.0,1.0
3993,Z-3595774,8163_G01,,8162,XD_8162_OH_CLEVELAND.YZER,RC,Route Chrg,REG,Yzer LLC,YZER,2026-05-14 23:59:59,000,,0.0,,,0.0,,6.0,26.0,6.0,26.0,1.0,1.0
3994,Z-3595756,8163_H01,,8162,XD_8162_OH_CLEVELAND.YZER,RC,Route Chrg,REG,Yzer LLC,YZER,2026-05-14 23:59:59,000,,0.0,,,0.0,,8.0,23.0,8.0,23.0,1.0,1.0
3995,Z-3600156,8163_G03,,8162,XD_8162_OH_CLEVELAND.YZER,RC,Route Chrg,REG,Yzer LLC,YZER,2026-05-15 23:59:59,000,,0.0,,,0.0,,6.0,38.0,6.0,38.0,1.0,1.0
3996,Z-3562990,8162_H04,,8162,XD_8162_OH_CLEVELAND.YZER,RC,Route Chrg,REG,Yzer LLC,YZER,2026-05-04 23:59:59,000,264.99,0.0,264.99,245.0,11.41,8.58,,,,,1.0,1.0
3997,Z-3620586,8163_G04,,8162,XD_8162_OH_CLEVELAND.YZER,RC,Route Chrg,REG,Yzer LLC,YZER,2026-05-22 23:59:59,000,,0.0,,,0.0,,6.0,11.0,6.0,11.0,1.0,1.0
3998,Z-3615793,8162_HX2,,8162,XD_8162_OH_CLEVELAND.YZER,RC,Route Chrg,REG,Yzer LLC,YZER,2026-05-21 23:59:59,000,,0.0,,,0.0,,1.0,2.0,1.0,2.0,1.0,1.0
3999,Z-3603765,8163_GX4,,8162,XD_8162_OH_CLEVELAND.YZER,RC,Route Chrg,REG,Yzer LLC,YZER,2026-05-18 23:59:59,000,,0.0,,,0.0,,1.0,5.0,1.0,5.0,1.0,1.0
4000,Z-3625965,8163_G01,,8162,XD_8162_OH_CLEVELAND.YZER,RC,Route Chrg,REG,Yzer LLC,YZER,2026-05-26 23:59:59,000,0.0,0.0,0.0,0.0,0.0,0.0,,,,,1.0,1.0
4001,Z-3624647,8163_H01,,8162,XD_8162_OH_CLEVELAND.YZER,RC,Route Chrg,REG,Yzer LLC,YZER,2026-05-26 23:59:59,000,0.0,0.0,0.0,0.0,0.0,0.0,,,,,1.0,1.0
4002,Z-3627891,8163_G04,,8162,XD_8162_OH_CLEVELAND.YZER,RC,Route Chrg,REG,Yzer LLC,YZER,2026-05-27 23:59:59,000,0.0,0.0,0.0,0.0,0.0,0.0,,,,,1.0,1.0
4003,8162-G03-005-723011-260527,8162_G03,C_810447,8162,XD_8162_OH_CLEVELAND.YZER,FM,Customer,REG,Yzer LLC,YZER,2026-05-27 23:59:59,005,0.0,0.0,0.0,0.0,0.0,0.0,,,1.0,,1.0,0.0
4004,8162-H06-015-415508-260529,8162_H06,C_433600,8162,XD_8162_OH_CLEVELAND.YZER,FM,Customer,REG,Yzer LLC,YZER,2026-05-29 23:59:59,015,0.0,0.0,0.0,0.0,0.0,0.0,,,1.0,,1.0,1.0
4005,8162-G04-035-444588-260527,8162_G04,C_444588,8162,XD_8162_OH_CLEVELAND.YZER,FM,Customer,REG,Yzer LLC,YZER,2026-05-27 23:59:59,035,0.0,0.0,0.0,0.0,0.0,0.0,,,1.0,,1.0,1.0
4006,8162-H04-010-146265-260528,8162_H04,C_146265,8162,XD_8162_OH_CLEVELAND.YZER,FM,Customer,REG,Yzer LLC,YZER,2026-05-28 23:59:59,010,0.0,0.0,0.0,0.0,0.0,0.0,,,1.0,,1.0,1.0
4007,8162-H02-015-134622-260528,8162_H02,C_134622,8162,XD_8162_OH_CLEVELAND.YZER,FM,Customer,REG,Yzer LLC,YZER,2026-05-28 23:59:59,015,0.0,0.0,0.0,0.0,0.0,0.0,,,1.0,,1.0,1.0
4008,8162-G09-001-424353-260528,8162_G09,C_289513,8162,XD_8162_OH_CLEVELAND.YZER,FM,Customer,REG,Yzer LLC,YZER,2026-05-28 23:59:59,001,0.0,0.0,0.0,0.0,0.0,0.0,,,1.0,,1.0,0.0
4009,8162-G06-040-807750-260527,8162_G06,C_807750,8162,XD_8162_OH_CLEVELAND.YZER,FM,Customer,REG,Yzer LLC,YZER,2026-05-27 23:59:59,040,0.0,0.0,0.0,0.0,0.0,0.0,,,1.0,,1.0,1.0
4010,Z-3636855,8162_G04,,8162,XD_8162_OH_CLEVELAND.YZER,RC,Route Chrg,REG,Yzer LLC,YZER,2026-05-29 23:59:59,000,274.65,0.0,274.65,248.0,17.97,8.68,,,,,1.0,1.0
4011,8162-H06-040-892876-260529,8162_H06,C_946980,8162,XD_8162_OH_CLEVELAND.YZER,FM,Customer,REG,Yzer LLC,YZER,2026-05-29 23:59:59,040,0.0,0.0,0.0,0.0,0.0,0.0,,,1.0,,1.0,1.0
4012,8162-G07-005-589418-260528,8162_G07,C_599132,8162,XD_8162_OH_CLEVELAND.YZER,FM,Customer,REG,Yzer LLC,YZER,2026-05-28 23:59:59,005,0.0,0.0,0.0,0.0,0.0,0.0,,,1.0,,1.0,0.0
4013,8162-H06-010-151574-260529,8162_H06,C_151568,8162,XD_8162_OH_CLEVELAND.YZER,FM,Customer,REG,Yzer LLC,YZER,2026-05-29 23:59:59,010,0.0,0.0,0.0,0.0,0.0,0.0,,,1.0,,1.0,1.0
4014,8162-G03-015-864840-260528,8162_G03,C_864840,8162,XD_8162_OH_CLEVELAND.YZER,FM,Customer,REG,Yzer LLC,YZER,2026-05-28 23:59:59,015,0.0,0.0,0.0,0.0,0.0,0.0,,,1.0,,1.0,0.0
4015,8162-H05-020-304538-260528,8162_H05,C_304538,8162,XD_8162_OH_CLEVELAND.YZER,FM,Customer,REG,Yzer LLC,YZER,2026-05-28 23:59:59,020,0.0,0.0,0.0,0.0,0.0,0.0,,,1.0,,1.0,1.0
4016,Z-3636858,8162_G09,,8162,XD_8162_OH_CLEVELAND.YZER,RC,Route Chrg,REG,Yzer LLC,YZER,2026-05-29 23:59:59,000,276.86,0.0,276.86,250.0,18.11,8.75,,,,,1.0,1.0
4017,8162-G05-002-642013-260529,8162_G05,C_219681,8162,XD_8162_OH_CLEVELAND.YZER,FM,Customer,REG,Yzer LLC,YZER,2026-05-29 23:59:59,002,0.0,0.0,0.0,0.0,0.0,0.0,,,1.0,,1.0,0.0
4018,8163-G02-040-017375-260528,8163_G02,C_017375,8162,XD_8162_OH_CLEVELAND.YZER,FM,Customer,REG,Yzer LLC,YZER,2026-05-28 23:59:59,040,0.0,0.0,0.0,0.0,0.0,0.0,,,1.0,,1.0,0.0
4019,8162-H01-030-756914-260527,8162_H01,C_756914,8162,XD_8162_OH_CLEVELAND.YZER,FM,Customer,REG,Yzer LLC,YZER,2026-05-27 23:59:59,030,0.0,0.0,0.0,0.0,0.0,0.0,,,1.0,,1.0,1.0
4020,8162-G09-035-034804-260528,8162_G09,C_905119,8162,XD_8162_OH_CLEVELAND.YZER,FM,Customer,REG,Yzer LLC,YZER,2026-05-28 23:59:59,035,0.0,0.0,0.0,0.0,0.0,0.0,,,1.0,,1.0,1.0
4021,8162-G05-001-429087-260526,8162_G05,C_441221,8162,XD_8162_OH_CLEVELAND.YZER,FM,Customer,REG,Yzer LLC,YZER,2026-05-26 23:59:59,001,0.0,0.0,0.0,0.0,0.0,0.0,,,1.0,,1.0,0.0
4022,8162-G07-060-134966-260527,8162_G07,C_134966,8162,XD_8162_OH_CLEVELAND.YZER,FM,Customer,REG,Yzer LLC,YZER,2026-05-27 23:59:59,060,0.0,0.0,0.0,0.0,0.0,0.0,,,1.0,,1.0,1.0
4023,Z-3624317,8162_G04,,8162,XD_8162_OH_CLEVELAND.YZER,RC,Route Chrg,REG,Yzer LLC,YZER,2026-05-26 23:59:59,000,274.65,0.0,274.65,248.0,17.97,8.68,,,,,1.0,1.0
4024,8162-H06-015-162630-260527,8162_H06,C_433600,8162,XD_8162_OH_CLEVELAND.YZER,FM,Customer,REG,Yzer LLC,YZER,2026-05-27 23:59:59,015,0.0,0.0,0.0,0.0,0.0,0.0,,,1.0,,1.0,0.0
4025,8162-G03-005-070610-260528,8162_G03,C_810447,8162,XD_8162_OH_CLEVELAND.YZER,FM,Customer,REG,Yzer LLC,YZER,2026-05-28 23:59:59,005,0.0,0.0,0.0,0.0,0.0,0.0,,,1.0,,1.0,0.0
4026,8162-H04-005-433761-260506,8162_H04,C_435532,8162,XD_8162_OH_CLEVELAND.YZER,FM,Customer,REG,Yzer LLC,YZER,2026-05-06 23:59:59,005,0.0,0.0,0.0,0.0,0.0,0.0,,,1.0,,1.0,1.0
4027,8162-G05-005-224268-260507,8162_G05,C_441221,8162,XD_8162_OH_CLEVELAND.YZER,FM,Customer,REG,Yzer LLC,YZER,2026-05-07 23:59:59,005,0.0,0.0,0.0,0.0,0.0,0.0,,,1.0,,1.0,0.0
4028,8162-H04-035-134185-260508,8162_H04,C_134185,8162,XD_8162_OH_CLEVELAND.YZER,FM,Customer,REG,Yzer LLC,YZER,2026-05-08 23:59:59,035,0.0,0.0,0.0,0.0,0.0,0.0,,,1.0,,1.0,1.0
4029,8162-G09-002-280566-260508,8162_G09,C_289527,8162,XD_8162_OH_CLEVELAND.YZER,FM,Customer,REG,Yzer LLC,YZER,2026-05-08 23:59:59,002,0.0,0.0,0.0,0.0,0.0,0.0,,,1.0,,1.0,1.0
4030,8162-H01-020-446373-260508,8162_H01,C_446373,8162,XD_8162_OH_CLEVELAND.YZER,FM,Customer,REG,Yzer LLC,YZER,2026-05-08 23:59:59,020,0.0,0.0,0.0,0.0,0.0,0.0,,,1.0,,1.0,1.0
4031,8162-G02-040-244530-260513,8162_G02,C_017375,8162,XD_8162_OH_CLEVELAND.YZER,FM,Customer,REG,Yzer LLC,YZER,2026-05-13 23:59:59,040,0.0,0.0,0.0,0.0,0.0,0.0,,,1.0,,1.0,1.0
4032,8162-G02-030-289502-260514,8162_G02,C_289502,8162,XD_8162_OH_CLEVELAND.YZER,FM,Customer,REG,Yzer LLC,YZER,2026-05-14 23:59:59,030,0.0,0.0,0.0,0.0,0.0,0.0,,,1.0,,1.0,1.0
4033,8162-G05-005-221190-260506,8162_G05,C_441221,8162,XD_8162_OH_CLEVELAND.YZER,FM,Customer,REG,Yzer LLC,YZER,2026-05-06 23:59:59,005,0.0,0.0,0.0,0.0,0.0,0.0,,,1.0,,1.0,0.0
4034,8163-G03-005-723011-260514,8163_G03,C_810447,8162,XD_8162_OH_CLEVELAND.YZER,FM,Customer,REG,Yzer LLC,YZER,2026-05-14 23:59:59,005,0.0,0.0,0.0,0.0,0.0,0.0,,,1.0,,1.0,0.0
4035,8162-G05-001-224268-260511,8162_G05,C_441221,8162,XD_8162_OH_CLEVELAND.YZER,FM,Customer,REG,Yzer LLC,YZER,2026-05-11 23:59:59,001,0.0,0.0,0.0,0.0,0.0,0.0,,,1.0,,1.0,0.0
4036,Z-3567595,8162_H05,,8162,XD_8162_OH_CLEVELAND.YZER,RC,Route Chrg,REG,Yzer LLC,YZER,2026-05-05 23:59:59,000,289.51,0.0,289.51,252.0,28.69,8.82,,,,,1.0,1.0
4037,Z-3575502,8162_H03,,8162,XD_8162_OH_CLEVELAND.YZER,RC,Route Chrg,REG,Yzer LLC,YZER,2026-05-07 23:59:59,000,300.12,0.0,300.12,271.0,19.63,9.49,,,,,1.0,1.0
4038,8162-G09-058-753911-260513,8162_G09,C_753911,8162,XD_8162_OH_CLEVELAND.YZER,FM,Customer,REG,Yzer LLC,YZER,2026-05-13 23:59:59,058,0.0,0.0,0.0,0.0,0.0,0.0,,,1.0,,1.0,1.0
4039,8162-G05-006-905419-260511,8162_G05,C_061312,8162,XD_8162_OH_CLEVELAND.YZER,FM,Customer,REG,Yzer LLC,YZER,2026-05-11 23:59:59,006,0.0,0.0,0.0,0.0,0.0,0.0,,,1.0,,1.0,0.0
4040,8162-G04-010-875777-260518,8162_G04,C_833539,8162,XD_8162_OH_CLEVELAND.YZER,FM,Customer,REG,Yzer LLC,YZER,2026-05-18 23:59:59,010,0.0,0.0,0.0,0.0,0.0,0.0,,,1.0,,1.0,0.0
4041,8162-G09-046-415729-260518,8162_G09,C_415729,8162,XD_8162_OH_CLEVELAND.YZER,FM,Customer,REG,Yzer LLC,YZER,2026-05-18 23:59:59,046,0.0,0.0,0.0,0.0,0.0,0.0,,,1.0,,1.0,1.0
4042,8163-G06-026-289530-260518,8163_G06,C_289522,8162,XD_8162_OH_CLEVELAND.YZER,FM,Customer,REG,Yzer LLC,YZER,2026-05-18 23:59:59,026,0.0,0.0,0.0,0.0,0.0,0.0,,,1.0,,1.0,0.0
4043,8162-H05-035-259008-260518,8162_H05,C_259008,8162,XD_8162_OH_CLEVELAND.YZER,FM,Customer,REG,Yzer LLC,YZER,2026-05-18 23:59:59,035,0.0,0.0,0.0,0.0,0.0,0.0,,,1.0,,1.0,1.0
4044,8162-G07-005-599132-260518,8162_G07,C_599132,8162,XD_8162_OH_CLEVELAND.YZER,FM,Customer,REG,Yzer LLC,YZER,2026-05-18 23:59:59,005,0.0,0.0,0.0,0.0,0.0,0.0,,,1.0,,1.0,1.0
4045,8162-H05-005-176725-260515,8162_H05,C_224273,8162,XD_8162_OH_CLEVELAND.YZER,FM,Customer,REG,Yzer LLC,YZER,2026-05-15 23:59:59,005,0.0,0.0,0.0,0.0,0.0,0.0,,,1.0,,1.0,1.0
4046,8162-H04-015-970222-260518,8162_H04,C_970222,8162,XD_8162_OH_CLEVELAND.YZER,FM,Customer,REG,Yzer LLC,YZER,2026-05-18 23:59:59,015,0.0,0.0,0.0,0.0,0.0,0.0,,,1.0,,1.0,1.0
4047,8162-G02-040-017375-260515,8162_G02,C_017375,8162,XD_8162_OH_CLEVELAND.YZER,FM,Customer,REG,Yzer LLC,YZER,2026-05-15 23:59:59,040,0.0,0.0,0.0,0.0,0.0,0.0,,,1.0,,1.0,1.0
4048,8163-G03-005-070610-260518,8163_G03,C_810447,8162,XD_8162_OH_CLEVELAND.YZER,FM,Customer,REG,Yzer LLC,YZER,2026-05-18 23:59:59,005,0.0,0.0,0.0,0.0,0.0,0.0,,,1.0,,1.0,0.0
4049,8162-G09-035-905119-260518,8162_G09,C_905119,8162,XD_8162_OH_CLEVELAND.YZER,FM,Customer,REG,Yzer LLC,YZER,2026-05-18 23:59:59,035,0.0,0.0,0.0,0.0,0.0,0.0,,,1.0,,1.0,1.0
4050,8162-G01-020-443013-260515,8162_G01,C_890860,8162,XD_8162_OH_CLEVELAND.YZER,FM,Customer,REG,Yzer LLC,YZER,2026-05-15 23:59:59,020,0.0,0.0,0.0,0.0,0.0,0.0,,,1.0,,1.0,0.0
4051,8162-H01-035-865326-260515,8162_H01,C_865326,8162,XD_8162_OH_CLEVELAND.YZER,FM,Customer,REG,Yzer LLC,YZER,2026-05-15 23:59:59,035,0.0,0.0,0.0,0.0,0.0,0.0,,,1.0,,1.0,1.0
4052,8162-G05-001-441221-260518,8162_G05,C_441221,8162,XD_8162_OH_CLEVELAND.YZER,FM,Customer,REG,Yzer LLC,YZER,2026-05-18 23:59:59,001,0.0,0.0,0.0,0.0,0.0,0.0,,,1.0,,1.0,1.0
4053,8163-G05-045-245718-260518,8163_G05,C_245718,8162,XD_8162_OH_CLEVELAND.YZER,FM,Customer,REG,Yzer LLC,YZER,2026-05-18 23:59:59,045,0.0,0.0,0.0,0.0,0.0,0.0,,,1.0,,1.0,0.0
4054,8162-G04-006-839466-260518,8162_G04,C_712383,8162,XD_8162_OH_CLEVELAND.YZER,FM,Customer,REG,Yzer LLC,YZER,2026-05-18 23:59:59,006,0.0,0.0,0.0,0.0,0.0,0.0,,,1.0,,1.0,0.0
4055,Z-3600068,8162_G06,,8162,XD_8162_OH_CLEVELAND.YZER,RC,Route Chrg,REG,Yzer LLC,YZER,2026-05-15 23:59:59,000,383.86,0.0,383.86,345.0,26.78,12.08,,,,,1.0,1.0
4056,8162-G02-020-598488-260515,8162_G02,C_598488,8162,XD_8162_OH_CLEVELAND.YZER,FM,Customer,REG,Yzer LLC,YZER,2026-05-15 23:59:59,020,0.0,0.0,0.0,0.0,0.0,0.0,,,1.0,,1.0,1.0
4057,8162-H06-010-151574-260514,8162_H06,C_151568,8162,XD_8162_OH_CLEVELAND.YZER,FM,Customer,REG,Yzer LLC,YZER,2026-05-14 23:59:59,010,0.0,0.0,0.0,0.0,0.0,0.0,,,1.0,,1.0,0.0
4058,Z-3583580,8162_GX0,,8162,XD_8162_OH_CLEVELAND.YZER,RC,Route Chrg,REG,Yzer LLC,YZER,2026-05-11 23:59:59,000,0.0,0.0,0.0,0.0,0.0,0.0,,,,,1.0,1.0
4059,8162-G09-058-753911-260508,8162_G09,C_753911,8162,XD_8162_OH_CLEVELAND.YZER,FM,Customer,REG,Yzer LLC,YZER,2026-05-08 23:59:59,058,0.0,0.0,0.0,0.0,0.0,0.0,,,1.0,,1.0,1.0
4060,8162-H02-020-134501-260511,8162_H02,C_134501,8162,XD_8162_OH_CLEVELAND.YZER,FM,Customer,REG,Yzer LLC,YZER,2026-05-11 23:59:59,020,0.0,0.0,0.0,0.0,0.0,0.0,,,1.0,,1.0,1.0
4061,Z-3580362,8163_H03,,8162,XD_8162_OH_CLEVELAND.YZER,RC,Route Chrg,REG,Yzer LLC,YZER,2026-05-08 23:59:59,000,0.0,0.0,0.0,0.0,0.0,0.0,,,,,1.0,1.0
4062,8162-G02-040-017375-260512,8162_G02,C_017375,8162,XD_8162_OH_CLEVELAND.YZER,FM,Customer,REG,Yzer LLC,YZER,2026-05-12 23:59:59,040,0.0,0.0,0.0,0.0,0.0,0.0,,,1.0,,1.0,1.0
4063,8162-H05-005-176725-260506,8162_H05,C_224273,8162,XD_8162_OH_CLEVELAND.YZER,FM,Customer,REG,Yzer LLC,YZER,2026-05-06 23:59:59,005,0.0,0.0,0.0,0.0,0.0,0.0,,,1.0,,1.0,1.0
4064,8162-H05-035-259008-260507,8162_H05,C_259008,8162,XD_8162_OH_CLEVELAND.YZER,FM,Customer,REG,Yzer LLC,YZER,2026-05-07 23:59:59,035,0.0,0.0,0.0,0.0,0.0,0.0,,,1.0,,1.0,1.0
4065,8163-H05-005-224273-260507,8163_H05,C_224273,8162,XD_8162_OH_CLEVELAND.YZER,FM,Customer,REG,Yzer LLC,YZER,2026-05-07 23:59:59,005,0.0,0.0,0.0,0.0,0.0,0.0,,,1.0,,1.0,0.0
4066,8162-G04-017-286184-260512,8162_G04,C_286184,8162,XD_8162_OH_CLEVELAND.YZER,FM,Customer,REG,Yzer LLC,YZER,2026-05-12 23:59:59,017,0.0,0.0,0.0,0.0,0.0,0.0,,,1.0,,1.0,1.0
4067,8162-H06-005-893003-260519,8162_H06,C_905176,8162,XD_8162_OH_CLEVELAND.YZER,FM,Customer,REG,Yzer LLC,YZER,2026-05-19 23:59:59,005,0.0,0.0,0.0,0.0,0.0,0.0,,,1.0,,1.0,1.0
4068,8162-G02-040-244530-260519,8162_G02,C_017375,8162,XD_8162_OH_CLEVELAND.YZER,FM,Customer,REG,Yzer LLC,YZER,2026-05-19 23:59:59,040,0.0,0.0,0.0,0.0,0.0,0.0,,,1.0,,1.0,1.0
4069,8162-H06-015-162630-260519,8162_H06,C_433600,8162,XD_8162_OH_CLEVELAND.YZER,FM,Customer,REG,Yzer LLC,YZER,2026-05-19 23:59:59,015,0.0,0.0,0.0,0.0,0.0,0.0,,,1.0,,1.0,0.0
4070,8162-G04-006-712383-260519,8162_G04,C_712383,8162,XD_8162_OH_CLEVELAND.YZER,FM,Customer,REG,Yzer LLC,YZER,2026-05-19 23:59:59,006,0.0,0.0,0.0,0.0,0.0,0.0,,,1.0,,1.0,0.0
4071,8162-G09-017-444117-260519,8162_G09,C_444117,8162,XD_8162_OH_CLEVELAND.YZER,FM,Customer,REG,Yzer LLC,YZER,2026-05-19 23:59:59,017,0.0,0.0,0.0,0.0,0.0,0.0,,,1.0,,1.0,1.0
4072,8162-G09-028-093539-260519,8162_G09,C_093545,8162,XD_8162_OH_CLEVELAND.YZER,FM,Customer,REG,Yzer LLC,YZER,2026-05-19 23:59:59,028,0.0,0.0,0.0,0.0,0.0,0.0,,,1.0,,1.0,0.0
4073,8162-G07-020-235209-260512,8162_G07,C_235209,8162,XD_8162_OH_CLEVELAND.YZER,FM,Customer,REG,Yzer LLC,YZER,2026-05-12 23:59:59,020,0.0,0.0,0.0,0.0,0.0,0.0,,,1.0,,1.0,1.0
4074,8162-G02-010-433278-260520,8162_G02,C_433278,8162,XD_8162_OH_CLEVELAND.YZER,FM,Customer,REG,Yzer LLC,YZER,2026-05-20 23:59:59,010,0.0,0.0,0.0,0.0,0.0,0.0,,,1.0,,1.0,1.0
4075,8162-G03-037-521590-260520,8162_G03,C_521590,8162,XD_8162_OH_CLEVELAND.YZER,FM,Customer,REG,Yzer LLC,YZER,2026-05-20 23:59:59,037,0.0,0.0,0.0,0.0,0.0,0.0,,,1.0,,1.0,1.0
4076,Z-3608153,8162_H05,,8162,XD_8162_OH_CLEVELAND.YZER,RC,Route Chrg,REG,Yzer LLC,YZER,2026-05-19 23:59:59,000,298.64,0.0,298.64,252.0,37.82,8.82,,,,,1.0,1.0
4077,8162-G07-045-144654-260520,8162_G07,C_144654,8162,XD_8162_OH_CLEVELAND.YZER,FM,Customer,REG,Yzer LLC,YZER,2026-05-20 23:59:59,045,0.0,0.0,0.0,0.0,0.0,0.0,,,1.0,,1.0,1.0
4078,8162-G05-001-441221-260520,8162_G05,C_441221,8162,XD_8162_OH_CLEVELAND.YZER,FM,Customer,REG,Yzer LLC,YZER,2026-05-20 23:59:59,001,0.0,0.0,0.0,0.0,0.0,0.0,,,1.0,,1.0,1.0
4079,8162-G07-005-386053-260508,8162_G07,C_599132,8162,XD_8162_OH_CLEVELAND.YZER,FM,Customer,REG,Yzer LLC,YZER,2026-05-08 23:59:59,005,0.0,0.0,0.0,0.0,0.0,0.0,,,1.0,,1.0,0.0
4080,8163-G09-001-289513-260506,8163_G09,C_289513,8162,XD_8162_OH_CLEVELAND.YZER,FM,Customer,REG,Yzer LLC,YZER,2026-05-06 23:59:59,001,0.0,0.0,0.0,0.0,0.0,0.0,,,1.0,,1.0,0.0
4081,8163-G01-005-718289-260521,8163_G01,C_436015,8162,XD_8162_OH_CLEVELAND.YZER,FM,Customer,REG,Yzer LLC,YZER,2026-05-21 23:59:59,005,0.0,0.0,0.0,0.0,0.0,0.0,,,1.0,,1.0,0.0
4082,8162-G09-001-424353-260521,8162_G09,C_289513,8162,XD_8162_OH_CLEVELAND.YZER,FM,Customer,REG,Yzer LLC,YZER,2026-05-21 23:59:59,001,0.0,0.0,0.0,0.0,0.0,0.0,,,1.0,,1.0,0.0
4083,8162-H02-035-340423-260521,8162_H02,C_340423,8162,XD_8162_OH_CLEVELAND.YZER,FM,Customer,REG,Yzer LLC,YZER,2026-05-21 23:59:59,035,0.0,0.0,0.0,0.0,0.0,0.0,,,1.0,,1.0,1.0
4084,8162-G09-011-401833-260521,8162_G09,C_401833,8162,XD_8162_OH_CLEVELAND.YZER,FM,Customer,REG,Yzer LLC,YZER,2026-05-21 23:59:59,011,0.0,0.0,0.0,0.0,0.0,0.0,,,1.0,,1.0,1.0
4085,8162-G05-030-610134-260507,8162_G05,C_610134,8162,XD_8162_OH_CLEVELAND.YZER,FM,Customer,REG,Yzer LLC,YZER,2026-05-07 23:59:59,030,0.0,0.0,0.0,0.0,0.0,0.0,,,1.0,,1.0,0.0
4086,8163-H06-015-415508-260508,8163_H06,C_433600,8162,XD_8162_OH_CLEVELAND.YZER,FM,Customer,REG,Yzer LLC,YZER,2026-05-08 23:59:59,015,0.0,0.0,0.0,0.0,0.0,0.0,,,1.0,,1.0,0.0
4087,8162-H06-005-905176-260521,8162_H06,C_905176,8162,XD_8162_OH_CLEVELAND.YZER,FM,Customer,REG,Yzer LLC,YZER,2026-05-21 23:59:59,005,0.0,0.0,0.0,0.0,0.0,0.0,,,1.0,,1.0,0.0
4088,8162-H02-025-134412-260513,8162_H02,C_134412,8162,XD_8162_OH_CLEVELAND.YZER,FM,Customer,REG,Yzer LLC,YZER,2026-05-13 23:59:59,025,0.0,0.0,0.0,0.0,0.0,0.0,,,1.0,,1.0,1.0
4089,8162-G04-005-679719-260521,8162_G04,C_712383,8162,XD_8162_OH_CLEVELAND.YZER,FM,Customer,REG,Yzer LLC,YZER,2026-05-21 23:59:59,005,0.0,0.0,0.0,0.0,0.0,0.0,,,1.0,,1.0,1.0
4090,8162-G05-045-245718-260514,8162_G05,C_245718,8162,XD_8162_OH_CLEVELAND.YZER,FM,Customer,REG,Yzer LLC,YZER,2026-05-14 23:59:59,045,0.0,0.0,0.0,0.0,0.0,0.0,,,1.0,,1.0,0.0
4091,8162-G07-045-144654-260526,8162_G07,C_144654,8162,XD_8162_OH_CLEVELAND.YZER,FM,Customer,REG,Yzer LLC,YZER,2026-05-26 23:59:59,045,0.0,0.0,0.0,0.0,0.0,0.0,,,1.0,,1.0,1.0
4092,8162-H04-020-274850-260508,8162_H04,C_274850,8162,XD_8162_OH_CLEVELAND.YZER,FM,Customer,REG,Yzer LLC,YZER,2026-05-08 23:59:59,020,0.0,0.0,0.0,0.0,0.0,0.0,,,1.0,,1.0,1.0
4093,8163-H06-005-893003-260506,8163_H06,C_905176,8162,XD_8162_OH_CLEVELAND.YZER,FM,Customer,REG,Yzer LLC,YZER,2026-05-06 23:59:59,005,0.0,0.0,0.0,0.0,0.0,0.0,,,1.0,,1.0,0.0
4094,8162-H06-040-892876-260526,8162_H06,C_946980,8162,XD_8162_OH_CLEVELAND.YZER,FM,Customer,REG,Yzer LLC,YZER,2026-05-26 23:59:59,040,0.0,0.0,0.0,0.0,0.0,0.0,,,1.0,,1.0,0.0
4095,8162-G04-005-679719-260514,8162_G04,C_712383,8162,XD_8162_OH_CLEVELAND.YZER,FM,Customer,REG,Yzer LLC,YZER,2026-05-14 23:59:59,005,0.0,0.0,0.0,0.0,0.0,0.0,,,1.0,,1.0,1.0
4096,8162-H06-020-245725-260522,8162_H06,C_717269,8162,XD_8162_OH_CLEVELAND.YZER,FM,Customer,REG,Yzer LLC,YZER,2026-05-22 23:59:59,020,0.0,0.0,0.0,0.0,0.0,0.0,,,1.0,,1.0,1.0
4097,8162-H04-040-350918-260508,8162_H04,C_350918,8162,XD_8162_OH_CLEVELAND.YZER,FM,Customer,REG,Yzer LLC,YZER,2026-05-08 23:59:59,040,0.0,0.0,0.0,0.0,0.0,0.0,,,1.0,,1.0,1.0
4098,8162-G05-006-224266-260511,8162_G05,C_061312,8162,XD_8162_OH_CLEVELAND.YZER,FM,Customer,REG,Yzer LLC,YZER,2026-05-11 23:59:59,006,0.0,0.0,0.0,0.0,0.0,0.0,,,1.0,,1.0,1.0
4099,8162-H04-015-970222-260526,8162_H04,C_970222,8162,XD_8162_OH_CLEVELAND.YZER,FM,Customer,REG,Yzer LLC,YZER,2026-05-26 23:59:59,015,0.0,0.0,0.0,0.0,0.0,0.0,,,1.0,,1.0,1.0
4100,8162-H03-005-160440-260513,8162_H03,C_160440,8162,XD_8162_OH_CLEVELAND.YZER,FM,Customer,REG,Yzer LLC,YZER,2026-05-13 23:59:59,005,0.0,0.0,0.0,0.0,0.0,0.0,,,1.0,,1.0,1.0
4101,8162-G07-025-955410-260513,8162_G07,C_955410,8162,XD_8162_OH_CLEVELAND.YZER,FM,Customer,REG,Yzer LLC,YZER,2026-05-13 23:59:59,025,0.0,0.0,0.0,0.0,0.0,0.0,,,1.0,,1.0,1.0
4102,8162-G09-002-289531-260522,8162_G09,C_289527,8162,XD_8162_OH_CLEVELAND.YZER,FM,Customer,REG,Yzer LLC,YZER,2026-05-22 23:59:59,002,0.0,0.0,0.0,0.0,0.0,0.0,,,1.0,,1.0,1.0
4103,8162-H01-025-806927-260526,8162_H01,C_806927,8162,XD_8162_OH_CLEVELAND.YZER,FM,Customer,REG,Yzer LLC,YZER,2026-05-26 23:59:59,025,0.0,0.0,0.0,0.0,0.0,0.0,,,1.0,,1.0,1.0
4104,Z-3620696,8162_G03,,8162,XD_8162_OH_CLEVELAND.YZER,RC,Route Chrg,REG,Yzer LLC,YZER,2026-05-22 23:59:59,000,374.32,0.0,374.32,338.0,24.49,11.83,,,,,1.0,1.0
4105,Z-3570904,8163_H04,,8162,XD_8162_OH_CLEVELAND.YZER,RC,Route Chrg,REG,Yzer LLC,YZER,2026-05-06 23:59:59,000,,0.0,,,0.0,,7.0,15.0,7.0,15.0,1.0,1.0
4106,Z-3559518,8163_G03,,8162,XD_8162_OH_CLEVELAND.YZER,RC,Route Chrg,REG,Yzer LLC,YZER,2026-05-01 23:59:59,000,,0.0,,,0.0,,7.0,20.0,7.0,20.0,1.0,1.0
4107,8162-H01-040-093494-260505,8162_H01,C_093505,8162,XD_8162_OH_CLEVELAND.YZER,FM,Customer,REG,Yzer LLC,YZER,2026-05-05 23:59:59,040,0.0,0.0,0.0,0.0,0.0,0.0,,,1.0,,1.0,0.0
4108,8162-G04-010-786357-260504,8162_G04,C_833539,8162,XD_8162_OH_CLEVELAND.YZER,FM,Customer,REG,Yzer LLC,YZER,2026-05-04 23:59:59,010,0.0,0.0,0.0,0.0,0.0,0.0,,,1.0,,1.0,0.0
4109,8162-G02-020-198160-260505,8162_G02,C_598488,8162,XD_8162_OH_CLEVELAND.YZER,FM,Customer,REG,Yzer LLC,YZER,2026-05-05 23:59:59,020,0.0,0.0,0.0,0.0,0.0,0.0,,,1.0,,1.0,0.0
4110,8162-H06-020-717269-260505,8162_H06,C_717269,8162,XD_8162_OH_CLEVELAND.YZER,FM,Customer,REG,Yzer LLC,YZER,2026-05-05 23:59:59,020,0.0,0.0,0.0,0.0,0.0,0.0,,,1.0,,1.0,0.0
4111,Z-3559479,8162_G04,,8162,XD_8162_OH_CLEVELAND.YZER,RC,Route Chrg,REG,Yzer LLC,YZER,2026-05-01 23:59:59,000,268.23,0.0,268.23,248.0,11.55,8.68,,,,,1.0,1.0
4112,Z-3583663,8163_H04,,8162,XD_8162_OH_CLEVELAND.YZER,RC,Route Chrg,REG,Yzer LLC,YZER,2026-05-11 23:59:59,000,,0.0,,,0.0,,7.0,27.0,7.0,27.0,1.0,1.0
4113,8162-G07-010-134526-260505,8162_G07,C_134526,8162,XD_8162_OH_CLEVELAND.YZER,FM,Customer,REG,Yzer LLC,YZER,2026-05-05 23:59:59,010,0.0,0.0,0.0,0.0,0.0,0.0,,,1.0,,1.0,1.0
4114,Z-3587899,8163_G06,,8162,XD_8162_OH_CLEVELAND.YZER,RC,Route Chrg,REG,Yzer LLC,YZER,2026-05-12 23:59:59,000,,0.0,,,0.0,,7.0,15.0,7.0,15.0,1.0,1.0
4115,Z-3600164,8163_H02,,8162,XD_8162_OH_CLEVELAND.YZER,RC,Route Chrg,REG,Yzer LLC,YZER,2026-05-15 23:59:59,000,,0.0,,,0.0,,8.0,17.0,8.0,17.0,1.0,1.0
4116,Z-3613008,8162_GX4,,8162,XD_8162_OH_CLEVELAND.YZER,RC,Route Chrg,REG,Yzer LLC,YZER,2026-05-20 23:59:59,000,,0.0,,,0.0,,1.0,8.0,1.0,8.0,1.0,1.0
4117,Z-3620826,8163_G02,,8162,XD_8162_OH_CLEVELAND.YZER,RC,Route Chrg,REG,Yzer LLC,YZER,2026-05-22 23:59:59,000,,0.0,,,0.0,,6.0,79.0,6.0,79.0,1.0,1.0
4118,Z-3603777,8163_G06,,8162,XD_8162_OH_CLEVELAND.YZER,RC,Route Chrg,REG,Yzer LLC,YZER,2026-05-18 23:59:59,000,,0.0,,,0.0,,7.0,29.0,7.0,29.0,1.0,1.0
4119,Z-3608667,8163_G04,,8162,XD_8162_OH_CLEVELAND.YZER,RC,Route Chrg,REG,Yzer LLC,YZER,2026-05-19 23:59:59,000,,0.0,,,0.0,,6.0,17.0,6.0,17.0,1.0,1.0
4120,Z-3608338,8163_H02,,8162,XD_8162_OH_CLEVELAND.YZER,RC,Route Chrg,REG,Yzer LLC,YZER,2026-05-19 23:59:59,000,,0.0,,,0.0,,9.0,20.0,9.0,20.0,1.0,1.0
4121,Z-3615931,8162_HX5,,8162,XD_8162_OH_CLEVELAND.YZER,RC,Route Chrg,REG,Yzer LLC,YZER,2026-05-21 23:59:59,000,,0.0,,,0.0,,1.0,6.0,1.0,6.0,1.0,1.0
4122,Z-3636790,8163_G01,,8162,XD_8162_OH_CLEVELAND.YZER,RC,Route Chrg,REG,Yzer LLC,YZER,2026-05-29 23:59:59,000,0.0,0.0,0.0,0.0,0.0,0.0,,,,,1.0,1.0
4123,8162-G04-017-286184-260528,8162_G04,C_286184,8162,XD_8162_OH_CLEVELAND.YZER,FM,Customer,REG,Yzer LLC,YZER,2026-05-28 23:59:59,017,0.0,0.0,0.0,0.0,0.0,0.0,,,1.0,,1.0,1.0
4124,8162-G01-030-217734-260527,8162_G01,C_217734,8162,XD_8162_OH_CLEVELAND.YZER,FM,Customer,REG,Yzer LLC,YZER,2026-05-27 23:59:59,030,0.0,0.0,0.0,0.0,0.0,0.0,,,1.0,,1.0,1.0
4125,8162-G05-030-610134-260529,8162_G05,C_610134,8162,XD_8162_OH_CLEVELAND.YZER,FM,Customer,REG,Yzer LLC,YZER,2026-05-29 23:59:59,030,0.0,0.0,0.0,0.0,0.0,0.0,,,1.0,,1.0,0.0
4126,8162-H04-030-770700-260528,8162_H04,C_993260,8162,XD_8162_OH_CLEVELAND.YZER,FM,Customer,REG,Yzer LLC,YZER,2026-05-28 23:59:59,030,0.0,0.0,0.0,0.0,0.0,0.0,,,1.0,,1.0,0.0
4127,8162-H05-005-176725-260528,8162_H05,C_224273,8162,XD_8162_OH_CLEVELAND.YZER,FM,Customer,REG,Yzer LLC,YZER,2026-05-28 23:59:59,005,0.0,0.0,0.0,0.0,0.0,0.0,,,1.0,,1.0,0.0
4128,8163-G06-026-289530-260528,8163_G06,C_289522,8162,XD_8162_OH_CLEVELAND.YZER,FM,Customer,REG,Yzer LLC,YZER,2026-05-28 23:59:59,026,0.0,0.0,0.0,0.0,0.0,0.0,,,1.0,,1.0,0.0
4129,8162-H04-005-893019-260528,8162_H04,C_435532,8162,XD_8162_OH_CLEVELAND.YZER,FM,Customer,REG,Yzer LLC,YZER,2026-05-28 23:59:59,005,0.0,0.0,0.0,0.0,0.0,0.0,,,1.0,,1.0,0.0
4130,8163-G02-005-071322-260526,8163_G02,C_713914,8162,XD_8162_OH_CLEVELAND.YZER,FM,Customer,REG,Yzer LLC,YZER,2026-05-26 23:59:59,005,0.0,0.0,0.0,0.0,0.0,0.0,,,1.0,,1.0,0.0
4131,8162-G01-005-436015-260528,8162_G01,C_436015,8162,XD_8162_OH_CLEVELAND.YZER,FM,Customer,REG,Yzer LLC,YZER,2026-05-28 23:59:59,005,0.0,0.0,0.0,0.0,0.0,0.0,,,1.0,,1.0,0.0
4132,8162-G01-005-718289-260528,8162_G01,C_436015,8162,XD_8162_OH_CLEVELAND.YZER,FM,Customer,REG,Yzer LLC,YZER,2026-05-28 23:59:59,005,0.0,0.0,0.0,0.0,0.0,0.0,,,1.0,,1.0,0.0
4133,8163-G01-005-718289-260529,8163_G01,C_436015,8162,XD_8162_OH_CLEVELAND.YZER,FM,Customer,REG,Yzer LLC,YZER,2026-05-29 23:59:59,005,0.0,0.0,0.0,0.0,0.0,0.0,,,1.0,,1.0,0.0
4134,8163-G07-005-599132-260528,8163_G07,C_599132,8162,XD_8162_OH_CLEVELAND.YZER,FM,Customer,REG,Yzer LLC,YZER,2026-05-28 23:59:59,005,0.0,0.0,0.0,0.0,0.0,0.0,,,1.0,,1.0,0.0
4135,8162-G07-005-245872-260527,8162_G07,C_599132,8162,XD_8162_OH_CLEVELAND.YZER,FM,Customer,REG,Yzer LLC,YZER,2026-05-27 23:59:59,005,0.0,0.0,0.0,0.0,0.0,0.0,,,1.0,,1.0,0.0
4136,8162-G03-010-256130-260527,8162_G03,C_223285,8162,XD_8162_OH_CLEVELAND.YZER,FM,Customer,REG,Yzer LLC,YZER,2026-05-27 23:59:59,010,0.0,0.0,0.0,0.0,0.0,0.0,,,1.0,,1.0,1.0
4137,8162-H05-050-721852-260528,8162_H05,C_721852,8162,XD_8162_OH_CLEVELAND.YZER,FM,Customer,REG,Yzer LLC,YZER,2026-05-28 23:59:59,050,0.0,0.0,0.0,0.0,0.0,0.0,,,1.0,,1.0,1.0
4138,8163-G07-005-386053-260528,8163_G07,C_599132,8162,XD_8162_OH_CLEVELAND.YZER,FM,Customer,REG,Yzer LLC,YZER,2026-05-28 23:59:59,005,0.0,0.0,0.0,0.0,0.0,0.0,,,1.0,,1.0,0.0
4139,8162-H04-005-050648-260527,8162_H04,C_435532,8162,XD_8162_OH_CLEVELAND.YZER,FM,Customer,REG,Yzer LLC,YZER,2026-05-27 23:59:59,005,0.0,0.0,0.0,0.0,0.0,0.0,,,1.0,,1.0,0.0
4140,8162-H05-020-304538-260529,8162_H05,C_304538,8162,XD_8162_OH_CLEVELAND.YZER,FM,Customer,REG,Yzer LLC,YZER,2026-05-29 23:59:59,020,0.0,0.0,0.0,0.0,0.0,0.0,,,1.0,,1.0,1.0
4141,8162-G09-035-905119-260529,8162_G09,C_905119,8162,XD_8162_OH_CLEVELAND.YZER,FM,Customer,REG,Yzer LLC,YZER,2026-05-29 23:59:59,035,0.0,0.0,0.0,0.0,0.0,0.0,,,1.0,,1.0,1.0
4142,Z-3627771,8162_G02,,8162,XD_8162_OH_CLEVELAND.YZER,RC,Route Chrg,REG,Yzer LLC,YZER,2026-05-27 23:59:59,000,442.47,0.0,442.47,375.0,54.34,13.13,,,,,1.0,1.0
4143,8162-G01-030-633104-260528,8162_G01,C_217734,8162,XD_8162_OH_CLEVELAND.YZER,FM,Customer,REG,Yzer LLC,YZER,2026-05-28 23:59:59,030,0.0,0.0,0.0,0.0,0.0,0.0,,,1.0,,1.0,1.0
4144,8162-G04-015-134184-260528,8162_G04,C_134184,8162,XD_8162_OH_CLEVELAND.YZER,FM,Customer,REG,Yzer LLC,YZER,2026-05-28 23:59:59,015,0.0,0.0,0.0,0.0,0.0,0.0,,,1.0,,1.0,1.0
4145,8163-G05-006-905419-260529,8163_G05,C_061312,8162,XD_8162_OH_CLEVELAND.YZER,FM,Customer,REG,Yzer LLC,YZER,2026-05-29 23:59:59,006,0.0,0.0,0.0,0.0,0.0,0.0,,,1.0,,1.0,0.0
4146,Z-3567575,8162_G06,,8162,XD_8162_OH_CLEVELAND.YZER,RC,Route Chrg,REG,Yzer LLC,YZER,2026-05-05 23:59:59,000,373.15,0.0,373.15,345.0,16.07,12.08,,,,,1.0,1.0
4147,8162-G06-010-151559-260514,8162_G06,C_151558,8162,XD_8162_OH_CLEVELAND.YZER,FM,Customer,REG,Yzer LLC,YZER,2026-05-14 23:59:59,010,0.0,0.0,0.0,0.0,0.0,0.0,,,1.0,,1.0,0.0
4148,Z-3570824,8162_GX0,,8162,XD_8162_OH_CLEVELAND.YZER,RC,Route Chrg,REG,Yzer LLC,YZER,2026-05-06 23:59:59,000,0.0,0.0,0.0,0.0,0.0,0.0,,,,,1.0,1.0
4149,8162-H05-005-224273-260513,8162_H05,C_224273,8162,XD_8162_OH_CLEVELAND.YZER,FM,Customer,REG,Yzer LLC,YZER,2026-05-13 23:59:59,005,0.0,0.0,0.0,0.0,0.0,0.0,,,1.0,,1.0,1.0
4150,8162-G09-028-093539-260507,8162_G09,C_093545,8162,XD_8162_OH_CLEVELAND.YZER,FM,Customer,REG,Yzer LLC,YZER,2026-05-07 23:59:59,028,0.0,0.0,0.0,0.0,0.0,0.0,,,1.0,,1.0,0.0
4151,8162-H03-045-664113-260514,8162_H03,C_664113,8162,XD_8162_OH_CLEVELAND.YZER,FM,Customer,REG,Yzer LLC,YZER,2026-05-14 23:59:59,045,0.0,0.0,0.0,0.0,0.0,0.0,,,1.0,,1.0,1.0
4152,8162-G03-025-969803-260508,8162_G03,C_296317,8162,XD_8162_OH_CLEVELAND.YZER,FM,Customer,REG,Yzer LLC,YZER,2026-05-08 23:59:59,025,0.0,0.0,0.0,0.0,0.0,0.0,,,1.0,,1.0,0.0
4153,8162-G03-015-584757-260512,8162_G03,C_864840,8162,XD_8162_OH_CLEVELAND.YZER,FM,Customer,REG,Yzer LLC,YZER,2026-05-12 23:59:59,015,0.0,0.0,0.0,0.0,0.0,0.0,,,1.0,,1.0,1.0
4154,8163-G02-005-071322-260514,8163_G02,C_713914,8162,XD_8162_OH_CLEVELAND.YZER,FM,Customer,REG,Yzer LLC,YZER,2026-05-14 23:59:59,005,0.0,0.0,0.0,0.0,0.0,0.0,,,1.0,,1.0,0.0
4155,Z-3592688,8162_G09,,8162,XD_8162_OH_CLEVELAND.YZER,RC,Route Chrg,REG,Yzer LLC,YZER,2026-05-13 23:59:59,000,278.16,0.0,278.16,250.0,19.41,8.75,,,,,1.0,1.0
4156,8162-G05-020-599776-260507,8162_G05,C_599776,8162,XD_8162_OH_CLEVELAND.YZER,FM,Customer,REG,Yzer LLC,YZER,2026-05-07 23:59:59,020,0.0,0.0,0.0,0.0,0.0,0.0,,,1.0,,1.0,1.0
4157,8163-G06-015-151561-260508,8163_G06,C_065363,8162,XD_8162_OH_CLEVELAND.YZER,FM,Customer,REG,Yzer LLC,YZER,2026-05-08 23:59:59,015,0.0,0.0,0.0,0.0,0.0,0.0,,,1.0,,1.0,0.0
4158,8162-G06-015-151562-260507,8162_G06,C_065363,8162,XD_8162_OH_CLEVELAND.YZER,FM,Customer,REG,Yzer LLC,YZER,2026-05-07 23:59:59,015,0.0,0.0,0.0,0.0,0.0,0.0,,,1.0,,1.0,0.0
4159,8162-H01-040-093494-260513,8162_H01,C_093505,8162,XD_8162_OH_CLEVELAND.YZER,FM,Customer,REG,Yzer LLC,YZER,2026-05-13 23:59:59,040,0.0,0.0,0.0,0.0,0.0,0.0,,,1.0,,1.0,1.0
4160,8162-G06-010-151559-260513,8162_G06,C_151558,8162,XD_8162_OH_CLEVELAND.YZER,FM,Customer,REG,Yzer LLC,YZER,2026-05-13 23:59:59,010,0.0,0.0,0.0,0.0,0.0,0.0,,,1.0,,1.0,0.0
4161,8162-G02-035-631816-260511,8162_G02,C_209162,8162,XD_8162_OH_CLEVELAND.YZER,FM,Customer,REG,Yzer LLC,YZER,2026-05-11 23:59:59,035,0.0,0.0,0.0,0.0,0.0,0.0,,,1.0,,1.0,1.0
4162,8162-H04-035-134185-260515,8162_H04,C_134185,8162,XD_8162_OH_CLEVELAND.YZER,FM,Customer,REG,Yzer LLC,YZER,2026-05-15 23:59:59,035,0.0,0.0,0.0,0.0,0.0,0.0,,,1.0,,1.0,1.0
4163,8162-G03-005-892996-260518,8162_G03,C_810447,8162,XD_8162_OH_CLEVELAND.YZER,FM,Customer,REG,Yzer LLC,YZER,2026-05-18 23:59:59,005,0.0,0.0,0.0,0.0,0.0,0.0,,,1.0,,1.0,1.0
4164,8162-G06-026-289530-260518,8162_G06,C_289522,8162,XD_8162_OH_CLEVELAND.YZER,FM,Customer,REG,Yzer LLC,YZER,2026-05-18 23:59:59,026,0.0,0.0,0.0,0.0,0.0,0.0,,,1.0,,1.0,0.0
4165,8162-G04-017-286184-260518,8162_G04,C_286184,8162,XD_8162_OH_CLEVELAND.YZER,FM,Customer,REG,Yzer LLC,YZER,2026-05-18 23:59:59,017,0.0,0.0,0.0,0.0,0.0,0.0,,,1.0,,1.0,1.0
4166,8162-H06-015-173368-260515,8162_H06,C_433600,8162,XD_8162_OH_CLEVELAND.YZER,FM,Customer,REG,Yzer LLC,YZER,2026-05-15 23:59:59,015,0.0,0.0,0.0,0.0,0.0,0.0,,,1.0,,1.0,0.0
4167,8162-G03-025-296317-260515,8162_G03,C_296317,8162,XD_8162_OH_CLEVELAND.YZER,FM,Customer,REG,Yzer LLC,YZER,2026-05-15 23:59:59,025,0.0,0.0,0.0,0.0,0.0,0.0,,,1.0,,1.0,1.0
4168,8162-G09-013-286750-260518,8162_G09,C_286750,8162,XD_8162_OH_CLEVELAND.YZER,FM,Customer,REG,Yzer LLC,YZER,2026-05-18 23:59:59,013,0.0,0.0,0.0,0.0,0.0,0.0,,,1.0,,1.0,1.0
4169,8162-H04-005-893019-260515,8162_H04,C_435532,8162,XD_8162_OH_CLEVELAND.YZER,FM,Customer,REG,Yzer LLC,YZER,2026-05-15 23:59:59,005,0.0,0.0,0.0,0.0,0.0,0.0,,,1.0,,1.0,0.0
4170,8162-G04-006-712383-260515,8162_G04,C_712383,8162,XD_8162_OH_CLEVELAND.YZER,FM,Customer,REG,Yzer LLC,YZER,2026-05-15 23:59:59,006,0.0,0.0,0.0,0.0,0.0,0.0,,,1.0,,1.0,0.0
4171,8162-GX0-004-960596-260518,8162_GX0,C_464241,8162,XD_8162_OH_CLEVELAND.YZER,FM,Customer,REG,Yzer LLC,YZER,2026-05-18 23:59:59,004,0.0,0.0,0.0,0.0,0.0,0.0,,,1.0,,1.0,0.0
4172,8162-H04-025-349314-260518,8162_H04,C_349314,8162,XD_8162_OH_CLEVELAND.YZER,FM,Customer,REG,Yzer LLC,YZER,2026-05-18 23:59:59,025,0.0,0.0,0.0,0.0,0.0,0.0,,,1.0,,1.0,1.0
4173,8162-H05-060-446021-260515,8162_H05,C_446021,8162,XD_8162_OH_CLEVELAND.YZER,FM,Customer,REG,Yzer LLC,YZER,2026-05-15 23:59:59,060,0.0,0.0,0.0,0.0,0.0,0.0,,,1.0,,1.0,1.0
4174,8162-H01-010-446212-260515,8162_H01,C_446212,8162,XD_8162_OH_CLEVELAND.YZER,FM,Customer,REG,Yzer LLC,YZER,2026-05-15 23:59:59,010,0.0,0.0,0.0,0.0,0.0,0.0,,,1.0,,1.0,1.0
4175,8162-G07-005-893022-260518,8162_G07,C_599132,8162,XD_8162_OH_CLEVELAND.YZER,FM,Customer,REG,Yzer LLC,YZER,2026-05-18 23:59:59,005,0.0,0.0,0.0,0.0,0.0,0.0,,,1.0,,1.0,0.0
4176,8162-G04-010-786357-260518,8162_G04,C_833539,8162,XD_8162_OH_CLEVELAND.YZER,FM,Customer,REG,Yzer LLC,YZER,2026-05-18 23:59:59,010,0.0,0.0,0.0,0.0,0.0,0.0,,,1.0,,1.0,1.0
4177,8162-H05-015-134985-260515,8162_H05,C_134985,8162,XD_8162_OH_CLEVELAND.YZER,FM,Customer,REG,Yzer LLC,YZER,2026-05-15 23:59:59,015,0.0,0.0,0.0,0.0,0.0,0.0,,,1.0,,1.0,1.0
4178,8162-G02-015-731867-260506,8162_G02,C_731867,8162,XD_8162_OH_CLEVELAND.YZER,FM,Customer,REG,Yzer LLC,YZER,2026-05-06 23:59:59,015,0.0,0.0,0.0,0.0,0.0,0.0,,,1.0,,1.0,1.0
4179,8162-G02-015-038361-260507,8162_G02,C_731867,8162,XD_8162_OH_CLEVELAND.YZER,FM,Customer,REG,Yzer LLC,YZER,2026-05-07 23:59:59,015,0.0,0.0,0.0,0.0,0.0,0.0,,,1.0,,1.0,0.0
4180,8162-H01-030-756914-260506,8162_H01,C_756914,8162,XD_8162_OH_CLEVELAND.YZER,FM,Customer,REG,Yzer LLC,YZER,2026-05-06 23:59:59,030,0.0,0.0,0.0,0.0,0.0,0.0,,,1.0,,1.0,1.0
4181,8162-H04-005-433761-260514,8162_H04,C_435532,8162,XD_8162_OH_CLEVELAND.YZER,FM,Customer,REG,Yzer LLC,YZER,2026-05-14 23:59:59,005,0.0,0.0,0.0,0.0,0.0,0.0,,,1.0,,1.0,1.0
4182,8162-G03-005-070610-260512,8162_G03,C_810447,8162,XD_8162_OH_CLEVELAND.YZER,FM,Customer,REG,Yzer LLC,YZER,2026-05-12 23:59:59,005,0.0,0.0,0.0,0.0,0.0,0.0,,,1.0,,1.0,1.0
4183,8162-G04-035-444588-260511,8162_G04,C_444588,8162,XD_8162_OH_CLEVELAND.YZER,FM,Customer,REG,Yzer LLC,YZER,2026-05-11 23:59:59,035,0.0,0.0,0.0,0.0,0.0,0.0,,,1.0,,1.0,1.0
4184,8162-G02-040-061631-260514,8162_G02,C_017375,8162,XD_8162_OH_CLEVELAND.YZER,FM,Customer,REG,Yzer LLC,YZER,2026-05-14 23:59:59,040,0.0,0.0,0.0,0.0,0.0,0.0,,,1.0,,1.0,1.0
4185,8162-H06-020-431045-260507,8162_H06,C_717269,8162,XD_8162_OH_CLEVELAND.YZER,FM,Customer,REG,Yzer LLC,YZER,2026-05-07 23:59:59,020,0.0,0.0,0.0,0.0,0.0,0.0,,,1.0,,1.0,0.0
4186,8162-H06-015-173358-260514,8162_H06,C_433600,8162,XD_8162_OH_CLEVELAND.YZER,FM,Customer,REG,Yzer LLC,YZER,2026-05-14 23:59:59,015,0.0,0.0,0.0,0.0,0.0,0.0,,,1.0,,1.0,0.0
4187,8162-G06-010-151558-260506,8162_G06,C_151558,8162,XD_8162_OH_CLEVELAND.YZER,FM,Customer,REG,Yzer LLC,YZER,2026-05-06 23:59:59,010,0.0,0.0,0.0,0.0,0.0,0.0,,,1.0,,1.0,1.0
4188,Z-3575423,8162_G07,,8162,XD_8162_OH_CLEVELAND.YZER,RC,Route Chrg,REG,Yzer LLC,YZER,2026-05-07 23:59:59,000,304.55,0.0,304.55,275.0,19.92,9.63,,,,,1.0,1.0
4189,Z-3587688,8162_H03,,8162,XD_8162_OH_CLEVELAND.YZER,RC,Route Chrg,REG,Yzer LLC,YZER,2026-05-12 23:59:59,000,300.12,0.0,300.12,271.0,19.63,9.49,,,,,1.0,1.0
4190,8162-G03-005-892996-260511,8162_G03,C_810447,8162,XD_8162_OH_CLEVELAND.YZER,FM,Customer,REG,Yzer LLC,YZER,2026-05-11 23:59:59,005,0.0,0.0,0.0,0.0,0.0,0.0,,,1.0,,1.0,0.0
4191,8162-G01-035-390526-260511,8162_G01,C_390526,8162,XD_8162_OH_CLEVELAND.YZER,FM,Customer,REG,Yzer LLC,YZER,2026-05-11 23:59:59,035,0.0,0.0,0.0,0.0,0.0,0.0,,,1.0,,1.0,1.0
4192,8162-H06-010-151578-260514,8162_H06,C_151568,8162,XD_8162_OH_CLEVELAND.YZER,FM,Customer,REG,Yzer LLC,YZER,2026-05-14 23:59:59,010,0.0,0.0,0.0,0.0,0.0,0.0,,,1.0,,1.0,1.0
4193,Z-3567533,8162_G03,,8162,XD_8162_OH_CLEVELAND.YZER,RC,Route Chrg,REG,Yzer LLC,YZER,2026-05-05 23:59:59,000,365.57,0.0,365.57,338.0,15.74,11.83,,,,,1.0,1.0
4194,8162-G03-037-426990-260506,8162_G03,C_521590,8162,XD_8162_OH_CLEVELAND.YZER,FM,Customer,REG,Yzer LLC,YZER,2026-05-06 23:59:59,037,0.0,0.0,0.0,0.0,0.0,0.0,,,1.0,,1.0,0.0
4195,8162-G07-005-386053-260514,8162_G07,C_599132,8162,XD_8162_OH_CLEVELAND.YZER,FM,Customer,REG,Yzer LLC,YZER,2026-05-14 23:59:59,005,0.0,0.0,0.0,0.0,0.0,0.0,,,1.0,,1.0,0.0
4196,8162-G03-010-223285-260519,8162_G03,C_223285,8162,XD_8162_OH_CLEVELAND.YZER,FM,Customer,REG,Yzer LLC,YZER,2026-05-19 23:59:59,010,0.0,0.0,0.0,0.0,0.0,0.0,,,1.0,,1.0,0.0
4197,8163-G04-006-712383-260519,8163_G04,C_712383,8162,XD_8162_OH_CLEVELAND.YZER,FM,Customer,REG,Yzer LLC,YZER,2026-05-19 23:59:59,006,0.0,0.0,0.0,0.0,0.0,0.0,,,1.0,,1.0,0.0
4198,8162-G07-005-893022-260519,8162_G07,C_599132,8162,XD_8162_OH_CLEVELAND.YZER,FM,Customer,REG,Yzer LLC,YZER,2026-05-19 23:59:59,005,0.0,0.0,0.0,0.0,0.0,0.0,,,1.0,,1.0,0.0
4199,8162-G07-005-050649-260519,8162_G07,C_599132,8162,XD_8162_OH_CLEVELAND.YZER,FM,Customer,REG,Yzer LLC,YZER,2026-05-19 23:59:59,005,0.0,0.0,0.0,0.0,0.0,0.0,,,1.0,,1.0,1.0
4200,8162-H06-020-717269-260514,8162_H06,C_717269,8162,XD_8162_OH_CLEVELAND.YZER,FM,Customer,REG,Yzer LLC,YZER,2026-05-14 23:59:59,020,0.0,0.0,0.0,0.0,0.0,0.0,,,1.0,,1.0,1.0
4201,8162-H04-020-274850-260519,8162_H04,C_274850,8162,XD_8162_OH_CLEVELAND.YZER,FM,Customer,REG,Yzer LLC,YZER,2026-05-19 23:59:59,020,0.0,0.0,0.0,0.0,0.0,0.0,,,1.0,,1.0,1.0
4202,8162-G06-026-289530-260519,8162_G06,C_289522,8162,XD_8162_OH_CLEVELAND.YZER,FM,Customer,REG,Yzer LLC,YZER,2026-05-19 23:59:59,026,0.0,0.0,0.0,0.0,0.0,0.0,,,1.0,,1.0,0.0
4203,8162-G09-028-093545-260508,8162_G09,C_093545,8162,XD_8162_OH_CLEVELAND.YZER,FM,Customer,REG,Yzer LLC,YZER,2026-05-08 23:59:59,028,0.0,0.0,0.0,0.0,0.0,0.0,,,1.0,,1.0,1.0
4204,8162-H05-055-925913-260519,8162_H05,C_925913,8162,XD_8162_OH_CLEVELAND.YZER,FM,Customer,REG,Yzer LLC,YZER,2026-05-19 23:59:59,055,0.0,0.0,0.0,0.0,0.0,0.0,,,1.0,,1.0,1.0
4205,8162-G03-005-892996-260519,8162_G03,C_810447,8162,XD_8162_OH_CLEVELAND.YZER,FM,Customer,REG,Yzer LLC,YZER,2026-05-19 23:59:59,005,0.0,0.0,0.0,0.0,0.0,0.0,,,1.0,,1.0,0.0
4206,8162-H01-035-865326-260519,8162_H01,C_865326,8162,XD_8162_OH_CLEVELAND.YZER,FM,Customer,REG,Yzer LLC,YZER,2026-05-19 23:59:59,035,0.0,0.0,0.0,0.0,0.0,0.0,,,1.0,,1.0,1.0
4207,8162-G07-010-134526-260519,8162_G07,C_134526,8162,XD_8162_OH_CLEVELAND.YZER,FM,Customer,REG,Yzer LLC,YZER,2026-05-19 23:59:59,010,0.0,0.0,0.0,0.0,0.0,0.0,,,1.0,,1.0,1.0
4208,8162-G05-002-219681-260519,8162_G05,C_219681,8162,XD_8162_OH_CLEVELAND.YZER,FM,Customer,REG,Yzer LLC,YZER,2026-05-19 23:59:59,002,0.0,0.0,0.0,0.0,0.0,0.0,,,1.0,,1.0,1.0
4209,8162-G09-017-444117-260507,8162_G09,C_444117,8162,XD_8162_OH_CLEVELAND.YZER,FM,Customer,REG,Yzer LLC,YZER,2026-05-07 23:59:59,017,0.0,0.0,0.0,0.0,0.0,0.0,,,1.0,,1.0,1.0
4210,8162-G04-035-444588-260506,8162_G04,C_444588,8162,XD_8162_OH_CLEVELAND.YZER,FM,Customer,REG,Yzer LLC,YZER,2026-05-06 23:59:59,035,0.0,0.0,0.0,0.0,0.0,0.0,,,1.0,,1.0,1.0
4211,8162-H06-020-431045-260519,8162_H06,C_717269,8162,XD_8162_OH_CLEVELAND.YZER,FM,Customer,REG,Yzer LLC,YZER,2026-05-19 23:59:59,020,0.0,0.0,0.0,0.0,0.0,0.0,,,1.0,,1.0,0.0
4212,8162-H04-035-134185-260507,8162_H04,C_134185,8162,XD_8162_OH_CLEVELAND.YZER,FM,Customer,REG,Yzer LLC,YZER,2026-05-07 23:59:59,035,0.0,0.0,0.0,0.0,0.0,0.0,,,1.0,,1.0,1.0
4213,8162-G02-030-289502-260511,8162_G02,C_289502,8162,XD_8162_OH_CLEVELAND.YZER,FM,Customer,REG,Yzer LLC,YZER,2026-05-11 23:59:59,030,0.0,0.0,0.0,0.0,0.0,0.0,,,1.0,,1.0,1.0
4214,8162-GX4-008-106473-260520,8162_GX4,C_106473,8162,XD_8162_OH_CLEVELAND.YZER,FM,Customer,REG,Yzer LLC,YZER,2026-05-20 23:59:59,008,0.0,0.0,0.0,0.0,0.0,0.0,,,1.0,,1.0,0.0
4215,8162-G01-030-217734-260520,8162_G01,C_217734,8162,XD_8162_OH_CLEVELAND.YZER,FM,Customer,REG,Yzer LLC,YZER,2026-05-20 23:59:59,030,0.0,0.0,0.0,0.0,0.0,0.0,,,1.0,,1.0,1.0
4216,8162-G06-020-133946-260520,8162_G06,C_133946,8162,XD_8162_OH_CLEVELAND.YZER,FM,Customer,REG,Yzer LLC,YZER,2026-05-20 23:59:59,020,0.0,0.0,0.0,0.0,0.0,0.0,,,1.0,,1.0,0.0
4217,8162-H06-010-151569-260520,8162_H06,C_151568,8162,XD_8162_OH_CLEVELAND.YZER,FM,Customer,REG,Yzer LLC,YZER,2026-05-20 23:59:59,010,0.0,0.0,0.0,0.0,0.0,0.0,,,1.0,,1.0,0.0
4218,Z-3608173,8162_G02,,8162,XD_8162_OH_CLEVELAND.YZER,RC,Route Chrg,REG,Yzer LLC,YZER,2026-05-19 23:59:59,000,444.41,0.0,444.41,375.0,56.28,13.13,,,,,1.0,1.0
4219,8162-H02-015-134622-260520,8162_H02,C_134622,8162,XD_8162_OH_CLEVELAND.YZER,FM,Customer,REG,Yzer LLC,YZER,2026-05-20 23:59:59,015,0.0,0.0,0.0,0.0,0.0,0.0,,,1.0,,1.0,1.0
4220,8162-H03-045-664113-260511,8162_H03,C_664113,8162,XD_8162_OH_CLEVELAND.YZER,FM,Customer,REG,Yzer LLC,YZER,2026-05-11 23:59:59,045,0.0,0.0,0.0,0.0,0.0,0.0,,,1.0,,1.0,1.0
4221,Z-3570869,8162_H02,,8162,XD_8162_OH_CLEVELAND.YZER,RC,Route Chrg,REG,Yzer LLC,YZER,2026-05-06 23:59:59,000,333.92,0.0,333.92,283.0,41.01,9.91,,,,,1.0,1.0
4222,8162-G07-005-589418-260512,8162_G07,C_599132,8162,XD_8162_OH_CLEVELAND.YZER,FM,Customer,REG,Yzer LLC,YZER,2026-05-12 23:59:59,005,0.0,0.0,0.0,0.0,0.0,0.0,,,1.0,,1.0,0.0
4223,8162-H06-015-631172-260521,8162_H06,C_433600,8162,XD_8162_OH_CLEVELAND.YZER,FM,Customer,REG,Yzer LLC,YZER,2026-05-21 23:59:59,015,0.0,0.0,0.0,0.0,0.0,0.0,,,1.0,,1.0,0.0
4224,8162-G03-015-584757-260521,8162_G03,C_864840,8162,XD_8162_OH_CLEVELAND.YZER,FM,Customer,REG,Yzer LLC,YZER,2026-05-21 23:59:59,015,0.0,0.0,0.0,0.0,0.0,0.0,,,1.0,,1.0,1.0
4225,Z-3580247,8162_G06,,8162,XD_8162_OH_CLEVELAND.YZER,RC,Route Chrg,REG,Yzer LLC,YZER,2026-05-08 23:59:59,000,382.08,0.0,382.08,345.0,25.0,12.08,,,,,1.0,1.0
4226,8162-H06-035-419882-260521,8162_H06,C_815793,8162,XD_8162_OH_CLEVELAND.YZER,FM,Customer,REG,Yzer LLC,YZER,2026-05-21 23:59:59,035,0.0,0.0,0.0,0.0,0.0,0.0,,,1.0,,1.0,1.0
4227,8162-G04-006-712383-260507,8162_G04,C_712383,8162,XD_8162_OH_CLEVELAND.YZER,FM,Customer,REG,Yzer LLC,YZER,2026-05-07 23:59:59,006,0.0,0.0,0.0,0.0,0.0,0.0,,,1.0,,1.0,0.0
4228,8162-H01-050-362140-260521,8162_H01,C_362140,8162,XD_8162_OH_CLEVELAND.YZER,FM,Customer,REG,Yzer LLC,YZER,2026-05-21 23:59:59,050,0.0,0.0,0.0,0.0,0.0,0.0,,,1.0,,1.0,1.0
4229,8162-H06-015-631172-260508,8162_H06,C_433600,8162,XD_8162_OH_CLEVELAND.YZER,FM,Customer,REG,Yzer LLC,YZER,2026-05-08 23:59:59,015,0.0,0.0,0.0,0.0,0.0,0.0,,,1.0,,1.0,0.0
4230,8162-G02-015-731867-260521,8162_G02,C_731867,8162,XD_8162_OH_CLEVELAND.YZER,FM,Customer,REG,Yzer LLC,YZER,2026-05-21 23:59:59,015,0.0,0.0,0.0,0.0,0.0,0.0,,,1.0,,1.0,1.0
4231,8162-G04-010-833539-260521,8162_G04,C_833539,8162,XD_8162_OH_CLEVELAND.YZER,FM,Customer,REG,Yzer LLC,YZER,2026-05-21 23:59:59,010,0.0,0.0,0.0,0.0,0.0,0.0,,,1.0,,1.0,0.0
4232,8162-H01-060-807917-260521,8162_H01,C_807917,8162,XD_8162_OH_CLEVELAND.YZER,FM,Customer,REG,Yzer LLC,YZER,2026-05-21 23:59:59,060,0.0,0.0,0.0,0.0,0.0,0.0,,,1.0,,1.0,1.0
4233,8162-H02-015-134622-260507,8162_H02,C_134622,8162,XD_8162_OH_CLEVELAND.YZER,FM,Customer,REG,Yzer LLC,YZER,2026-05-07 23:59:59,015,0.0,0.0,0.0,0.0,0.0,0.0,,,1.0,,1.0,1.0
4234,8162-H06-010-151568-260522,8162_H06,C_151568,8162,XD_8162_OH_CLEVELAND.YZER,FM,Customer,REG,Yzer LLC,YZER,2026-05-22 23:59:59,010,0.0,0.0,0.0,0.0,0.0,0.0,,,1.0,,1.0,0.0
4235,8162-G03-005-070610-260513,8162_G03,C_810447,8162,XD_8162_OH_CLEVELAND.YZER,FM,Customer,REG,Yzer LLC,YZER,2026-05-13 23:59:59,005,0.0,0.0,0.0,0.0,0.0,0.0,,,1.0,,1.0,0.0
4236,8162-H02-025-134412-260508,8162_H02,C_134412,8162,XD_8162_OH_CLEVELAND.YZER,FM,Customer,REG,Yzer LLC,YZER,2026-05-08 23:59:59,025,0.0,0.0,0.0,0.0,0.0,0.0,,,1.0,,1.0,1.0
4237,Z-3620700,8162_H02,,8162,XD_8162_OH_CLEVELAND.YZER,RC,Route Chrg,REG,Yzer LLC,YZER,2026-05-22 23:59:59,000,333.92,0.0,333.92,283.0,41.01,9.91,,,,,1.0,1.0
4238,8162-H01-015-444763-260522,8162_H01,C_444763,8162,XD_8162_OH_CLEVELAND.YZER,FM,Customer,REG,Yzer LLC,YZER,2026-05-22 23:59:59,015,0.0,0.0,0.0,0.0,0.0,0.0,,,1.0,,1.0,1.0
4239,8163-G06-015-151561-260522,8163_G06,C_065363,8162,XD_8162_OH_CLEVELAND.YZER,FM,Customer,REG,Yzer LLC,YZER,2026-05-22 23:59:59,015,0.0,0.0,0.0,0.0,0.0,0.0,,,1.0,,1.0,0.0
4240,8162-G02-010-433278-260508,8162_G02,C_433278,8162,XD_8162_OH_CLEVELAND.YZER,FM,Customer,REG,Yzer LLC,YZER,2026-05-08 23:59:59,010,0.0,0.0,0.0,0.0,0.0,0.0,,,1.0,,1.0,1.0
4241,8163-G06-015-151561-260513,8163_G06,C_065363,8162,XD_8162_OH_CLEVELAND.YZER,FM,Customer,REG,Yzer LLC,YZER,2026-05-13 23:59:59,015,0.0,0.0,0.0,0.0,0.0,0.0,,,1.0,,1.0,0.0
4242,Z-3615861,8162_H05,,8162,XD_8162_OH_CLEVELAND.YZER,RC,Route Chrg,REG,Yzer LLC,YZER,2026-05-21 23:59:59,000,297.33,0.0,297.33,252.0,36.51,8.82,,,,,1.0,1.0
4243,8162-H01-010-446212-260522,8162_H01,C_446212,8162,XD_8162_OH_CLEVELAND.YZER,FM,Customer,REG,Yzer LLC,YZER,2026-05-22 23:59:59,010,0.0,0.0,0.0,0.0,0.0,0.0,,,1.0,,1.0,1.0
4244,8162-G01-005-718289-260522,8162_G01,C_436015,8162,XD_8162_OH_CLEVELAND.YZER,FM,Customer,REG,Yzer LLC,YZER,2026-05-22 23:59:59,005,0.0,0.0,0.0,0.0,0.0,0.0,,,1.0,,1.0,0.0
4245,8162-G06-035-335838-260526,8162_G06,C_134431,8162,XD_8162_OH_CLEVELAND.YZER,FM,Customer,REG,Yzer LLC,YZER,2026-05-26 23:59:59,035,0.0,0.0,0.0,0.0,0.0,0.0,,,1.0,,1.0,0.0
4246,8162-H06-010-151570-260522,8162_H06,C_151568,8162,XD_8162_OH_CLEVELAND.YZER,FM,Customer,REG,Yzer LLC,YZER,2026-05-22 23:59:59,010,0.0,0.0,0.0,0.0,0.0,0.0,,,1.0,,1.0,0.0
4247,8163-G02-005-754541-260522,8163_G02,C_713914,8162,XD_8162_OH_CLEVELAND.YZER,FM,Customer,REG,Yzer LLC,YZER,2026-05-22 23:59:59,005,0.0,0.0,0.0,0.0,0.0,0.0,,,1.0,,1.0,0.0
4248,Z-3620689,8162_G07,,8162,XD_8162_OH_CLEVELAND.YZER,RC,Route Chrg,REG,Yzer LLC,YZER,2026-05-22 23:59:59,000,304.55,0.0,304.55,275.0,19.92,9.63,,,,,1.0,1.0
4249,Z-3570881,8163_G05,,8162,XD_8162_OH_CLEVELAND.YZER,RC,Route Chrg,REG,Yzer LLC,YZER,2026-05-06 23:59:59,000,,0.0,,,0.0,,8.0,19.0,8.0,19.0,1.0,1.0
4250,Z-3563132,8163_H01,,8162,XD_8162_OH_CLEVELAND.YZER,RC,Route Chrg,REG,Yzer LLC,YZER,2026-05-04 23:59:59,000,,0.0,,,0.0,,9.0,26.0,9.0,26.0,1.0,1.0
4251,Z-3566138,8163_GX4,,8162,XD_8162_OH_CLEVELAND.YZER,RC,Route Chrg,REG,Yzer LLC,YZER,2026-05-04 23:59:59,000,,0.0,,,0.0,,,,,,1.0,1.0
4252,Z-3563123,8163_HX2,,8162,XD_8162_OH_CLEVELAND.YZER,RC,Route Chrg,REG,Yzer LLC,YZER,2026-05-04 23:59:59,000,,0.0,,,0.0,,1.0,1.0,1.0,1.0,1.0,1.0
4253,Z-3567758,8163_G06,,8162,XD_8162_OH_CLEVELAND.YZER,RC,Route Chrg,REG,Yzer LLC,YZER,2026-05-05 23:59:59,000,,0.0,,,0.0,,6.0,13.0,6.0,13.0,1.0,1.0
4254,8162-G05-010-219681-260505,8162_G05,C_219681,8162,XD_8162_OH_CLEVELAND.YZER,FM,Customer,REG,Yzer LLC,YZER,2026-05-05 23:59:59,010,0.0,0.0,0.0,0.0,0.0,0.0,,,1.0,,1.0,1.0
4255,8163-G02-005-713914-260505,8163_G02,C_713914,8162,XD_8162_OH_CLEVELAND.YZER,FM,Customer,REG,Yzer LLC,YZER,2026-05-05 23:59:59,005,0.0,0.0,0.0,0.0,0.0,0.0,,,1.0,,1.0,0.0
4256,8162-G05-010-219681-260504,8162_G05,C_219681,8162,XD_8162_OH_CLEVELAND.YZER,FM,Customer,REG,Yzer LLC,YZER,2026-05-04 23:59:59,010,0.0,0.0,0.0,0.0,0.0,0.0,,,1.0,,1.0,1.0
4257,8162-G09-011-401833-260505,8162_G09,C_401833,8162,XD_8162_OH_CLEVELAND.YZER,FM,Customer,REG,Yzer LLC,YZER,2026-05-05 23:59:59,011,0.0,0.0,0.0,0.0,0.0,0.0,,,1.0,,1.0,1.0
4258,8162-G02-035-631816-260505,8162_G02,C_209162,8162,XD_8162_OH_CLEVELAND.YZER,FM,Customer,REG,Yzer LLC,YZER,2026-05-05 23:59:59,035,0.0,0.0,0.0,0.0,0.0,0.0,,,1.0,,1.0,1.0
4259,8162-G02-045-209162-260504,8162_G02,C_209162,8162,XD_8162_OH_CLEVELAND.YZER,FM,Customer,REG,Yzer LLC,YZER,2026-05-04 23:59:59,045,0.0,0.0,0.0,0.0,0.0,0.0,,,1.0,,1.0,0.0
4260,Z-3600206,8163_G09,,8162,XD_8162_OH_CLEVELAND.YZER,RC,Route Chrg,REG,Yzer LLC,YZER,2026-05-15 23:59:59,000,,0.0,,,0.0,,7.0,17.0,7.0,17.0,1.0,1.0
4261,8162-G06-040-807750-260504,8162_G06,C_807750,8162,XD_8162_OH_CLEVELAND.YZER,FM,Customer,REG,Yzer LLC,YZER,2026-05-04 23:59:59,040,0.0,0.0,0.0,0.0,0.0,0.0,,,1.0,,1.0,1.0
4262,Z-3613028,8163_H02,,8162,XD_8162_OH_CLEVELAND.YZER,RC,Route Chrg,REG,Yzer LLC,YZER,2026-05-20 23:59:59,000,,0.0,,,0.0,,10.0,19.0,10.0,19.0,1.0,1.0
4263,Z-3608664,8163_G01,,8162,XD_8162_OH_CLEVELAND.YZER,RC,Route Chrg,REG,Yzer LLC,YZER,2026-05-19 23:59:59,000,,0.0,,,0.0,,5.0,29.0,5.0,29.0,1.0,1.0
4264,Z-3627796,8162_HX2,,8162,XD_8162_OH_CLEVELAND.YZER,RC,Route Chrg,REG,Yzer LLC,YZER,2026-05-27 23:59:59,000,0.0,0.0,0.0,0.0,0.0,0.0,,,,,1.0,1.0
4265,Z-3632106,8163_G09,,8162,XD_8162_OH_CLEVELAND.YZER,RC,Route Chrg,REG,Yzer LLC,YZER,2026-05-28 23:59:59,000,0.0,0.0,0.0,0.0,0.0,0.0,,,,,1.0,1.0
4266,Z-3632028,8163_H06,,8162,XD_8162_OH_CLEVELAND.YZER,RC,Route Chrg,REG,Yzer LLC,YZER,2026-05-28 23:59:59,000,0.0,0.0,0.0,0.0,0.0,0.0,,,,,1.0,1.0
4267,8162-G02-020-347303-260505,8162_G02,C_598488,8162,XD_8162_OH_CLEVELAND.YZER,FM,Customer,REG,Yzer LLC,YZER,2026-05-05 23:59:59,020,0.0,0.0,0.0,0.0,0.0,0.0,,,1.0,,1.0,0.0
4268,8163-G01-005-436015-260526,8163_G01,C_436015,8162,XD_8162_OH_CLEVELAND.YZER,FM,Customer,REG,Yzer LLC,YZER,2026-05-26 23:59:59,005,0.0,0.0,0.0,0.0,0.0,0.0,,,1.0,,1.0,0.0
4269,8162-G03-015-584757-260526,8162_G03,C_864840,8162,XD_8162_OH_CLEVELAND.YZER,FM,Customer,REG,Yzer LLC,YZER,2026-05-26 23:59:59,015,0.0,0.0,0.0,0.0,0.0,0.0,,,1.0,,1.0,1.0
4270,8162-G03-005-723011-260529,8162_G03,C_810447,8162,XD_8162_OH_CLEVELAND.YZER,FM,Customer,REG,Yzer LLC,YZER,2026-05-29 23:59:59,005,0.0,0.0,0.0,0.0,0.0,0.0,,,1.0,,1.0,0.0
4271,8162-H06-035-419882-260528,8162_H06,C_815793,8162,XD_8162_OH_CLEVELAND.YZER,FM,Customer,REG,Yzer LLC,YZER,2026-05-28 23:59:59,035,0.0,0.0,0.0,0.0,0.0,0.0,,,1.0,,1.0,1.0
4272,8162-G05-030-034797-260528,8162_G05,C_610134,8162,XD_8162_OH_CLEVELAND.YZER,FM,Customer,REG,Yzer LLC,YZER,2026-05-28 23:59:59,030,0.0,0.0,0.0,0.0,0.0,0.0,,,1.0,,1.0,1.0
4273,Z-3632015,8162_H05,,8162,XD_8162_OH_CLEVELAND.YZER,RC,Route Chrg,REG,Yzer LLC,YZER,2026-05-28 23:59:59,000,296.03,0.0,296.03,252.0,35.21,8.82,,,,,1.0,1.0
4274,8162-G01-040-099634-260529,8162_G01,C_099634,8162,XD_8162_OH_CLEVELAND.YZER,FM,Customer,REG,Yzer LLC,YZER,2026-05-29 23:59:59,040,0.0,0.0,0.0,0.0,0.0,0.0,,,1.0,,1.0,1.0
4275,8162-G03-010-223285-260529,8162_G03,C_223285,8162,XD_8162_OH_CLEVELAND.YZER,FM,Customer,REG,Yzer LLC,YZER,2026-05-29 23:59:59,010,0.0,0.0,0.0,0.0,0.0,0.0,,,1.0,,1.0,1.0
4276,8162-H06-015-415508-260527,8162_H06,C_433600,8162,XD_8162_OH_CLEVELAND.YZER,FM,Customer,REG,Yzer LLC,YZER,2026-05-27 23:59:59,015,0.0,0.0,0.0,0.0,0.0,0.0,,,1.0,,1.0,1.0
4277,Z-3632014,8162_H01,,8162,XD_8162_OH_CLEVELAND.YZER,RC,Route Chrg,REG,Yzer LLC,YZER,2026-05-28 23:59:59,000,252.5,0.0,252.5,228.0,16.52,7.98,,,,,1.0,1.0
4278,8162-G02-065-406255-260526,8162_G02,C_406255,8162,XD_8162_OH_CLEVELAND.YZER,FM,Customer,REG,Yzer LLC,YZER,2026-05-26 23:59:59,065,0.0,0.0,0.0,0.0,0.0,0.0,,,1.0,,1.0,1.0
4279,8162-G05-006-905419-260527,8162_G05,C_061312,8162,XD_8162_OH_CLEVELAND.YZER,FM,Customer,REG,Yzer LLC,YZER,2026-05-27 23:59:59,006,0.0,0.0,0.0,0.0,0.0,0.0,,,1.0,,1.0,0.0
4280,8162-G04-010-833539-260528,8162_G04,C_833539,8162,XD_8162_OH_CLEVELAND.YZER,FM,Customer,REG,Yzer LLC,YZER,2026-05-28 23:59:59,010,0.0,0.0,0.0,0.0,0.0,0.0,,,1.0,,1.0,0.0
4281,Z-3627779,8162_H05,,8162,XD_8162_OH_CLEVELAND.YZER,RC,Route Chrg,REG,Yzer LLC,YZER,2026-05-27 23:59:59,000,297.33,0.0,297.33,252.0,36.51,8.82,,,,,1.0,1.0
4282,8162-G06-015-151561-260529,8162_G06,C_065363,8162,XD_8162_OH_CLEVELAND.YZER,FM,Customer,REG,Yzer LLC,YZER,2026-05-29 23:59:59,015,0.0,0.0,0.0,0.0,0.0,0.0,,,1.0,,1.0,1.0
4283,8162-H04-005-433761-260529,8162_H04,C_435532,8162,XD_8162_OH_CLEVELAND.YZER,FM,Customer,REG,Yzer LLC,YZER,2026-05-29 23:59:59,005,0.0,0.0,0.0,0.0,0.0,0.0,,,1.0,,1.0,1.0
4284,8162-G02-065-406255-260527,8162_G02,C_406255,8162,XD_8162_OH_CLEVELAND.YZER,FM,Customer,REG,Yzer LLC,YZER,2026-05-27 23:59:59,065,0.0,0.0,0.0,0.0,0.0,0.0,,,1.0,,1.0,1.0
4285,8163-G05-005-221190-260527,8163_G05,C_441221,8162,XD_8162_OH_CLEVELAND.YZER,FM,Customer,REG,Yzer LLC,YZER,2026-05-27 23:59:59,005,0.0,0.0,0.0,0.0,0.0,0.0,,,1.0,,1.0,0.0
4286,8162-H06-010-151568-260528,8162_H06,C_151568,8162,XD_8162_OH_CLEVELAND.YZER,FM,Customer,REG,Yzer LLC,YZER,2026-05-28 23:59:59,010,0.0,0.0,0.0,0.0,0.0,0.0,,,1.0,,1.0,0.0
4287,8162-G03-020-068918-260529,8162_G03,C_667610,8162,XD_8162_OH_CLEVELAND.YZER,FM,Customer,REG,Yzer LLC,YZER,2026-05-29 23:59:59,020,0.0,0.0,0.0,0.0,0.0,0.0,,,1.0,,1.0,1.0
4288,8162-G01-005-244545-260528,8162_G01,C_436015,8162,XD_8162_OH_CLEVELAND.YZER,FM,Customer,REG,Yzer LLC,YZER,2026-05-28 23:59:59,005,0.0,0.0,0.0,0.0,0.0,0.0,,,1.0,,1.0,0.0
4289,8162-H02-005-407839-260512,8162_H02,C_407839,8162,XD_8162_OH_CLEVELAND.YZER,FM,Customer,REG,Yzer LLC,YZER,2026-05-12 23:59:59,005,0.0,0.0,0.0,0.0,0.0,0.0,,,1.0,,1.0,1.0
4290,8162-G05-020-599776-260513,8162_G05,C_599776,8162,XD_8162_OH_CLEVELAND.YZER,FM,Customer,REG,Yzer LLC,YZER,2026-05-13 23:59:59,020,0.0,0.0,0.0,0.0,0.0,0.0,,,1.0,,1.0,1.0
4291,8162-G06-015-719738-260507,8162_G06,C_065363,8162,XD_8162_OH_CLEVELAND.YZER,FM,Customer,REG,Yzer LLC,YZER,2026-05-07 23:59:59,015,0.0,0.0,0.0,0.0,0.0,0.0,,,1.0,,1.0,1.0
4292,8162-G03-025-296317-260506,8162_G03,C_296317,8162,XD_8162_OH_CLEVELAND.YZER,FM,Customer,REG,Yzer LLC,YZER,2026-05-06 23:59:59,025,0.0,0.0,0.0,0.0,0.0,0.0,,,1.0,,1.0,1.0
4293,8162-H06-015-173360-260511,8162_H06,C_433600,8162,XD_8162_OH_CLEVELAND.YZER,FM,Customer,REG,Yzer LLC,YZER,2026-05-11 23:59:59,015,0.0,0.0,0.0,0.0,0.0,0.0,,,1.0,,1.0,0.0
4294,8162-G03-020-068918-260513,8162_G03,C_667610,8162,XD_8162_OH_CLEVELAND.YZER,FM,Customer,REG,Yzer LLC,YZER,2026-05-13 23:59:59,020,0.0,0.0,0.0,0.0,0.0,0.0,,,1.0,,1.0,0.0
4295,8162-G07-010-134526-260512,8162_G07,C_134526,8162,XD_8162_OH_CLEVELAND.YZER,FM,Customer,REG,Yzer LLC,YZER,2026-05-12 23:59:59,010,0.0,0.0,0.0,0.0,0.0,0.0,,,1.0,,1.0,1.0
4296,Z-3587658,8162_G04,,8162,XD_8162_OH_CLEVELAND.YZER,RC,Route Chrg,REG,Yzer LLC,YZER,2026-05-12 23:59:59,000,274.65,0.0,274.65,248.0,17.97,8.68,,,,,1.0,1.0
4297,8162-H04-030-770700-260512,8162_H04,C_993260,8162,XD_8162_OH_CLEVELAND.YZER,FM,Customer,REG,Yzer LLC,YZER,2026-05-12 23:59:59,030,0.0,0.0,0.0,0.0,0.0,0.0,,,1.0,,1.0,0.0
4298,8162-H05-055-925913-260508,8162_H05,C_925913,8162,XD_8162_OH_CLEVELAND.YZER,FM,Customer,REG,Yzer LLC,YZER,2026-05-08 23:59:59,055,0.0,0.0,0.0,0.0,0.0,0.0,,,1.0,,1.0,1.0
4299,8162-G03-010-223285-260514,8162_G03,C_223285,8162,XD_8162_OH_CLEVELAND.YZER,FM,Customer,REG,Yzer LLC,YZER,2026-05-14 23:59:59,010,0.0,0.0,0.0,0.0,0.0,0.0,,,1.0,,1.0,0.0
4300,8162-H06-005-905176-260511,8162_H06,C_905176,8162,XD_8162_OH_CLEVELAND.YZER,FM,Customer,REG,Yzer LLC,YZER,2026-05-11 23:59:59,005,0.0,0.0,0.0,0.0,0.0,0.0,,,1.0,,1.0,1.0
4301,8162-H05-015-134985-260508,8162_H05,C_134985,8162,XD_8162_OH_CLEVELAND.YZER,FM,Customer,REG,Yzer LLC,YZER,2026-05-08 23:59:59,015,0.0,0.0,0.0,0.0,0.0,0.0,,,1.0,,1.0,1.0
4302,8163-G07-005-386053-260508,8163_G07,C_599132,8162,XD_8162_OH_CLEVELAND.YZER,FM,Customer,REG,Yzer LLC,YZER,2026-05-08 23:59:59,005,0.0,0.0,0.0,0.0,0.0,0.0,,,1.0,,1.0,0.0
4303,8162-G05-020-599776-260518,8162_G05,C_599776,8162,XD_8162_OH_CLEVELAND.YZER,FM,Customer,REG,Yzer LLC,YZER,2026-05-18 23:59:59,020,0.0,0.0,0.0,0.0,0.0,0.0,,,1.0,,1.0,1.0
4304,8162-G06-015-151561-260518,8162_G06,C_065363,8162,XD_8162_OH_CLEVELAND.YZER,FM,Customer,REG,Yzer LLC,YZER,2026-05-18 23:59:59,015,0.0,0.0,0.0,0.0,0.0,0.0,,,1.0,,1.0,1.0
4305,Z-3600228,8162_G09,,8162,XD_8162_OH_CLEVELAND.YZER,RC,Route Chrg,REG,Yzer LLC,YZER,2026-05-15 23:59:59,000,278.16,0.0,278.16,250.0,19.41,8.75,,,,,1.0,1.0
4306,8163-G03-037-521590-260518,8163_G03,C_521590,8162,XD_8162_OH_CLEVELAND.YZER,FM,Customer,REG,Yzer LLC,YZER,2026-05-18 23:59:59,037,0.0,0.0,0.0,0.0,0.0,0.0,,,1.0,,1.0,0.0
4307,8162-G06-015-719738-260515,8162_G06,C_065363,8162,XD_8162_OH_CLEVELAND.YZER,FM,Customer,REG,Yzer LLC,YZER,2026-05-15 23:59:59,015,0.0,0.0,0.0,0.0,0.0,0.0,,,1.0,,1.0,0.0
4308,8162-H06-005-905176-260515,8162_H06,C_905176,8162,XD_8162_OH_CLEVELAND.YZER,FM,Customer,REG,Yzer LLC,YZER,2026-05-15 23:59:59,005,0.0,0.0,0.0,0.0,0.0,0.0,,,1.0,,1.0,1.0
4309,8162-G07-005-893022-260515,8162_G07,C_599132,8162,XD_8162_OH_CLEVELAND.YZER,FM,Customer,REG,Yzer LLC,YZER,2026-05-15 23:59:59,005,0.0,0.0,0.0,0.0,0.0,0.0,,,1.0,,1.0,0.0
4310,8162-H05-005-176725-260518,8162_H05,C_224273,8162,XD_8162_OH_CLEVELAND.YZER,FM,Customer,REG,Yzer LLC,YZER,2026-05-18 23:59:59,005,0.0,0.0,0.0,0.0,0.0,0.0,,,1.0,,1.0,0.0
4311,8162-G09-035-905119-260514,8162_G09,C_905119,8162,XD_8162_OH_CLEVELAND.YZER,FM,Customer,REG,Yzer LLC,YZER,2026-05-14 23:59:59,035,0.0,0.0,0.0,0.0,0.0,0.0,,,1.0,,1.0,0.0
4312,8162-H02-005-407839-260511,8162_H02,C_407839,8162,XD_8162_OH_CLEVELAND.YZER,FM,Customer,REG,Yzer LLC,YZER,2026-05-11 23:59:59,005,0.0,0.0,0.0,0.0,0.0,0.0,,,1.0,,1.0,1.0
4313,8162-H01-050-362140-260507,8162_H01,C_362140,8162,XD_8162_OH_CLEVELAND.YZER,FM,Customer,REG,Yzer LLC,YZER,2026-05-07 23:59:59,050,0.0,0.0,0.0,0.0,0.0,0.0,,,1.0,,1.0,1.0
4314,8163-G03-005-723011-260508,8163_G03,C_810447,8162,XD_8162_OH_CLEVELAND.YZER,FM,Customer,REG,Yzer LLC,YZER,2026-05-08 23:59:59,005,0.0,0.0,0.0,0.0,0.0,0.0,,,1.0,,1.0,0.0
4315,8162-G04-030-523596-260506,8162_G04,C_551579,8162,XD_8162_OH_CLEVELAND.YZER,FM,Customer,REG,Yzer LLC,YZER,2026-05-06 23:59:59,030,0.0,0.0,0.0,0.0,0.0,0.0,,,1.0,,1.0,1.0
4316,8162-G09-013-286750-260507,8162_G09,C_286750,8162,XD_8162_OH_CLEVELAND.YZER,FM,Customer,REG,Yzer LLC,YZER,2026-05-07 23:59:59,013,0.0,0.0,0.0,0.0,0.0,0.0,,,1.0,,1.0,1.0
4317,8162-G09-028-093545-260506,8162_G09,C_093545,8162,XD_8162_OH_CLEVELAND.YZER,FM,Customer,REG,Yzer LLC,YZER,2026-05-06 23:59:59,028,0.0,0.0,0.0,0.0,0.0,0.0,,,1.0,,1.0,1.0
4318,8162-G09-001-289513-260514,8162_G09,C_289513,8162,XD_8162_OH_CLEVELAND.YZER,FM,Customer,REG,Yzer LLC,YZER,2026-05-14 23:59:59,001,0.0,0.0,0.0,0.0,0.0,0.0,,,1.0,,1.0,1.0
4319,8163-G02-005-071322-260513,8163_G02,C_713914,8162,XD_8162_OH_CLEVELAND.YZER,FM,Customer,REG,Yzer LLC,YZER,2026-05-13 23:59:59,005,0.0,0.0,0.0,0.0,0.0,0.0,,,1.0,,1.0,0.0
4320,8162-G05-002-642013-260512,8162_G05,C_219681,8162,XD_8162_OH_CLEVELAND.YZER,FM,Customer,REG,Yzer LLC,YZER,2026-05-12 23:59:59,002,0.0,0.0,0.0,0.0,0.0,0.0,,,1.0,,1.0,1.0
4321,8162-H05-050-721852-260511,8162_H05,C_721852,8162,XD_8162_OH_CLEVELAND.YZER,FM,Customer,REG,Yzer LLC,YZER,2026-05-11 23:59:59,050,0.0,0.0,0.0,0.0,0.0,0.0,,,1.0,,1.0,1.0
4322,8162-H01-025-806927-260507,8162_H01,C_806927,8162,XD_8162_OH_CLEVELAND.YZER,FM,Customer,REG,Yzer LLC,YZER,2026-05-07 23:59:59,025,0.0,0.0,0.0,0.0,0.0,0.0,,,1.0,,1.0,1.0
4323,8162-H01-010-446212-260514,8162_H01,C_446212,8162,XD_8162_OH_CLEVELAND.YZER,FM,Customer,REG,Yzer LLC,YZER,2026-05-14 23:59:59,010,0.0,0.0,0.0,0.0,0.0,0.0,,,1.0,,1.0,1.0
4324,8162-G03-037-426990-260507,8162_G03,C_521590,8162,XD_8162_OH_CLEVELAND.YZER,FM,Customer,REG,Yzer LLC,YZER,2026-05-07 23:59:59,037,0.0,0.0,0.0,0.0,0.0,0.0,,,1.0,,1.0,1.0
4325,8162-G07-025-955410-260514,8162_G07,C_955410,8162,XD_8162_OH_CLEVELAND.YZER,FM,Customer,REG,Yzer LLC,YZER,2026-05-14 23:59:59,025,0.0,0.0,0.0,0.0,0.0,0.0,,,1.0,,1.0,1.0
4326,8163-H06-015-433600-260512,8163_H06,C_433600,8162,XD_8162_OH_CLEVELAND.YZER,FM,Customer,REG,Yzer LLC,YZER,2026-05-12 23:59:59,015,0.0,0.0,0.0,0.0,0.0,0.0,,,1.0,,1.0,0.0
4327,8162-GX0-004-960596-260513,8162_GX0,C_464241,8162,XD_8162_OH_CLEVELAND.YZER,FM,Customer,REG,Yzer LLC,YZER,2026-05-13 23:59:59,004,0.0,0.0,0.0,0.0,0.0,0.0,,,1.0,,1.0,0.0
4328,8162-H06-035-815793-260507,8162_H06,C_815793,8162,XD_8162_OH_CLEVELAND.YZER,FM,Customer,REG,Yzer LLC,YZER,2026-05-07 23:59:59,035,0.0,0.0,0.0,0.0,0.0,0.0,,,1.0,,1.0,1.0
4329,8163-G01-005-718289-260519,8163_G01,C_436015,8162,XD_8162_OH_CLEVELAND.YZER,FM,Customer,REG,Yzer LLC,YZER,2026-05-19 23:59:59,005,0.0,0.0,0.0,0.0,0.0,0.0,,,1.0,,1.0,0.0
4330,8162-G04-045-443911-260519,8162_G04,C_443911,8162,XD_8162_OH_CLEVELAND.YZER,FM,Customer,REG,Yzer LLC,YZER,2026-05-19 23:59:59,045,0.0,0.0,0.0,0.0,0.0,0.0,,,1.0,,1.0,1.0
4331,Z-3570688,8162_HX2,,8162,XD_8162_OH_CLEVELAND.YZER,RC,Route Chrg,REG,Yzer LLC,YZER,2026-05-06 23:59:59,000,,0.0,,,0.0,,1.0,3.0,1.0,3.0,1.0,1.0
4332,Z-3580461,8163_HX5,,8162,XD_8162_OH_CLEVELAND.YZER,RC,Route Chrg,REG,Yzer LLC,YZER,2026-05-08 23:59:59,000,,0.0,,,0.0,,1.0,2.0,1.0,2.0,1.0,1.0
4333,8162-H05-025-253079-260512,8162_H05,C_253079,8162,XD_8162_OH_CLEVELAND.YZER,FM,Customer,REG,Yzer LLC,YZER,2026-05-12 23:59:59,025,0.0,0.0,0.0,0.0,0.0,0.0,,,1.0,,1.0,1.0
4334,8162-H02-015-134622-260514,8162_H02,C_134622,8162,XD_8162_OH_CLEVELAND.YZER,FM,Customer,REG,Yzer LLC,YZER,2026-05-14 23:59:59,015,0.0,0.0,0.0,0.0,0.0,0.0,,,1.0,,1.0,1.0
4335,8163-G02-050-140655-260508,8163_G02,C_433278,8162,XD_8162_OH_CLEVELAND.YZER,FM,Customer,REG,Yzer LLC,YZER,2026-05-08 23:59:59,050,0.0,0.0,0.0,0.0,0.0,0.0,,,1.0,,1.0,0.0
4336,8162-G07-010-134526-260508,8162_G07,C_134526,8162,XD_8162_OH_CLEVELAND.YZER,FM,Customer,REG,Yzer LLC,YZER,2026-05-08 23:59:59,010,0.0,0.0,0.0,0.0,0.0,0.0,,,1.0,,1.0,1.0
4337,8162-H01-030-756914-260513,8162_H01,C_756914,8162,XD_8162_OH_CLEVELAND.YZER,FM,Customer,REG,Yzer LLC,YZER,2026-05-13 23:59:59,030,0.0,0.0,0.0,0.0,0.0,0.0,,,1.0,,1.0,1.0
4338,8162-H03-015-133964-260514,8162_H03,C_133964,8162,XD_8162_OH_CLEVELAND.YZER,FM,Customer,REG,Yzer LLC,YZER,2026-05-14 23:59:59,015,0.0,0.0,0.0,0.0,0.0,0.0,,,1.0,,1.0,1.0
4339,8163-G01-005-050647-260507,8163_G01,C_436015,8162,XD_8162_OH_CLEVELAND.YZER,FM,Customer,REG,Yzer LLC,YZER,2026-05-07 23:59:59,005,0.0,0.0,0.0,0.0,0.0,0.0,,,1.0,,1.0,0.0
4340,8162-G02-015-038361-260508,8162_G02,C_731867,8162,XD_8162_OH_CLEVELAND.YZER,FM,Customer,REG,Yzer LLC,YZER,2026-05-08 23:59:59,015,0.0,0.0,0.0,0.0,0.0,0.0,,,1.0,,1.0,0.0
4341,Z-3575476,8162_G01,,8162,XD_8162_OH_CLEVELAND.YZER,RC,Route Chrg,REG,Yzer LLC,YZER,2026-05-07 23:59:59,000,254.71,0.0,254.71,230.0,16.66,8.05,,,,,1.0,1.0
4342,Z-3603693,8162_GX0,,8162,XD_8162_OH_CLEVELAND.YZER,RC,Route Chrg,REG,Yzer LLC,YZER,2026-05-18 23:59:59,000,0.0,0.0,0.0,0.0,0.0,0.0,,,,,1.0,1.0
4343,8162-G06-015-892865-260506,8162_G06,C_065363,8162,XD_8162_OH_CLEVELAND.YZER,FM,Customer,REG,Yzer LLC,YZER,2026-05-06 23:59:59,015,0.0,0.0,0.0,0.0,0.0,0.0,,,1.0,,1.0,0.0
4344,8163-G02-005-071322-260508,8163_G02,C_713914,8162,XD_8162_OH_CLEVELAND.YZER,FM,Customer,REG,Yzer LLC,YZER,2026-05-08 23:59:59,005,0.0,0.0,0.0,0.0,0.0,0.0,,,1.0,,1.0,0.0
4345,8162-H02-035-340423-260519,8162_H02,C_340423,8162,XD_8162_OH_CLEVELAND.YZER,FM,Customer,REG,Yzer LLC,YZER,2026-05-19 23:59:59,035,0.0,0.0,0.0,0.0,0.0,0.0,,,1.0,,1.0,1.0
4346,8162-G01-005-718289-260519,8162_G01,C_436015,8162,XD_8162_OH_CLEVELAND.YZER,FM,Customer,REG,Yzer LLC,YZER,2026-05-19 23:59:59,005,0.0,0.0,0.0,0.0,0.0,0.0,,,1.0,,1.0,0.0
4347,8162-H06-020-245725-260519,8162_H06,C_717269,8162,XD_8162_OH_CLEVELAND.YZER,FM,Customer,REG,Yzer LLC,YZER,2026-05-19 23:59:59,020,0.0,0.0,0.0,0.0,0.0,0.0,,,1.0,,1.0,1.0
4348,8162-H03-050-442084-260507,8162_H03,C_442084,8162,XD_8162_OH_CLEVELAND.YZER,FM,Customer,REG,Yzer LLC,YZER,2026-05-07 23:59:59,050,0.0,0.0,0.0,0.0,0.0,0.0,,,1.0,,1.0,1.0
4349,8162-H04-005-433761-260520,8162_H04,C_435532,8162,XD_8162_OH_CLEVELAND.YZER,FM,Customer,REG,Yzer LLC,YZER,2026-05-20 23:59:59,005,0.0,0.0,0.0,0.0,0.0,0.0,,,1.0,,1.0,1.0
4350,8162-G01-015-273236-260513,8162_G01,C_273236,8162,XD_8162_OH_CLEVELAND.YZER,FM,Customer,REG,Yzer LLC,YZER,2026-05-13 23:59:59,015,0.0,0.0,0.0,0.0,0.0,0.0,,,1.0,,1.0,1.0
4351,8163-G04-006-839466-260514,8163_G04,C_712383,8162,XD_8162_OH_CLEVELAND.YZER,FM,Customer,REG,Yzer LLC,YZER,2026-05-14 23:59:59,006,0.0,0.0,0.0,0.0,0.0,0.0,,,1.0,,1.0,0.0
4352,8162-G09-035-905119-260520,8162_G09,C_905119,8162,XD_8162_OH_CLEVELAND.YZER,FM,Customer,REG,Yzer LLC,YZER,2026-05-20 23:59:59,035,0.0,0.0,0.0,0.0,0.0,0.0,,,1.0,,1.0,1.0
4353,8162-H06-020-717269-260520,8162_H06,C_717269,8162,XD_8162_OH_CLEVELAND.YZER,FM,Customer,REG,Yzer LLC,YZER,2026-05-20 23:59:59,020,0.0,0.0,0.0,0.0,0.0,0.0,,,1.0,,1.0,0.0
4354,8162-H02-045-624058-260520,8162_H02,C_624058,8162,XD_8162_OH_CLEVELAND.YZER,FM,Customer,REG,Yzer LLC,YZER,2026-05-20 23:59:59,045,0.0,0.0,0.0,0.0,0.0,0.0,,,1.0,,1.0,1.0
4355,8162-G05-006-905419-260520,8162_G05,C_061312,8162,XD_8162_OH_CLEVELAND.YZER,FM,Customer,REG,Yzer LLC,YZER,2026-05-20 23:59:59,006,0.0,0.0,0.0,0.0,0.0,0.0,,,1.0,,1.0,0.0
4356,8162-G07-020-235209-260520,8162_G07,C_235209,8162,XD_8162_OH_CLEVELAND.YZER,FM,Customer,REG,Yzer LLC,YZER,2026-05-20 23:59:59,020,0.0,0.0,0.0,0.0,0.0,0.0,,,1.0,,1.0,1.0
4357,8162-H04-035-134185-260520,8162_H04,C_134185,8162,XD_8162_OH_CLEVELAND.YZER,FM,Customer,REG,Yzer LLC,YZER,2026-05-20 23:59:59,035,0.0,0.0,0.0,0.0,0.0,0.0,,,1.0,,1.0,1.0
4358,8162-G02-065-406255-260520,8162_G02,C_406255,8162,XD_8162_OH_CLEVELAND.YZER,FM,Customer,REG,Yzer LLC,YZER,2026-05-20 23:59:59,065,0.0,0.0,0.0,0.0,0.0,0.0,,,1.0,,1.0,1.0
4359,Z-3608316,8162_H06,,8162,XD_8162_OH_CLEVELAND.YZER,RC,Route Chrg,REG,Yzer LLC,YZER,2026-05-19 23:59:59,000,278.5,0.0,278.5,235.0,35.27,8.23,,,,,1.0,1.0
4360,8162-H01-060-807917-260514,8162_H01,C_807917,8162,XD_8162_OH_CLEVELAND.YZER,FM,Customer,REG,Yzer LLC,YZER,2026-05-14 23:59:59,060,0.0,0.0,0.0,0.0,0.0,0.0,,,1.0,,1.0,1.0
4361,8162-G03-015-584757-260507,8162_G03,C_864840,8162,XD_8162_OH_CLEVELAND.YZER,FM,Customer,REG,Yzer LLC,YZER,2026-05-07 23:59:59,015,0.0,0.0,0.0,0.0,0.0,0.0,,,1.0,,1.0,0.0
4362,8162-G01-025-371496-260521,8162_G01,C_371496,8162,XD_8162_OH_CLEVELAND.YZER,FM,Customer,REG,Yzer LLC,YZER,2026-05-21 23:59:59,025,0.0,0.0,0.0,0.0,0.0,0.0,,,1.0,,1.0,1.0
4363,8162-H06-005-893003-260513,8162_H06,C_905176,8162,XD_8162_OH_CLEVELAND.YZER,FM,Customer,REG,Yzer LLC,YZER,2026-05-13 23:59:59,005,0.0,0.0,0.0,0.0,0.0,0.0,,,1.0,,1.0,1.0
4364,8162-H06-010-151568-260521,8162_H06,C_151568,8162,XD_8162_OH_CLEVELAND.YZER,FM,Customer,REG,Yzer LLC,YZER,2026-05-21 23:59:59,010,0.0,0.0,0.0,0.0,0.0,0.0,,,1.0,,1.0,0.0
4365,8162-G01-005-436015-260514,8162_G01,C_436015,8162,XD_8162_OH_CLEVELAND.YZER,FM,Customer,REG,Yzer LLC,YZER,2026-05-14 23:59:59,005,0.0,0.0,0.0,0.0,0.0,0.0,,,1.0,,1.0,1.0
4366,8162-H06-005-893003-260521,8162_H06,C_905176,8162,XD_8162_OH_CLEVELAND.YZER,FM,Customer,REG,Yzer LLC,YZER,2026-05-21 23:59:59,005,0.0,0.0,0.0,0.0,0.0,0.0,,,1.0,,1.0,1.0
4367,Z-3613006,8162_G01,,8162,XD_8162_OH_CLEVELAND.YZER,RC,Route Chrg,REG,Yzer LLC,YZER,2026-05-20 23:59:59,000,254.71,0.0,254.71,230.0,16.66,8.05,,,,,1.0,1.0
4368,8162-H02-035-340423-260506,8162_H02,C_340423,8162,XD_8162_OH_CLEVELAND.YZER,FM,Customer,REG,Yzer LLC,YZER,2026-05-06 23:59:59,035,0.0,0.0,0.0,0.0,0.0,0.0,,,1.0,,1.0,1.0
4369,8162-H06-015-173388-260521,8162_H06,C_433600,8162,XD_8162_OH_CLEVELAND.YZER,FM,Customer,REG,Yzer LLC,YZER,2026-05-21 23:59:59,015,0.0,0.0,0.0,0.0,0.0,0.0,,,1.0,,1.0,0.0
4370,8162-G04-017-286184-260521,8162_G04,C_286184,8162,XD_8162_OH_CLEVELAND.YZER,FM,Customer,REG,Yzer LLC,YZER,2026-05-21 23:59:59,017,0.0,0.0,0.0,0.0,0.0,0.0,,,1.0,,1.0,1.0
4371,8162-G09-028-093539-260526,8162_G09,C_093545,8162,XD_8162_OH_CLEVELAND.YZER,FM,Customer,REG,Yzer LLC,YZER,2026-05-26 23:59:59,028,0.0,0.0,0.0,0.0,0.0,0.0,,,1.0,,1.0,0.0
4372,8162-G09-011-401833-260506,8162_G09,C_401833,8162,XD_8162_OH_CLEVELAND.YZER,FM,Customer,REG,Yzer LLC,YZER,2026-05-06 23:59:59,011,0.0,0.0,0.0,0.0,0.0,0.0,,,1.0,,1.0,1.0
4373,Z-3620751,8163_GX0,,8162,XD_8162_OH_CLEVELAND.YZER,RC,Route Chrg,REG,Yzer LLC,YZER,2026-05-22 23:59:59,000,0.0,0.0,0.0,0.0,0.0,0.0,,,,,1.0,1.0
4374,8162-H01-045-924410-260522,8162_H01,C_924410,8162,XD_8162_OH_CLEVELAND.YZER,FM,Customer,REG,Yzer LLC,YZER,2026-05-22 23:59:59,045,0.0,0.0,0.0,0.0,0.0,0.0,,,1.0,,1.0,1.0
4375,8162-H01-015-444602-260512,8162_H01,C_444763,8162,XD_8162_OH_CLEVELAND.YZER,FM,Customer,REG,Yzer LLC,YZER,2026-05-12 23:59:59,015,0.0,0.0,0.0,0.0,0.0,0.0,,,1.0,,1.0,0.0
4376,8162-G01-005-050647-260514,8162_G01,C_436015,8162,XD_8162_OH_CLEVELAND.YZER,FM,Customer,REG,Yzer LLC,YZER,2026-05-14 23:59:59,005,0.0,0.0,0.0,0.0,0.0,0.0,,,1.0,,1.0,0.0
4377,Z-3567528,8162_G04,,8162,XD_8162_OH_CLEVELAND.YZER,RC,Route Chrg,REG,Yzer LLC,YZER,2026-05-05 23:59:59,000,268.23,0.0,268.23,248.0,11.55,8.68,,,,,1.0,1.0
4378,8162-H06-035-419882-260508,8162_H06,C_815793,8162,XD_8162_OH_CLEVELAND.YZER,FM,Customer,REG,Yzer LLC,YZER,2026-05-08 23:59:59,035,0.0,0.0,0.0,0.0,0.0,0.0,,,1.0,,1.0,1.0
4379,Z-3620788,8163_H03,,8162,XD_8162_OH_CLEVELAND.YZER,RC,Route Chrg,REG,Yzer LLC,YZER,2026-05-22 23:59:59,000,0.0,0.0,0.0,0.0,0.0,0.0,,,,,1.0,1.0
4380,Z-3592627,8162_H05,,8162,XD_8162_OH_CLEVELAND.YZER,RC,Route Chrg,REG,Yzer LLC,YZER,2026-05-13 23:59:59,000,298.64,0.0,298.64,252.0,37.82,8.82,,,,,1.0,1.0
4381,8162-H06-010-151569-260526,8162_H06,C_151568,8162,XD_8162_OH_CLEVELAND.YZER,FM,Customer,REG,Yzer LLC,YZER,2026-05-26 23:59:59,010,0.0,0.0,0.0,0.0,0.0,0.0,,,1.0,,1.0,0.0
4382,8162-G04-005-679719-260526,8162_G04,C_712383,8162,XD_8162_OH_CLEVELAND.YZER,FM,Customer,REG,Yzer LLC,YZER,2026-05-26 23:59:59,005,0.0,0.0,0.0,0.0,0.0,0.0,,,1.0,,1.0,1.0
4383,8162-G04-017-286184-260522,8162_G04,C_286184,8162,XD_8162_OH_CLEVELAND.YZER,FM,Customer,REG,Yzer LLC,YZER,2026-05-22 23:59:59,017,0.0,0.0,0.0,0.0,0.0,0.0,,,1.0,,1.0,1.0
4384,8162-G01-005-436015-260522,8162_G01,C_436015,8162,XD_8162_OH_CLEVELAND.YZER,FM,Customer,REG,Yzer LLC,YZER,2026-05-22 23:59:59,005,0.0,0.0,0.0,0.0,0.0,0.0,,,1.0,,1.0,1.0
4385,Z-3575412,8162_HX5,,8162,XD_8162_OH_CLEVELAND.YZER,RC,Route Chrg,REG,Yzer LLC,YZER,2026-05-07 23:59:59,000,,0.0,,,0.0,,1.0,6.0,1.0,6.0,1.0,1.0
4386,Z-3573937,8163_G03,,8162,XD_8162_OH_CLEVELAND.YZER,RC,Route Chrg,REG,Yzer LLC,YZER,2026-05-06 23:59:59,000,,0.0,,,0.0,,7.0,19.0,7.0,19.0,1.0,1.0
4387,8162-H04-045-603704-260505,8162_H04,C_603704,8162,XD_8162_OH_CLEVELAND.YZER,FM,Customer,REG,Yzer LLC,YZER,2026-05-05 23:59:59,045,0.0,0.0,0.0,0.0,0.0,0.0,,,1.0,,1.0,1.0
4388,8163-GX0-004-960596-260504,8163_GX0,C_464241,8162,XD_8162_OH_CLEVELAND.YZER,FM,Customer,REG,Yzer LLC,YZER,2026-05-04 23:59:59,004,0.0,0.0,0.0,0.0,0.0,0.0,,,1.0,,1.0,0.0
4389,8162-G03-020-068918-260504,8162_G03,C_667610,8162,XD_8162_OH_CLEVELAND.YZER,FM,Customer,REG,Yzer LLC,YZER,2026-05-04 23:59:59,020,0.0,0.0,0.0,0.0,0.0,0.0,,,1.0,,1.0,0.0
4390,8162-G06-035-134431-260504,8162_G06,C_134431,8162,XD_8162_OH_CLEVELAND.YZER,FM,Customer,REG,Yzer LLC,YZER,2026-05-04 23:59:59,035,0.0,0.0,0.0,0.0,0.0,0.0,,,1.0,,1.0,1.0
4391,8162-G01-005-436015-260504,8162_G01,C_436015,8162,XD_8162_OH_CLEVELAND.YZER,FM,Customer,REG,Yzer LLC,YZER,2026-05-04 23:59:59,005,0.0,0.0,0.0,0.0,0.0,0.0,,,1.0,,1.0,1.0
4392,8162-H02-050-579755-260505,8162_H02,C_579755,8162,XD_8162_OH_CLEVELAND.YZER,FM,Customer,REG,Yzer LLC,YZER,2026-05-05 23:59:59,050,0.0,0.0,0.0,0.0,0.0,0.0,,,1.0,,1.0,1.0
4393,8162-GX0-004-960596-260505,8162_GX0,C_464241,8162,XD_8162_OH_CLEVELAND.YZER,FM,Customer,REG,Yzer LLC,YZER,2026-05-05 23:59:59,004,0.0,0.0,0.0,0.0,0.0,0.0,,,1.0,,1.0,0.0
4394,8162-H04-045-603704-260504,8162_H04,C_603704,8162,XD_8162_OH_CLEVELAND.YZER,FM,Customer,REG,Yzer LLC,YZER,2026-05-04 23:59:59,045,0.0,0.0,0.0,0.0,0.0,0.0,,,1.0,,1.0,1.0
4395,8163-G02-005-071322-260504,8163_G02,C_713914,8162,XD_8162_OH_CLEVELAND.YZER,FM,Customer,REG,Yzer LLC,YZER,2026-05-04 23:59:59,005,0.0,0.0,0.0,0.0,0.0,0.0,,,1.0,,1.0,0.0
4396,8162-G04-017-286184-260505,8162_G04,C_286184,8162,XD_8162_OH_CLEVELAND.YZER,FM,Customer,REG,Yzer LLC,YZER,2026-05-05 23:59:59,017,0.0,0.0,0.0,0.0,0.0,0.0,,,1.0,,1.0,1.0
4397,Z-3592897,8163_G03,,8162,XD_8162_OH_CLEVELAND.YZER,RC,Route Chrg,REG,Yzer LLC,YZER,2026-05-13 23:59:59,000,,0.0,,,0.0,,9.0,68.0,9.0,68.0,1.0,1.0
4398,Z-3595758,8163_G06,,8162,XD_8162_OH_CLEVELAND.YZER,RC,Route Chrg,REG,Yzer LLC,YZER,2026-05-14 23:59:59,000,,0.0,,,0.0,,6.0,25.0,6.0,25.0,1.0,1.0
4399,Z-3595781,8163_H04,,8162,XD_8162_OH_CLEVELAND.YZER,RC,Route Chrg,REG,Yzer LLC,YZER,2026-05-14 23:59:59,000,,0.0,,,0.0,,7.0,19.0,7.0,19.0,1.0,1.0
4400,Z-3595775,8163_H06,,8162,XD_8162_OH_CLEVELAND.YZER,RC,Route Chrg,REG,Yzer LLC,YZER,2026-05-14 23:59:59,000,,0.0,,,0.0,,5.0,32.0,5.0,32.0,1.0,1.0
4401,8162-H06-025-893015-260504,8162_H06,C_717269,8162,XD_8162_OH_CLEVELAND.YZER,FM,Customer,REG,Yzer LLC,YZER,2026-05-04 23:59:59,025,0.0,0.0,0.0,0.0,0.0,0.0,,,1.0,,1.0,0.0
4402,Z-3620752,8163_G07,,8162,XD_8162_OH_CLEVELAND.YZER,RC,Route Chrg,REG,Yzer LLC,YZER,2026-05-22 23:59:59,000,,0.0,,,0.0,,7.0,27.0,7.0,27.0,1.0,1.0
4403,Z-3620753,8163_G03,,8162,XD_8162_OH_CLEVELAND.YZER,RC,Route Chrg,REG,Yzer LLC,YZER,2026-05-22 23:59:59,000,,0.0,,,0.0,,7.0,66.0,7.0,66.0,1.0,1.0
4404,Z-3613236,8163_G04,,8162,XD_8162_OH_CLEVELAND.YZER,RC,Route Chrg,REG,Yzer LLC,YZER,2026-05-20 23:59:59,000,,0.0,,,0.0,,6.0,11.0,6.0,11.0,1.0,1.0
4405,Z-3624648,8163_H02,,8162,XD_8162_OH_CLEVELAND.YZER,RC,Route Chrg,REG,Yzer LLC,YZER,2026-05-26 23:59:59,000,0.0,0.0,0.0,0.0,0.0,0.0,,,,,1.0,1.0
4406,8162-G03-020-068918-260505,8162_G03,C_667610,8162,XD_8162_OH_CLEVELAND.YZER,FM,Customer,REG,Yzer LLC,YZER,2026-05-05 23:59:59,020,0.0,0.0,0.0,0.0,0.0,0.0,,,1.0,,1.0,1.0
4407,Z-3632109,8163_G05,,8162,XD_8162_OH_CLEVELAND.YZER,RC,Route Chrg,REG,Yzer LLC,YZER,2026-05-28 23:59:59,000,0.0,0.0,0.0,0.0,0.0,0.0,,,,,1.0,1.0
4408,Z-3636777,8163_HX2,,8162,XD_8162_OH_CLEVELAND.YZER,RC,Route Chrg,REG,Yzer LLC,YZER,2026-05-29 23:59:59,000,0.0,0.0,0.0,0.0,0.0,0.0,,,,,1.0,1.0
4409,8162-H06-015-173349-260505,8162_H06,C_433600,8162,XD_8162_OH_CLEVELAND.YZER,FM,Customer,REG,Yzer LLC,YZER,2026-05-05 23:59:59,015,0.0,0.0,0.0,0.0,0.0,0.0,,,1.0,,1.0,0.0
4410,8162-G09-011-401833-260527,8162_G09,C_401833,8162,XD_8162_OH_CLEVELAND.YZER,FM,Customer,REG,Yzer LLC,YZER,2026-05-27 23:59:59,011,0.0,0.0,0.0,0.0,0.0,0.0,,,1.0,,1.0,1.0
4411,8163-G03-005-723011-260526,8163_G03,C_810447,8162,XD_8162_OH_CLEVELAND.YZER,FM,Customer,REG,Yzer LLC,YZER,2026-05-26 23:59:59,005,0.0,0.0,0.0,0.0,0.0,0.0,,,1.0,,1.0,0.0
4412,Z-3624342,8162_G09,,8162,XD_8162_OH_CLEVELAND.YZER,RC,Route Chrg,REG,Yzer LLC,YZER,2026-05-26 23:59:59,000,276.86,0.0,276.86,250.0,18.11,8.75,,,,,1.0,1.0
4413,8162-GX0-004-464241-260528,8162_GX0,C_464241,8162,XD_8162_OH_CLEVELAND.YZER,FM,Customer,REG,Yzer LLC,YZER,2026-05-28 23:59:59,004,0.0,0.0,0.0,0.0,0.0,0.0,,,1.0,,1.0,0.0
4414,8162-H02-040-407917-260508,8162_H02,C_407917,8162,XD_8162_OH_CLEVELAND.YZER,FM,Customer,REG,Yzer LLC,YZER,2026-05-08 23:59:59,040,0.0,0.0,0.0,0.0,0.0,0.0,,,1.0,,1.0,1.0
4415,Z-3592698,8162_G07,,8162,XD_8162_OH_CLEVELAND.YZER,RC,Route Chrg,REG,Yzer LLC,YZER,2026-05-13 23:59:59,000,305.98,0.0,305.98,275.0,21.35,9.63,,,,,1.0,1.0
4416,8162-H04-005-050648-260513,8162_H04,C_435532,8162,XD_8162_OH_CLEVELAND.YZER,FM,Customer,REG,Yzer LLC,YZER,2026-05-13 23:59:59,005,0.0,0.0,0.0,0.0,0.0,0.0,,,1.0,,1.0,0.0
4417,8162-H04-045-603704-260512,8162_H04,C_603704,8162,XD_8162_OH_CLEVELAND.YZER,FM,Customer,REG,Yzer LLC,YZER,2026-05-12 23:59:59,045,0.0,0.0,0.0,0.0,0.0,0.0,,,1.0,,1.0,1.0
4418,8162-G05-010-219681-260507,8162_G05,C_219681,8162,XD_8162_OH_CLEVELAND.YZER,FM,Customer,REG,Yzer LLC,YZER,2026-05-07 23:59:59,010,0.0,0.0,0.0,0.0,0.0,0.0,,,1.0,,1.0,1.0
4419,8162-G02-015-731867-260511,8162_G02,C_731867,8162,XD_8162_OH_CLEVELAND.YZER,FM,Customer,REG,Yzer LLC,YZER,2026-05-11 23:59:59,015,0.0,0.0,0.0,0.0,0.0,0.0,,,1.0,,1.0,1.0
4420,8162-H02-020-134501-260506,8162_H02,C_134501,8162,XD_8162_OH_CLEVELAND.YZER,FM,Customer,REG,Yzer LLC,YZER,2026-05-06 23:59:59,020,0.0,0.0,0.0,0.0,0.0,0.0,,,1.0,,1.0,1.0
4421,8163-G04-006-839466-260513,8163_G04,C_712383,8162,XD_8162_OH_CLEVELAND.YZER,FM,Customer,REG,Yzer LLC,YZER,2026-05-13 23:59:59,006,0.0,0.0,0.0,0.0,0.0,0.0,,,1.0,,1.0,0.0
4422,8162-H01-060-807917-260513,8162_H01,C_807917,8162,XD_8162_OH_CLEVELAND.YZER,FM,Customer,REG,Yzer LLC,YZER,2026-05-13 23:59:59,060,0.0,0.0,0.0,0.0,0.0,0.0,,,1.0,,1.0,1.0
4423,8162-G09-058-753911-260507,8162_G09,C_753911,8162,XD_8162_OH_CLEVELAND.YZER,FM,Customer,REG,Yzer LLC,YZER,2026-05-07 23:59:59,058,0.0,0.0,0.0,0.0,0.0,0.0,,,1.0,,1.0,1.0
4424,8162-G07-005-599132-260512,8162_G07,C_599132,8162,XD_8162_OH_CLEVELAND.YZER,FM,Customer,REG,Yzer LLC,YZER,2026-05-12 23:59:59,005,0.0,0.0,0.0,0.0,0.0,0.0,,,1.0,,1.0,1.0
4425,Z-3575419,8162_GX0,,8162,XD_8162_OH_CLEVELAND.YZER,RC,Route Chrg,REG,Yzer LLC,YZER,2026-05-07 23:59:59,000,0.0,0.0,0.0,0.0,0.0,0.0,,,,,1.0,1.0
4426,8162-H06-020-431206-260506,8162_H06,C_717269,8162,XD_8162_OH_CLEVELAND.YZER,FM,Customer,REG,Yzer LLC,YZER,2026-05-06 23:59:59,020,0.0,0.0,0.0,0.0,0.0,0.0,,,1.0,,1.0,0.0
